ISO-10303-21;
HEADER;
FILE_DESCRIPTION (( 'STEP AP214' ),
    '1' );
FILE_NAME ('MM8030-2610RJ3.STEP',
    '2023-04-18T02:44:43',
    ( '' ),
    ( '' ),
    'SwSTEP 2.0',
    'SolidWorks 2022',
    '' );
FILE_SCHEMA (( 'AUTOMOTIVE_DESIGN' ));
ENDSEC;

DATA;
#1 = FILL_AREA_STYLE ('',( #937 ) ) ;
#2 = PLANE ( 'NONE',  #32 ) ;
#3 = DIRECTION ( 'NONE',  ( -1.000000000000000000, 0.000000000000000000, 0.000000000000000000 ) ) ;
#4 = ORIENTED_EDGE ( 'NONE', *, *, #2118, .T. ) ;
#5 = EDGE_CURVE ( 'NONE', #2494, #1803, #2150, .T. ) ;
#6 = FILL_AREA_STYLE_COLOUR ( '', #3882 ) ;
#7 = ORIENTED_EDGE ( 'NONE', *, *, #4022, .F. ) ;
#8 = FACE_OUTER_BOUND ( 'NONE', #201, .T. ) ;
#9 = ORIENTED_EDGE ( 'NONE', *, *, #2454, .T. ) ;
#10 = ADVANCED_FACE ( 'NONE', ( #641 ), #2859, .T. ) ;
#11 = FACE_OUTER_BOUND ( 'NONE', #3025, .T. ) ;
#12 = ORIENTED_EDGE ( 'NONE', *, *, #2105, .F. ) ;
#13 = VERTEX_POINT ( 'NONE', #73 ) ;
#14 = ADVANCED_FACE ( 'NONE', ( #1277 ), #1314, .F. ) ;
#15 = CYLINDRICAL_SURFACE ( 'NONE', #1538, 0.1372407706859224696 ) ;
#16 = ORIENTED_EDGE ( 'NONE', *, *, #387, .F. ) ;
#17 = CARTESIAN_POINT ( 'NONE',  ( -0.6464719331497226218, 3.101858582251265872, -1.000000000000000000 ) ) ;
#18 = DIRECTION ( 'NONE',  ( 0.000000000000000000, 0.000000000000000000, -1.000000000000000000 ) ) ;
#19 = CARTESIAN_POINT ( 'NONE',  ( 8.266365894244635566E-17, 0.5807415121403105562, -0.6750000000000001554 ) ) ;
#20 = DIRECTION ( 'NONE',  ( 0.000000000000000000, -0.000000000000000000, -1.000000000000000000 ) ) ;
#21 = DIRECTION ( 'NONE',  ( 0.000000000000000000, 0.000000000000000000, -1.000000000000000000 ) ) ;
#22 = CARTESIAN_POINT ( 'NONE',  ( 1.000000000000000000, 0.4500000000000000666, -1.000000000000000444 ) ) ;
#23 = EDGE_LOOP ( 'NONE', ( #852, #762, #3559, #2771 ) ) ;
#24 = LINE ( 'NONE', #312, #1096 ) ;
#25 = ORIENTED_EDGE ( 'NONE', *, *, #1281, .F. ) ;
#26 = CARTESIAN_POINT ( 'NONE',  ( -0.4699999999999999178, 0.3300000000000002376, -1.000000000000000444 ) ) ;
#27 = DIRECTION ( 'NONE',  ( 0.000000000000000000, -0.000000000000000000, 1.000000000000000000 ) ) ;
#28 = VECTOR ( 'NONE', #246, 1000.000000000000000 ) ;
#29 = ORIENTED_EDGE ( 'NONE', *, *, #1879, .F. ) ;
#30 = DIRECTION ( 'NONE',  ( 0.000000000000000000, 1.000000000000000000, -3.285461128743950165E-15 ) ) ;
#31 = EDGE_LOOP ( 'NONE', ( #3725, #1483, #3585, #1072 ) ) ;
#32 = AXIS2_PLACEMENT_3D ( 'NONE', #44, #880, #629 ) ;
#33 = EDGE_CURVE ( 'NONE', #396, #190, #1836, .T. ) ;
#34 = EDGE_LOOP ( 'NONE', ( #2220, #918, #1142, #1651 ) ) ;
#35 = DIRECTION ( 'NONE',  ( 0.000000000000000000, 0.000000000000000000, 1.000000000000000000 ) ) ;
#36 = VERTEX_POINT ( 'NONE', #3792 ) ;
#37 = CIRCLE ( 'NONE', #3348, 0.1199999999999999956 ) ;
#38 = CARTESIAN_POINT ( 'NONE',  ( -0.4699999999999999178, 0.3300000000000000155, 0.8099999999999999423 ) ) ;
#39 = EDGE_CURVE ( 'NONE', #2916, #1946, #472, .T. ) ;
#40 = DIRECTION ( 'NONE',  ( 0.000000000000000000, -0.000000000000000000, 1.000000000000000000 ) ) ;
#41 = CARTESIAN_POINT ( 'NONE',  ( -0.4699999999999999178, 0.3090703013446986502, 1.000000000000001332 ) ) ;
#42 = AXIS2_PLACEMENT_3D ( 'NONE', #1728, #2382, #422 ) ;
#43 = ADVANCED_FACE ( 'NONE', ( #1009, #3526 ), #3551, .T. ) ;
#44 = CARTESIAN_POINT ( 'NONE',  ( 0.4699999999999999178, 0.3300000000000000155, -1.000000000000000000 ) ) ;
#45 = CIRCLE ( 'NONE', #2060, 0.5399530869945895484 ) ;
#46 = DIRECTION ( 'NONE',  ( -0.000000000000000000, -0.000000000000000000, 1.000000000000000000 ) ) ;
#47 = ORIENTED_EDGE ( 'NONE', *, *, #4008, .T. ) ;
#48 = ORIENTED_EDGE ( 'NONE', *, *, #1793, .T. ) ;
#49 = VECTOR ( 'NONE', #2815, 1000.000000000000000 ) ;
#50 = CARTESIAN_POINT ( 'NONE',  ( -0.9000000000000001332, 0.4500000000000000666, -0.4000000000000000222 ) ) ;
#51 = VECTOR ( 'NONE', #2143, 1000.000000000000000 ) ;
#52 = DIRECTION ( 'NONE',  ( -0.000000000000000000, -1.000000000000000000, -0.000000000000000000 ) ) ;
#53 = ORIENTED_EDGE ( 'NONE', *, *, #2568, .T. ) ;
#54 = LINE ( 'NONE', #377, #3620 ) ;
#55 = ORIENTED_EDGE ( 'NONE', *, *, #2799, .F. ) ;
#56 = CIRCLE ( 'NONE', #379, 0.1300000000000001155 ) ;
#57 = EDGE_LOOP ( 'NONE', ( #778, #4, #2793, #3064 ) ) ;
#58 = CARTESIAN_POINT ( 'NONE',  ( 0.7099999999999999645, -3.718562680603612049E-32, -2.520048534856707385E-46 ) ) ;
#59 = VERTEX_POINT ( 'NONE', #2285 ) ;
#60 = EDGE_CURVE ( 'NONE', #3465, #1803, #766, .T. ) ;
#61 = DIRECTION ( 'NONE',  ( -0.000000000000000000, -0.000000000000000000, 1.000000000000000000 ) ) ;
#62 = CARTESIAN_POINT ( 'NONE',  ( 0.2945032742232427947, 0.1499999999999999944, 0.4703471600732581082 ) ) ;
#63 = DIRECTION ( 'NONE',  ( 0.000000000000000000, -3.285461128743950165E-15, 1.000000000000000000 ) ) ;
#64 = EDGE_CURVE ( 'NONE', #1381, #3745, #2633, .T. ) ;
#65 = CARTESIAN_POINT ( 'NONE',  ( 0.9000000000000001332, 0.4500000000000000666, -0.4000000000000000222 ) ) ;
#66 = LINE ( 'NONE', #650, #3304 ) ;
#67 = EDGE_CURVE ( 'NONE', #3745, #1296, #486, .T. ) ;
#68 = CARTESIAN_POINT ( 'NONE',  ( 0.5091797795056174358, 0.1499999999999999944, -0.6850236653556328603 ) ) ;
#69 = ORIENTED_EDGE ( 'NONE', *, *, #3288, .T. ) ;
#70 = DIRECTION ( 'NONE',  ( 1.000000000000000000, 0.000000000000000000, 0.000000000000000000 ) ) ;
#71 = CARTESIAN_POINT ( 'NONE',  ( -0.4699999999999999178, 3.285461128743953715E-15, 0.8800000000000011147 ) ) ;
#72 = ORIENTED_EDGE ( 'NONE', *, *, #1356, .T. ) ;
#73 = CARTESIAN_POINT ( 'NONE',  ( 3.673940397442058882E-17, 0.01999999999999999695, 0.2999999999999999889 ) ) ;
#74 = PLANE ( 'NONE',  #2576 ) ;
#75 = ORIENTED_EDGE ( 'NONE', *, *, #1683, .F. ) ;
#76 = DIRECTION ( 'NONE',  ( -0.000000000000000000, -1.000000000000000000, 0.000000000000000000 ) ) ;
#77 =( LENGTH_UNIT ( ) NAMED_UNIT ( * ) SI_UNIT ( .MILLI., .METRE. ) );
#78 = LINE ( 'NONE', #2231, #1088 ) ;
#79 = LINE ( 'NONE', #3457, #3082 ) ;
#80 = EDGE_CURVE ( 'NONE', #465, #1429, #887, .T. ) ;
#81 = CARTESIAN_POINT ( 'NONE',  ( -0.4699999999999999178, 0.3300000000000004041, -1.000000000000000222 ) ) ;
#82 = CARTESIAN_POINT ( 'NONE',  ( -0.9599999999999998535, 3.101858582251265872, 0.9599999999999996314 ) ) ;
#83 = VERTEX_POINT ( 'NONE', #1070 ) ;
#84 = EDGE_CURVE ( 'NONE', #1152, #2093, #1653, .T. ) ;
#85 = DIRECTION ( 'NONE',  ( 0.000000000000000000, 0.000000000000000000, -1.000000000000000000 ) ) ;
#86 = LINE ( 'NONE', #2303, #963 ) ;
#87 = VERTEX_POINT ( 'NONE', #3574 ) ;
#88 = STYLED_ITEM ( 'NONE', ( #3738 ), #3257 ) ;
#89 = CARTESIAN_POINT ( 'NONE',  ( -1.050000000000000044, 0.3300000000000000155, 0.1000000000000055705 ) ) ;
#90 = CARTESIAN_POINT ( 'NONE',  ( 0.000000000000000000, 0.03999999999999999389, 0.000000000000000000 ) ) ;
#91 = VERTEX_POINT ( 'NONE', #2307 ) ;
#92 = DIRECTION ( 'NONE',  ( -0.000000000000000000, 1.000000000000000000, 0.000000000000000000 ) ) ;
#93 = CIRCLE ( 'NONE', #2438, 0.2999999999999999889 ) ;
#94 = PRODUCT_DEFINITION_FORMATION_WITH_SPECIFIED_SOURCE ( 'ANY', '', #2988, .NOT_KNOWN. ) ;
#95 = DIRECTION ( 'NONE',  ( -0.000000000000000000, -1.000000000000000000, -0.000000000000000000 ) ) ;
#96 = AXIS2_PLACEMENT_3D ( 'NONE', #592, #990, #2490 ) ;
#97 = CARTESIAN_POINT ( 'NONE',  ( 0.4699999999999999178, 0.3300000000000002376, 1.000000000000000444 ) ) ;
#98 = DIRECTION ( 'NONE',  ( 1.000000000000000000, 3.507946793232390122E-16, 1.152522283086700907E-30 ) ) ;
#99 = CIRCLE ( 'NONE', #2448, 0.1372407706859224696 ) ;
#100 = VERTEX_POINT ( 'NONE', #3224 ) ;
#101 = EDGE_CURVE ( 'NONE', #1999, #2065, #434, .T. ) ;
#102 = CIRCLE ( 'NONE', #1475, 0.09999999999999999167 ) ;
#103 = CARTESIAN_POINT ( 'NONE',  ( -0.4699999999999999178, 0.3300000000000000155, -0.8800000000000000044 ) ) ;
#104 = VERTEX_POINT ( 'NONE', #2011 ) ;
#105 = CARTESIAN_POINT ( 'NONE',  ( 0.5999999999999998668, 0.3300000000000000155, -0.2500000000000001110 ) ) ;
#106 = VECTOR ( 'NONE', #2049, 1000.000000000000000 ) ;
#107 = VERTEX_POINT ( 'NONE', #1714 ) ;
#108 = ADVANCED_FACE ( 'NONE', ( #150 ), #2897, .F. ) ;
#109 = LINE ( 'NONE', #2306, #363 ) ;
#110 = PRESENTATION_LAYER_ASSIGNMENT (  '', '', ( #1866 ) ) ;
#111 = CARTESIAN_POINT ( 'NONE',  ( 0.7299999999999999822, 0.3300000000000000155, -0.8099999999999999423 ) ) ;
#112 = FACE_OUTER_BOUND ( 'NONE', #450, .T. ) ;
#113 = ORIENTED_EDGE ( 'NONE', *, *, #1489, .F. ) ;
#114 = DIRECTION ( 'NONE',  ( -1.000000000000000000, 0.000000000000000000, 0.000000000000000000 ) ) ;
#115 = EDGE_CURVE ( 'NONE', #3246, #206, #3852, .T. ) ;
#116 = AXIS2_PLACEMENT_3D ( 'NONE', #1128, #1840, #797 ) ;
#117 = VECTOR ( 'NONE', #2486, 1000.000000000000000 ) ;
#118 = DIRECTION ( 'NONE',  ( -1.000000000000000000, 0.000000000000000000, -0.000000000000000000 ) ) ;
#119 = EDGE_LOOP ( 'NONE', ( #3695, #944, #2955, #3650 ) ) ;
#120 = VECTOR ( 'NONE', #1952, 1000.000000000000000 ) ;
#121 = FACE_OUTER_BOUND ( 'NONE', #1974, .T. ) ;
#122 = DIRECTION ( 'NONE',  ( 0.000000000000000000, 0.000000000000000000, 1.000000000000000000 ) ) ;
#123 = LINE ( 'NONE', #204, #2055 ) ;
#124 = DIRECTION ( 'NONE',  ( -0.7660444431189793457, -4.356134649723487683E-15, 0.6427876096865376976 ) ) ;
#125 = ORIENTED_EDGE ( 'NONE', *, *, #3861, .F. ) ;
#126 = PRODUCT_DEFINITION_CONTEXT ( 'detailed design', #920, 'design' ) ;
#127 = CARTESIAN_POINT ( 'NONE',  ( -0.4999999999999998890, -1.049828659669626420E-15, 0.7250000000000020872 ) ) ;
#128 = EDGE_CURVE ( 'NONE', #3533, #3804, #1355, .T. ) ;
#129 = ORIENTED_EDGE ( 'NONE', *, *, #790, .T. ) ;
#130 = CARTESIAN_POINT ( 'NONE',  ( 0.6599999999999998090, 0.01999999999999997266, -0.2250000000000001166 ) ) ;
#131 = ORIENTED_EDGE ( 'NONE', *, *, #186, .F. ) ;
#132 = CARTESIAN_POINT ( 'NONE',  ( -0.5091797795056174358, 0.02000000000000002470, 0.9599999999999996314 ) ) ;
#133 = ADVANCED_FACE ( 'NONE', ( #3834 ), #2938, .F. ) ;
#134 = DIRECTION ( 'NONE',  ( -0.000000000000000000, -1.000000000000000000, 0.000000000000000000 ) ) ;
#135 = CARTESIAN_POINT ( 'NONE',  ( 0.5999999999999999778, 0.3300000000000000155, 0.8800000000000001155 ) ) ;
#136 = ORIENTED_EDGE ( 'NONE', *, *, #1745, .F. ) ;
#137 = LINE ( 'NONE', #153, #2905 ) ;
#138 = EDGE_CURVE ( 'NONE', #1217, #2791, #1393, .T. ) ;
#139 = DIRECTION ( 'NONE',  ( -0.000000000000000000, -0.000000000000000000, 1.000000000000000000 ) ) ;
#140 = ORIENTED_EDGE ( 'NONE', *, *, #729, .T. ) ;
#141 = CARTESIAN_POINT ( 'NONE',  ( 0.2749999999999999667, 0.1200000000000035899, -0.5000000000000009992 ) ) ;
#142 = LINE ( 'NONE', #3562, #3020 ) ;
#143 = FACE_OUTER_BOUND ( 'NONE', #783, .T. ) ;
#144 = LINE ( 'NONE', #2854, #2782 ) ;
#145 = ORIENTED_EDGE ( 'NONE', *, *, #3658, .F. ) ;
#146 = CARTESIAN_POINT ( 'NONE',  ( -0.7299999999999999822, 0.4500000000000000666, 1.000000000000000000 ) ) ;
#147 = EDGE_LOOP ( 'NONE', ( #248, #9, #2075, #2054 ) ) ;
#148 = LINE ( 'NONE', #2006, #3812 ) ;
#149 = ORIENTED_EDGE ( 'NONE', *, *, #303, .F. ) ;
#150 = FACE_OUTER_BOUND ( 'NONE', #3775, .T. ) ;
#151 = CARTESIAN_POINT ( 'NONE',  ( -0.9599999999999998535, 3.101858582251265872, -0.3532444682122630741 ) ) ;
#152 = ORIENTED_EDGE ( 'NONE', *, *, #2524, .F. ) ;
#153 = CARTESIAN_POINT ( 'NONE',  ( 0.4699999999999998068, 0.3300000000000000155, 0.8099999999999999423 ) ) ;
#154 = EDGE_CURVE ( 'NONE', #2605, #820, #786, .T. ) ;
#155 = DIRECTION ( 'NONE',  ( -1.000000000000000000, 0.000000000000000000, -0.000000000000000000 ) ) ;
#156 = VERTEX_POINT ( 'NONE', #2551 ) ;
#157 = AXIS2_PLACEMENT_3D ( 'NONE', #3905, #3864, #1727 ) ;
#158 = EDGE_CURVE ( 'NONE', #3954, #1152, #1635, .T. ) ;
#159 = CARTESIAN_POINT ( 'NONE',  ( 0.4699999999999998623, 0.3300000000000000155, -0.8099999999999999423 ) ) ;
#160 = AXIS2_PLACEMENT_3D ( 'NONE', #285, #2157, #2425 ) ;
#161 = CARTESIAN_POINT ( 'NONE',  ( 1.050000000000000044, 0.8240647730814245620, 0.1250000000000056066 ) ) ;
#162 = LINE ( 'NONE', #2765, #555 ) ;
#163 = CARTESIAN_POINT ( 'NONE',  ( -0.9308246407405789125, 1.368839187240583408E-15, -0.1999999999999997613 ) ) ;
#164 = ORIENTED_EDGE ( 'NONE', *, *, #879, .F. ) ;
#165 = EDGE_CURVE ( 'NONE', #1602, #3242, #1033, .T. ) ;
#166 = VECTOR ( 'NONE', #1193, 999.9999999999998863 ) ;
#167 = DIRECTION ( 'NONE',  ( -0.000000000000000000, -1.000000000000000000, 0.000000000000000000 ) ) ;
#168 = ORIENTED_EDGE ( 'NONE', *, *, #1207, .T. ) ;
#169 = DIRECTION ( 'NONE',  ( 0.000000000000000000, 6.776942467587083126E-15, -1.000000000000000000 ) ) ;
#170 = ORIENTED_EDGE ( 'NONE', *, *, #2547, .F. ) ;
#171 = AXIS2_PLACEMENT_3D ( 'NONE', #1444, #3906, #3925 ) ;
#172 = CYLINDRICAL_SURFACE ( 'NONE', #2305, 0.2999999999999999889 ) ;
#173 = VECTOR ( 'NONE', #1722, 1000.000000000000000 ) ;
#174 = DIRECTION ( 'NONE',  ( 0.000000000000000000, 0.000000000000000000, 1.000000000000000000 ) ) ;
#175 = CARTESIAN_POINT ( 'NONE',  ( -0.7599999999999995648, 0.07000000000000013156, -0.2500000000000001110 ) ) ;
#176 = ORIENTED_EDGE ( 'NONE', *, *, #2170, .F. ) ;
#177 = CARTESIAN_POINT ( 'NONE',  ( -1.000000000000000000, 0.4500000000000000666, 0.4000000000000000222 ) ) ;
#178 = AXIS2_PLACEMENT_3D ( 'NONE', #1252, #675, #1617 ) ;
#179 = ADVANCED_FACE ( 'NONE', ( #2351 ), #1496, .T. ) ;
#180 = LINE ( 'NONE', #1380, #3875 ) ;
#181 = AXIS2_PLACEMENT_3D ( 'NONE', #392, #3241, #3849 ) ;
#182 = ORIENTED_EDGE ( 'NONE', *, *, #1966, .F. ) ;
#183 = AXIS2_PLACEMENT_3D ( 'NONE', #3837, #114, #3227 ) ;
#184 = LINE ( 'NONE', #3641, #2113 ) ;
#185 = DIRECTION ( 'NONE',  ( 0.000000000000000000, 1.000000000000000000, 0.000000000000000000 ) ) ;
#186 = EDGE_CURVE ( 'NONE', #156, #915, #1923, .T. ) ;
#187 = CARTESIAN_POINT ( 'NONE',  ( -0.9000000000000000222, 0.3300000000000000155, 0.4000000000000000222 ) ) ;
#188 = DIRECTION ( 'NONE',  ( -0.6427876096865378086, 5.191439118632110423E-15, -0.7660444431189794567 ) ) ;
#189 = VECTOR ( 'NONE', #3420, 1000.000000000000000 ) ;
#190 = VERTEX_POINT ( 'NONE', #3044 ) ;
#191 = PLANE ( 'NONE',  #2136 ) ;
#192 = EDGE_CURVE ( 'NONE', #497, #2346, #3898, .T. ) ;
#193 = EDGE_LOOP ( 'NONE', ( #1789, #2159, #724, #3794 ) ) ;
#194 = LINE ( 'NONE', #3649, #307 ) ;
#195 = ORIENTED_EDGE ( 'NONE', *, *, #1776, .T. ) ;
#196 = DIRECTION ( 'NONE',  ( -0.000000000000000000, -1.000000000000000000, 0.000000000000000000 ) ) ;
#197 = DIRECTION ( 'NONE',  ( 0.000000000000000000, 0.000000000000000000, -1.000000000000000000 ) ) ;
#198 = EDGE_LOOP ( 'NONE', ( #807, #1187, #3840, #2926, #3347 ) ) ;
#199 = ORIENTED_EDGE ( 'NONE', *, *, #2750, .F. ) ;
#200 = CARTESIAN_POINT ( 'NONE',  ( -1.000000000000000000, 0.4500000000000000666, 1.000000000000000444 ) ) ;
#201 = EDGE_LOOP ( 'NONE', ( #1400, #3127, #2083, #2767 ) ) ;
#202 = CARTESIAN_POINT ( 'NONE',  ( 0.4999999999999998890, -2.574640714876722175E-15, 0.7250000000000021982 ) ) ;
#203 = DIRECTION ( 'NONE',  ( -4.746151428987449459E-45, 6.776942467587083126E-15, 1.000000000000000000 ) ) ;
#204 = CARTESIAN_POINT ( 'NONE',  ( 0.5999999999999998668, 0.3300000000000000155, 0.1750000000000000167 ) ) ;
#205 = DIRECTION ( 'NONE',  ( 0.000000000000000000, -0.000000000000000000, 1.000000000000000000 ) ) ;
#206 = VERTEX_POINT ( 'NONE', #495 ) ;
#207 = EDGE_CURVE ( 'NONE', #59, #2416, #3309, .T. ) ;
#208 = CARTESIAN_POINT ( 'NONE',  ( 0.9600000000000000755, 3.101858582251265872, 0.9599999999999996314 ) ) ;
#209 = ORIENTED_EDGE ( 'NONE', *, *, #3669, .F. ) ;
#210 = LINE ( 'NONE', #1133, #3040 ) ;
#211 = ORIENTED_EDGE ( 'NONE', *, *, #750, .F. ) ;
#212 = EDGE_CURVE ( 'NONE', #2567, #1124, #850, .T. ) ;
#213 = LINE ( 'NONE', #1158, #3090 ) ;
#214 = DIRECTION ( 'NONE',  ( 0.000000000000000000, -1.000000000000000000, -6.776942467587082337E-15 ) ) ;
#215 = EDGE_LOOP ( 'NONE', ( #3323, #69, #2099, #638 ) ) ;
#216 = ORIENTED_EDGE ( 'NONE', *, *, #3437, .F. ) ;
#217 = CARTESIAN_POINT ( 'NONE',  ( -0.5091797795056174358, 0.01999999999999999695, -0.6850236653556328603 ) ) ;
#218 = ORIENTED_EDGE ( 'NONE', *, *, #192, .T. ) ;
#219 = CARTESIAN_POINT ( 'NONE',  ( 0.5091797795056174358, 0.1499999999999999667, 0.8599999999999994316 ) ) ;
#220 = PLANE ( 'NONE',  #3600 ) ;
#221 = AXIS2_PLACEMENT_3D ( 'NONE', #3455, #664, #1909 ) ;
#222 = SURFACE_STYLE_FILL_AREA ( #305 ) ;
#223 = CARTESIAN_POINT ( 'NONE',  ( -0.4999999999999994449, -1.057097118173366823E-15, 0.7250000000000016431 ) ) ;
#224 = ORIENTED_EDGE ( 'NONE', *, *, #3337, .T. ) ;
#225 = VECTOR ( 'NONE', #3736, 1000.000000000000000 ) ;
#226 = LINE ( 'NONE', #589, #3372 ) ;
#227 = PRESENTATION_LAYER_ASSIGNMENT (  '', '', ( #1918 ) ) ;
#228 = EDGE_LOOP ( 'NONE', ( #2987, #2152, #3076, #1854 ) ) ;
#229 = ADVANCED_FACE ( 'NONE', ( #3345 ), #3368, .F. ) ;
#230 = CARTESIAN_POINT ( 'NONE',  ( 1.149999999999999245, 0.5807415121403103342, 0.5749999999999997335 ) ) ;
#231 = VERTEX_POINT ( 'NONE', #1818 ) ;
#232 = VECTOR ( 'NONE', #454, 1000.000000000000000 ) ;
#233 = CARTESIAN_POINT ( 'NONE',  ( 0.000000000000000000, 1.141298179294194748, 0.000000000000000000 ) ) ;
#234 = EDGE_CURVE ( 'NONE', #206, #1209, #3974, .T. ) ;
#235 = LINE ( 'NONE', #2128, #2126 ) ;
#236 = VECTOR ( 'NONE', #27, 1000.000000000000000 ) ;
#237 = ORIENTED_EDGE ( 'NONE', *, *, #1626, .F. ) ;
#238 = VECTOR ( 'NONE', #2925, 1000.000000000000000 ) ;
#239 = VERTEX_POINT ( 'NONE', #3004 ) ;
#240 = EDGE_CURVE ( 'NONE', #2378, #2494, #577, .T. ) ;
#241 = CARTESIAN_POINT ( 'NONE',  ( -0.6464719331497226218, 0.3300000000000000155, -0.8099999999999999423 ) ) ;
#242 = ORIENTED_EDGE ( 'NONE', *, *, #1508, .T. ) ;
#243 = VECTOR ( 'NONE', #4024, 1000.000000000000000 ) ;
#244 = CARTESIAN_POINT ( 'NONE',  ( 0.7300000000000000933, 0.3300000000000000155, 0.8099999999999999423 ) ) ;
#245 = VECTOR ( 'NONE', #3459, 1000.000000000000000 ) ;
#246 = DIRECTION ( 'NONE',  ( 0.000000000000000000, -1.000000000000000000, -3.285461128743950165E-15 ) ) ;
#247 =( LENGTH_UNIT ( ) NAMED_UNIT ( * ) SI_UNIT ( .MILLI., .METRE. ) );
#248 = ORIENTED_EDGE ( 'NONE', *, *, #1140, .F. ) ;
#249 = VECTOR ( 'NONE', #1729, 1000.000000000000000 ) ;
#250 = CARTESIAN_POINT ( 'NONE',  ( 0.5000000000000001110, 0.1200000000000000094, 0.8800000000000008926 ) ) ;
#251 = CIRCLE ( 'NONE', #2397, 0.09999999999999999167 ) ;
#252 = ORIENTED_EDGE ( 'NONE', *, *, #309, .F. ) ;
#253 = CARTESIAN_POINT ( 'NONE',  ( -0.9599999999999999645, 0.3300000000000000155, 0.2499999999999998890 ) ) ;
#254 = ORIENTED_EDGE ( 'NONE', *, *, #859, .T. ) ;
#255 = EDGE_CURVE ( 'NONE', #499, #1367, #534, .T. ) ;
#256 = LINE ( 'NONE', #3611, #819 ) ;
#257 = PLANE ( 'NONE',  #3880 ) ;
#258 = ORIENTED_EDGE ( 'NONE', *, *, #854, .T. ) ;
#259 = EDGE_CURVE ( 'NONE', #1723, #3246, #1436, .T. ) ;
#260 = EDGE_LOOP ( 'NONE', ( #478, #2068, #3147, #2496 ) ) ;
#261 = DIRECTION ( 'NONE',  ( 0.000000000000000000, 0.000000000000000000, 1.000000000000000000 ) ) ;
#262 = ORIENTED_EDGE ( 'NONE', *, *, #3969, .F. ) ;
#263 = ADVANCED_FACE ( 'NONE', ( #2985 ), #2660, .T. ) ;
#264 = LINE ( 'NONE', #919, #3408 ) ;
#265 = FACE_OUTER_BOUND ( 'NONE', #970, .T. ) ;
#266 = SURFACE_SIDE_STYLE ('',( #222 ) ) ;
#267 = EDGE_LOOP ( 'NONE', ( #2415, #2309, #719, #1182, #1591, #1345, #1957, #3429 ) ) ;
#268 = CYLINDRICAL_SURFACE ( 'NONE', #2173, 0.1372407706859224696 ) ;
#269 = CARTESIAN_POINT ( 'NONE',  ( 0.2750000000000000222, 5.122855264994008451E-15, -0.5000000000000017764 ) ) ;
#270 = EDGE_LOOP ( 'NONE', ( #599, #2783, #3009, #1279 ) ) ;
#271 = DIRECTION ( 'NONE',  ( -1.000000000000000000, -0.000000000000000000, -0.000000000000000000 ) ) ;
#272 = ORIENTED_EDGE ( 'NONE', *, *, #2051, .T. ) ;
#273 = DIRECTION ( 'NONE',  ( -0.7071067811865475727, 0.000000000000000000, -0.7071067811865475727 ) ) ;
#274 = DIRECTION ( 'NONE',  ( 0.000000000000000000, 0.000000000000000000, 1.000000000000000000 ) ) ;
#275 = ORIENTED_EDGE ( 'NONE', *, *, #585, .F. ) ;
#276 = ORIENTED_EDGE ( 'NONE', *, *, #576, .F. ) ;
#277 = CARTESIAN_POINT ( 'NONE',  ( 0.4699999999999999178, 0.3090703013447053116, -1.000000000000001332 ) ) ;
#278 = EDGE_LOOP ( 'NONE', ( #2673, #199, #3002, #3707 ) ) ;
#279 = EDGE_CURVE ( 'NONE', #1414, #2161, #1454, .T. ) ;
#280 = CARTESIAN_POINT ( 'NONE',  ( 0.7099999999999999645, 0.07000000000000013156, -0.1749999999999999889 ) ) ;
#281 = LINE ( 'NONE', #921, #286 ) ;
#282 = DIRECTION ( 'NONE',  ( 3.507946793232391108E-16, -1.000000000000000000, 0.000000000000000000 ) ) ;
#283 = EDGE_CURVE ( 'NONE', #3999, #1519, #2088, .T. ) ;
#284 = ORIENTED_EDGE ( 'NONE', *, *, #2165, .F. ) ;
#285 = CARTESIAN_POINT ( 'NONE',  ( -0.8183854405088103467, 0.3300000000000000155, -0.6000000000000000888 ) ) ;
#286 = VECTOR ( 'NONE', #1225, 1000.000000000000000 ) ;
#287 = DIRECTION ( 'NONE',  ( -1.000000000000000000, -0.000000000000000000, 0.000000000000000000 ) ) ;
#288 = VERTEX_POINT ( 'NONE', #2695 ) ;
#289 = EDGE_CURVE ( 'NONE', #3444, #1432, #256, .T. ) ;
#290 = PLANE ( 'NONE',  #564 ) ;
#291 = ORIENTED_EDGE ( 'NONE', *, *, #3461, .T. ) ;
#292 = VECTOR ( 'NONE', #3381, 1000.000000000000000 ) ;
#293 = PLANE ( 'NONE',  #368 ) ;
#294 = CARTESIAN_POINT ( 'NONE',  ( 0.7300000000000000933, 0.3300000000000000155, 1.000000000000000000 ) ) ;
#295 = ORIENTED_EDGE ( 'NONE', *, *, #3173, .T. ) ;
#296 = CLOSED_SHELL ( 'NONE', ( #704, #2528, #2475, #1821, #3445, #503, #3855, #3053, #2563, #2371, #912, #1971, #654, #3412, #3892, #3515, #3483, #263, #3026, #1669, #1920, #3167, #3188, #1032, #451, #476, #3422, #1136, #1731, #984, #1156, #353, #2975, #1457, #580, #1235, #1401, #2095, #1482, #1426, #3588, #734, #1447, #1608, #2247, #10, #3663, #333, #1868, #3192, #2774, #1303, #2427, #725, #2033 ) ) ;
#297 = CARTESIAN_POINT ( 'NONE',  ( 8.266365894244634333E-17, 1.141298179294194748, -0.6750000000000000444 ) ) ;
#298 = CARTESIAN_POINT ( 'NONE',  ( -0.7599999999999995648, 0.07000000000000013156, -0.2500000000000001110 ) ) ;
#299 = VERTEX_POINT ( 'NONE', #1759 ) ;
#300 = CARTESIAN_POINT ( 'NONE',  ( -0.2749999999999998557, 0.1200000000000043532, -0.5000000000000008882 ) ) ;
#301 = VECTOR ( 'NONE', #139, 1000.000000000000000 ) ;
#302 = DIRECTION ( 'NONE',  ( 0.7071067811865475727, -0.7071067811865475727, 0.000000000000000000 ) ) ;
#303 = EDGE_CURVE ( 'NONE', #798, #3759, #213, .T. ) ;
#304 = CARTESIAN_POINT ( 'NONE',  ( -1.350000000000000089, 0.6807415121403106451, -0.6750000000000003775 ) ) ;
#305 = FILL_AREA_STYLE ('',( #1245 ) ) ;
#306 = CONICAL_SURFACE ( 'NONE', #3359, 0.6749999998305611371, 0.6108652383822205101 ) ;
#307 = VECTOR ( 'NONE', #3931, 1000.000000000000000 ) ;
#308 = DIRECTION ( 'NONE',  ( 1.000000000000000000, 0.000000000000000000, 1.606225440719265529E-15 ) ) ;
#309 = EDGE_CURVE ( 'NONE', #2065, #2077, #3635, .T. ) ;
#310 = CARTESIAN_POINT ( 'NONE',  ( -0.5091797795056174358, 0.3300000000000000155, -0.9599999999999999645 ) ) ;
#311 = ORIENTED_EDGE ( 'NONE', *, *, #3117, .F. ) ;
#312 = CARTESIAN_POINT ( 'NONE',  ( 0.5000000000000001110, 0.000000000000000000, 1.000000000000001332 ) ) ;
#313 = CIRCLE ( 'NONE', #1742, 0.1200000000000003147 ) ;
#314 = VERTEX_POINT ( 'NONE', #2718 ) ;
#315 = EDGE_CURVE ( 'NONE', #2298, #2416, #3957, .T. ) ;
#316 = CIRCLE ( 'NONE', #2984, 0.1300000000000000044 ) ;
#317 = DIRECTION ( 'NONE',  ( 0.000000000000000000, -1.000000000000000000, -0.000000000000000000 ) ) ;
#318 = CARTESIAN_POINT ( 'NONE',  ( -0.5091797795056174358, 0.02000000000000001082, -0.9600000000000000755 ) ) ;
#319 = EDGE_LOOP ( 'NONE', ( #3959, #3409, #211, #242 ) ) ;
#320 = VECTOR ( 'NONE', #1913, 1000.000000000000000 ) ;
#321 = ORIENTED_EDGE ( 'NONE', *, *, #648, .T. ) ;
#322 = DIRECTION ( 'NONE',  ( -1.084202172485504434E-16, 1.000000000000000000, 3.285461128743950165E-15 ) ) ;
#323 = VERTEX_POINT ( 'NONE', #354 ) ;
#324 = DIRECTION ( 'NONE',  ( -0.000000000000000000, -1.000000000000000000, -0.000000000000000000 ) ) ;
#325 = PLANE ( 'NONE',  #1205 ) ;
#326 = SURFACE_STYLE_USAGE ( .BOTH. , #1930 ) ;
#327 = CARTESIAN_POINT ( 'NONE',  ( 0.000000000000000000, 0.4500000000000001221, 0.000000000000000000 ) ) ;
#328 = PLANE ( 'NONE',  #2047 ) ;
#329 = LINE ( 'NONE', #630, #3634 ) ;
#330 = EDGE_LOOP ( 'NONE', ( #431, #360, #3637, #950 ) ) ;
#331 =( LENGTH_UNIT ( ) NAMED_UNIT ( * ) SI_UNIT ( .MILLI., .METRE. ) );
#332 = ORIENTED_EDGE ( 'NONE', *, *, #1578, .T. ) ;
#333 = ADVANCED_FACE ( 'NONE', ( #2795 ), #3078, .F. ) ;
#334 = DIRECTION ( 'NONE',  ( -1.000000000000000000, 0.000000000000000000, -0.000000000000000000 ) ) ;
#335 = PLANE ( 'NONE',  #1988 ) ;
#336 = ORIENTED_EDGE ( 'NONE', *, *, #1578, .F. ) ;
#337 = CARTESIAN_POINT ( 'NONE',  ( -0.4999999999999998890, 0.000000000000000000, 1.000000000000001332 ) ) ;
#338 = ORIENTED_EDGE ( 'NONE', *, *, #2850, .F. ) ;
#339 = EDGE_CURVE ( 'NONE', #288, #2189, #1899, .T. ) ;
#340 = ORIENTED_EDGE ( 'NONE', *, *, #2722, .F. ) ;
#341 = FACE_OUTER_BOUND ( 'NONE', #536, .T. ) ;
#342 = VERTEX_POINT ( 'NONE', #3125 ) ;
#343 = DIRECTION ( 'NONE',  ( -8.881784197001252323E-16, 0.000000000000000000, -1.000000000000000000 ) ) ;
#344 = EDGE_CURVE ( 'NONE', #2374, #13, #3993, .T. ) ;
#345 = PRESENTATION_STYLE_ASSIGNMENT (( #3133 ) ) ;
#346 = FACE_OUTER_BOUND ( 'NONE', #2752, .T. ) ;
#347 = FACE_OUTER_BOUND ( 'NONE', #34, .T. ) ;
#348 = LINE ( 'NONE', #389, #117 ) ;
#349 = ORIENTED_EDGE ( 'NONE', *, *, #2598, .T. ) ;
#350 = PLANE ( 'NONE',  #832 ) ;
#351 = VERTEX_POINT ( 'NONE', #1833 ) ;
#352 = CARTESIAN_POINT ( 'NONE',  ( -0.5999999999999999778, 0.3300000000000000155, -0.8099999999999999423 ) ) ;
#353 = ADVANCED_FACE ( 'NONE', ( #1214 ), #656, .T. ) ;
#354 = CARTESIAN_POINT ( 'NONE',  ( 0.9600000000000000755, 0.02000000000000003858, 0.9599999999999996314 ) ) ;
#355 = VECTOR ( 'NONE', #3923, 1000.000000000000000 ) ;
#356 = CARTESIAN_POINT ( 'NONE',  ( 0.2750000000000001332, -2.574980159653073031E-15, 0.5000000000000017764 ) ) ;
#357 = ORIENTED_EDGE ( 'NONE', *, *, #128, .F. ) ;
#358 = AXIS2_PLACEMENT_3D ( 'NONE', #814, #3333, #3885 ) ;
#359 = EDGE_CURVE ( 'NONE', #1602, #1498, #637, .T. ) ;
#360 = ORIENTED_EDGE ( 'NONE', *, *, #2499, .T. ) ;
#361 = CARTESIAN_POINT ( 'NONE',  ( -0.5999999999999999778, 0.3300000000000000155, -0.6799999999999999378 ) ) ;
#362 = EDGE_LOOP ( 'NONE', ( #1339, #2778, #448, #3279, #406, #291 ) ) ;
#363 = VECTOR ( 'NONE', #2959, 1000.000000000000000 ) ;
#364 = LINE ( 'NONE', #2803, #3754 ) ;
#365 = ADVANCED_FACE ( 'NONE', ( #2456 ), #947, .F. ) ;
#366 = LINE ( 'NONE', #1016, #940 ) ;
#367 = CARTESIAN_POINT ( 'NONE',  ( 0.5999999999999999778, 0.3300000000000000155, -0.8099999999999999423 ) ) ;
#368 = AXIS2_PLACEMENT_3D ( 'NONE', #3726, #2207, #2277 ) ;
#369 = CARTESIAN_POINT ( 'NONE',  ( 0.000000000000000000, 0.9000000000000000222, 0.000000000000000000 ) ) ;
#370 = VECTOR ( 'NONE', #500, 1000.000000000000000 ) ;
#371 = CARTESIAN_POINT ( 'NONE',  ( -1.000000000000000000, 0.02000000000000003858, -0.3532444682122630741 ) ) ;
#372 = SURFACE_STYLE_FILL_AREA ( #3706 ) ;
#373 = ORIENTED_EDGE ( 'NONE', *, *, #2615, .T. ) ;
#374 = AXIS2_PLACEMENT_3D ( 'NONE', #3105, #3728, #1560 ) ;
#375 = LINE ( 'NONE', #3142, #3308 ) ;
#376 = AXIS2_PLACEMENT_3D ( 'NONE', #3018, #943, #3121 ) ;
#377 = CARTESIAN_POINT ( 'NONE',  ( -0.9599999999999999645, 0.3300000000000000155, -0.8099999999999999423 ) ) ;
#378 = ORIENTED_EDGE ( 'NONE', *, *, #3128, .T. ) ;
#379 = AXIS2_PLACEMENT_3D ( 'NONE', #3299, #2996, #3926 ) ;
#380 = CARTESIAN_POINT ( 'NONE',  ( -0.5000000000000000000, 0.3090703013447052006, -1.000000000000000222 ) ) ;
#381 = DIRECTION ( 'NONE',  ( 0.000000000000000000, -0.7071067811865475727, 0.7071067811865475727 ) ) ;
#382 = VECTOR ( 'NONE', #2260, 1000.000000000000000 ) ;
#383 = ORIENTED_EDGE ( 'NONE', *, *, #674, .F. ) ;
#384 = LINE ( 'NONE', #2519, #3042 ) ;
#385 = EDGE_CURVE ( 'NONE', #801, #681, #3771, .T. ) ;
#386 = DIRECTION ( 'NONE',  ( 0.000000000000000000, 1.000000000000000000, 0.000000000000000000 ) ) ;
#387 = EDGE_CURVE ( 'NONE', #2363, #2553, #1514, .T. ) ;
#388 = CARTESIAN_POINT ( 'NONE',  ( 0.000000000000000000, 0.1200000000000035899, -0.5000000000000008882 ) ) ;
#389 = CARTESIAN_POINT ( 'NONE',  ( -0.9599999999999999645, 0.3300000000000000155, -0.8099999999999999423 ) ) ;
#390 = ORIENTED_EDGE ( 'NONE', *, *, #3572, .F. ) ;
#391 = DIRECTION ( 'NONE',  ( -0.000000000000000000, 1.000000000000000000, 6.776942467587081548E-15 ) ) ;
#392 = CARTESIAN_POINT ( 'NONE',  ( -0.5999999999999999778, 0.3300000000000000155, 0.8099999999999999423 ) ) ;
#393 = ORIENTED_EDGE ( 'NONE', *, *, #1281, .T. ) ;
#394 = DIRECTION ( 'NONE',  ( 1.000000000000000000, -0.000000000000000000, 0.000000000000000000 ) ) ;
#395 = FACE_OUTER_BOUND ( 'NONE', #567, .T. ) ;
#396 = VERTEX_POINT ( 'NONE', #1271 ) ;
#397 = LINE ( 'NONE', #1566, #2581 ) ;
#398 = ADVANCED_FACE ( 'NONE', ( #3693 ), #293, .T. ) ;
#399 = LINE ( 'NONE', #1319, #2569 ) ;
#400 = DIRECTION ( 'NONE',  ( -0.7071067811865471286, 0.000000000000000000, -0.7071067811865479058 ) ) ;
#401 = FACE_OUTER_BOUND ( 'NONE', #610, .T. ) ;
#402 = EDGE_CURVE ( 'NONE', #1329, #1152, #2776, .T. ) ;
#403 = EDGE_LOOP ( 'NONE', ( #1175, #1673, #2026, #3690, #3292, #3046, #3068 ) ) ;
#404 = PLANE ( 'NONE',  #2465 ) ;
#405 = ADVANCED_FACE ( 'NONE', ( #3386 ), #1881, .F. ) ;
#406 = ORIENTED_EDGE ( 'NONE', *, *, #3148, .T. ) ;
#407 = DIRECTION ( 'NONE',  ( 0.000000000000000000, -6.776942467587081548E-15, 1.000000000000000000 ) ) ;
#408 = ORIENTED_EDGE ( 'NONE', *, *, #698, .F. ) ;
#409 = VECTOR ( 'NONE', #524, 1000.000000000000114 ) ;
#410 = CARTESIAN_POINT ( 'NONE',  ( 0.000000000000000000, 0.1499999999999999944, 0.4703471600732581082 ) ) ;
#411 = CARTESIAN_POINT ( 'NONE',  ( 0.000000000000000000, -1.077217957345936394, 0.000000000000000000 ) ) ;
#412 = ORIENTED_EDGE ( 'NONE', *, *, #2145, .T. ) ;
#413 = DIRECTION ( 'NONE',  ( 0.000000000000000000, -0.7071067811865474617, -0.7071067811865474617 ) ) ;
#414 = VECTOR ( 'NONE', #607, 1000.000000000000000 ) ;
#415 = VECTOR ( 'NONE', #1068, 1000.000000000000000 ) ;
#416 = DIRECTION ( 'NONE',  ( -8.031127205612307786E-17, -1.000000000000000000, 0.000000000000000000 ) ) ;
#417 = ORIENTED_EDGE ( 'NONE', *, *, #385, .T. ) ;
#418 = VECTOR ( 'NONE', #1097, 1000.000000000000114 ) ;
#419 = EDGE_CURVE ( 'NONE', #3465, #2430, #3143, .T. ) ;
#420 = CARTESIAN_POINT ( 'NONE',  ( -0.7099999999999996314, 0.02000000000000008021, -0.2500000000000001110 ) ) ;
#421 = CARTESIAN_POINT ( 'NONE',  ( 0.7299999999999999822, 0.3300000000000000155, -1.000000000000000000 ) ) ;
#422 = DIRECTION ( 'NONE',  ( -1.000000000000000000, 0.000000000000000000, -0.000000000000000000 ) ) ;
#423 = DIRECTION ( 'NONE',  ( 0.000000000000000000, 0.000000000000000000, -1.000000000000000000 ) ) ;
#424 = ORIENTED_EDGE ( 'NONE', *, *, #240, .F. ) ;
#425 = EDGE_CURVE ( 'NONE', #1173, #443, #3427, .T. ) ;
#426 = CIRCLE ( 'NONE', #1992, 0.6205957770987778899 ) ;
#427 = CARTESIAN_POINT ( 'NONE',  ( 1.000000000000000000, 0.3300000000000000155, -1.000000000000000444 ) ) ;
#428 = ORIENTED_EDGE ( 'NONE', *, *, #212, .T. ) ;
#429 = CARTESIAN_POINT ( 'NONE',  ( 0.5091797795056174358, 0.3300000000000000155, -0.9600000000000001865 ) ) ;
#430 = VECTOR ( 'NONE', #3773, 1000.000000000000000 ) ;
#431 = ORIENTED_EDGE ( 'NONE', *, *, #2217, .T. ) ;
#432 = EDGE_CURVE ( 'NONE', #915, #820, #2705, .T. ) ;
#433 = LINE ( 'NONE', #1652, #415 ) ;
#434 = LINE ( 'NONE', #1679, #1468 ) ;
#435 = CARTESIAN_POINT ( 'NONE',  ( -0.9599999999999998535, 3.101858582251265872, -0.3532444682122630741 ) ) ;
#436 = ORIENTED_EDGE ( 'NONE', *, *, #39, .F. ) ;
#437 = DIRECTION ( 'NONE',  ( 0.000000000000000000, 0.000000000000000000, 1.000000000000000000 ) ) ;
#438 = AXIS2_PLACEMENT_3D ( 'NONE', #3013, #934, #4026 ) ;
#439 = EDGE_CURVE ( 'NONE', #2321, #3311, #1856, .T. ) ;
#440 = VECTOR ( 'NONE', #546, 1000.000000000000000 ) ;
#441 = CARTESIAN_POINT ( 'NONE',  ( -0.5091797795056174358, 0.01999999999999999695, -0.8599999999999996536 ) ) ;
#442 = LINE ( 'NONE', #1056, #238 ) ;
#443 = VERTEX_POINT ( 'NONE', #1559 ) ;
#444 = CARTESIAN_POINT ( 'NONE',  ( -1.050000000000000044, 0.8240647730814247840, 0.1000000000000056261 ) ) ;
#445 = FACE_OUTER_BOUND ( 'NONE', #2631, .T. ) ;
#446 = CARTESIAN_POINT ( 'NONE',  ( -0.9000000000000001332, 0.3300000000000000155, -0.4000000000000000222 ) ) ;
#447 =( NAMED_UNIT ( * ) PLANE_ANGLE_UNIT ( ) SI_UNIT ( $, .RADIAN. ) );
#448 = ORIENTED_EDGE ( 'NONE', *, *, #2914, .T. ) ;
#449 = CYLINDRICAL_SURFACE ( 'NONE', #1421, 0.5399530869945895484 ) ;
#450 = EDGE_LOOP ( 'NONE', ( #853, #3995, #1828, #487 ) ) ;
#451 = ADVANCED_FACE ( 'NONE', ( #8 ), #335, .T. ) ;
#452 = CARTESIAN_POINT ( 'NONE',  ( -0.6749999998305611371, 0.8223027177223229955, 8.266365892169605980E-17 ) ) ;
#453 = ORIENTED_EDGE ( 'NONE', *, *, #908, .F. ) ;
#454 = DIRECTION ( 'NONE',  ( -1.000000000000000000, -0.000000000000000000, 0.000000000000000000 ) ) ;
#455 = ADVANCED_FACE ( 'NONE', ( #3563 ), #753, .T. ) ;
#456 = CARTESIAN_POINT ( 'NONE',  ( 0.5999999999999999778, 0.3300000000000000155, -0.6799999999999998268 ) ) ;
#457 = VERTEX_POINT ( 'NONE', #3538 ) ;
#458 = CARTESIAN_POINT ( 'NONE',  ( 0.000000000000000000, 0.1199999999999974143, 0.5000000000000008882 ) ) ;
#459 = ADVANCED_FACE ( 'NONE', ( #3274 ), #3583, .F. ) ;
#460 = LINE ( 'NONE', #3902, #173 ) ;
#461 = ORIENTED_EDGE ( 'NONE', *, *, #2264, .F. ) ;
#462 = DIRECTION ( 'NONE',  ( 0.7071067811865467956, 4.812837669033921444E-15, -0.7071067811865483499 ) ) ;
#463 = DIRECTION ( 'NONE',  ( -1.586718063309168580E-16, 6.776942467587082337E-15, -1.000000000000000000 ) ) ;
#464 = FACE_OUTER_BOUND ( 'NONE', #1613, .T. ) ;
#465 = VERTEX_POINT ( 'NONE', #1427 ) ;
#466 = LINE ( 'NONE', #3929, #3110 ) ;
#467 = ORIENTED_EDGE ( 'NONE', *, *, #339, .F. ) ;
#468 = DIRECTION ( 'NONE',  ( 0.000000000000000000, -0.000000000000000000, -1.000000000000000000 ) ) ;
#469 = VERTEX_POINT ( 'NONE', #776 ) ;
#470 = EDGE_CURVE ( 'NONE', #490, #314, #2604, .T. ) ;
#471 =( LENGTH_UNIT ( ) NAMED_UNIT ( * ) SI_UNIT ( .MILLI., .METRE. ) );
#472 = LINE ( 'NONE', #3489, #2700 ) ;
#473 = DIRECTION ( 'NONE',  ( 0.000000000000000000, -0.000000000000000000, 1.000000000000000000 ) ) ;
#474 = VERTEX_POINT ( 'NONE', #3601 ) ;
#475 = LINE ( 'NONE', #2597, #2980 ) ;
#476 = ADVANCED_FACE ( 'NONE', ( #3625 ), #2361, .T. ) ;
#477 = PLANE ( 'NONE',  #3419 ) ;
#478 = ORIENTED_EDGE ( 'NONE', *, *, #2422, .F. ) ;
#479 = VECTOR ( 'NONE', #2667, 1000.000000000000000 ) ;
#480 = EDGE_CURVE ( 'NONE', #3215, #3896, #1085, .T. ) ;
#481 = DIRECTION ( 'NONE',  ( 0.000000000000000000, -0.000000000000000000, 1.000000000000000000 ) ) ;
#482 = VECTOR ( 'NONE', #3316, 1000.000000000000000 ) ;
#483 = CARTESIAN_POINT ( 'NONE',  ( -0.6464719331497226218, 3.101858582251265872, -0.9600000000000001865 ) ) ;
#484 = CARTESIAN_POINT ( 'NONE',  ( 0.5999999999999999778, 0.3300000000000000155, -0.8099999999999999423 ) ) ;
#485 = DIRECTION ( 'NONE',  ( -0.000000000000000000, -0.000000000000000000, -1.000000000000000000 ) ) ;
#486 = CIRCLE ( 'NONE', #2440, 0.1300000000000001155 ) ;
#487 = ORIENTED_EDGE ( 'NONE', *, *, #744, .T. ) ;
#488 = VECTOR ( 'NONE', #2137, 1000.000000000000000 ) ;
#489 = CARTESIAN_POINT ( 'NONE',  ( -0.9599999999999999645, 0.3300000000000000155, -0.2500000000000001110 ) ) ;
#490 = VERTEX_POINT ( 'NONE', #2974 ) ;
#491 = DIRECTION ( 'NONE',  ( 1.000000000000000000, 0.000000000000000000, 0.000000000000000000 ) ) ;
#492 = ORIENTED_EDGE ( 'NONE', *, *, #3718, .T. ) ;
#493 = VECTOR ( 'NONE', #35, 1000.000000000000000 ) ;
#494 = VECTOR ( 'NONE', #2920, 1000.000000000000000 ) ;
#495 = CARTESIAN_POINT ( 'NONE',  ( -0.2945032742232427392, 0.1499999999999999944, 0.4703471600732581082 ) ) ;
#496 = DIRECTION ( 'NONE',  ( 0.000000000000000000, 1.000000000000000000, 6.776942467587082337E-15 ) ) ;
#497 = VERTEX_POINT ( 'NONE', #1997 ) ;
#498 = AXIS2_PLACEMENT_3D ( 'NONE', #82, #2297, #2930 ) ;
#499 = VERTEX_POINT ( 'NONE', #187 ) ;
#500 = DIRECTION ( 'NONE',  ( 0.000000000000000000, 0.000000000000000000, 1.000000000000000000 ) ) ;
#501 = VECTOR ( 'NONE', #1544, 1000.000000000000000 ) ;
#502 = ORIENTED_EDGE ( 'NONE', *, *, #3640, .F. ) ;
#503 = ADVANCED_FACE ( 'NONE', ( #2319 ), #2020, .F. ) ;
#504 = VECTOR ( 'NONE', #509, 1000.000000000000000 ) ;
#505 = LINE ( 'NONE', #202, #677 ) ;
#506 = CARTESIAN_POINT ( 'NONE',  ( 0.000000000000000000, 0.8223027175517927390, 0.000000000000000000 ) ) ;
#507 = DIRECTION ( 'NONE',  ( 0.000000000000000000, 0.000000000000000000, 1.000000000000000000 ) ) ;
#508 = EDGE_CURVE ( 'NONE', #231, #532, #123, .T. ) ;
#509 = DIRECTION ( 'NONE',  ( -1.000000000000000000, -1.084202172485504434E-16, -3.562104093400868357E-31 ) ) ;
#510 = VECTOR ( 'NONE', #2559, 1000.000000000000000 ) ;
#511 = EDGE_LOOP ( 'NONE', ( #1783, #3383, #2680, #3571, #640, #311, #1574 ) ) ;
#512 = CARTESIAN_POINT ( 'NONE',  ( 0.9600000000000001865, 0.02000000000000002817, -0.2250000000000000888 ) ) ;
#513 = ORIENTED_EDGE ( 'NONE', *, *, #158, .T. ) ;
#514 = CARTESIAN_POINT ( 'NONE',  ( 8.266365894244635566E-17, 0.5807415121403105562, -0.6750000000000001554 ) ) ;
#515 = EDGE_LOOP ( 'NONE', ( #2592, #1486, #1439, #3871, #1221, #2773 ) ) ;
#516 = DIRECTION ( 'NONE',  ( 0.000000000000000000, 1.000000000000000000, -0.000000000000000000 ) ) ;
#517 = CARTESIAN_POINT ( 'NONE',  ( 0.5091797795056174358, 0.3300000000000000155, 0.9599999999999995204 ) ) ;
#518 = VERTEX_POINT ( 'NONE', #3888 ) ;
#519 = ORIENTED_EDGE ( 'NONE', *, *, #1396, .T. ) ;
#520 = CARTESIAN_POINT ( 'NONE',  ( -0.7599999999999995648, -1.301042606982605321E-15, 0.2000000000000055900 ) ) ;
#521 = ORIENTED_EDGE ( 'NONE', *, *, #470, .T. ) ;
#522 = CARTESIAN_POINT ( 'NONE',  ( 0.5000000000000000000, 3.285461128743953715E-15, 0.8800000000000011147 ) ) ;
#523 = EDGE_CURVE ( 'NONE', #1391, #3000, #1855, .T. ) ;
#524 = DIRECTION ( 'NONE',  ( -0.5773502691896251759, 0.5773502691896255090, -0.5773502691896265082 ) ) ;
#525 = CYLINDRICAL_SURFACE ( 'NONE', #1150, 0.6750000000000000444 ) ;
#526 = CARTESIAN_POINT ( 'NONE',  ( 0.000000000000000000, -5.963111948670274387E-15, 4.189777606612163233E-16 ) ) ;
#527 = ORIENTED_EDGE ( 'NONE', *, *, #1530, .T. ) ;
#528 = EDGE_CURVE ( 'NONE', #2712, #1350, #3030, .T. ) ;
#529 = LINE ( 'NONE', #3097, #440 ) ;
#530 = VERTEX_POINT ( 'NONE', #2949 ) ;
#531 = DIRECTION ( 'NONE',  ( -0.7071067811865466846, 0.000000000000000000, 0.7071067811865483499 ) ) ;
#532 = VERTEX_POINT ( 'NONE', #3213 ) ;
#533 = ADVANCED_FACE ( 'NONE', ( #3234 ), #1061, .F. ) ;
#534 = LINE ( 'NONE', #1798, #1917 ) ;
#535 = DIRECTION ( 'NONE',  ( 1.000000000000000000, 0.000000000000000000, -0.000000000000000000 ) ) ;
#536 = EDGE_LOOP ( 'NONE', ( #2213, #7, #2596, #272 ) ) ;
#537 = LINE ( 'NONE', #298, #2453 ) ;
#538 = VERTEX_POINT ( 'NONE', #1666 ) ;
#539 = CARTESIAN_POINT ( 'NONE',  ( -0.2945032742232427947, 0.1499999999999999944, 0.4703471600732580526 ) ) ;
#540 = DIRECTION ( 'NONE',  ( 1.000000000000000000, 0.000000000000000000, -0.000000000000000000 ) ) ;
#541 = AXIS2_PLACEMENT_3D ( 'NONE', #421, #1970, #3233 ) ;
#542 = FILL_AREA_STYLE_COLOUR ( '', #685 ) ;
#543 = ORIENTED_EDGE ( 'NONE', *, *, #289, .T. ) ;
#544 = EDGE_CURVE ( 'NONE', #741, #530, #890, .T. ) ;
#545 = VECTOR ( 'NONE', #1059, 1000.000000000000000 ) ;
#546 = DIRECTION ( 'NONE',  ( 1.000000000000000000, 0.000000000000000000, -0.000000000000000000 ) ) ;
#547 = MECHANICAL_DESIGN_GEOMETRIC_PRESENTATION_REPRESENTATION (  '', ( #1918 ), #3087 ) ;
#548 = ORIENTED_EDGE ( 'NONE', *, *, #3897, .F. ) ;
#549 = LINE ( 'NONE', #2123, #1738 ) ;
#550 = ORIENTED_EDGE ( 'NONE', *, *, #3762, .F. ) ;
#551 = EDGE_CURVE ( 'NONE', #1353, #2808, #2295, .T. ) ;
#552 = VECTOR ( 'NONE', #134, 1000.000000000000000 ) ;
#553 = CARTESIAN_POINT ( 'NONE',  ( -0.2945032742232427392, 0.1499999999999999944, 0.4703471600732581082 ) ) ;
#554 = LINE ( 'NONE', #3045, #3809 ) ;
#555 = VECTOR ( 'NONE', #3335, 1000.000000000000000 ) ;
#556 = EDGE_LOOP ( 'NONE', ( #237, #1389, #2890, #2913, #825 ) ) ;
#557 = ADVANCED_FACE ( 'NONE', ( #143 ), #1385, .T. ) ;
#558 = CIRCLE ( 'NONE', #2839, 0.6750000000000000444 ) ;
#559 = ORIENTED_EDGE ( 'NONE', *, *, #3712, .F. ) ;
#560 = CARTESIAN_POINT ( 'NONE',  ( -0.4699999999999999178, 0.3090703013447048120, -0.8800000000000001155 ) ) ;
#561 = ORIENTED_EDGE ( 'NONE', *, *, #3964, .T. ) ;
#562 = CIRCLE ( 'NONE', #2841, 0.2999999999999999889 ) ;
#563 = CARTESIAN_POINT ( 'NONE',  ( 0.5000000000000001110, -1.049828659669624645E-15, 0.8800000000000017808 ) ) ;
#564 = AXIS2_PLACEMENT_3D ( 'NONE', #1533, #3401, #968 ) ;
#565 = DIRECTION ( 'NONE',  ( 0.000000000000000000, 0.000000000000000000, 1.000000000000000000 ) ) ;
#566 = CARTESIAN_POINT ( 'NONE',  ( -0.4699999999999999178, 0.3090703013447048120, -0.8800000000000002265 ) ) ;
#567 = EDGE_LOOP ( 'NONE', ( #152, #2461, #2997, #2586 ) ) ;
#568 = LINE ( 'NONE', #1813, #1328 ) ;
#569 = UNCERTAINTY_MEASURE_WITH_UNIT (LENGTH_MEASURE( 1.000000000000000082E-05 ), #77, 'distance_accuracy_value', 'NONE');
#570 = PLANE ( 'NONE',  #1102 ) ;
#571 = VECTOR ( 'NONE', #1172, 1000.000000000000000 ) ;
#572 = ORIENTED_EDGE ( 'NONE', *, *, #2349, .T. ) ;
#573 = LINE ( 'NONE', #1816, #3296 ) ;
#574 = APPLICATION_CONTEXT ( 'automotive_design' ) ;
#575 = ORIENTED_EDGE ( 'NONE', *, *, #3537, .F. ) ;
#576 = EDGE_CURVE ( 'NONE', #2363, #929, #162, .T. ) ;
#577 = LINE ( 'NONE', #828, #1011 ) ;
#578 = CARTESIAN_POINT ( 'NONE',  ( 1.000000000000000000, 0.3300000000000000155, -0.4000000000000000222 ) ) ;
#579 = VERTEX_POINT ( 'NONE', #2423 ) ;
#580 = ADVANCED_FACE ( 'NONE', ( #3379 ), #4005, .T. ) ;
#581 = ORIENTED_EDGE ( 'NONE', *, *, #2206, .F. ) ;
#582 = DIRECTION ( 'NONE',  ( 0.000000000000000000, 0.000000000000000000, -1.000000000000000000 ) ) ;
#583 = EDGE_LOOP ( 'NONE', ( #2624, #715, #1695, #2609 ) ) ;
#584 = CARTESIAN_POINT ( 'NONE',  ( -0.7599999999999995648, 0.4500000000000002887, -0.2500000000000001110 ) ) ;
#585 = EDGE_CURVE ( 'NONE', #3027, #3392, #99, .T. ) ;
#586 = CARTESIAN_POINT ( 'NONE',  ( 0.5999999999999999778, 0.3300000000000000155, -0.8099999999999999423 ) ) ;
#587 = ORIENTED_EDGE ( 'NONE', *, *, #2270, .F. ) ;
#588 = CARTESIAN_POINT ( 'NONE',  ( -1.049999999999999600, -6.793235816851391165E-18, 0.1000000000000005884 ) ) ;
#589 = CARTESIAN_POINT ( 'NONE',  ( 0.5999999999999999778, 0.3300000000000000155, -1.000000000000000444 ) ) ;
#590 = ORIENTED_EDGE ( 'NONE', *, *, #1372, .T. ) ;
#591 = VERTEX_POINT ( 'NONE', #1811 ) ;
#592 = CARTESIAN_POINT ( 'NONE',  ( 0.000000000000000000, 3.704438889405129560E-15, 1.000000000000001332 ) ) ;
#593 = CARTESIAN_POINT ( 'NONE',  ( -0.9308246407405786904, 0.3300000000000000155, 0.2000000000000022038 ) ) ;
#594 = VERTEX_POINT ( 'NONE', #2405 ) ;
#595 = EDGE_CURVE ( 'NONE', #1134, #530, #3720, .T. ) ;
#596 = MANIFOLD_SOLID_BREP ( 'Cut-Extrude6', #3542 ) ;
#597 = VERTEX_POINT ( 'NONE', #3397 ) ;
#598 = LINE ( 'NONE', #2418, #1796 ) ;
#599 = ORIENTED_EDGE ( 'NONE', *, *, #1311, .F. ) ;
#600 = DIRECTION ( 'NONE',  ( 0.000000000000000000, 0.000000000000000000, -1.000000000000000000 ) ) ;
#601 = EDGE_CURVE ( 'NONE', #1209, #2189, #860, .T. ) ;
#602 = CARTESIAN_POINT ( 'NONE',  ( 0.9600000000000001865, 0.02000000000000003858, -0.9600000000000001865 ) ) ;
#603 = LINE ( 'NONE', #1522, #355 ) ;
#604 = SURFACE_STYLE_FILL_AREA ( #1845 ) ;
#605 = MANIFOLD_SOLID_BREP ( 'Cut-Extrude5', #1274 ) ;
#606 = EDGE_CURVE ( 'NONE', #978, #2989, #3356, .T. ) ;
#607 = DIRECTION ( 'NONE',  ( -0.000000000000000000, -0.000000000000000000, -1.000000000000000000 ) ) ;
#608 = AXIS2_PLACEMENT_3D ( 'NONE', #1168, #2684, #3948 ) ;
#609 = LINE ( 'NONE', #2469, #971 ) ;
#610 = EDGE_LOOP ( 'NONE', ( #2268, #924, #3540, #3038 ) ) ;
#611 = FACE_OUTER_BOUND ( 'NONE', #3705, .T. ) ;
#612 = ORIENTED_EDGE ( 'NONE', *, *, #2654, .F. ) ;
#613 = VECTOR ( 'NONE', #2094, 1000.000000000000000 ) ;
#614 = CARTESIAN_POINT ( 'NONE',  ( -0.5999999999999999778, 0.4500000000000000666, -0.8099999999999999423 ) ) ;
#615 = CARTESIAN_POINT ( 'NONE',  ( 0.4999999999999998890, 5.122855264994008451E-15, -0.7250000000000021982 ) ) ;
#616 = EDGE_LOOP ( 'NONE', ( #1598, #3077 ) ) ;
#617 = STYLED_ITEM ( 'NONE', ( #3949 ), #596 ) ;
#618 = ORIENTED_EDGE ( 'NONE', *, *, #339, .T. ) ;
#619 = ADVANCED_FACE ( 'NONE', ( #1506 ), #525, .T. ) ;
#620 = DIRECTION ( 'NONE',  ( 1.000000000000000000, 0.000000000000000000, 0.000000000000000000 ) ) ;
#621 = VERTEX_POINT ( 'NONE', #1262 ) ;
#622 = CYLINDRICAL_SURFACE ( 'NONE', #2655, 0.6750000000000000444 ) ;
#623 = VECTOR ( 'NONE', #95, 1000.000000000000000 ) ;
#624 = DIRECTION ( 'NONE',  ( -1.000000000000000000, 0.000000000000000000, 5.706327223607916569E-16 ) ) ;
#625 = CARTESIAN_POINT ( 'NONE',  ( -1.149999999999999467, 0.6807415121403107561, 0.5749999999999994005 ) ) ;
#626 = EDGE_CURVE ( 'NONE', #1519, #2916, #706, .T. ) ;
#627 = CARTESIAN_POINT ( 'NONE',  ( -0.5091797795056174358, -0.3300000000000000155, 0.9599999999999996314 ) ) ;
#628 = CIRCLE ( 'NONE', #1736, 0.1200000000000003147 ) ;
#629 = DIRECTION ( 'NONE',  ( 0.000000000000000000, 0.000000000000000000, -1.000000000000000000 ) ) ;
#630 = CARTESIAN_POINT ( 'NONE',  ( 1.000000000000000000, 0.3300000000000000155, -0.5000000000000000000 ) ) ;
#631 = EDGE_CURVE ( 'NONE', #2410, #107, #399, .T. ) ;
#632 = EDGE_LOOP ( 'NONE', ( #2734, #1963, #3676, #755 ) ) ;
#633 = DIRECTION ( 'NONE',  ( -0.000000000000000000, -1.000000000000000000, 3.285461128743950165E-15 ) ) ;
#634 = CIRCLE ( 'NONE', #2004, 0.1300000000000000044 ) ;
#635 = ORIENTED_EDGE ( 'NONE', *, *, #3374, .F. ) ;
#636 = VECTOR ( 'NONE', #3870, 1000.000000000000000 ) ;
#637 = LINE ( 'NONE', #2474, #236 ) ;
#638 = ORIENTED_EDGE ( 'NONE', *, *, #1646, .F. ) ;
#639 = CARTESIAN_POINT ( 'NONE',  ( 0.000000000000000000, 0.3090703013446986502, 0.8800000000000001155 ) ) ;
#640 = ORIENTED_EDGE ( 'NONE', *, *, #2479, .T. ) ;
#641 = FACE_OUTER_BOUND ( 'NONE', #270, .T. ) ;
#642 = FACE_OUTER_BOUND ( 'NONE', #330, .T. ) ;
#643 = EDGE_LOOP ( 'NONE', ( #492, #2618 ) ) ;
#644 = DIRECTION ( 'NONE',  ( 0.000000000000000000, 1.000000000000000000, 0.000000000000000000 ) ) ;
#645 = DIRECTION ( 'NONE',  ( 0.000000000000000000, 0.000000000000000000, -1.000000000000000000 ) ) ;
#646 = CARTESIAN_POINT ( 'NONE',  ( -1.149999999999999467, 0.5807415121403103342, 0.5749999999999994005 ) ) ;
#647 = DIRECTION ( 'NONE',  ( -0.000000000000000000, 0.000000000000000000, -1.000000000000000000 ) ) ;
#648 = EDGE_CURVE ( 'NONE', #896, #1257, #2253, .T. ) ;
#649 = DIRECTION ( 'NONE',  ( 0.000000000000000000, 0.000000000000000000, -1.000000000000000000 ) ) ;
#650 = CARTESIAN_POINT ( 'NONE',  ( 0.000000000000000000, 8.471178084483853907E-16, -0.1250000000000000278 ) ) ;
#651 = ORIENTED_EDGE ( 'NONE', *, *, #33, .T. ) ;
#652 = PLANE ( 'NONE',  #3558 ) ;
#653 = ORIENTED_EDGE ( 'NONE', *, *, #3440, .F. ) ;
#654 = ADVANCED_FACE ( 'NONE', ( #2556 ), #2805, .T. ) ;
#655 = LINE ( 'NONE', #1595, #2009 ) ;
#656 = PLANE ( 'NONE',  #1725 ) ;
#657 = ORIENTED_EDGE ( 'NONE', *, *, #158, .F. ) ;
#658 = ORIENTED_EDGE ( 'NONE', *, *, #916, .F. ) ;
#659 = ADVANCED_FACE ( 'NONE', ( #1587 ), #1891, .T. ) ;
#660 = ORIENTED_EDGE ( 'NONE', *, *, #3669, .T. ) ;
#661 = CARTESIAN_POINT ( 'NONE',  ( 0.7099999999999999645, 0.07000000000000013156, -0.1749999999999999889 ) ) ;
#662 = ORIENTED_EDGE ( 'NONE', *, *, #80, .F. ) ;
#663 = DIRECTION ( 'NONE',  ( 0.000000000000000000, 0.000000000000000000, 1.000000000000000000 ) ) ;
#664 = DIRECTION ( 'NONE',  ( -0.000000000000000000, -1.000000000000000000, -0.000000000000000000 ) ) ;
#665 = FACE_OUTER_BOUND ( 'NONE', #3463, .T. ) ;
#666 = DIRECTION ( 'NONE',  ( 1.000000000000000000, 3.507946793232390122E-16, -0.000000000000000000 ) ) ;
#667 = CARTESIAN_POINT ( 'NONE',  ( -0.4699999999999999178, 0.3090703013447050340, -1.000000000000000222 ) ) ;
#668 = EDGE_CURVE ( 'NONE', #239, #3977, #2502, .T. ) ;
#669 = LINE ( 'NONE', #909, #51 ) ;
#670 = EDGE_LOOP ( 'NONE', ( #2464, #357, #3035, #2062 ) ) ;
#671 = CARTESIAN_POINT ( 'NONE',  ( -0.8201970085578875747, 0.3800000000000000044, -0.6840354554681121746 ) ) ;
#672 = AXIS2_PLACEMENT_3D ( 'NONE', #161, #1749, #3212 ) ;
#673 = ORIENTED_EDGE ( 'NONE', *, *, #1326, .F. ) ;
#674 = EDGE_CURVE ( 'NONE', #1946, #2321, #2174, .T. ) ;
#675 = DIRECTION ( 'NONE',  ( -1.000000000000000000, -3.507946793232391108E-16, 0.000000000000000000 ) ) ;
#676 = EDGE_LOOP ( 'NONE', ( #2756, #2031, #2816, #1938 ) ) ;
#677 = VECTOR ( 'NONE', #3922, 1000.000000000000000 ) ;
#678 = ORIENTED_EDGE ( 'NONE', *, *, #1562, .T. ) ;
#679 = EDGE_CURVE ( 'NONE', #2090, #1631, #3739, .T. ) ;
#680 = DIRECTION ( 'NONE',  ( 0.000000000000000000, 0.000000000000000000, 1.000000000000000000 ) ) ;
#681 = VERTEX_POINT ( 'NONE', #1017 ) ;
#682 = CARTESIAN_POINT ( 'NONE',  ( 0.7099999999999999645, 0.3300000000000000155, -0.1750000000000000167 ) ) ;
#683 = DIRECTION ( 'NONE',  ( -0.000000000000000000, 0.000000000000000000, -1.000000000000000000 ) ) ;
#684 = DIRECTION ( 'NONE',  ( 0.000000000000000000, 0.000000000000000000, -1.000000000000000000 ) ) ;
#685 = COLOUR_RGB ( '',0.7843137254901960675, 0.5882352941176470784, 0.06274509803921568540 ) ;
#686 = CARTESIAN_POINT ( 'NONE',  ( -0.9599999999999998535, 0.02000000000000003858, -0.3532444682122630741 ) ) ;
#687 = AXIS2_PLACEMENT_3D ( 'NONE', #1423, #3269, #155 ) ;
#688 = LINE ( 'NONE', #81, #1713 ) ;
#689 = LINE ( 'NONE', #1366, #2195 ) ;
#690 = ORIENTED_EDGE ( 'NONE', *, *, #1239, .F. ) ;
#691 = VECTOR ( 'NONE', #806, 1000.000000000000114 ) ;
#692 = DIRECTION ( 'NONE',  ( -0.000000000000000000, 0.000000000000000000, -1.000000000000000000 ) ) ;
#693 =( GEOMETRIC_REPRESENTATION_CONTEXT ( 3 ) GLOBAL_UNCERTAINTY_ASSIGNED_CONTEXT ( ( #2002 ) ) GLOBAL_UNIT_ASSIGNED_CONTEXT ( ( #3196, #447, #3845 ) ) REPRESENTATION_CONTEXT ( 'NONE', 'WORKASPACE' ) );
#694 = VERTEX_POINT ( 'NONE', #2827 ) ;
#695 = DIRECTION ( 'NONE',  ( -0.000000000000000000, -1.000000000000000000, -0.000000000000000000 ) ) ;
#696 = ORIENTED_EDGE ( 'NONE', *, *, #480, .F. ) ;
#697 = VECTOR ( 'NONE', #818, 1000.000000000000000 ) ;
#698 = EDGE_CURVE ( 'NONE', #929, #231, #2523, .T. ) ;
#699 = DIRECTION ( 'NONE',  ( 1.000000000000000000, 0.000000000000000000, -0.000000000000000000 ) ) ;
#700 = CARTESIAN_POINT ( 'NONE',  ( -0.5000000000000000000, 0.3090703013447048120, -0.8800000000000001155 ) ) ;
#701 = VECTOR ( 'NONE', #3586, 1000.000000000000000 ) ;
#702 = ORIENTED_EDGE ( 'NONE', *, *, #2615, .F. ) ;
#703 = DIRECTION ( 'NONE',  ( 1.000000000000000000, 0.000000000000000000, 0.000000000000000000 ) ) ;
#704 = ADVANCED_FACE ( 'NONE', ( #3175 ), #960, .F. ) ;
#705 = CARTESIAN_POINT ( 'NONE',  ( -1.350000000000000089, 0.5807415121403105562, -0.6750000000000003775 ) ) ;
#706 = LINE ( 'NONE', #3798, #3417 ) ;
#707 = EDGE_CURVE ( 'NONE', #2091, #3207, #45, .T. ) ;
#708 = PLANE ( 'NONE',  #743 ) ;
#709 = CARTESIAN_POINT ( 'NONE',  ( -1.000000000000000000, 0.3300000000000000155, 1.000000000000000444 ) ) ;
#710 = CARTESIAN_POINT ( 'NONE',  ( -0.5091797795056174358, 0.1499999999999999944, -0.6850236653556328603 ) ) ;
#711 = ORIENTED_EDGE ( 'NONE', *, *, #344, .T. ) ;
#712 = DIRECTION ( 'NONE',  ( 0.000000000000000000, -6.776942467587081548E-15, 1.000000000000000000 ) ) ;
#713 = EDGE_LOOP ( 'NONE', ( #1820, #1456, #1273, #3122, #3699 ) ) ;
#714 = CARTESIAN_POINT ( 'NONE',  ( -0.7599999999999995648, 0.07000000000000013156, -0.2500000000000001110 ) ) ;
#715 = ORIENTED_EDGE ( 'NONE', *, *, #425, .F. ) ;
#716 = APPLICATION_PROTOCOL_DEFINITION ( 'draft international standard', 'automotive_design', 1998, #574 ) ;
#717 = CARTESIAN_POINT ( 'NONE',  ( 0.000000000000000000, 0.5807415121403105562, 0.000000000000000000 ) ) ;
#718 = LINE ( 'NONE', #1098, #2901 ) ;
#719 = ORIENTED_EDGE ( 'NONE', *, *, #3691, .T. ) ;
#720 = ADVANCED_FACE ( 'NONE', ( #346 ), #982, .T. ) ;
#721 = FACE_OUTER_BOUND ( 'NONE', #1812, .T. ) ;
#722 = LINE ( 'NONE', #2336, #1912 ) ;
#723 = FACE_OUTER_BOUND ( 'NONE', #1242, .T. ) ;
#724 = ORIENTED_EDGE ( 'NONE', *, *, #1165, .F. ) ;
#725 = ADVANCED_FACE ( 'NONE', ( #2198 ), #3438, .T. ) ;
#726 = DIRECTION ( 'NONE',  ( -0.000000000000000000, -0.000000000000000000, 1.000000000000000000 ) ) ;
#727 = CARTESIAN_POINT ( 'NONE',  ( -1.000000000000000000, 3.101858582251265872, -1.000000000000000000 ) ) ;
#728 = CARTESIAN_POINT ( 'NONE',  ( -0.5000000000000000000, 0.3090703013447048120, -0.8800000000000002265 ) ) ;
#729 = EDGE_CURVE ( 'NONE', #3999, #1946, #938, .T. ) ;
#730 = DIRECTION ( 'NONE',  ( 0.000000000000000000, 0.000000000000000000, 1.000000000000000000 ) ) ;
#731 = EDGE_LOOP ( 'NONE', ( #1313, #2224, #2117, #3448, #3366 ) ) ;
#732 = LINE ( 'NONE', #3910, #636 ) ;
#733 = ORIENTED_EDGE ( 'NONE', *, *, #1955, .F. ) ;
#734 = ADVANCED_FACE ( 'NONE', ( #665 ), #1607, .F. ) ;
#735 = DIRECTION ( 'NONE',  ( -1.000000000000000000, -0.000000000000000000, -0.000000000000000000 ) ) ;
#736 = ORIENTED_EDGE ( 'NONE', *, *, #1924, .T. ) ;
#737 =( NAMED_UNIT ( * ) PLANE_ANGLE_UNIT ( ) SI_UNIT ( $, .RADIAN. ) );
#738 = AXIS2_PLACEMENT_3D ( 'NONE', #1684, #2943, #2639 ) ;
#739 = DIRECTION ( 'NONE',  ( -0.000000000000000000, -1.000000000000000000, -0.000000000000000000 ) ) ;
#740 = DIRECTION ( 'NONE',  ( 1.000000000000000000, 0.000000000000000000, 0.000000000000000000 ) ) ;
#741 = VERTEX_POINT ( 'NONE', #3780 ) ;
#742 = DIRECTION ( 'NONE',  ( -0.000000000000000000, -1.000000000000000000, -0.000000000000000000 ) ) ;
#743 = AXIS2_PLACEMENT_3D ( 'NONE', #3178, #2275, #983 ) ;
#744 = EDGE_CURVE ( 'NONE', #914, #2378, #78, .T. ) ;
#745 = LINE ( 'NONE', #2878, #1780 ) ;
#746 = LINE ( 'NONE', #2272, #2643 ) ;
#747 = ORIENTED_EDGE ( 'NONE', *, *, #1993, .F. ) ;
#748 = VECTOR ( 'NONE', #2594, 1000.000000000000000 ) ;
#749 = LINE ( 'NONE', #2852, #1523 ) ;
#750 = EDGE_CURVE ( 'NONE', #3684, #3772, #3821, .T. ) ;
#751 = CARTESIAN_POINT ( 'NONE',  ( -0.8201970085578875747, 0.3800000000000000044, -0.6840354554681121746 ) ) ;
#752 = CARTESIAN_POINT ( 'NONE',  ( 0.5999999999999999778, 0.3300000000000000155, -0.8800000000000000044 ) ) ;
#753 = CONICAL_SURFACE ( 'NONE', #2311, 0.6749999998305611371, 0.6108652383822205101 ) ;
#754 = FACE_OUTER_BOUND ( 'NONE', #2532, .T. ) ;
#755 = ORIENTED_EDGE ( 'NONE', *, *, #763, .F. ) ;
#756 = CIRCLE ( 'NONE', #2125, 0.6205957770987778899 ) ;
#757 = EDGE_CURVE ( 'NONE', #2142, #2529, #442, .T. ) ;
#758 = DIRECTION ( 'NONE',  ( -0.000000000000000000, -1.000000000000000000, -0.000000000000000000 ) ) ;
#759 = ORIENTED_EDGE ( 'NONE', *, *, #3696, .F. ) ;
#760 = CARTESIAN_POINT ( 'NONE',  ( 0.000000000000000000, 0.03999999999999999389, 0.000000000000000000 ) ) ;
#761 = CIRCLE ( 'NONE', #3036, 0.09999999999999999167 ) ;
#762 = ORIENTED_EDGE ( 'NONE', *, *, #3065, .F. ) ;
#763 = EDGE_CURVE ( 'NONE', #3486, #2749, #102, .T. ) ;
#764 = DIRECTION ( 'NONE',  ( -0.000000000000000000, -1.000000000000000000, -0.000000000000000000 ) ) ;
#765 = AXIS2_PLACEMENT_3D ( 'NONE', #2327, #169, #2283 ) ;
#766 = LINE ( 'NONE', #1961, #552 ) ;
#767 = DIRECTION ( 'NONE',  ( -0.000000000000000000, -1.000000000000000000, -0.000000000000000000 ) ) ;
#768 = ORIENTED_EDGE ( 'NONE', *, *, #2398, .F. ) ;
#769 = CARTESIAN_POINT ( 'NONE',  ( 0.5000000000000000000, 0.3090703013446987613, 1.000000000000000666 ) ) ;
#770 = CIRCLE ( 'NONE', #1550, 0.1300000000000001155 ) ;
#771 = CARTESIAN_POINT ( 'NONE',  ( -0.2750000000000000777, -2.193437701074948433E-15, 0.5000000000000017764 ) ) ;
#772 = CARTESIAN_POINT ( 'NONE',  ( -0.7599999999999995648, 0.4500000000000002887, 0.2499999999999998890 ) ) ;
#773 = ORIENTED_EDGE ( 'NONE', *, *, #3139, .F. ) ;
#774 = CARTESIAN_POINT ( 'NONE',  ( 0.5091797795056174358, 0.1499999999999999667, 0.6850236653556326383 ) ) ;
#775 = DIRECTION ( 'NONE',  ( -1.000000000000000000, 0.000000000000000000, 0.000000000000000000 ) ) ;
#776 = CARTESIAN_POINT ( 'NONE',  ( -0.4699999999999999178, 0.4500000000000001776, 0.8800000000000001155 ) ) ;
#777 = LINE ( 'NONE', #3867, #2134 ) ;
#778 = ORIENTED_EDGE ( 'NONE', *, *, #67, .T. ) ;
#779 = EDGE_CURVE ( 'NONE', #2321, #1884, #460, .T. ) ;
#780 = LINE ( 'NONE', #1754, #3047 ) ;
#781 = EDGE_LOOP ( 'NONE', ( #2487, #2108, #321, #2629 ) ) ;
#782 = FACE_OUTER_BOUND ( 'NONE', #1265, .T. ) ;
#783 = EDGE_LOOP ( 'NONE', ( #3868, #3266, #1301, #3932 ) ) ;
#784 = ADVANCED_FACE ( 'NONE', ( #723 ), #477, .F. ) ;
#785 = DIRECTION ( 'NONE',  ( 0.000000000000000000, -0.7071067811865475727, -0.7071067811865475727 ) ) ;
#786 = LINE ( 'NONE', #2028, #2830 ) ;
#787 = DIRECTION ( 'NONE',  ( 0.000000000000000000, 1.000000000000000000, 0.000000000000000000 ) ) ;
#788 = ORIENTED_EDGE ( 'NONE', *, *, #3841, .T. ) ;
#789 = CARTESIAN_POINT ( 'NONE',  ( 0.7099999999999999645, 0.07000000000000010381, 0.1750000000000000722 ) ) ;
#790 = EDGE_CURVE ( 'NONE', #3434, #3789, #180, .T. ) ;
#791 = PLANE ( 'NONE',  #1527 ) ;
#792 = FACE_OUTER_BOUND ( 'NONE', #3942, .T. ) ;
#793 = ORIENTED_EDGE ( 'NONE', *, *, #2375, .T. ) ;
#794 = DIRECTION ( 'NONE',  ( 0.000000000000000000, 1.000000000000000000, 0.000000000000000000 ) ) ;
#795 = LINE ( 'NONE', #3272, #3991 ) ;
#796 = DIRECTION ( 'NONE',  ( 0.000000000000000000, 0.000000000000000000, 1.000000000000000000 ) ) ;
#797 = DIRECTION ( 'NONE',  ( -1.000000000000000000, -1.084202172485504434E-16, 0.000000000000000000 ) ) ;
#798 = VERTEX_POINT ( 'NONE', #1967 ) ;
#799 = DIRECTION ( 'NONE',  ( 0.000000000000000000, 0.000000000000000000, 1.000000000000000000 ) ) ;
#800 = EDGE_CURVE ( 'NONE', #2701, #3434, #2990, .T. ) ;
#801 = VERTEX_POINT ( 'NONE', #200 ) ;
#802 = CARTESIAN_POINT ( 'NONE',  ( 1.350000000000000089, 0.5807415121403105562, 0.6750000000000000444 ) ) ;
#803 = EDGE_LOOP ( 'NONE', ( #2535, #2314, #1472, #2017, #1131, #164, #849 ) ) ;
#804 = EDGE_CURVE ( 'NONE', #1371, #3684, #3881, .T. ) ;
#805 = DIRECTION ( 'NONE',  ( -1.000000000000000000, 0.000000000000000000, 0.000000000000000000 ) ) ;
#806 = DIRECTION ( 'NONE',  ( 0.000000000000000000, -0.7071067811865474617, 0.7071067811865474617 ) ) ;
#807 = ORIENTED_EDGE ( 'NONE', *, *, #212, .F. ) ;
#808 = AXIS2_PLACEMENT_3D ( 'NONE', #586, #3355, #1505 ) ;
#809 = ADVANCED_FACE ( 'NONE', ( #792 ), #2944, .F. ) ;
#810 = ORIENTED_EDGE ( 'NONE', *, *, #1719, .T. ) ;
#811 = LINE ( 'NONE', #3513, #2245 ) ;
#812 = ORIENTED_EDGE ( 'NONE', *, *, #729, .F. ) ;
#813 = AXIS2_PLACEMENT_3D ( 'NONE', #2806, #3742, #3498 ) ;
#814 = CARTESIAN_POINT ( 'NONE',  ( -1.000000000000000000, 0.3300000000000000155, 0.4000000000000000222 ) ) ;
#815 = VECTOR ( 'NONE', #3680, 1000.000000000000000 ) ;
#816 = LINE ( 'NONE', #483, #2369 ) ;
#817 = DIRECTION ( 'NONE',  ( -0.000000000000000000, 1.000000000000000000, -0.000000000000000000 ) ) ;
#818 = DIRECTION ( 'NONE',  ( 0.000000000000000000, 1.000000000000000000, -3.285461128743950165E-15 ) ) ;
#819 = VECTOR ( 'NONE', #516, 1000.000000000000000 ) ;
#820 = VERTEX_POINT ( 'NONE', #1685 ) ;
#821 = AXIS2_PLACEMENT_3D ( 'NONE', #1751, #507, #2995 ) ;
#822 = DIRECTION ( 'NONE',  ( 0.000000000000000000, 1.000000000000000000, 0.000000000000000000 ) ) ;
#823 = EDGE_LOOP ( 'NONE', ( #2921, #747, #1710, #1541, #2348, #2931 ) ) ;
#824 = CARTESIAN_POINT ( 'NONE',  ( -0.5999999999999999778, 0.3300000000000000155, -0.6799999999999999378 ) ) ;
#825 = ORIENTED_EDGE ( 'NONE', *, *, #3369, .F. ) ;
#826 = VECTOR ( 'NONE', #2212, 1000.000000000000000 ) ;
#827 = AXIS2_PLACEMENT_3D ( 'NONE', #435, #1680, #1698 ) ;
#828 = CARTESIAN_POINT ( 'NONE',  ( 0.5000000000000000000, 0.3090703013447049230, -1.000000000000000888 ) ) ;
#829 = LINE ( 'NONE', #2719, #3945 ) ;
#830 = EDGE_LOOP ( 'NONE', ( #3332, #658, #2636, #3580 ) ) ;
#831 = EDGE_CURVE ( 'NONE', #1723, #288, #1660, .T. ) ;
#832 = AXIS2_PLACEMENT_3D ( 'NONE', #1592, #3100, #2160 ) ;
#833 = EDGE_LOOP ( 'NONE', ( #3099, #2040, #1253, #1761 ) ) ;
#834 = DIRECTION ( 'NONE',  ( -0.000000000000000000, 0.000000000000000000, -1.000000000000000000 ) ) ;
#835 = AXIS2_PLACEMENT_3D ( 'NONE', #3826, #1953, #3564 ) ;
#836 = ORIENTED_EDGE ( 'NONE', *, *, #1873, .F. ) ;
#837 = EDGE_CURVE ( 'NONE', #621, #2363, #2053, .T. ) ;
#838 = VECTOR ( 'NONE', #3303, 1000.000000000000000 ) ;
#839 = CARTESIAN_POINT ( 'NONE',  ( 0.4699999999999999178, 0.3300000000000004041, 1.000000000000000222 ) ) ;
#840 = LINE ( 'NONE', #1827, #1325 ) ;
#841 = DIRECTION ( 'NONE',  ( 0.000000000000000000, 0.000000000000000000, -1.000000000000000000 ) ) ;
#842 = PLANE ( 'NONE',  #1101 ) ;
#843 = VECTOR ( 'NONE', #1874, 1000.000000000000000 ) ;
#844 = ORIENTED_EDGE ( 'NONE', *, *, #2323, .T. ) ;
#845 = EDGE_CURVE ( 'NONE', #3106, #91, #2290, .T. ) ;
#846 = DIRECTION ( 'NONE',  ( -0.7071067811865485719, 4.792021974541915330E-15, 0.7071067811865465735 ) ) ;
#847 = VERTEX_POINT ( 'NONE', #1104 ) ;
#848 = CARTESIAN_POINT ( 'NONE',  ( 0.9000000000000001332, 0.3300000000000000155, 0.3999999999999999667 ) ) ;
#849 = ORIENTED_EDGE ( 'NONE', *, *, #2745, .T. ) ;
#850 = LINE ( 'NONE', #1777, #3675 ) ;
#851 = CARTESIAN_POINT ( 'NONE',  ( 0.000000000000000000, 0.5807415121403105562, 0.6750000000000000444 ) ) ;
#852 = ORIENTED_EDGE ( 'NONE', *, *, #1629, .F. ) ;
#853 = ORIENTED_EDGE ( 'NONE', *, *, #2872, .F. ) ;
#854 = EDGE_CURVE ( 'NONE', #966, #3930, #426, .T. ) ;
#855 = CARTESIAN_POINT ( 'NONE',  ( 0.9000000000000001332, 0.3300000000000000155, -0.8099999999999999423 ) ) ;
#856 = ORIENTED_EDGE ( 'NONE', *, *, #1287, .F. ) ;
#857 = CARTESIAN_POINT ( 'NONE',  ( 0.7299999999999999822, 0.3300000000000000155, -0.8099999999999999423 ) ) ;
#858 = LINE ( 'NONE', #3659, #1392 ) ;
#859 = EDGE_CURVE ( 'NONE', #3219, #3977, #811, .T. ) ;
#860 = LINE ( 'NONE', #2097, #1015 ) ;
#861 = DIRECTION ( 'NONE',  ( -5.237412226202270214E-32, -1.000000000000000000, -6.776942467587081548E-15 ) ) ;
#862 = ORIENTED_EDGE ( 'NONE', *, *, #3691, .F. ) ;
#863 = UNCERTAINTY_MEASURE_WITH_UNIT (LENGTH_MEASURE( 1.000000000000000082E-05 ), #247, 'distance_accuracy_value', 'NONE');
#864 = FACE_OUTER_BOUND ( 'NONE', #198, .T. ) ;
#865 = EDGE_CURVE ( 'NONE', #532, #2236, #3557, .T. ) ;
#866 = ORIENTED_EDGE ( 'NONE', *, *, #3964, .F. ) ;
#867 = LINE ( 'NONE', #3589, #1288 ) ;
#868 = ORIENTED_EDGE ( 'NONE', *, *, #359, .F. ) ;
#869 = CARTESIAN_POINT ( 'NONE',  ( -0.4999999999999998890, 5.130123723497745304E-15, -0.8800000000000017808 ) ) ;
#870 = CARTESIAN_POINT ( 'NONE',  ( 0.5091797795056174358, 0.1499999999999999667, -0.6850236653556328603 ) ) ;
#871 = ORIENTED_EDGE ( 'NONE', *, *, #2924, .F. ) ;
#872 = ORIENTED_EDGE ( 'NONE', *, *, #3735, .T. ) ;
#873 = FACE_OUTER_BOUND ( 'NONE', #803, .T. ) ;
#874 = ORIENTED_EDGE ( 'NONE', *, *, #804, .T. ) ;
#875 = LINE ( 'NONE', #563, #488 ) ;
#876 = CARTESIAN_POINT ( 'NONE',  ( 1.050000000000000044, 0.3300000000000000155, 0.1250000000000022482 ) ) ;
#877 = ORIENTED_EDGE ( 'NONE', *, *, #2625, .F. ) ;
#878 = VECTOR ( 'NONE', #1464, 1000.000000000000000 ) ;
#879 = EDGE_CURVE ( 'NONE', #314, #978, #1746, .T. ) ;
#880 = DIRECTION ( 'NONE',  ( 1.000000000000000000, -0.000000000000000000, 0.000000000000000000 ) ) ;
#881 = DIRECTION ( 'NONE',  ( -3.388471233793541563E-15, 1.000000000000000000, 3.388471233793538013E-15 ) ) ;
#882 = AXIS2_PLACEMENT_3D ( 'NONE', #1809, #3052, #645 ) ;
#883 = ORIENTED_EDGE ( 'NONE', *, *, #831, .T. ) ;
#884 = DIRECTION ( 'NONE',  ( 0.000000000000000000, 0.000000000000000000, 1.000000000000000000 ) ) ;
#885 = ORIENTED_EDGE ( 'NONE', *, *, #930, .T. ) ;
#886 = EDGE_CURVE ( 'NONE', #443, #3594, #746, .T. ) ;
#887 = CIRCLE ( 'NONE', #3217, 0.6750000000000000444 ) ;
#888 = DIRECTION ( 'NONE',  ( 0.000000000000000000, 1.000000000000000000, 0.000000000000000000 ) ) ;
#889 = LINE ( 'NONE', #1515, #1664 ) ;
#890 = CIRCLE ( 'NONE', #3161, 0.6750000000010913936 ) ;
#891 = ORIENTED_EDGE ( 'NONE', *, *, #2274, .F. ) ;
#892 = EDGE_CURVE ( 'NONE', #3930, #966, #756, .T. ) ;
#893 = AXIS2_PLACEMENT_3D ( 'NONE', #1625, #1338, #1870 ) ;
#894 = VERTEX_POINT ( 'NONE', #1990 ) ;
#895 = CARTESIAN_POINT ( 'NONE',  ( 0.7099999999999999645, 5.060982385004603062E-18, 0.1250000000000000000 ) ) ;
#896 = VERTEX_POINT ( 'NONE', #4000 ) ;
#897 = VECTOR ( 'NONE', #1883, 1000.000000000000000 ) ;
#898 = DIRECTION ( 'NONE',  ( 0.7660444431189793457, 0.000000000000000000, 0.6427876096865376976 ) ) ;
#899 = MECHANICAL_DESIGN_GEOMETRIC_PRESENTATION_REPRESENTATION (  '', ( #2131 ), #693 ) ;
#900 = CARTESIAN_POINT ( 'NONE',  ( -0.2750000000000000222, -2.574980159653073031E-15, 0.5000000000000017764 ) ) ;
#901 = CARTESIAN_POINT ( 'NONE',  ( 0.000000000000000000, 1.141298179294194748, 0.6750000000000000444 ) ) ;
#902 = VERTEX_POINT ( 'NONE', #3375 ) ;
#903 = VECTOR ( 'NONE', #1947, 1000.000000000000000 ) ;
#904 = FACE_OUTER_BOUND ( 'NONE', #1480, .T. ) ;
#905 = LINE ( 'NONE', #1492, #3758 ) ;
#906 = VECTOR ( 'NONE', #2158, 1000.000000000000000 ) ;
#907 = ORIENTED_EDGE ( 'NONE', *, *, #3015, .T. ) ;
#908 = EDGE_CURVE ( 'NONE', #3674, #3246, #3028, .T. ) ;
#909 = CARTESIAN_POINT ( 'NONE',  ( -0.7599999999999995648, 0.8240647730814242289, -0.2000000000000000111 ) ) ;
#910 = ORIENTED_EDGE ( 'NONE', *, *, #3595, .T. ) ;
#911 = DIRECTION ( 'NONE',  ( 0.000000000000000000, 0.000000000000000000, 1.000000000000000000 ) ) ;
#912 = ADVANCED_FACE ( 'NONE', ( #2092 ), #1181, .T. ) ;
#913 = DIRECTION ( 'NONE',  ( 1.000000000000000000, -1.080525845024586386E-30, 1.594414959537505941E-16 ) ) ;
#914 = VERTEX_POINT ( 'NONE', #1484 ) ;
#915 = VERTEX_POINT ( 'NONE', #1220 ) ;
#916 = EDGE_CURVE ( 'NONE', #2203, #1584, #2740, .T. ) ;
#917 = LINE ( 'NONE', #3391, #1018 ) ;
#918 = ORIENTED_EDGE ( 'NONE', *, *, #800, .T. ) ;
#919 = CARTESIAN_POINT ( 'NONE',  ( -0.6464719331497226218, 0.02000000000000005246, -1.000000000000000000 ) ) ;
#920 = APPLICATION_CONTEXT ( 'automotive_design' ) ;
#921 = CARTESIAN_POINT ( 'NONE',  ( 0.7300000000000000933, 0.3300000000000000155, 0.8099999999999999423 ) ) ;
#922 = CYLINDRICAL_SURFACE ( 'NONE', #813, 0.1300000000000001155 ) ;
#923 = DIRECTION ( 'NONE',  ( 0.7071067811865465735, 0.000000000000000000, 0.7071067811865485719 ) ) ;
#924 = ORIENTED_EDGE ( 'NONE', *, *, #908, .T. ) ;
#925 = CARTESIAN_POINT ( 'NONE',  ( -1.000000000000000000, 0.3300000000000000155, 0.5000000000000000000 ) ) ;
#926 = ORIENTED_EDGE ( 'NONE', *, *, #84, .F. ) ;
#927 = DIRECTION ( 'NONE',  ( -5.878060596933752155E-30, 1.000000000000000000, 5.098404855357611859E-45 ) ) ;
#928 = CARTESIAN_POINT ( 'NONE',  ( -0.9599999999999998535, 0.02000000000000003858, 0.9599999999999996314 ) ) ;
#929 = VERTEX_POINT ( 'NONE', #2151 ) ;
#930 = EDGE_CURVE ( 'NONE', #1580, #1113, #917, .T. ) ;
#931 = ORIENTED_EDGE ( 'NONE', *, *, #2296, .F. ) ;
#932 = CARTESIAN_POINT ( 'NONE',  ( -0.6183854405088102801, 0.3300000000000000155, -0.6000000000000000888 ) ) ;
#933 = VERTEX_POINT ( 'NONE', #895 ) ;
#934 = DIRECTION ( 'NONE',  ( 1.000000000000000000, -0.000000000000000000, 0.000000000000000000 ) ) ;
#935 = EDGE_CURVE ( 'NONE', #3358, #490, #598, .T. ) ;
#936 = CARTESIAN_POINT ( 'NONE',  ( -1.050000000000000044, 0.8240647730814247840, 0.1000000000000055844 ) ) ;
#937 = FILL_AREA_STYLE_COLOUR ( '', #3404 ) ;
#938 = LINE ( 'NONE', #627, #3096 ) ;
#939 = PLANE ( 'NONE',  #3210 ) ;
#940 = VECTOR ( 'NONE', #2252, 1000.000000000000000 ) ;
#941 = DIRECTION ( 'NONE',  ( 0.000000000000000000, 0.7071067811865474617, -0.7071067811865474617 ) ) ;
#942 = ORIENTED_EDGE ( 'NONE', *, *, #432, .T. ) ;
#943 = DIRECTION ( 'NONE',  ( 0.000000000000000000, -3.285461128743950165E-15, 1.000000000000000000 ) ) ;
#944 = ORIENTED_EDGE ( 'NONE', *, *, #1332, .T. ) ;
#945 = VECTOR ( 'NONE', #726, 1000.000000000000000 ) ;
#946 = AXIS2_PLACEMENT_3D ( 'NONE', #2610, #785, #3851 ) ;
#947 = PLANE ( 'NONE',  #951 ) ;
#948 = ORIENTED_EDGE ( 'NONE', *, *, #1212, .F. ) ;
#949 = DIRECTION ( 'NONE',  ( -1.000000000000000000, -0.000000000000000000, 0.000000000000000000 ) ) ;
#950 = ORIENTED_EDGE ( 'NONE', *, *, #3173, .F. ) ;
#951 = AXIS2_PLACEMENT_3D ( 'NONE', #1972, #273, #2510 ) ;
#952 = ORIENTED_EDGE ( 'NONE', *, *, #1902, .T. ) ;
#953 = DIRECTION ( 'NONE',  ( -0.000000000000000000, -1.000000000000000000, -0.000000000000000000 ) ) ;
#954 = ORIENTED_EDGE ( 'NONE', *, *, #1701, .T. ) ;
#955 = EDGE_CURVE ( 'NONE', #3772, #1154, #3639, .T. ) ;
#956 = DIRECTION ( 'NONE',  ( 0.7071067811865479058, 4.792021974541918485E-15, -0.7071067811865471286 ) ) ;
#957 = VECTOR ( 'NONE', #647, 1000.000000000000000 ) ;
#958 = DIRECTION ( 'NONE',  ( -5.706327223607916569E-16, 0.000000000000000000, 1.000000000000000000 ) ) ;
#959 = CARTESIAN_POINT ( 'NONE',  ( -0.9599999999999998535, 0.02000000000000005246, 0.9599999999999996314 ) ) ;
#960 = CYLINDRICAL_SURFACE ( 'NONE', #3165, 0.1300000000000001155 ) ;
#961 = AXIS2_PLACEMENT_3D ( 'NONE', #3937, #1479, #2395 ) ;
#962 = EDGE_CURVE ( 'NONE', #2052, #579, #1823, .T. ) ;
#963 = VECTOR ( 'NONE', #1958, 1000.000000000000000 ) ;
#964 = DIRECTION ( 'NONE',  ( 0.000000000000000000, 0.000000000000000000, -1.000000000000000000 ) ) ;
#965 = CARTESIAN_POINT ( 'NONE',  ( 0.5091797795056174358, 0.1499999999999999944, 0.6850236653556326383 ) ) ;
#966 = VERTEX_POINT ( 'NONE', #3085 ) ;
#967 = EDGE_CURVE ( 'NONE', #1734, #993, #1164, .T. ) ;
#968 = DIRECTION ( 'NONE',  ( 0.7071067811865466846, 0.000000000000000000, -0.7071067811865483499 ) ) ;
#969 = AXIS2_PLACEMENT_3D ( 'NONE', #3151, #324, #3454 ) ;
#970 = EDGE_LOOP ( 'NONE', ( #2023, #866, #417, #1110 ) ) ;
#971 = VECTOR ( 'NONE', #1553, 1000.000000000000000 ) ;
#972 = DIRECTION ( 'NONE',  ( 1.000000000000000000, -0.000000000000000000, 0.000000000000000000 ) ) ;
#973 = CARTESIAN_POINT ( 'NONE',  ( 0.7099999999999999645, 0.07000000000000013156, 0.1750000000000000999 ) ) ;
#974 = CARTESIAN_POINT ( 'NONE',  ( 1.000000000000000000, 0.3300000000000000155, 0.4000000000000000222 ) ) ;
#975 = VERTEX_POINT ( 'NONE', #3067 ) ;
#976 = CARTESIAN_POINT ( 'NONE',  ( 0.000000000000000000, 0.000000000000000000, 0.000000000000000000 ) ) ;
#977 = DIRECTION ( 'NONE',  ( 0.000000000000000000, 0.000000000000000000, -1.000000000000000000 ) ) ;
#978 = VERTEX_POINT ( 'NONE', #560 ) ;
#979 = CARTESIAN_POINT ( 'NONE',  ( -1.000000000000000000, 0.02000000000000005246, -1.000000000000000000 ) ) ;
#980 = EDGE_CURVE ( 'NONE', #3804, #2052, #537, .T. ) ;
#981 = DIRECTION ( 'NONE',  ( -0.000000000000000000, -1.000000000000000000, -0.000000000000000000 ) ) ;
#982 = PLANE ( 'NONE',  #1155 ) ;
#983 = DIRECTION ( 'NONE',  ( 1.000000000000000000, 0.000000000000000000, -0.000000000000000000 ) ) ;
#984 = ADVANCED_FACE ( 'NONE', ( #873 ), #2681, .T. ) ;
#985 = CARTESIAN_POINT ( 'NONE',  ( 0.5000000000000000000, 0.3090703013447049230, -0.8800000000000002265 ) ) ;
#986 = SURFACE_STYLE_FILL_AREA ( #3746 ) ;
#987 = ORIENTED_EDGE ( 'NONE', *, *, #2051, .F. ) ;
#988 = EDGE_CURVE ( 'NONE', #474, #3939, #558, .T. ) ;
#989 = DIRECTION ( 'NONE',  ( 0.000000000000000000, 0.000000000000000000, 1.000000000000000000 ) ) ;
#990 = DIRECTION ( 'NONE',  ( 0.000000000000000000, -3.285461128743950165E-15, -1.000000000000000000 ) ) ;
#991 = PLANE ( 'NONE',  #178 ) ;
#992 = ORIENTED_EDGE ( 'NONE', *, *, #2081, .F. ) ;
#993 = VERTEX_POINT ( 'NONE', #1805 ) ;
#994 = DIRECTION ( 'NONE',  ( 0.000000000000000000, 1.000000000000000000, 0.000000000000000000 ) ) ;
#995 = ORIENTED_EDGE ( 'NONE', *, *, #2946, .F. ) ;
#996 = FACE_OUTER_BOUND ( 'NONE', #1179, .T. ) ;
#997 = CARTESIAN_POINT ( 'NONE',  ( 0.5000000000000001110, 0.1200000000000000094, 0.8800000000000008926 ) ) ;
#998 = DIRECTION ( 'NONE',  ( 1.000000000000000000, 0.000000000000000000, -0.000000000000000000 ) ) ;
#999 = LINE ( 'NONE', #1688, #1589 ) ;
#1000 = DIRECTION ( 'NONE',  ( -0.000000000000000000, 0.000000000000000000, -1.000000000000000000 ) ) ;
#1001 = EDGE_LOOP ( 'NONE', ( #2428, #2534, #3182, #254 ) ) ;
#1002 = EDGE_CURVE ( 'NONE', #1296, #538, #3357, .T. ) ;
#1003 = VECTOR ( 'NONE', #2155, 1000.000000000000000 ) ;
#1004 = CARTESIAN_POINT ( 'NONE',  ( 0.5999999999999998668, 0.3300000000000000155, 0.2499999999999997780 ) ) ;
#1005 = CIRCLE ( 'NONE', #2754, 0.6750000000000000444 ) ;
#1006 = CYLINDRICAL_SURFACE ( 'NONE', #181, 0.1300000000000001155 ) ;
#1007 = EDGE_LOOP ( 'NONE', ( #2399, #1030, #1532, #2035, #3491, #1211 ) ) ;
#1008 = EDGE_CURVE ( 'NONE', #1803, #3358, #1197, .T. ) ;
#1009 = FACE_BOUND ( 'NONE', #1981, .T. ) ;
#1010 = DIRECTION ( 'NONE',  ( -0.000000000000000000, -6.776942467587081548E-15, 1.000000000000000000 ) ) ;
#1011 = VECTOR ( 'NONE', #3062, 1000.000000000000000 ) ;
#1012 = EDGE_LOOP ( 'NONE', ( #662, #3180, #2135, #1459 ) ) ;
#1013 = CARTESIAN_POINT ( 'NONE',  ( 0.000000000000000000, 0.01999999999999999695, 0.000000000000000000 ) ) ;
#1014 = ADVANCED_FACE ( 'NONE', ( #2436 ), #3008, .T. ) ;
#1015 = VECTOR ( 'NONE', #3660, 1000.000000000000000 ) ;
#1016 = CARTESIAN_POINT ( 'NONE',  ( 0.7099999999999999645, 0.4500000000000002887, -0.1749999999999999889 ) ) ;
#1017 = CARTESIAN_POINT ( 'NONE',  ( -1.000000000000000000, 0.4500000000000000666, 0.5000000000000000000 ) ) ;
#1018 = VECTOR ( 'NONE', #2111, 1000.000000000000000 ) ;
#1019 = DIRECTION ( 'NONE',  ( 1.000000000000000000, 5.878060596933752155E-30, -8.673617379884035472E-16 ) ) ;
#1020 = AXIS2_PLACEMENT_3D ( 'NONE', #411, #1636, #2612 ) ;
#1021 = LINE ( 'NONE', #3802, #120 ) ;
#1022 = PLANE ( 'NONE',  #438 ) ;
#1023 = EDGE_LOOP ( 'NONE', ( #1887, #1773, #3307, #2933, #1716, #810, #3240, #521 ) ) ;
#1024 = VECTOR ( 'NONE', #735, 1000.000000000000000 ) ;
#1025 = LINE ( 'NONE', #3124, #1031 ) ;
#1026 = EDGE_CURVE ( 'NONE', #3594, #1580, #3314, .T. ) ;
#1027 = AXIS2_PLACEMENT_3D ( 'NONE', #68, #2885, #3479 ) ;
#1028 = ORIENTED_EDGE ( 'NONE', *, *, #1378, .F. ) ;
#1029 = DIRECTION ( 'NONE',  ( 0.7071067811865474617, -0.7071067811865474617, 0.000000000000000000 ) ) ;
#1030 = ORIENTED_EDGE ( 'NONE', *, *, #101, .T. ) ;
#1031 = VECTOR ( 'NONE', #692, 1000.000000000000000 ) ;
#1032 = ADVANCED_FACE ( 'NONE', ( #2703 ), #2400, .F. ) ;
#1033 = LINE ( 'NONE', #2266, #2116 ) ;
#1034 = DIRECTION ( 'NONE',  ( -0.000000000000000000, -1.000000000000000000, -0.000000000000000000 ) ) ;
#1035 = AXIS2_PLACEMENT_3D ( 'NONE', #103, #70, #1956 ) ;
#1036 = VERTEX_POINT ( 'NONE', #700 ) ;
#1037 = CARTESIAN_POINT ( 'NONE',  ( -0.5000000000000000000, 0.3090703013447052006, -1.000000000000000222 ) ) ;
#1038 = EDGE_CURVE ( 'NONE', #1367, #2410, #1315, .T. ) ;
#1039 = LINE ( 'NONE', #1055, #2822 ) ;
#1040 = DIRECTION ( 'NONE',  ( 0.000000000000000000, -1.000000000000000000, -3.285461128743950165E-15 ) ) ;
#1041 = ORIENTED_EDGE ( 'NONE', *, *, #1463, .F. ) ;
#1042 = DIRECTION ( 'NONE',  ( 1.000000000000000000, 0.000000000000000000, 0.000000000000000000 ) ) ;
#1043 = CARTESIAN_POINT ( 'NONE',  ( 0.4699999999999999178, 0.3090703013446987613, 0.8800000000000013367 ) ) ;
#1044 = ORIENTED_EDGE ( 'NONE', *, *, #2323, .F. ) ;
#1045 = CARTESIAN_POINT ( 'NONE',  ( 0.000000000000000000, 0.01999999999999999695, 0.3000000000000000444 ) ) ;
#1046 = ORIENTED_EDGE ( 'NONE', *, *, #1026, .T. ) ;
#1047 = PLANE ( 'NONE',  #765 ) ;
#1048 = ORIENTED_EDGE ( 'NONE', *, *, #2292, .F. ) ;
#1049 = CARTESIAN_POINT ( 'NONE',  ( 0.000000000000000000, 0.3090703013447048120, -0.8800000000000001155 ) ) ;
#1050 = DIRECTION ( 'NONE',  ( 0.000000000000000000, 1.000000000000000000, 0.000000000000000000 ) ) ;
#1051 = LINE ( 'NONE', #3508, #1286 ) ;
#1052 = ORIENTED_EDGE ( 'NONE', *, *, #1190, .F. ) ;
#1053 = DIRECTION ( 'NONE',  ( 1.000000000000000000, -0.000000000000000000, 0.000000000000000000 ) ) ;
#1054 = EDGE_CURVE ( 'NONE', #3081, #323, #3186, .T. ) ;
#1055 = CARTESIAN_POINT ( 'NONE',  ( 0.4999999999999998890, 0.1200000000000002037, 3.942553354492754378E-16 ) ) ;
#1056 = CARTESIAN_POINT ( 'NONE',  ( 1.000000000000000000, 0.3300000000000000155, -0.8099999999999999423 ) ) ;
#1057 = VERTEX_POINT ( 'NONE', #3468 ) ;
#1058 = ADVANCED_FACE ( 'NONE', ( #642 ), #15, .T. ) ;
#1059 = DIRECTION ( 'NONE',  ( -0.000000000000000000, -0.000000000000000000, 1.000000000000000000 ) ) ;
#1060 = DIRECTION ( 'NONE',  ( 0.000000000000000000, 0.000000000000000000, 1.000000000000000000 ) ) ;
#1061 = PLANE ( 'NONE',  #42 ) ;
#1062 = LINE ( 'NONE', #1998, #4009 ) ;
#1063 = ORIENTED_EDGE ( 'NONE', *, *, #1077, .F. ) ;
#1064 = DIRECTION ( 'NONE',  ( -0.000000000000000000, 1.000000000000000000, 3.285461128743950165E-15 ) ) ;
#1065 = ORIENTED_EDGE ( 'NONE', *, *, #2001, .T. ) ;
#1066 = DIRECTION ( 'NONE',  ( 0.000000000000000000, 0.000000000000000000, 1.000000000000000000 ) ) ;
#1067 = ORIENTED_EDGE ( 'NONE', *, *, #1750, .F. ) ;
#1068 = DIRECTION ( 'NONE',  ( -0.000000000000000000, -1.000000000000000000, -0.000000000000000000 ) ) ;
#1069 = VECTOR ( 'NONE', #1989, 1000.000000000000000 ) ;
#1070 = CARTESIAN_POINT ( 'NONE',  ( 0.5000000000000001110, 0.1200000000000006339, 1.000000000000001110 ) ) ;
#1071 = LINE ( 'NONE', #2352, #691 ) ;
#1072 = ORIENTED_EDGE ( 'NONE', *, *, #1530, .F. ) ;
#1073 = CARTESIAN_POINT ( 'NONE',  ( 0.5091797795056174358, 0.1499999999999999944, -0.6850236653556328603 ) ) ;
#1074 = AXIS2_PLACEMENT_3D ( 'NONE', #3118, #964, #2200 ) ;
#1075 = CARTESIAN_POINT ( 'NONE',  ( -0.8201970085578875747, 0.3800000000000000044, -0.9585169968399571694 ) ) ;
#1076 = CIRCLE ( 'NONE', #2176, 0.2999999999999999889 ) ;
#1077 = EDGE_CURVE ( 'NONE', #933, #3951, #1926, .T. ) ;
#1078 = DIRECTION ( 'NONE',  ( 0.7660444431189793457, -4.356134649723487683E-15, 0.6427876096865376976 ) ) ;
#1079 = ORIENTED_EDGE ( 'NONE', *, *, #1260, .F. ) ;
#1080 = VECTOR ( 'NONE', #2571, 1000.000000000000000 ) ;
#1081 = LINE ( 'NONE', #219, #3671 ) ;
#1082 = DIRECTION ( 'NONE',  ( -0.000000000000000000, 1.000000000000000000, -0.000000000000000000 ) ) ;
#1083 = EDGE_CURVE ( 'NONE', #1149, #156, #2536, .T. ) ;
#1084 = DIRECTION ( 'NONE',  ( -1.000000000000000000, -0.000000000000000000, 0.000000000000000000 ) ) ;
#1085 = CIRCLE ( 'NONE', #3478, 0.2000000000000000944 ) ;
#1086 = FACE_OUTER_BOUND ( 'NONE', #632, .T. ) ;
#1087 = EDGE_LOOP ( 'NONE', ( #3451, #1555, #295, #3007 ) ) ;
#1088 = VECTOR ( 'NONE', #3474, 1000.000000000000000 ) ;
#1089 = DIRECTION ( 'NONE',  ( 0.000000000000000000, 0.000000000000000000, -1.000000000000000000 ) ) ;
#1090 = EDGE_CURVE ( 'NONE', #3633, #3729, #3805, .T. ) ;
#1091 = VERTEX_POINT ( 'NONE', #1241 ) ;
#1092 = CARTESIAN_POINT ( 'NONE',  ( 0.000000000000000000, 0.6307415121403106006, 0.6750000000000000444 ) ) ;
#1093 = VECTOR ( 'NONE', #1394, 1000.000000000000000 ) ;
#1094 = ORIENTED_EDGE ( 'NONE', *, *, #154, .F. ) ;
#1095 = LINE ( 'NONE', #1678, #1786 ) ;
#1096 = VECTOR ( 'NONE', #2772, 1000.000000000000000 ) ;
#1097 = DIRECTION ( 'NONE',  ( 0.7660444431189894487, 0.000000000000000000, 0.6427876096865255962 ) ) ;
#1098 = CARTESIAN_POINT ( 'NONE',  ( 0.9600000000000001865, 3.101858582251265872, -0.9600000000000001865 ) ) ;
#1099 = ORIENTED_EDGE ( 'NONE', *, *, #980, .T. ) ;
#1100 = CARTESIAN_POINT ( 'NONE',  ( 0.5091797795056174358, -0.3300000000000000155, 0.8599999999999994316 ) ) ;
#1101 = AXIS2_PLACEMENT_3D ( 'NONE', #3716, #188, #2039 ) ;
#1102 = AXIS2_PLACEMENT_3D ( 'NONE', #1814, #3986, #3399 ) ;
#1103 = CARTESIAN_POINT ( 'NONE',  ( 0.4699999999999999178, 0.3090703013447050340, -0.8800000000000001155 ) ) ;
#1104 = CARTESIAN_POINT ( 'NONE',  ( -0.9599999999999999645, 0.07000000000000022871, -0.2500000000000001110 ) ) ;
#1105 = VERTEX_POINT ( 'NONE', #3410 ) ;
#1106 = LINE ( 'NONE', #3581, #1978 ) ;
#1107 = DIRECTION ( 'NONE',  ( 0.000000000000000000, 1.000000000000000000, 0.000000000000000000 ) ) ;
#1108 = DIRECTION ( 'NONE',  ( 1.000000000000000000, 0.000000000000000000, 0.000000000000000000 ) ) ;
#1109 = CARTESIAN_POINT ( 'NONE',  ( -0.4699999999999999178, 0.4500000000000000666, 1.000000000000000000 ) ) ;
#1110 = ORIENTED_EDGE ( 'NONE', *, *, #1435, .T. ) ;
#1111 = ADVANCED_FACE ( 'NONE', ( #3130 ), #3452, .T. ) ;
#1112 = DIRECTION ( 'NONE',  ( 0.000000000000000000, 0.000000000000000000, 1.000000000000000000 ) ) ;
#1113 = VERTEX_POINT ( 'NONE', #2248 ) ;
#1114 = LINE ( 'NONE', #3912, #2579 ) ;
#1115 = VERTEX_POINT ( 'NONE', #1278 ) ;
#1116 = EDGE_CURVE ( 'NONE', #351, #2391, #2552, .T. ) ;
#1117 = CARTESIAN_POINT ( 'NONE',  ( 0.000000000000000000, 0.03999999999999999389, 0.000000000000000000 ) ) ;
#1118 = DIRECTION ( 'NONE',  ( 0.000000000000000000, -3.285461128743950165E-15, -1.000000000000000000 ) ) ;
#1119 = LINE ( 'NONE', #151, #2251 ) ;
#1120 = ORIENTED_EDGE ( 'NONE', *, *, #1008, .T. ) ;
#1121 = CARTESIAN_POINT ( 'NONE',  ( -0.7599999999999995648, 0.07000000000000013156, -0.2500000000000001110 ) ) ;
#1122 = DIRECTION ( 'NONE',  ( -1.000000000000000000, 0.000000000000000000, 0.000000000000000000 ) ) ;
#1123 = CARTESIAN_POINT ( 'NONE',  ( 0.7099999999999999645, 0.3300000000000000155, -0.8099999999999999423 ) ) ;
#1124 = VERTEX_POINT ( 'NONE', #1620 ) ;
#1125 = LINE ( 'NONE', #141, #2761 ) ;
#1126 = PLANE ( 'NONE',  #2434 ) ;
#1127 = DIRECTION ( 'NONE',  ( 0.000000000000000000, 0.000000000000000000, -1.000000000000000000 ) ) ;
#1128 = CARTESIAN_POINT ( 'NONE',  ( 0.5000000000000000000, 0.3090703013446987613, 0.8800000000000013367 ) ) ;
#1129 = ORIENTED_EDGE ( 'NONE', *, *, #3511, .T. ) ;
#1130 = LINE ( 'NONE', #2912, #3497 ) ;
#1131 = ORIENTED_EDGE ( 'NONE', *, *, #606, .F. ) ;
#1132 = EDGE_CURVE ( 'NONE', #1329, #1661, #2516, .T. ) ;
#1133 = CARTESIAN_POINT ( 'NONE',  ( 0.5091797795056174358, 0.3300000000000000155, -0.8099999999999999423 ) ) ;
#1134 = VERTEX_POINT ( 'NONE', #1904 ) ;
#1135 = CARTESIAN_POINT ( 'NONE',  ( -0.9599999999999998535, 0.02000000000000005246, 0.9599999999999996314 ) ) ;
#1136 = ADVANCED_FACE ( 'NONE', ( #2495 ), #2781, .T. ) ;
#1137 = CARTESIAN_POINT ( 'NONE',  ( 0.7300000000000000933, 0.3300000000000000155, -1.000000000000000222 ) ) ;
#1138 = ORIENTED_EDGE ( 'NONE', *, *, #3572, .T. ) ;
#1139 = AXIS2_PLACEMENT_3D ( 'NONE', #2764, #4004, #3701 ) ;
#1140 = EDGE_CURVE ( 'NONE', #1744, #915, #3149, .T. ) ;
#1141 = DIRECTION ( 'NONE',  ( 0.000000000000000000, 1.000000000000000000, 0.000000000000000000 ) ) ;
#1142 = ORIENTED_EDGE ( 'NONE', *, *, #3592, .F. ) ;
#1143 = AXIS2_PLACEMENT_3D ( 'NONE', #936, #1842, #898 ) ;
#1144 = LINE ( 'NONE', #522, #2370 ) ;
#1145 = DIRECTION ( 'NONE',  ( 0.000000000000000000, -1.000000000000000000, 6.776942467587083126E-15 ) ) ;
#1146 = DIRECTION ( 'NONE',  ( 0.000000000000000000, 0.000000000000000000, 1.000000000000000000 ) ) ;
#1147 = CARTESIAN_POINT ( 'NONE',  ( 0.000000000000000000, 0.000000000000000000, 0.000000000000000000 ) ) ;
#1148 = VECTOR ( 'NONE', #3915, 1000.000000000000000 ) ;
#1149 = VERTEX_POINT ( 'NONE', #1601 ) ;
#1150 = AXIS2_PLACEMENT_3D ( 'NONE', #1203, #2442, #3682 ) ;
#1151 = FACE_OUTER_BOUND ( 'NONE', #2601, .T. ) ;
#1152 = VERTEX_POINT ( 'NONE', #2843 ) ;
#1153 = CARTESIAN_POINT ( 'NONE',  ( -1.049999999999999822, 0.3300000000000000155, -0.09999999999999824307 ) ) ;
#1154 = VERTEX_POINT ( 'NONE', #3432 ) ;
#1155 = AXIS2_PLACEMENT_3D ( 'NONE', #1910, #1568, #20 ) ;
#1156 = ADVANCED_FACE ( 'NONE', ( #341 ), #2167, .T. ) ;
#1157 = VECTOR ( 'NONE', #913, 1000.000000000000000 ) ;
#1158 = CARTESIAN_POINT ( 'NONE',  ( -0.5000000000000000000, 0.3090703013446986502, 0.8800000000000013367 ) ) ;
#1159 = DIRECTION ( 'NONE',  ( -1.084202172485504434E-16, 1.000000000000000000, 0.000000000000000000 ) ) ;
#1160 = ORIENTED_EDGE ( 'NONE', *, *, #3238, .T. ) ;
#1161 = VECTOR ( 'NONE', #3260, 1000.000000000000000 ) ;
#1162 = ADVANCED_FACE ( 'NONE', ( #2860 ), #74, .T. ) ;
#1163 = EDGE_LOOP ( 'NONE', ( #276, #3276, #1703, #408 ) ) ;
#1164 = LINE ( 'NONE', #855, #3481 ) ;
#1165 = EDGE_CURVE ( 'NONE', #2833, #3619, #1256, .T. ) ;
#1166 = AXIS2_PLACEMENT_3D ( 'NONE', #2335, #2310, #2032 ) ;
#1167 = CARTESIAN_POINT ( 'NONE',  ( 0.000000000000000000, 0.01999999999999999695, 0.000000000000000000 ) ) ;
#1168 = CARTESIAN_POINT ( 'NONE',  ( -0.7299999999999999822, 0.3300000000000000155, 1.000000000000000000 ) ) ;
#1169 =( LENGTH_UNIT ( ) NAMED_UNIT ( * ) SI_UNIT ( .MILLI., .METRE. ) );
#1170 = CARTESIAN_POINT ( 'NONE',  ( -0.6183854405088102801, 0.3300000000000000155, -0.8099999999999999423 ) ) ;
#1171 = ORIENTED_EDGE ( 'NONE', *, *, #757, .F. ) ;
#1172 = DIRECTION ( 'NONE',  ( 1.000000000000000000, 0.000000000000000000, 0.000000000000000000 ) ) ;
#1173 = VERTEX_POINT ( 'NONE', #3899 ) ;
#1174 = DIRECTION ( 'NONE',  ( -0.000000000000000000, -1.000000000000000000, 0.000000000000000000 ) ) ;
#1175 = ORIENTED_EDGE ( 'NONE', *, *, #2182, .T. ) ;
#1176 = PRODUCT_DEFINITION_SHAPE ( 'NONE', 'NONE',  #1227 ) ;
#1177 = DIRECTION ( 'NONE',  ( 0.000000000000000000, 1.000000000000000000, 6.776942467587083126E-15 ) ) ;
#1178 = DIRECTION ( 'NONE',  ( 1.000000000000000000, 0.000000000000000000, -0.000000000000000000 ) ) ;
#1179 = EDGE_LOOP ( 'NONE', ( #2481, #519, #3101, #4020, #3041, #1693, #1762, #2723, #2837, #3944, #883, #618, #1331, #2844, #3320, #793, #1925, #992, #2876, #2072, #3971, #3968, #788, #2164, #635, #1046, #885, #3431 ) ) ;
#1180 = ORIENTED_EDGE ( 'NONE', *, *, #544, .T. ) ;
#1181 = PLANE ( 'NONE',  #1282 ) ;
#1182 = ORIENTED_EDGE ( 'NONE', *, *, #1755, .T. ) ;
#1183 = EDGE_CURVE ( 'NONE', #3237, #2374, #562, .T. ) ;
#1184 = FACE_OUTER_BOUND ( 'NONE', #3678, .T. ) ;
#1185 = PLANE ( 'NONE',  #608 ) ;
#1186 = EDGE_CURVE ( 'NONE', #3421, #591, #3575, .T. ) ;
#1187 = ORIENTED_EDGE ( 'NONE', *, *, #2998, .F. ) ;
#1188 = DIRECTION ( 'NONE',  ( -0.000000000000000000, -1.000000000000000000, -0.000000000000000000 ) ) ;
#1189 = ORIENTED_EDGE ( 'NONE', *, *, #186, .T. ) ;
#1190 = EDGE_CURVE ( 'NONE', #3829, #36, #718, .T. ) ;
#1191 = CARTESIAN_POINT ( 'NONE',  ( 7.041719095097277675E-17, 0.5807415121403103342, -0.5749999999999997335 ) ) ;
#1192 = ORIENTED_EDGE ( 'NONE', *, *, #1804, .F. ) ;
#1193 = DIRECTION ( 'NONE',  ( -0.7071067811865477948, 0.000000000000000000, 0.7071067811865473507 ) ) ;
#1194 = CARTESIAN_POINT ( 'NONE',  ( -0.4999999999999998890, 0.1200000000000064210, -0.8800000000000008926 ) ) ;
#1195 = ORIENTED_EDGE ( 'NONE', *, *, #165, .T. ) ;
#1196 = ORIENTED_EDGE ( 'NONE', *, *, #3238, .F. ) ;
#1197 = LINE ( 'NONE', #277, #1409 ) ;
#1198 = ORIENTED_EDGE ( 'NONE', *, *, #1897, .F. ) ;
#1199 = DIRECTION ( 'NONE',  ( -0.000000000000000000, 1.000000000000000000, 0.000000000000000000 ) ) ;
#1200 = EDGE_CURVE ( 'NONE', #3653, #3873, #1119, .T. ) ;
#1201 = CARTESIAN_POINT ( 'NONE',  ( 0.4699999999999998623, 0.3300000000000000155, 0.8099999999999999423 ) ) ;
#1202 = AXIS2_PLACEMENT_3D ( 'NONE', #2019, #3887, #1060 ) ;
#1203 = CARTESIAN_POINT ( 'NONE',  ( 0.000000000000000000, 1.141298179294194748, 0.000000000000000000 ) ) ;
#1204 = ORIENTED_EDGE ( 'NONE', *, *, #207, .F. ) ;
#1205 = AXIS2_PLACEMENT_3D ( 'NONE', #584, #2743, #3965 ) ;
#1206 = CARTESIAN_POINT ( 'NONE',  ( -0.8201970085578875747, 0.3800000000000000044, -0.8212762261540346165 ) ) ;
#1207 = EDGE_CURVE ( 'NONE', #694, #896, #1375, .T. ) ;
#1208 = CARTESIAN_POINT ( 'NONE',  ( 0.4999999999999998890, -1.057097118173366823E-15, 0.7250000000000021982 ) ) ;
#1209 = VERTEX_POINT ( 'NONE', #2595 ) ;
#1210 = DIRECTION ( 'NONE',  ( 0.000000000000000000, 0.000000000000000000, -1.000000000000000000 ) ) ;
#1211 = ORIENTED_EDGE ( 'NONE', *, *, #3117, .T. ) ;
#1212 = EDGE_CURVE ( 'NONE', #929, #3081, #1071, .T. ) ;
#1213 = SHAPE_DEFINITION_REPRESENTATION ( #1176, #2539 ) ;
#1214 = FACE_OUTER_BOUND ( 'NONE', #2110, .T. ) ;
#1215 = DIRECTION ( 'NONE',  ( 0.000000000000000000, 0.000000000000000000, 1.000000000000000000 ) ) ;
#1216 = VECTOR ( 'NONE', #582, 1000.000000000000000 ) ;
#1217 = VERTEX_POINT ( 'NONE', #3245 ) ;
#1218 = VECTOR ( 'NONE', #1300, 1000.000000000000000 ) ;
#1219 = ORIENTED_EDGE ( 'NONE', *, *, #283, .F. ) ;
#1220 = CARTESIAN_POINT ( 'NONE',  ( -0.5999999999999999778, 0.4500000000000000666, -0.6799999999999999378 ) ) ;
#1221 = ORIENTED_EDGE ( 'NONE', *, *, #3918, .T. ) ;
#1222 = AXIS2_PLACEMENT_3D ( 'NONE', #661, #381, #2480 ) ;
#1223 = FACE_OUTER_BOUND ( 'NONE', #260, .T. ) ;
#1224 = CIRCLE ( 'NONE', #1609, 0.05000000000000002359 ) ;
#1225 = DIRECTION ( 'NONE',  ( -0.000000000000000000, -1.000000000000000000, -0.000000000000000000 ) ) ;
#1226 = ORIENTED_EDGE ( 'NONE', *, *, #3909, .F. ) ;
#1227 = PRODUCT_DEFINITION ( 'UNKNOWN', '', #94, #126 ) ;
#1228 = AXIS2_PLACEMENT_3D ( 'NONE', #1121, #1964, #413 ) ;
#1229 = LINE ( 'NONE', #2468, #2237 ) ;
#1230 = CARTESIAN_POINT ( 'NONE',  ( 1.000000000000000000, 0.3300000000000000155, 1.000000000000000444 ) ) ;
#1231 = VECTOR ( 'NONE', #1919, 1000.000000000000000 ) ;
#1232 = ORIENTED_EDGE ( 'NONE', *, *, #2598, .F. ) ;
#1233 = LINE ( 'NONE', #2792, #3365 ) ;
#1234 = EDGE_LOOP ( 'NONE', ( #1450, #2758, #3723, #1851 ) ) ;
#1235 = ADVANCED_FACE ( 'NONE', ( #3835 ), #2267, .T. ) ;
#1236 = CARTESIAN_POINT ( 'NONE',  ( 0.000000000000000000, 0.03999999999999999389, 0.000000000000000000 ) ) ;
#1237 = DIRECTION ( 'NONE',  ( -1.000000000000000000, 1.075309702732743316E-30, -1.586718063309168580E-16 ) ) ;
#1238 = ORIENTED_EDGE ( 'NONE', *, *, #3148, .F. ) ;
#1239 = EDGE_CURVE ( 'NONE', #902, #457, #1051, .T. ) ;
#1240 = ORIENTED_EDGE ( 'NONE', *, *, #523, .F. ) ;
#1241 = CARTESIAN_POINT ( 'NONE',  ( -1.000000000000000000, 0.3300000000000000155, -1.000000000000000000 ) ) ;
#1242 = EDGE_LOOP ( 'NONE', ( #3051, #3617, #1675, #2904 ) ) ;
#1243 = LINE ( 'NONE', #223, #3302 ) ;
#1244 = PLANE ( 'NONE',  #2699 ) ;
#1245 = FILL_AREA_STYLE_COLOUR ( '', #1337 ) ;
#1246 = CARTESIAN_POINT ( 'NONE',  ( 0.4999999999999998890, 0.1199999999999989408, 0.7250000000000013101 ) ) ;
#1247 = LINE ( 'NONE', #1230, #3697 ) ;
#1248 = DIRECTION ( 'NONE',  ( 1.000000000000000000, -0.000000000000000000, 0.000000000000000000 ) ) ;
#1249 = ORIENTED_EDGE ( 'NONE', *, *, #3918, .F. ) ;
#1250 = ADVANCED_FACE ( 'NONE', ( #395 ), #3203, .F. ) ;
#1251 = DIRECTION ( 'NONE',  ( -0.7071067811865477948, 0.000000000000000000, 0.7071067811865473507 ) ) ;
#1252 = CARTESIAN_POINT ( 'NONE',  ( -0.4999999999999998890, 0.000000000000000000, 0.8800000000000013367 ) ) ;
#1253 = ORIENTED_EDGE ( 'NONE', *, *, #2847, .T. ) ;
#1254 = ADVANCED_FACE ( 'NONE', ( #1654 ), #306, .T. ) ;
#1255 = VERTEX_POINT ( 'NONE', #1984 ) ;
#1256 = LINE ( 'NONE', #3732, #494 ) ;
#1257 = VERTEX_POINT ( 'NONE', #3225 ) ;
#1258 = CARTESIAN_POINT ( 'NONE',  ( 0.4999999999999998890, 0.1200000000000051303, -0.7250000000000013101 ) ) ;
#1259 = LINE ( 'NONE', #3436, #1982 ) ;
#1260 = EDGE_CURVE ( 'NONE', #3207, #2091, #1413, .T. ) ;
#1261 = CARTESIAN_POINT ( 'NONE',  ( 7.041719095097276442E-17, 0.5807415121403103342, -0.5749999999999997335 ) ) ;
#1262 = CARTESIAN_POINT ( 'NONE',  ( 0.7099999999999999645, 0.07000000000000013156, -0.1750000000000000167 ) ) ;
#1263 = DIRECTION ( 'NONE',  ( 0.000000000000000000, 0.000000000000000000, 1.000000000000000000 ) ) ;
#1264 = CARTESIAN_POINT ( 'NONE',  ( -0.9599999999999999645, 0.3300000000000000155, 0.9599999999999995204 ) ) ;
#1265 = EDGE_LOOP ( 'NONE', ( #393, #3171, #1160, #1099 ) ) ;
#1266 = PLANE ( 'NONE',  #3493 ) ;
#1267 = VERTEX_POINT ( 'NONE', #2898 ) ;
#1268 = VECTOR ( 'NONE', #998, 1000.000000000000000 ) ;
#1269 = VECTOR ( 'NONE', #2010, 1000.000000000000000 ) ;
#1270 = CARTESIAN_POINT ( 'NONE',  ( -0.9599999999999998535, 3.101858582251265872, -0.3532444682122630741 ) ) ;
#1271 = CARTESIAN_POINT ( 'NONE',  ( 8.266365894244634333E-17, 0.6807415121403106451, -0.6750000000000000444 ) ) ;
#1272 = DIRECTION ( 'NONE',  ( -3.507946793232391108E-16, 1.000000000000000000, -0.000000000000000000 ) ) ;
#1273 = ORIENTED_EDGE ( 'NONE', *, *, #3440, .T. ) ;
#1274 = CLOSED_SHELL ( 'NONE', ( #1696, #2575, #179, #1254, #2202, #1250, #3098, #3790, #619, #455, #3268, #2154 ) ) ;
#1275 = ADVANCED_FACE ( 'NONE', ( #3853 ), #2030, .F. ) ;
#1276 = AXIS2_PLACEMENT_3D ( 'NONE', #1405, #2038, #1146 ) ;
#1277 = FACE_OUTER_BOUND ( 'NONE', #823, .T. ) ;
#1278 = CARTESIAN_POINT ( 'NONE',  ( -0.9308246407405786904, 0.3300000000000000155, -0.1999999999999977629 ) ) ;
#1279 = ORIENTED_EDGE ( 'NONE', *, *, #3941, .F. ) ;
#1280 = LINE ( 'NONE', #2862, #2521 ) ;
#1281 = EDGE_CURVE ( 'NONE', #2052, #1461, #3815, .T. ) ;
#1282 = AXIS2_PLACEMENT_3D ( 'NONE', #1501, #2462, #2759 ) ;
#1283 =( NAMED_UNIT ( * ) SI_UNIT ( $, .STERADIAN. ) SOLID_ANGLE_UNIT ( ) );
#1284 = CARTESIAN_POINT ( 'NONE',  ( -1.653273178848927113E-16, 0.6807415121403106451, 0.6750000000000001554 ) ) ;
#1285 = DIRECTION ( 'NONE',  ( 1.000000000000000000, -0.000000000000000000, 0.000000000000000000 ) ) ;
#1286 = VECTOR ( 'NONE', #1962, 1000.000000000000114 ) ;
#1287 = EDGE_CURVE ( 'NONE', #1498, #3219, #2012, .T. ) ;
#1288 = VECTOR ( 'NONE', #2066, 1000.000000000000000 ) ;
#1289 = CARTESIAN_POINT ( 'NONE',  ( -0.7300000000000000933, 0.3300000000000000155, 0.8099999999999999423 ) ) ;
#1290 = DIRECTION ( 'NONE',  ( 0.7071067811865475727, 0.000000000000000000, -0.7071067811865475727 ) ) ;
#1291 = AXIS2_PLACEMENT_3D ( 'NONE', #3817, #1623, #3795 ) ;
#1292 = ORIENTED_EDGE ( 'NONE', *, *, #1907, .F. ) ;
#1293 = AXIS2_PLACEMENT_3D ( 'NONE', #250, #1830, #2770 ) ;
#1294 = CARTESIAN_POINT ( 'NONE',  ( -0.4999999999999998890, 5.651403824080691862E-15, -0.8800000000000013367 ) ) ;
#1295 = CARTESIAN_POINT ( 'NONE',  ( 3.673940397442058882E-17, 0.03999999999999999389, 0.2999999999999999889 ) ) ;
#1296 = VERTEX_POINT ( 'NONE', #456 ) ;
#1297 = DIRECTION ( 'NONE',  ( -0.7071067811865466846, 0.000000000000000000, 0.7071067811865483499 ) ) ;
#1298 = ORIENTED_EDGE ( 'NONE', *, *, #3466, .T. ) ;
#1299 = EDGE_LOOP ( 'NONE', ( #2546, #275 ) ) ;
#1300 = DIRECTION ( 'NONE',  ( -0.000000000000000000, -0.000000000000000000, -1.000000000000000000 ) ) ;
#1301 = ORIENTED_EDGE ( 'NONE', *, *, #1683, .T. ) ;
#1302 = DIRECTION ( 'NONE',  ( 0.000000000000000000, -0.000000000000000000, -1.000000000000000000 ) ) ;
#1303 = ADVANCED_FACE ( 'NONE', ( #112 ), #2939, .T. ) ;
#1304 = DIRECTION ( 'NONE',  ( 0.000000000000000000, 0.000000000000000000, -1.000000000000000000 ) ) ;
#1305 = DIRECTION ( 'NONE',  ( -0.000000000000000000, -1.000000000000000000, -0.000000000000000000 ) ) ;
#1306 = DIRECTION ( 'NONE',  ( -0.7071067811865474617, 0.000000000000000000, -0.7071067811865474617 ) ) ;
#1307 = EDGE_CURVE ( 'NONE', #1418, #933, #1417, .T. ) ;
#1308 = LINE ( 'NONE', #2256, #1420 ) ;
#1309 = VERTEX_POINT ( 'NONE', #3005 ) ;
#1310 = CARTESIAN_POINT ( 'NONE',  ( -0.9000000000000001332, 0.4500000000000000666, -0.4000000000000000222 ) ) ;
#1311 = EDGE_CURVE ( 'NONE', #694, #469, #628, .T. ) ;
#1312 = FACE_OUTER_BOUND ( 'NONE', #2437, .T. ) ;
#1313 = ORIENTED_EDGE ( 'NONE', *, *, #2817, .F. ) ;
#1314 = PLANE ( 'NONE',  #1985 ) ;
#1315 = LINE ( 'NONE', #1945, #1218 ) ;
#1316 = ORIENTED_EDGE ( 'NONE', *, *, #3730, .F. ) ;
#1317 = CARTESIAN_POINT ( 'NONE',  ( 0.4699999999999999178, 0.3300000000000000155, -0.8800000000000000044 ) ) ;
#1318 = CARTESIAN_POINT ( 'NONE',  ( 0.4699999999999999178, 0.3300000000000000155, -0.8099999999999999423 ) ) ;
#1319 = CARTESIAN_POINT ( 'NONE',  ( -0.9000000000000001332, 0.3300000000000000155, -0.4000000000000000222 ) ) ;
#1320 = EDGE_CURVE ( 'NONE', #1057, #1741, #3370, .T. ) ;
#1321 = FACE_OUTER_BOUND ( 'NONE', #31, .T. ) ;
#1322 = FACE_OUTER_BOUND ( 'NONE', #511, .T. ) ;
#1323 = FACE_OUTER_BOUND ( 'NONE', #731, .T. ) ;
#1324 = ORIENTED_EDGE ( 'NONE', *, *, #165, .F. ) ;
#1325 = VECTOR ( 'NONE', #3071, 1000.000000000000000 ) ;
#1326 = EDGE_CURVE ( 'NONE', #933, #1661, #2432, .T. ) ;
#1327 = CARTESIAN_POINT ( 'NONE',  ( 3.673940397442058882E-17, 0.03999999999999999389, 0.2999999999999999889 ) ) ;
#1328 = VECTOR ( 'NONE', #3057, 1000.000000000000000 ) ;
#1329 = VERTEX_POINT ( 'NONE', #1800 ) ;
#1330 = CARTESIAN_POINT ( 'NONE',  ( -0.4999999999999998890, 0.1200000000000000094, 0.8800000000000008926 ) ) ;
#1331 = ORIENTED_EDGE ( 'NONE', *, *, #1382, .T. ) ;
#1332 = EDGE_CURVE ( 'NONE', #993, #1105, #3425, .T. ) ;
#1333 = CARTESIAN_POINT ( 'NONE',  ( 1.050000000000000044, 0.3300000000000000155, -0.8099999999999999423 ) ) ;
#1334 = DIRECTION ( 'NONE',  ( 0.000000000000000000, 1.000000000000000000, 0.000000000000000000 ) ) ;
#1335 = ORIENTED_EDGE ( 'NONE', *, *, #967, .T. ) ;
#1336 = FACE_OUTER_BOUND ( 'NONE', #2951, .T. ) ;
#1337 = COLOUR_RGB ( '',0.2509803921568627416, 0.2509803921568627416, 0.2509803921568627416 ) ;
#1338 = DIRECTION ( 'NONE',  ( 0.000000000000000000, -0.7071067811865475727, -0.7071067811865475727 ) ) ;
#1339 = ORIENTED_EDGE ( 'NONE', *, *, #2296, .T. ) ;
#1340 = AXIS2_PLACEMENT_3D ( 'NONE', #2849, #63, #2541 ) ;
#1341 = CYLINDRICAL_SURFACE ( 'NONE', #3344, 0.1200000000000003147 ) ;
#1342 = AXIS2_PLACEMENT_3D ( 'NONE', #3265, #1715, #2961 ) ;
#1343 = CARTESIAN_POINT ( 'NONE',  ( 0.9600000000000001865, 0.02000000000000003164, 0.2250000000000000888 ) ) ;
#1344 = PLANE ( 'NONE',  #1027 ) ;
#1345 = ORIENTED_EDGE ( 'NONE', *, *, #1551, .T. ) ;
#1346 = VECTOR ( 'NONE', #1174, 1000.000000000000000 ) ;
#1347 = UNCERTAINTY_MEASURE_WITH_UNIT (LENGTH_MEASURE( 1.000000000000000082E-05 ), #3811, 'distance_accuracy_value', 'NONE');
#1348 = CARTESIAN_POINT ( 'NONE',  ( 0.5000000000000000000, 0.3090703013447049230, -0.8800000000000002265 ) ) ;
#1349 = AXIS2_PLACEMENT_3D ( 'NONE', #3879, #1053, #3247 ) ;
#1350 = VERTEX_POINT ( 'NONE', #2986 ) ;
#1351 = ADVANCED_FACE ( 'NONE', ( #3024 ), #257, .T. ) ;
#1352 = CARTESIAN_POINT ( 'NONE',  ( -0.6464719331497226218, 0.3300000000000000155, -1.000000000000000000 ) ) ;
#1353 = VERTEX_POINT ( 'NONE', #1194 ) ;
#1354 = VECTOR ( 'NONE', #3769, 1000.000000000000000 ) ;
#1355 = LINE ( 'NONE', #3813, #748 ) ;
#1356 = EDGE_CURVE ( 'NONE', #1753, #2452, #1477, .T. ) ;
#1357 = DIRECTION ( 'NONE',  ( 0.000000000000000000, 0.000000000000000000, -1.000000000000000000 ) ) ;
#1358 = CIRCLE ( 'NONE', #2587, 0.1199999999999999956 ) ;
#1359 = ORIENTED_EDGE ( 'NONE', *, *, #1924, .F. ) ;
#1360 = DIRECTION ( 'NONE',  ( 0.000000000000000000, 0.000000000000000000, 1.000000000000000000 ) ) ;
#1361 = DIRECTION ( 'NONE',  ( 1.000000000000000000, 0.000000000000000000, 0.000000000000000000 ) ) ;
#1362 = ORIENTED_EDGE ( 'NONE', *, *, #1307, .T. ) ;
#1363 = DIRECTION ( 'NONE',  ( -3.507946793232390122E-16, 1.000000000000000000, 0.000000000000000000 ) ) ;
#1364 = FACE_OUTER_BOUND ( 'NONE', #616, .T. ) ;
#1365 = DIRECTION ( 'NONE',  ( -1.000000000000000000, 0.000000000000000000, -0.000000000000000000 ) ) ;
#1366 = CARTESIAN_POINT ( 'NONE',  ( 0.7300000000000000933, 0.3300000000000000155, -0.8099999999999999423 ) ) ;
#1367 = VERTEX_POINT ( 'NONE', #3063 ) ;
#1368 = LINE ( 'NONE', #2672, #2910 ) ;
#1369 = EDGE_LOOP ( 'NONE', ( #349, #3961, #3407, #3645, #2665, #1681 ) ) ;
#1370 = LINE ( 'NONE', #105, #3229 ) ;
#1371 = VERTEX_POINT ( 'NONE', #1819 ) ;
#1372 = EDGE_CURVE ( 'NONE', #3619, #3873, #889, .T. ) ;
#1373 = CARTESIAN_POINT ( 'NONE',  ( 1.050000000000000044, 0.3300000000000000155, 0.1250000000000039690 ) ) ;
#1374 = DIRECTION ( 'NONE',  ( -0.000000000000000000, -1.000000000000000000, -0.000000000000000000 ) ) ;
#1375 = LINE ( 'NONE', #2286, #1093 ) ;
#1376 = ORIENTED_EDGE ( 'NONE', *, *, #707, .T. ) ;
#1377 = DIRECTION ( 'NONE',  ( 0.000000000000000000, 1.000000000000000000, 0.000000000000000000 ) ) ;
#1378 = EDGE_CURVE ( 'NONE', #91, #3674, #3975, .T. ) ;
#1379 = DIRECTION ( 'NONE',  ( 0.000000000000000000, 1.000000000000000000, 0.000000000000000000 ) ) ;
#1380 = CARTESIAN_POINT ( 'NONE',  ( -1.050000000000000044, -6.776942467587082929E-16, 0.1000000000000000056 ) ) ;
#1381 = VERTEX_POINT ( 'NONE', #1137 ) ;
#1382 = EDGE_CURVE ( 'NONE', #2189, #3999, #235, .T. ) ;
#1383 = DIRECTION ( 'NONE',  ( -0.000000000000000000, -0.000000000000000000, 1.000000000000000000 ) ) ;
#1384 = CARTESIAN_POINT ( 'NONE',  ( 0.000000000000000000, 0.4500000000000001221, 0.000000000000000000 ) ) ;
#1385 = PLANE ( 'NONE',  #2766 ) ;
#1386 = FACE_OUTER_BOUND ( 'NONE', #2656, .T. ) ;
#1387 = VERTEX_POINT ( 'NONE', #1437 ) ;
#1388 = CARTESIAN_POINT ( 'NONE',  ( -0.8183854405088103467, 0.4500000000000000666, -0.6000000000000000888 ) ) ;
#1389 = ORIENTED_EDGE ( 'NONE', *, *, #3248, .T. ) ;
#1390 = CARTESIAN_POINT ( 'NONE',  ( 0.5091797795056174358, 0.01999999999999999695, -0.8599999999999996536 ) ) ;
#1391 = VERTEX_POINT ( 'NONE', #2457 ) ;
#1392 = VECTOR ( 'NONE', #3966, 1000.000000000000000 ) ;
#1393 = LINE ( 'NONE', #89, #418 ) ;
#1394 = DIRECTION ( 'NONE',  ( -0.000000000000000000, -1.000000000000000000, -0.000000000000000000 ) ) ;
#1395 = ORIENTED_EDGE ( 'NONE', *, *, #2029, .T. ) ;
#1396 = EDGE_CURVE ( 'NONE', #3242, #3829, #829, .T. ) ;
#1397 = CYLINDRICAL_SURFACE ( 'NONE', #1166, 0.09999999999999999167 ) ;
#1398 = VECTOR ( 'NONE', #2866, 1000.000000000000000 ) ;
#1399 = CARTESIAN_POINT ( 'NONE',  ( 0.000000000000000000, 0.01999999999999999695, 0.4703471600732581082 ) ) ;
#1400 = ORIENTED_EDGE ( 'NONE', *, *, #2078, .T. ) ;
#1401 = ADVANCED_FACE ( 'NONE', ( #3285 ), #3916, .T. ) ;
#1402 = VECTOR ( 'NONE', #3284, 1000.000000000000000 ) ;
#1403 = DIRECTION ( 'NONE',  ( 3.507946793232391108E-16, -1.000000000000000000, 0.000000000000000000 ) ) ;
#1404 = FACE_OUTER_BOUND ( 'NONE', #833, .T. ) ;
#1405 = CARTESIAN_POINT ( 'NONE',  ( 0.000000000000000000, 0.9000000000000000222, 0.000000000000000000 ) ) ;
#1406 = EDGE_CURVE ( 'NONE', #36, #1602, #3636, .T. ) ;
#1407 = DIRECTION ( 'NONE',  ( 0.000000000000000000, 6.776942467587081548E-15, -1.000000000000000000 ) ) ;
#1408 = ORIENTED_EDGE ( 'NONE', *, *, #1993, .T. ) ;
#1409 = VECTOR ( 'NONE', #2076, 1000.000000000000000 ) ;
#1410 = FACE_OUTER_BOUND ( 'NONE', #3900, .T. ) ;
#1411 = ORIENTED_EDGE ( 'NONE', *, *, #1897, .T. ) ;
#1412 = LINE ( 'NONE', #452, #2460 ) ;
#1413 = CIRCLE ( 'NONE', #2386, 0.5399530869945895484 ) ;
#1414 = VERTEX_POINT ( 'NONE', #517 ) ;
#1415 =( NAMED_UNIT ( * ) PLANE_ANGLE_UNIT ( ) SI_UNIT ( $, .RADIAN. ) );
#1416 = DIRECTION ( 'NONE',  ( 0.000000000000000000, 0.000000000000000000, -1.000000000000000000 ) ) ;
#1417 = LINE ( 'NONE', #2661, #1732 ) ;
#1418 = VERTEX_POINT ( 'NONE', #1760 ) ;
#1419 = DIRECTION ( 'NONE',  ( -0.7071067811865473507, 0.000000000000000000, 0.7071067811865477948 ) ) ;
#1420 = VECTOR ( 'NONE', #124, 1000.000000000000114 ) ;
#1421 = AXIS2_PLACEMENT_3D ( 'NONE', #3258, #2953, #799 ) ;
#1422 = CARTESIAN_POINT ( 'NONE',  ( 0.5091797795056174358, 0.01999999999999999695, 0.6850236653556326383 ) ) ;
#1423 = CARTESIAN_POINT ( 'NONE',  ( 0.7099999999999999645, 0.4500000000000002887, -0.1749999999999999889 ) ) ;
#1424 = ORIENTED_EDGE ( 'NONE', *, *, #115, .F. ) ;
#1425 = CARTESIAN_POINT ( 'NONE',  ( -0.7599999999999995648, 0.3300000000000000155, 0.2000000000000030642 ) ) ;
#1426 = ADVANCED_FACE ( 'NONE', ( #2414 ), #2697, .T. ) ;
#1427 = CARTESIAN_POINT ( 'NONE',  ( 8.266365894244634333E-17, 0.5807415121403105562, -0.6750000000000000444 ) ) ;
#1428 = CARTESIAN_POINT ( 'NONE',  ( 0.4699999999999999178, 0.3300000000000000155, 0.8800000000000000044 ) ) ;
#1429 = VERTEX_POINT ( 'NONE', #851 ) ;
#1430 = EDGE_CURVE ( 'NONE', #2567, #1644, #2089, .T. ) ;
#1431 = LINE ( 'NONE', #208, #701 ) ;
#1432 = VERTEX_POINT ( 'NONE', #870 ) ;
#1433 = LINE ( 'NONE', #1512, #2000 ) ;
#1434 = ORIENTED_EDGE ( 'NONE', *, *, #3313, .T. ) ;
#1435 = EDGE_CURVE ( 'NONE', #681, #1878, #554, .T. ) ;
#1436 = LINE ( 'NONE', #3672, #3282 ) ;
#1437 = CARTESIAN_POINT ( 'NONE',  ( -0.9599999999999999645, 0.01999999999999999695, 0.3000000000000000999 ) ) ;
#1438 = VERTEX_POINT ( 'NONE', #294 ) ;
#1439 = ORIENTED_EDGE ( 'NONE', *, *, #886, .T. ) ;
#1440 = CARTESIAN_POINT ( 'NONE',  ( -0.4699999999999999178, 3.285461128743953715E-15, -0.8800000000000011147 ) ) ;
#1441 = EDGE_LOOP ( 'NONE', ( #2489, #1065, #1129, #954 ) ) ;
#1442 = FACE_BOUND ( 'NONE', #3747, .T. ) ;
#1443 = PLANE ( 'NONE',  #808 ) ;
#1444 = CARTESIAN_POINT ( 'NONE',  ( 0.5999999999999999778, 0.4500000000000000666, -0.8099999999999999423 ) ) ;
#1445 = FACE_OUTER_BOUND ( 'NONE', #1369, .T. ) ;
#1446 = EDGE_LOOP ( 'NONE', ( #1411, #612, #47, #1885 ) ) ;
#1447 = ADVANCED_FACE ( 'NONE', ( #2476 ), #2209, .F. ) ;
#1448 =( BOUNDED_SURFACE ( )  B_SPLINE_SURFACE ( 3, 3, ( 
 ( #1650, #802, #2733, #514 ),
 ( #1735, #230, #2429, #1191 ),
 ( #3324, #3955, #2367, #3340 ),
 ( #1794, #3001, #3306, #3039 ) ),
 .UNSPECIFIED., .F., .F., .T. ) 
 B_SPLINE_SURFACE_WITH_KNOTS ( ( 4, 4 ),
 ( 4, 4 ),
 ( 0.000000000000000000, 1.000000000000000000 ),
 ( 0.000000000000000000, 1.000000000000000000 ),
 .UNSPECIFIED. ) 
 GEOMETRIC_REPRESENTATION_ITEM ( )  RATIONAL_B_SPLINE_SURFACE ( (
 ( 1.000000000000000000, 0.3333333333333334259, 0.3333333333333334259, 1.000000000000000000),
 ( 0.3333333333333321491, 0.1111111111111107441, 0.1111111111111107441, 0.3333333333333321491),
 ( 0.3333333333333321491, 0.1111111111111107441, 0.1111111111111107441, 0.3333333333333321491),
 ( 1.000000000000000000, 0.3333333333333334259, 0.3333333333333334259, 1.000000000000000000) ) ) 
 REPRESENTATION_ITEM ( '' )  SURFACE ( )  );
#1449 = DIRECTION ( 'NONE',  ( -1.000000000000000000, -0.000000000000000000, 1.606225440719265529E-15 ) ) ;
#1450 = ORIENTED_EDGE ( 'NONE', *, *, #255, .F. ) ;
#1451 = CARTESIAN_POINT ( 'NONE',  ( 0.4999999999999998890, 5.130123723497747670E-15, -0.7250000000000021982 ) ) ;
#1452 = EDGE_LOOP ( 'NONE', ( #3352, #1048, #1901, #581 ) ) ;
#1453 = EDGE_CURVE ( 'NONE', #1741, #2916, #54, .T. ) ;
#1454 = LINE ( 'NONE', #2677, #1148 ) ;
#1455 = DIRECTION ( 'NONE',  ( -1.000000000000000000, -0.000000000000000000, -0.000000000000000000 ) ) ;
#1456 = ORIENTED_EDGE ( 'NONE', *, *, #892, .T. ) ;
#1457 = ADVANCED_FACE ( 'NONE', ( #11 ), #3788, .T. ) ;
#1458 = AXIS2_PLACEMENT_3D ( 'NONE', #506, #1082, #1996 ) ;
#1459 = ORIENTED_EDGE ( 'NONE', *, *, #1582, .F. ) ;
#1460 = DIRECTION ( 'NONE',  ( 0.7071067811865473507, 0.000000000000000000, 0.7071067811865477948 ) ) ;
#1461 = VERTEX_POINT ( 'NONE', #2533 ) ;
#1462 = CIRCLE ( 'NONE', #1844, 0.5399530869945895484 ) ;
#1463 = EDGE_CURVE ( 'NONE', #2291, #2780, #3080, .T. ) ;
#1464 = DIRECTION ( 'NONE',  ( -3.388471233793541957E-15, 1.000000000000000000, -3.388471233793534069E-15 ) ) ;
#1465 = CARTESIAN_POINT ( 'NONE',  ( -0.5000000000000000000, 3.285461128743953715E-15, -0.8800000000000011147 ) ) ;
#1466 = DIRECTION ( 'NONE',  ( 0.000000000000000000, 1.000000000000000000, 0.000000000000000000 ) ) ;
#1467 = DIRECTION ( 'NONE',  ( 0.000000000000000000, 6.776942467587085492E-15, 1.000000000000000000 ) ) ;
#1468 = VECTOR ( 'NONE', #2332, 1000.000000000000000 ) ;
#1469 = VERTEX_POINT ( 'NONE', #1579 ) ;
#1470 = VECTOR ( 'NONE', #2836, 999.9999999999998863 ) ;
#1471 = DIRECTION ( 'NONE',  ( 0.000000000000000000, 0.000000000000000000, 1.000000000000000000 ) ) ;
#1472 = ORIENTED_EDGE ( 'NONE', *, *, #2459, .F. ) ;
#1473 = CARTESIAN_POINT ( 'NONE',  ( -0.5999999999999999778, 0.3300000000000000155, -0.8099999999999999423 ) ) ;
#1474 = ORIENTED_EDGE ( 'NONE', *, *, #4008, .F. ) ;
#1475 = AXIS2_PLACEMENT_3D ( 'NONE', #3532, #2313, #2016 ) ;
#1476 = EDGE_CURVE ( 'NONE', #2529, #1734, #761, .T. ) ;
#1477 = CIRCLE ( 'NONE', #3485, 0.1300000000000001155 ) ;
#1478 = CARTESIAN_POINT ( 'NONE',  ( 0.000000000000000000, 3.285461128743953715E-15, 0.8800000000000011147 ) ) ;
#1479 = DIRECTION ( 'NONE',  ( 0.000000000000000000, 1.000000000000000000, -6.776942467587085492E-15 ) ) ;
#1480 = EDGE_LOOP ( 'NONE', ( #2687, #2122, #2802, #1756, #1815, #836, #1758 ) ) ;
#1481 = AXIS2_PLACEMENT_3D ( 'NONE', #760, #2891, #468 ) ;
#1482 = ADVANCED_FACE ( 'NONE', ( #1312 ), #991, .T. ) ;
#1483 = ORIENTED_EDGE ( 'NONE', *, *, #419, .T. ) ;
#1484 = CARTESIAN_POINT ( 'NONE',  ( -0.4999999999999998890, 0.1200000000000068234, -1.000000000000000444 ) ) ;
#1485 = VECTOR ( 'NONE', #3205, 1000.000000000000000 ) ;
#1486 = ORIENTED_EDGE ( 'NONE', *, *, #2619, .T. ) ;
#1487 = AXIS2_PLACEMENT_3D ( 'NONE', #1208, #846, #923 ) ;
#1488 = CARTESIAN_POINT ( 'NONE',  ( -0.9599999999999999645, 0.3300000000000000155, -0.3532444682122630741 ) ) ;
#1489 = EDGE_CURVE ( 'NONE', #1257, #3421, #3710, .T. ) ;
#1490 = CARTESIAN_POINT ( 'NONE',  ( 6.612518196776563613E-17, 0.4500000000000001221, -0.5399530869945895484 ) ) ;
#1491 = VERTEX_POINT ( 'NONE', #3449 ) ;
#1492 = CARTESIAN_POINT ( 'NONE',  ( 0.000000000000000000, 0.1499999999999999944, 0.8599999999999994316 ) ) ;
#1493 = EDGE_LOOP ( 'NONE', ( #25, #3402, #2670, #3362 ) ) ;
#1494 = FACE_OUTER_BOUND ( 'NONE', #147, .T. ) ;
#1495 = EDGE_LOOP ( 'NONE', ( #3656, #2550, #262, #2407 ) ) ;
#1496 = CYLINDRICAL_SURFACE ( 'NONE', #2635, 0.6750000000000000444 ) ;
#1497 = CARTESIAN_POINT ( 'NONE',  ( 1.050000000000000044, 0.8240647730814263383, -0.1249999999999943934 ) ) ;
#1498 = VERTEX_POINT ( 'NONE', #2549 ) ;
#1499 = ADVANCED_FACE ( 'NONE', ( #2857 ), #2491, .F. ) ;
#1500 = ORIENTED_EDGE ( 'NONE', *, *, #2182, .F. ) ;
#1501 = CARTESIAN_POINT ( 'NONE',  ( 0.9000000000000001332, 0.3300000000000000155, -0.4000000000000000222 ) ) ;
#1502 = ORIENTED_EDGE ( 'NONE', *, *, #3781, .T. ) ;
#1503 = EDGE_CURVE ( 'NONE', #1418, #2093, #1857, .T. ) ;
#1504 = CARTESIAN_POINT ( 'NONE',  ( -0.5091797795056174358, 3.101858582251265872, -0.9600000000000001865 ) ) ;
#1505 = DIRECTION ( 'NONE',  ( 0.000000000000000000, -0.000000000000000000, 1.000000000000000000 ) ) ;
#1506 = FACE_OUTER_BOUND ( 'NONE', #2334, .T. ) ;
#1507 = VERTEX_POINT ( 'NONE', #2777 ) ;
#1508 = EDGE_CURVE ( 'NONE', #3684, #2791, #3387, .T. ) ;
#1509 = FACE_OUTER_BOUND ( 'NONE', #2166, .T. ) ;
#1510 = DIRECTION ( 'NONE',  ( 3.388471233793541957E-15, 1.000000000000000000, 3.388471233793534069E-15 ) ) ;
#1511 = EDGE_LOOP ( 'NONE', ( #3315, #3827, #2279, #3329 ) ) ;
#1512 = CARTESIAN_POINT ( 'NONE',  ( -0.9599999999999998535, 0.02000000000000005246, -0.3532444682122630741 ) ) ;
#1513 = ORIENTED_EDGE ( 'NONE', *, *, #2274, .T. ) ;
#1514 = LINE ( 'NONE', #973, #2183 ) ;
#1515 = CARTESIAN_POINT ( 'NONE',  ( 0.5999999999999998668, 0.3300000000000000155, -0.3532444682122631296 ) ) ;
#1516 = ORIENTED_EDGE ( 'NONE', *, *, #595, .F. ) ;
#1517 = ORIENTED_EDGE ( 'NONE', *, *, #33, .F. ) ;
#1518 = DIRECTION ( 'NONE',  ( 0.000000000000000000, 0.000000000000000000, -1.000000000000000000 ) ) ;
#1519 = VERTEX_POINT ( 'NONE', #928 ) ;
#1520 = VECTOR ( 'NONE', #2867, 999.9999999999998863 ) ;
#1521 = DIRECTION ( 'NONE',  ( 0.7071067811865474617, 0.7071067811865474617, 0.000000000000000000 ) ) ;
#1522 = CARTESIAN_POINT ( 'NONE',  ( -1.000000000000000000, 0.3300000000000000155, -0.8099999999999999423 ) ) ;
#1523 = VECTOR ( 'NONE', #2906, 1000.000000000000000 ) ;
#1524 = ADVANCED_FACE ( 'NONE', ( #2163 ), #3406, .T. ) ;
#1525 = DIRECTION ( 'NONE',  ( -0.000000000000000000, -1.000000000000000000, -0.000000000000000000 ) ) ;
#1526 = VERTEX_POINT ( 'NONE', #318 ) ;
#1527 = AXIS2_PLACEMENT_3D ( 'NONE', #2966, #1122, #2923 ) ;
#1528 = DIRECTION ( 'NONE',  ( -1.000000000000000000, 0.000000000000000000, 0.000000000000000000 ) ) ;
#1529 = CARTESIAN_POINT ( 'NONE',  ( -1.050000000000000044, 9.825751910538055220E-16, -0.09999999999999947820 ) ) ;
#1530 = EDGE_CURVE ( 'NONE', #894, #2968, #1900, .T. ) ;
#1531 = CLOSED_SHELL ( 'NONE', ( #3069, #2056, #2317, #3211, #3643, #1351 ) ) ;
#1532 = ORIENTED_EDGE ( 'NONE', *, *, #3658, .T. ) ;
#1533 = CARTESIAN_POINT ( 'NONE',  ( -0.4999999999999998890, -1.057097118173366823E-15, 0.7250000000000020872 ) ) ;
#1534 = VERTEX_POINT ( 'NONE', #2185 ) ;
#1535 = VECTOR ( 'NONE', #3055, 1000.000000000000000 ) ;
#1536 = DIRECTION ( 'NONE',  ( -0.5773502691896259531, -0.5773502691896258421, 0.5773502691896253980 ) ) ;
#1537 = CARTESIAN_POINT ( 'NONE',  ( 0.000000000000000000, 0.1200000000000002037, 3.942553354492754378E-16 ) ) ;
#1538 = AXIS2_PLACEMENT_3D ( 'NONE', #2227, #953, #977 ) ;
#1539 = ORIENTED_EDGE ( 'NONE', *, *, #601, .F. ) ;
#1540 = AXIS2_PLACEMENT_3D ( 'NONE', #3346, #1159, #2373 ) ;
#1541 = ORIENTED_EDGE ( 'NONE', *, *, #955, .F. ) ;
#1542 = DIRECTION ( 'NONE',  ( -0.000000000000000000, -1.000000000000000000, -0.000000000000000000 ) ) ;
#1543 = ORIENTED_EDGE ( 'NONE', *, *, #419, .F. ) ;
#1544 = DIRECTION ( 'NONE',  ( 1.000000000000000000, 0.000000000000000000, 0.000000000000000000 ) ) ;
#1545 = AXIS2_PLACEMENT_3D ( 'NONE', #1330, #1711, #3220 ) ;
#1546 = LINE ( 'NONE', #4027, #1847 ) ;
#1547 = AXIS2_PLACEMENT_3D ( 'NONE', #1428, #2686, #600 ) ;
#1548 = LINE ( 'NONE', #959, #3208 ) ;
#1549 = SURFACE_STYLE_USAGE ( .BOTH. , #266 ) ;
#1550 = AXIS2_PLACEMENT_3D ( 'NONE', #3321, #1188, #1471 ) ;
#1551 = EDGE_CURVE ( 'NONE', #798, #1257, #3428, .T. ) ;
#1552 = LINE ( 'NONE', #2789, #1718 ) ;
#1553 = DIRECTION ( 'NONE',  ( 0.000000000000000000, -0.000000000000000000, 1.000000000000000000 ) ) ;
#1554 = VECTOR ( 'NONE', #3194, 1000.000000000000000 ) ;
#1555 = ORIENTED_EDGE ( 'NONE', *, *, #585, .T. ) ;
#1556 = CARTESIAN_POINT ( 'NONE',  ( 0.4699999999999999178, 3.285461128743953715E-15, 0.8800000000000011147 ) ) ;
#1557 = ORIENTED_EDGE ( 'NONE', *, *, #2919, .F. ) ;
#1558 = EDGE_CURVE ( 'NONE', #3753, #3759, #3126, .T. ) ;
#1559 = CARTESIAN_POINT ( 'NONE',  ( -0.5091797795056174358, 0.1499999999999999667, -0.6850236653556328603 ) ) ;
#1560 = DIRECTION ( 'NONE',  ( 0.000000000000000000, -1.000000000000000000, -6.776942467587082337E-15 ) ) ;
#1561 = ORIENTED_EDGE ( 'NONE', *, *, #2654, .T. ) ;
#1562 = EDGE_CURVE ( 'NONE', #1353, #87, #3752, .T. ) ;
#1563 = ORIENTED_EDGE ( 'NONE', *, *, #1966, .T. ) ;
#1564 = CARTESIAN_POINT ( 'NONE',  ( -0.8201970085578875747, 0.3800000000000000044, -0.8212762261540346165 ) ) ;
#1565 = ORIENTED_EDGE ( 'NONE', *, *, #2769, .T. ) ;
#1566 = CARTESIAN_POINT ( 'NONE',  ( 0.5000000000000000000, 0.3090703013446987613, 1.000000000000001332 ) ) ;
#1567 = CARTESIAN_POINT ( 'NONE',  ( 0.000000000000000000, 0.01999999999999999695, 0.000000000000000000 ) ) ;
#1568 = DIRECTION ( 'NONE',  ( 0.000000000000000000, -1.000000000000000000, 0.000000000000000000 ) ) ;
#1569 = DIRECTION ( 'NONE',  ( 0.000000000000000000, 0.000000000000000000, -1.000000000000000000 ) ) ;
#1570 = DIRECTION ( 'NONE',  ( 0.000000000000000000, 6.776942467587085492E-15, 1.000000000000000000 ) ) ;
#1571 = ORIENTED_EDGE ( 'NONE', *, *, #2640, .T. ) ;
#1572 = EDGE_CURVE ( 'NONE', #2561, #579, #1370, .T. ) ;
#1573 = CARTESIAN_POINT ( 'NONE',  ( -0.4699999999999998068, 0.3300000000000000155, -0.8099999999999999423 ) ) ;
#1574 = ORIENTED_EDGE ( 'NONE', *, *, #2872, .T. ) ;
#1575 = LINE ( 'NONE', #1348, #1677 ) ;
#1576 = CARTESIAN_POINT ( 'NONE',  ( -0.9000000000000001332, 0.3300000000000000155, -0.4000000000000000222 ) ) ;
#1577 = ORIENTED_EDGE ( 'NONE', *, *, #528, .T. ) ;
#1578 = EDGE_CURVE ( 'NONE', #351, #3753, #3103, .T. ) ;
#1579 = CARTESIAN_POINT ( 'NONE',  ( -0.6464719331497226218, 0.02000000000000003858, -1.000000000000000000 ) ) ;
#1580 = VERTEX_POINT ( 'NONE', #1694 ) ;
#1581 = ORIENTED_EDGE ( 'NONE', *, *, #1605, .T. ) ;
#1582 = EDGE_CURVE ( 'NONE', #1429, #1134, #2193, .T. ) ;
#1583 = CARTESIAN_POINT ( 'NONE',  ( 0.9600000000000000755, 0.02000000000000005246, -0.9600000000000001865 ) ) ;
#1584 = VERTEX_POINT ( 'NONE', #1352 ) ;
#1585 = LINE ( 'NONE', #38, #3692 ) ;
#1586 = CARTESIAN_POINT ( 'NONE',  ( 0.5000000000000000000, 0.3090703013447049230, -0.8800000000000001155 ) ) ;
#1587 = FACE_OUTER_BOUND ( 'NONE', #3251, .T. ) ;
#1588 = CYLINDRICAL_SURFACE ( 'NONE', #160, 0.2000000000000000944 ) ;
#1589 = VECTOR ( 'NONE', #2276, 1000.000000000000000 ) ;
#1590 = CARTESIAN_POINT ( 'NONE',  ( -0.9599999999999998535, 0.02000000000000005246, 0.3000000000000000444 ) ) ;
#1591 = ORIENTED_EDGE ( 'NONE', *, *, #2130, .T. ) ;
#1592 = CARTESIAN_POINT ( 'NONE',  ( 0.5999999999999999778, 0.3300000000000000155, -0.8099999999999999423 ) ) ;
#1593 = ORIENTED_EDGE ( 'NONE', *, *, #1562, .F. ) ;
#1594 = VECTOR ( 'NONE', #2620, 1000.000000000000000 ) ;
#1595 = CARTESIAN_POINT ( 'NONE',  ( -0.2750000000000000222, -2.574640714876722569E-15, 0.5000000000000017764 ) ) ;
#1596 = CARTESIAN_POINT ( 'NONE',  ( 0.000000000000000000, 0.3300000000000004041, -1.000000000000000222 ) ) ;
#1597 = DIRECTION ( 'NONE',  ( -0.7071067811865483499, 4.792021974541916119E-15, -0.7071067811865466846 ) ) ;
#1598 = ORIENTED_EDGE ( 'NONE', *, *, #988, .F. ) ;
#1599 = EDGE_CURVE ( 'NONE', #3411, #2208, #1670, .T. ) ;
#1600 = EDGE_LOOP ( 'NONE', ( #872, #1063, #3014, #3647 ) ) ;
#1601 = CARTESIAN_POINT ( 'NONE',  ( -0.4699999999999998623, 0.3300000000000000155, -0.8099999999999999423 ) ) ;
#1602 = VERTEX_POINT ( 'NONE', #429 ) ;
#1603 = CARTESIAN_POINT ( 'NONE',  ( 0.7300000000000000933, 0.4500000000000000666, 0.8099999999999999423 ) ) ;
#1604 = AXIS2_PLACEMENT_3D ( 'NONE', #3978, #3618, #3962 ) ;
#1605 = EDGE_CURVE ( 'NONE', #1838, #1173, #1941, .T. ) ;
#1606 =( NAMED_UNIT ( * ) SI_UNIT ( $, .STERADIAN. ) SOLID_ANGLE_UNIT ( ) );
#1607 = PLANE ( 'NONE',  #1340 ) ;
#1608 = ADVANCED_FACE ( 'NONE', ( #2242 ), #1047, .F. ) ;
#1609 = AXIS2_PLACEMENT_3D ( 'NONE', #3183, #1980, #3546 ) ;
#1610 = LINE ( 'NONE', #3179, #510 ) ;
#1611 = DIRECTION ( 'NONE',  ( 0.000000000000000000, -3.285461128743950165E-15, 1.000000000000000000 ) ) ;
#1612 = AXIS2_PLACEMENT_3D ( 'NONE', #710, #2584, #3784 ) ;
#1613 = EDGE_LOOP ( 'NONE', ( #2263, #673, #3111, #2945 ) ) ;
#1614 = VECTOR ( 'NONE', #881, 1000.000000000000000 ) ;
#1615 = DIRECTION ( 'NONE',  ( -0.000000000000000000, 0.000000000000000000, -1.000000000000000000 ) ) ;
#1616 = ORIENTED_EDGE ( 'NONE', *, *, #2417, .T. ) ;
#1617 = DIRECTION ( 'NONE',  ( 3.507946793232391108E-16, -1.000000000000000000, 0.000000000000000000 ) ) ;
#1618 = ORIENTED_EDGE ( 'NONE', *, *, #1599, .T. ) ;
#1619 = CARTESIAN_POINT ( 'NONE',  ( 0.4699999999999999178, 0.3300000000000000155, 0.8800000000000000044 ) ) ;
#1620 = CARTESIAN_POINT ( 'NONE',  ( 0.9600000000000001865, 0.07000000000000013156, -0.1750000000000000167 ) ) ;
#1621 = EDGE_LOOP ( 'NONE', ( #1376, #1637 ) ) ;
#1622 = ADVANCED_FACE ( 'NONE', ( #782 ), #3570, .T. ) ;
#1623 = DIRECTION ( 'NONE',  ( 0.000000000000000000, 1.000000000000000000, 0.000000000000000000 ) ) ;
#1624 = CARTESIAN_POINT ( 'NONE',  ( 7.041719095097276442E-17, 0.6807415121403107561, -0.5749999999999997335 ) ) ;
#1625 = CARTESIAN_POINT ( 'NONE',  ( 0.7099999999999999645, 0.07000000000000013156, 0.1749999999999999889 ) ) ;
#1626 = EDGE_CURVE ( 'NONE', #847, #1491, #2025, .T. ) ;
#1627 = CARTESIAN_POINT ( 'NONE',  ( 1.050000000000000044, 0.8240647730814263383, -0.1249999999999943934 ) ) ;
#1628 = LINE ( 'NONE', #2527, #320 ) ;
#1629 = EDGE_CURVE ( 'NONE', #465, #396, #1224, .T. ) ;
#1630 = FACE_OUTER_BOUND ( 'NONE', #3204, .T. ) ;
#1631 = VERTEX_POINT ( 'NONE', #1674 ) ;
#1632 = DIRECTION ( 'NONE',  ( 0.000000000000000000, -0.000000000000000000, 1.000000000000000000 ) ) ;
#1633 = FACE_OUTER_BOUND ( 'NONE', #1012, .T. ) ;
#1634 = ORIENTED_EDGE ( 'NONE', *, *, #3043, .T. ) ;
#1635 = LINE ( 'NONE', #1333, #1080 ) ;
#1636 = DIRECTION ( 'NONE',  ( 0.000000000000000000, 1.000000000000000000, 0.000000000000000000 ) ) ;
#1637 = ORIENTED_EDGE ( 'NONE', *, *, #1260, .T. ) ;
#1638 = LINE ( 'NONE', #17, #3367 ) ;
#1639 = CARTESIAN_POINT ( 'NONE',  ( 1.000000000000000000, 0.3300000000000000155, -1.000000000000000444 ) ) ;
#1640 = CARTESIAN_POINT ( 'NONE',  ( -0.5091797795056174358, 0.3300000000000000155, -0.8099999999999999423 ) ) ;
#1641 = DIRECTION ( 'NONE',  ( -1.000000000000000000, -0.000000000000000000, -0.000000000000000000 ) ) ;
#1642 = EDGE_CURVE ( 'NONE', #3930, #741, #1412, .T. ) ;
#1643 = LINE ( 'NONE', #3477, #1520 ) ;
#1644 = VERTEX_POINT ( 'NONE', #130 ) ;
#1645 = VECTOR ( 'NONE', #2603, 1000.000000000000000 ) ;
#1646 = EDGE_CURVE ( 'NONE', #2363, #532, #148, .T. ) ;
#1647 = CARTESIAN_POINT ( 'NONE',  ( 0.5999999999999999778, 0.3300000000000000155, -0.8099999999999999423 ) ) ;
#1648 = CIRCLE ( 'NONE', #358, 0.09999999999999999167 ) ;
#1649 = EDGE_LOOP ( 'NONE', ( #3587, #3442, #1770, #284 ) ) ;
#1650 = CARTESIAN_POINT ( 'NONE',  ( 0.000000000000000000, 0.5807415121403105562, 0.6750000000000001554 ) ) ;
#1651 = ORIENTED_EDGE ( 'NONE', *, *, #2887, .F. ) ;
#1652 = CARTESIAN_POINT ( 'NONE',  ( -1.000000000000000000, 0.3300000000000000155, 1.000000000000000444 ) ) ;
#1653 = LINE ( 'NONE', #1983, #2958 ) ;
#1654 = FACE_OUTER_BOUND ( 'NONE', #1779, .T. ) ;
#1655 = VECTOR ( 'NONE', #1862, 1000.000000000000000 ) ;
#1656 = ORIENTED_EDGE ( 'NONE', *, *, #5, .F. ) ;
#1657 = DIRECTION ( 'NONE',  ( -1.000000000000000000, -0.000000000000000000, 0.000000000000000000 ) ) ;
#1658 = VECTOR ( 'NONE', #927, 1000.000000000000000 ) ;
#1659 = LINE ( 'NONE', #441, #2109 ) ;
#1660 = LINE ( 'NONE', #1399, #1858 ) ;
#1661 = VERTEX_POINT ( 'NONE', #2934 ) ;
#1662 = VECTOR ( 'NONE', #3858, 1000.000000000000000 ) ;
#1663 = DIRECTION ( 'NONE',  ( 3.336992741898719682E-15, -1.000000000000000000, -3.976873088618619859E-15 ) ) ;
#1664 = VECTOR ( 'NONE', #535, 1000.000000000000000 ) ;
#1665 = FACE_OUTER_BOUND ( 'NONE', #3731, .T. ) ;
#1666 = CARTESIAN_POINT ( 'NONE',  ( 0.4699999999999999178, 0.3300000000000000155, -0.8099999999999999423 ) ) ;
#1667 = PLANE ( 'NONE',  #498 ) ;
#1668 = ORIENTED_EDGE ( 'NONE', *, *, #2887, .T. ) ;
#1669 = ADVANCED_FACE ( 'NONE', ( #2657 ), #1006, .F. ) ;
#1670 = CIRCLE ( 'NONE', #3947, 0.1300000000000001155 ) ;
#1671 = FACE_OUTER_BOUND ( 'NONE', #3894, .T. ) ;
#1672 = VECTOR ( 'NONE', #205, 1000.000000000000000 ) ;
#1673 = ORIENTED_EDGE ( 'NONE', *, *, #3488, .T. ) ;
#1674 = CARTESIAN_POINT ( 'NONE',  ( -0.7300000000000000933, 0.3300000000000000155, 1.000000000000000222 ) ) ;
#1675 = ORIENTED_EDGE ( 'NONE', *, *, #2408, .F. ) ;
#1676 = EDGE_CURVE ( 'NONE', #3242, #3444, #3504, .T. ) ;
#1677 = VECTOR ( 'NONE', #2835, 1000.000000000000000 ) ;
#1678 = CARTESIAN_POINT ( 'NONE',  ( -0.8183854405088103467, 0.3300000000000000155, -0.4000000000000000222 ) ) ;
#1679 = CARTESIAN_POINT ( 'NONE',  ( -0.2750000000000000222, 3.605311668290651127E-15, -0.5000000000000018874 ) ) ;
#1680 = DIRECTION ( 'NONE',  ( 1.355252715606865949E-15, 0.000000000000000000, -1.000000000000000000 ) ) ;
#1681 = ORIENTED_EDGE ( 'NONE', *, *, #3416, .T. ) ;
#1682 = CARTESIAN_POINT ( 'NONE',  ( 0.7299999999999999822, 0.3300000000000000155, 0.8099999999999999423 ) ) ;
#1683 = EDGE_CURVE ( 'NONE', #2050, #1115, #86, .T. ) ;
#1684 = CARTESIAN_POINT ( 'NONE',  ( 0.000000000000000000, 0.8223027175517927390, 0.000000000000000000 ) ) ;
#1685 = CARTESIAN_POINT ( 'NONE',  ( -0.6183854405088103912, 0.4500000000000000666, -0.6813066607112201467 ) ) ;
#1686 = ORIENTED_EDGE ( 'NONE', *, *, #528, .F. ) ;
#1687 = FACE_OUTER_BOUND ( 'NONE', #1163, .T. ) ;
#1688 = CARTESIAN_POINT ( 'NONE',  ( 0.7099999999999999645, 0.07000000000000013156, -0.1749999999999999889 ) ) ;
#1689 = DIRECTION ( 'NONE',  ( -0.000000000000000000, -1.000000000000000000, -0.000000000000000000 ) ) ;
#1690 = EDGE_LOOP ( 'NONE', ( #4001, #3883, #3187, #1204, #2477, #1593, #3086 ) ) ;
#1691 = LINE ( 'NONE', #3847, #2851 ) ;
#1692 = ADVANCED_FACE ( 'NONE', ( #3200 ), #2630, .T. ) ;
#1693 = ORIENTED_EDGE ( 'NONE', *, *, #2716, .T. ) ;
#1694 = CARTESIAN_POINT ( 'NONE',  ( -0.2945032742232426837, 0.01999999999999997266, -0.4703471600732581082 ) ) ;
#1695 = ORIENTED_EDGE ( 'NONE', *, *, #3814, .F. ) ;
#1696 = ADVANCED_FACE ( 'NONE', ( #1633 ), #1448, .F. ) ;
#1697 = DIRECTION ( 'NONE',  ( 0.000000000000000000, 0.000000000000000000, 1.000000000000000000 ) ) ;
#1698 = DIRECTION ( 'NONE',  ( -1.000000000000000000, 0.000000000000000000, -1.355252715606865949E-15 ) ) ;
#1699 = ORIENTED_EDGE ( 'NONE', *, *, #1955, .T. ) ;
#1700 = FACE_OUTER_BOUND ( 'NONE', #1600, .T. ) ;
#1701 = EDGE_CURVE ( 'NONE', #299, #1381, #1757, .T. ) ;
#1702 = CARTESIAN_POINT ( 'NONE',  ( -1.050000000000000044, 0.000000000000000000, 0.000000000000000000 ) ) ;
#1703 = ORIENTED_EDGE ( 'NONE', *, *, #508, .F. ) ;
#1704 = CARTESIAN_POINT ( 'NONE',  ( -0.2750000000000000777, -1.057097118173366823E-15, 0.5000000000000017764 ) ) ;
#1705 = DIRECTION ( 'NONE',  ( 0.000000000000000000, 0.000000000000000000, 1.000000000000000000 ) ) ;
#1706 = DIRECTION ( 'NONE',  ( 1.000000000000000000, 0.000000000000000000, 0.000000000000000000 ) ) ;
#1707 = LINE ( 'NONE', #1170, #249 ) ;
#1708 = ORIENTED_EDGE ( 'NONE', *, *, #2454, .F. ) ;
#1709 = CARTESIAN_POINT ( 'NONE',  ( 0.5999999999999999778, 0.3300000000000000155, -0.1999999999999978184 ) ) ;
#1710 = ORIENTED_EDGE ( 'NONE', *, *, #1771, .F. ) ;
#1711 = DIRECTION ( 'NONE',  ( -1.000000000000000000, -0.000000000000000000, -0.000000000000000000 ) ) ;
#1712 = ORIENTED_EDGE ( 'NONE', *, *, #2518, .T. ) ;
#1713 = VECTOR ( 'NONE', #3783, 1000.000000000000000 ) ;
#1714 = CARTESIAN_POINT ( 'NONE',  ( -0.9000000000000001332, 0.3300000000000000155, -0.3999999999999999667 ) ) ;
#1715 = DIRECTION ( 'NONE',  ( -1.000000000000000000, -0.000000000000000000, -0.000000000000000000 ) ) ;
#1716 = ORIENTED_EDGE ( 'NONE', *, *, #2543, .T. ) ;
#1717 = CARTESIAN_POINT ( 'NONE',  ( 0.2750000000000000777, 0.1200000000000035899, -0.5000000000000011102 ) ) ;
#1718 = VECTOR ( 'NONE', #21, 1000.000000000000000 ) ;
#1719 = EDGE_CURVE ( 'NONE', #4012, #3358, #867, .T. ) ;
#1720 = AXIS2_PLACEMENT_3D ( 'NONE', #1739, #805, #2070 ) ;
#1721 = DIRECTION ( 'NONE',  ( 0.7071067811865470176, -4.812837669033921444E-15, 0.7071067811865479058 ) ) ;
#1722 = DIRECTION ( 'NONE',  ( 1.000000000000000000, 0.000000000000000000, -0.000000000000000000 ) ) ;
#1723 = VERTEX_POINT ( 'NONE', #2103 ) ;
#1724 = EDGE_CURVE ( 'NONE', #1884, #1414, #210, .T. ) ;
#1725 = AXIS2_PLACEMENT_3D ( 'NONE', #728, #2531, #3518 ) ;
#1726 = CARTESIAN_POINT ( 'NONE',  ( -0.9308246407405786904, -1.151998752743482521E-15, 0.1999999999999999833 ) ) ;
#1727 = DIRECTION ( 'NONE',  ( 1.000000000000000000, 0.000000000000000000, -0.000000000000000000 ) ) ;
#1728 = CARTESIAN_POINT ( 'NONE',  ( -0.9599999999999998535, 3.101858582251265872, 0.9599999999999996314 ) ) ;
#1729 = DIRECTION ( 'NONE',  ( 0.000000000000000000, -0.000000000000000000, 1.000000000000000000 ) ) ;
#1730 = ORIENTED_EDGE ( 'NONE', *, *, #1406, .T. ) ;
#1731 = ADVANCED_FACE ( 'NONE', ( #1494 ), #2086, .F. ) ;
#1732 = VECTOR ( 'NONE', #214, 1000.000000000000000 ) ;
#1733 = CARTESIAN_POINT ( 'NONE',  ( 0.6599999999999998090, 0.01999999999999994837, 0.2250000000000002554 ) ) ;
#1734 = VERTEX_POINT ( 'NONE', #848 ) ;
#1735 = CARTESIAN_POINT ( 'NONE',  ( 0.000000000000000000, 0.5807415121403103342, 0.5749999999999997335 ) ) ;
#1736 = AXIS2_PLACEMENT_3D ( 'NONE', #1740, #1455, #197 ) ;
#1737 = ORIENTED_EDGE ( 'NONE', *, *, #1676, .T. ) ;
#1738 = VECTOR ( 'NONE', #3364, 1000.000000000000000 ) ;
#1739 = CARTESIAN_POINT ( 'NONE',  ( 0.9600000000000000755, 3.101858582251265872, -0.9600000000000001865 ) ) ;
#1740 = CARTESIAN_POINT ( 'NONE',  ( -0.4699999999999999178, 0.3300000000000000155, 0.8800000000000000044 ) ) ;
#1741 = VERTEX_POINT ( 'NONE', #253 ) ;
#1742 = AXIS2_PLACEMENT_3D ( 'NONE', #1317, #703, #663 ) ;
#1743 = CIRCLE ( 'NONE', #3819, 0.2000000000000000944 ) ;
#1744 = VERTEX_POINT ( 'NONE', #824 ) ;
#1745 = EDGE_CURVE ( 'NONE', #2419, #1999, #3972, .T. ) ;
#1746 = LINE ( 'NONE', #1440, #2512 ) ;
#1747 = EDGE_LOOP ( 'NONE', ( #1041, #3305, #3501, #931 ) ) ;
#1748 = CARTESIAN_POINT ( 'NONE',  ( -0.8201970085578875747, 0.3300000000000000155, -0.6840354554681121746 ) ) ;
#1749 = DIRECTION ( 'NONE',  ( -1.594414959537505941E-16, -6.776942467587082337E-15, 1.000000000000000000 ) ) ;
#1750 = EDGE_CURVE ( 'NONE', #694, #3606, #2347, .T. ) ;
#1751 = CARTESIAN_POINT ( 'NONE',  ( -1.000000000000000000, 3.101858582251265872, -1.000000000000000000 ) ) ;
#1752 = CARTESIAN_POINT ( 'NONE',  ( -0.7300000000000000933, 0.4500000000000000666, 1.000000000000000000 ) ) ;
#1753 = VERTEX_POINT ( 'NONE', #3607 ) ;
#1754 = CARTESIAN_POINT ( 'NONE',  ( 0.7299999999999999822, 0.3300000000000000155, 1.000000000000000000 ) ) ;
#1755 = EDGE_CURVE ( 'NONE', #2720, #104, #549, .T. ) ;
#1756 = ORIENTED_EDGE ( 'NONE', *, *, #3708, .F. ) ;
#1757 = LINE ( 'NONE', #2043, #1346 ) ;
#1758 = ORIENTED_EDGE ( 'NONE', *, *, #3263, .T. ) ;
#1759 = CARTESIAN_POINT ( 'NONE',  ( 0.7300000000000000933, 0.4500000000000000666, -1.000000000000000000 ) ) ;
#1760 = CARTESIAN_POINT ( 'NONE',  ( 0.7099999999999999645, 0.3300000000000000155, 0.1250000000000016376 ) ) ;
#1761 = ORIENTED_EDGE ( 'NONE', *, *, #2919, .T. ) ;
#1762 = ORIENTED_EDGE ( 'NONE', *, *, #1054, .T. ) ;
#1763 = CARTESIAN_POINT ( 'NONE',  ( -0.4699999999999999178, 0.3300000000000000155, -1.000000000000000000 ) ) ;
#1764 = ORIENTED_EDGE ( 'NONE', *, *, #2589, .T. ) ;
#1765 = PRODUCT_RELATED_PRODUCT_CATEGORY ( 'part', '', ( #2988 ) ) ;
#1766 = DIRECTION ( 'NONE',  ( 0.000000000000000000, 0.000000000000000000, -1.000000000000000000 ) ) ;
#1767 = CARTESIAN_POINT ( 'NONE',  ( 0.5091797795056174358, 0.02000000000000002470, -0.9600000000000000755 ) ) ;
#1768 =( NAMED_UNIT ( * ) PLANE_ANGLE_UNIT ( ) SI_UNIT ( $, .RADIAN. ) );
#1769 = CARTESIAN_POINT ( 'NONE',  ( 0.5999999999999999778, 0.3300000000000000155, -0.6799999999999998268 ) ) ;
#1770 = ORIENTED_EDGE ( 'NONE', *, *, #387, .T. ) ;
#1771 = EDGE_CURVE ( 'NONE', #1154, #2050, #573, .T. ) ;
#1772 = CARTESIAN_POINT ( 'NONE',  ( 0.000000000000000000, 0.01999999999999999695, 0.2250000000000000888 ) ) ;
#1773 = ORIENTED_EDGE ( 'NONE', *, *, #4022, .T. ) ;
#1774 = PLANE ( 'NONE',  #376 ) ;
#1775 = VERTEX_POINT ( 'NONE', #2713 ) ;
#1776 = EDGE_CURVE ( 'NONE', #594, #1255, #2411, .T. ) ;
#1777 = CARTESIAN_POINT ( 'NONE',  ( 0.9600000000000000755, 0.02000000000000005246, -0.2250000000000001443 ) ) ;
#1778 = CARTESIAN_POINT ( 'NONE',  ( 1.050000000000000044, -8.673617379884035472E-16, 0.1250000000000000278 ) ) ;
#1779 = EDGE_LOOP ( 'NONE', ( #258, #3261, #1180, #1634, #653 ) ) ;
#1780 = VECTOR ( 'NONE', #1721, 1000.000000000000114 ) ;
#1781 = ORIENTED_EDGE ( 'NONE', *, *, #2518, .F. ) ;
#1782 = DIRECTION ( 'NONE',  ( -1.000000000000000000, 0.000000000000000000, -0.000000000000000000 ) ) ;
#1783 = ORIENTED_EDGE ( 'NONE', *, *, #240, .T. ) ;
#1784 = VECTOR ( 'NONE', #1892, 1000.000000000000000 ) ;
#1785 = LINE ( 'NONE', #539, #482 ) ;
#1786 = VECTOR ( 'NONE', #764, 1000.000000000000000 ) ;
#1787 = LINE ( 'NONE', #876, #1003 ) ;
#1788 = AXIS2_PLACEMENT_3D ( 'NONE', #2246, #2918, #3507 ) ;
#1789 = ORIENTED_EDGE ( 'NONE', *, *, #1200, .T. ) ;
#1790 = VECTOR ( 'NONE', #3709, 1000.000000000000000 ) ;
#1791 = LINE ( 'NONE', #269, #2785 ) ;
#1792 = ORIENTED_EDGE ( 'NONE', *, *, #595, .T. ) ;
#1793 = EDGE_CURVE ( 'NONE', #1124, #100, #194, .T. ) ;
#1794 = CARTESIAN_POINT ( 'NONE',  ( 0.000000000000000000, 0.6807415121403106451, 0.6750000000000001554 ) ) ;
#1795 = VERTEX_POINT ( 'NONE', #1153 ) ;
#1796 = VECTOR ( 'NONE', #3655, 1000.000000000000000 ) ;
#1797 = AXIS2_PLACEMENT_3D ( 'NONE', #3145, #1834, #2511 ) ;
#1798 = CARTESIAN_POINT ( 'NONE',  ( -0.9000000000000000222, 0.3300000000000000155, 0.4000000000000000222 ) ) ;
#1799 = EDGE_CURVE ( 'NONE', #3653, #2833, #1433, .T. ) ;
#1800 = CARTESIAN_POINT ( 'NONE',  ( 1.050000000000000044, 4.286198866091972345E-16, -0.1250000000000000000 ) ) ;
#1801 = ORIENTED_EDGE ( 'NONE', *, *, #2794, .T. ) ;
#1802 = AXIS2_PLACEMENT_3D ( 'NONE', #1473, #3666, #884 ) ;
#1803 = VERTEX_POINT ( 'NONE', #2674 ) ;
#1804 = EDGE_CURVE ( 'NONE', #474, #1429, #1114, .T. ) ;
#1805 = CARTESIAN_POINT ( 'NONE',  ( 0.9000000000000000222, 0.3300000000000000155, -0.4000000000000000222 ) ) ;
#1806 = AXIS2_PLACEMENT_3D ( 'NONE', #1013, #2250, #1302 ) ;
#1807 = ORIENTED_EDGE ( 'NONE', *, *, #674, .T. ) ;
#1808 = VECTOR ( 'NONE', #2281, 1000.000000000000000 ) ;
#1809 = CARTESIAN_POINT ( 'NONE',  ( -0.7599999999999995648, 0.4500000000000002887, -0.2500000000000001110 ) ) ;
#1810 = PLANE ( 'NONE',  #1139 ) ;
#1811 = CARTESIAN_POINT ( 'NONE',  ( 0.4699999999999999178, 0.3300000000000000155, 0.8799999999999998934 ) ) ;
#1812 = EDGE_LOOP ( 'NONE', ( #3963, #1905, #2692, #874 ) ) ;
#1813 = CARTESIAN_POINT ( 'NONE',  ( 0.4699999999999999178, 0.3300000000000000155, -0.8099999999999999423 ) ) ;
#1814 = CARTESIAN_POINT ( 'NONE',  ( 0.9600000000000000755, 3.101858582251265872, -0.9600000000000001865 ) ) ;
#1815 = ORIENTED_EDGE ( 'NONE', *, *, #3092, .F. ) ;
#1816 = CARTESIAN_POINT ( 'NONE',  ( 0.000000000000000000, 1.355388493517416586E-15, -0.2000000000000000111 ) ) ;
#1817 = ORIENTED_EDGE ( 'NONE', *, *, #1879, .T. ) ;
#1818 = CARTESIAN_POINT ( 'NONE',  ( 0.9600000000000000755, 0.3300000000000000155, 0.1749999999999999611 ) ) ;
#1819 = CARTESIAN_POINT ( 'NONE',  ( -0.7599999999999995648, 0.3300000000000000155, -0.1999999999999983458 ) ) ;
#1820 = ORIENTED_EDGE ( 'NONE', *, *, #1642, .F. ) ;
#1821 = ADVANCED_FACE ( 'NONE', ( #3632 ), #1774, .T. ) ;
#1822 = VERTEX_POINT ( 'NONE', #3159 ) ;
#1823 = LINE ( 'NONE', #2724, #2570 ) ;
#1824 = ORIENTED_EDGE ( 'NONE', *, *, #1846, .F. ) ;
#1825 = ADVANCED_FACE ( 'NONE', ( #3443 ), #652, .F. ) ;
#1826 = CARTESIAN_POINT ( 'NONE',  ( -0.6183854405088103912, 0.3300000000000000155, -0.6813066607112201467 ) ) ;
#1827 = CARTESIAN_POINT ( 'NONE',  ( -0.6183854405088102801, 0.3300000000000000155, -0.6000000000000000888 ) ) ;
#1828 = ORIENTED_EDGE ( 'NONE', *, *, #3960, .T. ) ;
#1829 = DIRECTION ( 'NONE',  ( 1.000000000000000000, -0.000000000000000000, 0.000000000000000000 ) ) ;
#1830 = DIRECTION ( 'NONE',  ( -1.000000000000000000, -0.000000000000000000, -0.000000000000000000 ) ) ;
#1831 = EDGE_LOOP ( 'NONE', ( #1196, #2957, #3614, #2458 ) ) ;
#1832 = ORIENTED_EDGE ( 'NONE', *, *, #679, .F. ) ;
#1833 = CARTESIAN_POINT ( 'NONE',  ( -0.4999999999999998890, -1.014945979689235459E-16, 0.8800000000000013367 ) ) ;
#1834 = DIRECTION ( 'NONE',  ( 0.000000000000000000, 0.000000000000000000, 1.000000000000000000 ) ) ;
#1835 = ORIENTED_EDGE ( 'NONE', *, *, #1406, .F. ) ;
#1836 = LINE ( 'NONE', #297, #3933 ) ;
#1837 = DIRECTION ( 'NONE',  ( -0.7071067811865477948, 0.000000000000000000, -0.7071067811865473507 ) ) ;
#1838 = VERTEX_POINT ( 'NONE', #3689 ) ;
#1839 = EDGE_CURVE ( 'NONE', #1154, #1371, #669, .T. ) ;
#1840 = DIRECTION ( 'NONE',  ( -1.084202172485504434E-16, 1.000000000000000000, 0.000000000000000000 ) ) ;
#1841 = VECTOR ( 'NONE', #2230, 1000.000000000000000 ) ;
#1842 = DIRECTION ( 'NONE',  ( -0.6427876096865378086, -5.191439118632110423E-15, 0.7660444431189794567 ) ) ;
#1843 = CARTESIAN_POINT ( 'NONE',  ( -0.8201970085578875747, 0.3800000000000000044, -0.9585169968399571694 ) ) ;
#1844 = AXIS2_PLACEMENT_3D ( 'NONE', #369, #1305, #3782 ) ;
#1845 = FILL_AREA_STYLE ('',( #542 ) ) ;
#1846 = EDGE_CURVE ( 'NONE', #2452, #3421, #2832, .T. ) ;
#1847 = VECTOR ( 'NONE', #2483, 1000.000000000000000 ) ;
#1848 = CARTESIAN_POINT ( 'NONE',  ( 0.6749999998305611371, 0.8223027177223229955, 0.000000000000000000 ) ) ;
#1849 = DIRECTION ( 'NONE',  ( 0.000000000000000000, 0.000000000000000000, 1.000000000000000000 ) ) ;
#1850 = VECTOR ( 'NONE', #3751, 1000.000000000000000 ) ;
#1851 = ORIENTED_EDGE ( 'NONE', *, *, #2344, .F. ) ;
#1852 = ADVANCED_FACE ( 'NONE', ( #1895 ), #350, .T. ) ;
#1853 = CARTESIAN_POINT ( 'NONE',  ( -1.000000000000000000, 3.101858582251265872, -0.3532444682122631296 ) ) ;
#1854 = ORIENTED_EDGE ( 'NONE', *, *, #3866, .F. ) ;
#1855 = CIRCLE ( 'NONE', #171, 0.1300000000000001155 ) ;
#1856 = LINE ( 'NONE', #3104, #3222 ) ;
#1857 = LINE ( 'NONE', #2147, #49 ) ;
#1858 = VECTOR ( 'NONE', #2357, 1000.000000000000000 ) ;
#1859 = ORIENTED_EDGE ( 'NONE', *, *, #3592, .T. ) ;
#1860 = MANIFOLD_SOLID_BREP ( 'Edge-Flange2', #296 ) ;
#1861 = AXIS2_PLACEMENT_3D ( 'NONE', #3109, #322, #2819 ) ;
#1862 = DIRECTION ( 'NONE',  ( -1.000000000000000000, -1.084202172485504434E-16, -3.562104093400868357E-31 ) ) ;
#1863 = DIRECTION ( 'NONE',  ( -1.000000000000000000, 0.000000000000000000, 1.333472759798002352E-15 ) ) ;
#1864 = ORIENTED_EDGE ( 'NONE', *, *, #2847, .F. ) ;
#1865 = CARTESIAN_POINT ( 'NONE',  ( 0.9600000000000000755, 0.3300000000000000155, 0.9599999999999995204 ) ) ;
#1866 = STYLED_ITEM ( 'NONE', ( #2472 ), #1860 ) ;
#1867 = CARTESIAN_POINT ( 'NONE',  ( -0.8183854405088103467, 0.3300000000000000155, -0.3999999999999999667 ) ) ;
#1868 = ADVANCED_FACE ( 'NONE', ( #611 ), #290, .F. ) ;
#1869 = AXIS2_PLACEMENT_3D ( 'NONE', #526, #2342, #1467 ) ;
#1870 = DIRECTION ( 'NONE',  ( 0.000000000000000000, 0.7071067811865474617, -0.7071067811865474617 ) ) ;
#1871 = CIRCLE ( 'NONE', #1293, 0.1200000000000002037 ) ;
#1872 = PLANE ( 'NONE',  #1074 ) ;
#1873 = EDGE_CURVE ( 'NONE', #591, #2304, #3767, .T. ) ;
#1874 = DIRECTION ( 'NONE',  ( 0.000000000000000000, -0.000000000000000000, 1.000000000000000000 ) ) ;
#1875 = VECTOR ( 'NONE', #2544, 1000.000000000000000 ) ;
#1876 = EDGE_LOOP ( 'NONE', ( #2132, #3848 ) ) ;
#1877 = DIRECTION ( 'NONE',  ( 0.000000000000000000, -1.000000000000000000, -6.776942467587082337E-15 ) ) ;
#1878 = VERTEX_POINT ( 'NONE', #925 ) ;
#1879 = EDGE_CURVE ( 'NONE', #1115, #1795, #2488, .T. ) ;
#1880 = FACE_OUTER_BOUND ( 'NONE', #556, .T. ) ;
#1881 = CYLINDRICAL_SURFACE ( 'NONE', #3094, 0.2999999999999999889 ) ;
#1882 = ORIENTED_EDGE ( 'NONE', *, *, #3363, .T. ) ;
#1883 = DIRECTION ( 'NONE',  ( 1.000000000000000000, 0.000000000000000000, 0.000000000000000000 ) ) ;
#1884 = VERTEX_POINT ( 'NONE', #1914 ) ;
#1885 = ORIENTED_EDGE ( 'NONE', *, *, #3123, .T. ) ;
#1886 = CARTESIAN_POINT ( 'NONE',  ( -0.4699999999999999178, 0.3300000000000000155, -0.8099999999999999423 ) ) ;
#1887 = ORIENTED_EDGE ( 'NONE', *, *, #879, .T. ) ;
#1888 = DIRECTION ( 'NONE',  ( -0.000000000000000000, 1.000000000000000000, -0.000000000000000000 ) ) ;
#1889 = SURFACE_SIDE_STYLE ('',( #2937 ) ) ;
#1890 = DIRECTION ( 'NONE',  ( -1.000000000000000000, 0.000000000000000000, -0.000000000000000000 ) ) ;
#1891 = PLANE ( 'NONE',  #893 ) ;
#1892 = DIRECTION ( 'NONE',  ( 0.5735764365019380140, -0.8191520441833360922, 0.000000000000000000 ) ) ;
#1893 = CARTESIAN_POINT ( 'NONE',  ( -1.050000000000000044, 0.3300000000000000155, -0.8099999999999999423 ) ) ;
#1894 = ORIENTED_EDGE ( 'NONE', *, *, #439, .F. ) ;
#1895 = FACE_OUTER_BOUND ( 'NONE', #3450, .T. ) ;
#1896 = ORIENTED_EDGE ( 'NONE', *, *, #2794, .F. ) ;
#1897 = EDGE_CURVE ( 'NONE', #2353, #1438, #2506, .T. ) ;
#1898 = CARTESIAN_POINT ( 'NONE',  ( 0.7300000000000000933, 0.4500000000000000666, 1.000000000000000000 ) ) ;
#1899 = LINE ( 'NONE', #2162, #3938 ) ;
#1900 = LINE ( 'NONE', #2797, #2645 ) ;
#1901 = ORIENTED_EDGE ( 'NONE', *, *, #2241, .F. ) ;
#1902 = EDGE_CURVE ( 'NONE', #2346, #83, #24, .T. ) ;
#1903 = ORIENTED_EDGE ( 'NONE', *, *, #1332, .F. ) ;
#1904 = CARTESIAN_POINT ( 'NONE',  ( 0.000000000000000000, 0.6807415121403106451, 0.6750000000000000444 ) ) ;
#1905 = ORIENTED_EDGE ( 'NONE', *, *, #955, .T. ) ;
#1906 = LINE ( 'NONE', #979, #903 ) ;
#1907 = EDGE_CURVE ( 'NONE', #2791, #3789, #1233, .T. ) ;
#1908 = MANIFOLD_SOLID_BREP ( 'Boss-Extrude3[1]', #3737 ) ;
#1909 = DIRECTION ( 'NONE',  ( 0.000000000000000000, 0.000000000000000000, 1.000000000000000000 ) ) ;
#1910 = CARTESIAN_POINT ( 'NONE',  ( 0.000000000000000000, 0.1499999999999999944, 0.000000000000000000 ) ) ;
#1911 = LINE ( 'NONE', #3209, #945 ) ;
#1912 = VECTOR ( 'NONE', #1965, 1000.000000000000000 ) ;
#1913 = DIRECTION ( 'NONE',  ( 1.000000000000000000, 0.000000000000000000, -0.000000000000000000 ) ) ;
#1914 = CARTESIAN_POINT ( 'NONE',  ( 0.5091797795056174358, 0.3300000000000000155, 0.8599999999999994316 ) ) ;
#1915 = ORIENTED_EDGE ( 'NONE', *, *, #1605, .F. ) ;
#1916 = VECTOR ( 'NONE', #3252, 1000.000000000000000 ) ;
#1917 = VECTOR ( 'NONE', #2431, 1000.000000000000000 ) ;
#1918 = STYLED_ITEM ( 'NONE', ( #345 ), #2539 ) ;
#1919 = DIRECTION ( 'NONE',  ( -0.000000000000000000, -1.000000000000000000, -0.000000000000000000 ) ) ;
#1920 = ADVANCED_FACE ( 'NONE', ( #754 ), #1266, .T. ) ;
#1921 = DIRECTION ( 'NONE',  ( 0.000000000000000000, -6.776942467587081548E-15, 1.000000000000000000 ) ) ;
#1922 = ORIENTED_EDGE ( 'NONE', *, *, #234, .F. ) ;
#1923 = CIRCLE ( 'NONE', #2888, 0.1300000000000000044 ) ;
#1924 = EDGE_CURVE ( 'NONE', #1631, #1753, #1062, .T. ) ;
#1925 = ORIENTED_EDGE ( 'NONE', *, *, #3621, .F. ) ;
#1926 = LINE ( 'NONE', #58, #826 ) ;
#1927 = ORIENTED_EDGE ( 'NONE', *, *, #3766, .F. ) ;
#1928 = LINE ( 'NONE', #3760, #3560 ) ;
#1929 = ADVANCED_FACE ( 'NONE', ( #1630 ), #1667, .F. ) ;
#1930 = SURFACE_SIDE_STYLE ('',( #2863 ) ) ;
#1931 = CARTESIAN_POINT ( 'NONE',  ( 1.000000000000000000, 0.3300000000000000155, 1.000000000000000444 ) ) ;
#1932 = VECTOR ( 'NONE', #620, 1000.000000000000000 ) ;
#1933 = VECTOR ( 'NONE', #407, 1000.000000000000000 ) ;
#1934 = LINE ( 'NONE', #2254, #3863 ) ;
#1935 = LINE ( 'NONE', #2178, #189 ) ;
#1936 = SURFACE_STYLE_USAGE ( .BOTH. , #3235 ) ;
#1937 = CIRCLE ( 'NONE', #3231, 0.6750000000010913936 ) ;
#1938 = ORIENTED_EDGE ( 'NONE', *, *, #3461, .F. ) ;
#1939 = AXIS2_PLACEMENT_3D ( 'NONE', #2627, #3605, #1089 ) ;
#1940 = PLANE ( 'NONE',  #3565 ) ;
#1941 = LINE ( 'NONE', #2566, #1024 ) ;
#1942 = ORIENTED_EDGE ( 'NONE', *, *, #763, .T. ) ;
#1943 = ADVANCED_FACE ( 'NONE', ( #2545 ), #3500, .F. ) ;
#1944 = CARTESIAN_POINT ( 'NONE',  ( 0.5091797795056174358, -0.3300000000000000155, 0.8599999999999994316 ) ) ;
#1945 = CARTESIAN_POINT ( 'NONE',  ( -0.9000000000000001332, 0.4500000000000000666, -0.4000000000000000222 ) ) ;
#1946 = VERTEX_POINT ( 'NONE', #3539 ) ;
#1947 = DIRECTION ( 'NONE',  ( 1.000000000000000000, 0.000000000000000000, -0.000000000000000000 ) ) ;
#1948 = EDGE_CURVE ( 'NONE', #1519, #1387, #144, .T. ) ;
#1949 = DIRECTION ( 'NONE',  ( 0.000000000000000000, 1.000000000000000000, 0.000000000000000000 ) ) ;
#1950 = ADVANCED_FACE ( 'NONE', ( #1386 ), #1344, .F. ) ;
#1951 = LINE ( 'NONE', #65, #545 ) ;
#1952 = DIRECTION ( 'NONE',  ( -1.000000000000000000, -0.000000000000000000, -1.606225440719265529E-15 ) ) ;
#1953 = DIRECTION ( 'NONE',  ( -0.000000000000000000, -1.000000000000000000, -0.000000000000000000 ) ) ;
#1954 = ORIENTED_EDGE ( 'NONE', *, *, #279, .T. ) ;
#1955 = EDGE_CURVE ( 'NONE', #2374, #3237, #2325, .T. ) ;
#1956 = DIRECTION ( 'NONE',  ( 0.000000000000000000, 0.000000000000000000, 1.000000000000000000 ) ) ;
#1957 = ORIENTED_EDGE ( 'NONE', *, *, #1489, .T. ) ;
#1958 = DIRECTION ( 'NONE',  ( 0.000000000000000000, 1.000000000000000000, 6.776942467587082337E-15 ) ) ;
#1959 = EDGE_LOOP ( 'NONE', ( #209, #3785, #3603, #467 ) ) ;
#1960 = FILL_AREA_STYLE_COLOUR ( '', #2562 ) ;
#1961 = CARTESIAN_POINT ( 'NONE',  ( 0.4699999999999999178, 1.479272175397998350E-16, -1.000000000000000222 ) ) ;
#1962 = DIRECTION ( 'NONE',  ( -0.7071067811865465735, 4.812837669033922233E-15, 0.7071067811865483499 ) ) ;
#1963 = ORIENTED_EDGE ( 'NONE', *, *, #1476, .T. ) ;
#1964 = DIRECTION ( 'NONE',  ( 0.000000000000000000, -0.7071067811865475727, 0.7071067811865475727 ) ) ;
#1965 = DIRECTION ( 'NONE',  ( 0.000000000000000000, 0.000000000000000000, -1.000000000000000000 ) ) ;
#1966 = EDGE_CURVE ( 'NONE', #2161, #231, #777, .T. ) ;
#1967 = CARTESIAN_POINT ( 'NONE',  ( -0.5000000000000000000, 0.3090703013446986502, 0.8800000000000001155 ) ) ;
#1968 = ORIENTED_EDGE ( 'NONE', *, *, #3886, .F. ) ;
#1969 = LINE ( 'NONE', #2602, #3473 ) ;
#1970 = DIRECTION ( 'NONE',  ( -1.606225440719265529E-15, 0.000000000000000000, -1.000000000000000000 ) ) ;
#1971 = ADVANCED_FACE ( 'NONE', ( #1086 ), #2320, .F. ) ;
#1972 = CARTESIAN_POINT ( 'NONE',  ( -0.5091797795056174358, 0.1499999999999999944, 0.6850236653556326383 ) ) ;
#1973 = LINE ( 'NONE', #3214, #3884 ) ;
#1974 = EDGE_LOOP ( 'NONE', ( #12, #952, #3017, #1226, #195, #1238, #862 ) ) ;
#1975 = CIRCLE ( 'NONE', #221, 0.1300000000000001155 ) ;
#1976 = CARTESIAN_POINT ( 'NONE',  ( -0.6183854405088102801, 0.4500000000000000666, -0.6000000000000001998 ) ) ;
#1977 = EDGE_CURVE ( 'NONE', #2191, #1036, #1973, .T. ) ;
#1978 = VECTOR ( 'NONE', #2339, 999.9999999999998863 ) ;
#1979 = EDGE_LOOP ( 'NONE', ( #75, #1408, #176, #29 ) ) ;
#1980 = DIRECTION ( 'NONE',  ( -1.000000000000000000, 0.000000000000000000, -1.224646799147353207E-16 ) ) ;
#1981 = EDGE_LOOP ( 'NONE', ( #3150, #2261 ) ) ;
#1982 = VECTOR ( 'NONE', #3657, 1000.000000000000000 ) ;
#1983 = CARTESIAN_POINT ( 'NONE',  ( 0.5999999999999999778, 0.3300000000000000155, -0.1249999999999977240 ) ) ;
#1984 = CARTESIAN_POINT ( 'NONE',  ( 0.5000000000000001110, 0.1199999999999989408, 0.7250000000000016431 ) ) ;
#1985 = AXIS2_PLACEMENT_3D ( 'NONE', #976, #3083, #2211 ) ;
#1986 = EDGE_LOOP ( 'NONE', ( #3059, #3226, #4007, #1240 ) ) ;
#1987 = DIRECTION ( 'NONE',  ( -0.000000000000000000, -1.000000000000000000, -0.000000000000000000 ) ) ;
#1988 = AXIS2_PLACEMENT_3D ( 'NONE', #1576, #3865, #2622 ) ;
#1989 = DIRECTION ( 'NONE',  ( -0.000000000000000000, 0.000000000000000000, -1.000000000000000000 ) ) ;
#1990 = CARTESIAN_POINT ( 'NONE',  ( 0.4699999999999999178, 0.4500000000000001776, -0.8800000000000000044 ) ) ;
#1991 = ORIENTED_EDGE ( 'NONE', *, *, #2130, .F. ) ;
#1992 = AXIS2_PLACEMENT_3D ( 'NONE', #2337, #3579, #3596 ) ;
#1993 = EDGE_CURVE ( 'NONE', #2050, #2701, #1308, .T. ) ;
#1994 = CARTESIAN_POINT ( 'NONE',  ( 0.5999999999999999778, 0.3300000000000000155, 1.000000000000000444 ) ) ;
#1995 = VECTOR ( 'NONE', #1010, 1000.000000000000000 ) ;
#1996 = DIRECTION ( 'NONE',  ( 0.000000000000000000, 0.000000000000000000, -1.000000000000000000 ) ) ;
#1997 = CARTESIAN_POINT ( 'NONE',  ( 0.4699999999999999178, 0.3090703013446987613, 1.000000000000000222 ) ) ;
#1998 = CARTESIAN_POINT ( 'NONE',  ( -0.7300000000000000933, 0.3300000000000000155, -0.8099999999999999423 ) ) ;
#1999 = VERTEX_POINT ( 'NONE', #2909 ) ;
#2000 = VECTOR ( 'NONE', #3895, 1000.000000000000000 ) ;
#2001 = EDGE_CURVE ( 'NONE', #3745, #2810, #689, .T. ) ;
#2002 = UNCERTAINTY_MEASURE_WITH_UNIT (LENGTH_MEASURE( 1.000000000000000082E-05 ), #3196, 'distance_accuracy_value', 'NONE');
#2003 = DIRECTION ( 'NONE',  ( 0.000000000000000000, 1.000000000000000000, 0.000000000000000000 ) ) ;
#2004 = AXIS2_PLACEMENT_3D ( 'NONE', #3267, #1987, #437 ) ;
#2005 = ORIENTED_EDGE ( 'NONE', *, *, #2365, .F. ) ;
#2006 = CARTESIAN_POINT ( 'NONE',  ( 0.7099999999999999645, 0.4500000000000002887, 0.1749999999999999889 ) ) ;
#2007 = ORIENTED_EDGE ( 'NONE', *, *, #1002, .F. ) ;
#2008 = ADVANCED_FACE ( 'NONE', ( #1323 ), #1022, .F. ) ;
#2009 = VECTOR ( 'NONE', #2530, 1000.000000000000000 ) ;
#2010 = DIRECTION ( 'NONE',  ( -1.000000000000000000, -0.000000000000000000, -0.000000000000000000 ) ) ;
#2011 = CARTESIAN_POINT ( 'NONE',  ( -0.4999999999999998890, 0.1199999999999999956, 0.8800000000000007816 ) ) ;
#2012 = LINE ( 'NONE', #3552, #2710 ) ;
#2013 = ORIENTED_EDGE ( 'NONE', *, *, #916, .T. ) ;
#2014 = LINE ( 'NONE', #2289, #2463 ) ;
#2015 = DIRECTION ( 'NONE',  ( -0.7071067811865477948, 0.000000000000000000, -0.7071067811865473507 ) ) ;
#2016 = DIRECTION ( 'NONE',  ( 0.000000000000000000, 0.000000000000000000, 1.000000000000000000 ) ) ;
#2017 = ORIENTED_EDGE ( 'NONE', *, *, #2969, .F. ) ;
#2018 = LINE ( 'NONE', #2079, #1916 ) ;
#2019 = CARTESIAN_POINT ( 'NONE',  ( 0.000000000000000000, 0.5807415121403105562, 0.000000000000000000 ) ) ;
#2020 = CYLINDRICAL_SURFACE ( 'NONE', #3998, 0.1300000000000001155 ) ;
#2021 = EDGE_LOOP ( 'NONE', ( #2005, #412, #2044, #2682 ) ) ;
#2022 = FACE_OUTER_BOUND ( 'NONE', #2580, .T. ) ;
#2023 = ORIENTED_EDGE ( 'NONE', *, *, #3144, .T. ) ;
#2024 = EDGE_CURVE ( 'NONE', #469, #2208, #3584, .T. ) ;
#2025 = LINE ( 'NONE', #3872, #1161 ) ;
#2026 = ORIENTED_EDGE ( 'NONE', *, *, #3730, .T. ) ;
#2027 = LINE ( 'NONE', #1049, #1269 ) ;
#2028 = CARTESIAN_POINT ( 'NONE',  ( -0.6183854405088102801, 0.4500000000000000666, -0.6000000000000000888 ) ) ;
#2029 = EDGE_CURVE ( 'NONE', #457, #1534, #1243, .T. ) ;
#2030 = PLANE ( 'NONE',  #827 ) ;
#2031 = ORIENTED_EDGE ( 'NONE', *, *, #3807, .F. ) ;
#2032 = DIRECTION ( 'NONE',  ( 0.000000000000000000, 0.000000000000000000, 1.000000000000000000 ) ) ;
#2033 = ADVANCED_FACE ( 'NONE', ( #1445 ), #3088, .F. ) ;
#2034 = DIRECTION ( 'NONE',  ( 0.000000000000000000, -6.776942467587083126E-15, 1.000000000000000000 ) ) ;
#2035 = ORIENTED_EDGE ( 'NONE', *, *, #207, .T. ) ;
#2036 = LINE ( 'NONE', #3271, #3154 ) ;
#2037 = LINE ( 'NONE', #3599, #479 ) ;
#2038 = DIRECTION ( 'NONE',  ( -0.000000000000000000, -1.000000000000000000, -0.000000000000000000 ) ) ;
#2039 = DIRECTION ( 'NONE',  ( -0.7660444431189793457, 0.000000000000000000, 0.6427876096865376976 ) ) ;
#2040 = ORIENTED_EDGE ( 'NONE', *, *, #1701, .F. ) ;
#2041 = DIRECTION ( 'NONE',  ( -1.000000000000000000, 0.000000000000000000, 0.000000000000000000 ) ) ;
#2042 = ORIENTED_EDGE ( 'NONE', *, *, #1902, .F. ) ;
#2043 = CARTESIAN_POINT ( 'NONE',  ( 0.7299999999999999822, 0.3300000000000000155, -1.000000000000000000 ) ) ;
#2044 = ORIENTED_EDGE ( 'NONE', *, *, #3123, .F. ) ;
#2045 = AXIS2_PLACEMENT_3D ( 'NONE', #2646, #1107, #2340 ) ;
#2046 = EDGE_CURVE ( 'NONE', #3859, #3215, #1707, .T. ) ;
#2047 = AXIS2_PLACEMENT_3D ( 'NONE', #3136, #1829, #1569 ) ;
#2048 = DIRECTION ( 'NONE',  ( 0.000000000000000000, 1.000000000000000000, -3.285461128743950165E-15 ) ) ;
#2049 = DIRECTION ( 'NONE',  ( 1.000000000000000000, 0.000000000000000000, -0.000000000000000000 ) ) ;
#2050 = VERTEX_POINT ( 'NONE', #163 ) ;
#2051 = EDGE_CURVE ( 'NONE', #2989, #2191, #3319, .T. ) ;
#2052 = VERTEX_POINT ( 'NONE', #2169 ) ;
#2053 = LINE ( 'NONE', #2617, #370 ) ;
#2054 = ORIENTED_EDGE ( 'NONE', *, *, #432, .F. ) ;
#2055 = VECTOR ( 'NONE', #3254, 1000.000000000000000 ) ;
#2056 = ADVANCED_FACE ( 'NONE', ( #464 ), #2384, .T. ) ;
#2057 = DIRECTION ( 'NONE',  ( 0.000000000000000000, -0.000000000000000000, -1.000000000000000000 ) ) ;
#2058 = PLANE ( 'NONE',  #157 ) ;
#2059 = DIRECTION ( 'NONE',  ( 0.000000000000000000, 1.000000000000000000, 6.776942467587082337E-15 ) ) ;
#2060 = AXIS2_PLACEMENT_3D ( 'NONE', #327, #3415, #3763 ) ;
#2061 = CARTESIAN_POINT ( 'NONE',  ( 1.000000000000000000, 0.3300000000000000155, 1.000000000000000222 ) ) ;
#2062 = ORIENTED_EDGE ( 'NONE', *, *, #962, .F. ) ;
#2063 = AXIS2_PLACEMENT_3D ( 'NONE', #2333, #3527, #473 ) ;
#2064 = DIRECTION ( 'NONE',  ( -1.000000000000000000, -0.000000000000000000, 0.000000000000000000 ) ) ;
#2065 = VERTEX_POINT ( 'NONE', #3950 ) ;
#2066 = DIRECTION ( 'NONE',  ( -1.000000000000000000, -0.000000000000000000, -0.000000000000000000 ) ) ;
#2067 = VECTOR ( 'NONE', #491, 1000.000000000000000 ) ;
#2068 = ORIENTED_EDGE ( 'NONE', *, *, #962, .T. ) ;
#2069 = CIRCLE ( 'NONE', #1547, 0.1200000000000003147 ) ;
#2070 = DIRECTION ( 'NONE',  ( 0.000000000000000000, 0.000000000000000000, 1.000000000000000000 ) ) ;
#2071 = CARTESIAN_POINT ( 'NONE',  ( 0.5999999999999998668, 0.3300000000000000155, -0.9600000000000001865 ) ) ;
#2072 = ORIENTED_EDGE ( 'NONE', *, *, #1799, .T. ) ;
#2073 = AXIS2_PLACEMENT_3D ( 'NONE', #2979, #2003, #1112 ) ;
#2074 = AXIS2_PLACEMENT_3D ( 'NONE', #965, #1290, #1306 ) ;
#2075 = ORIENTED_EDGE ( 'NONE', *, *, #3544, .F. ) ;
#2076 = DIRECTION ( 'NONE',  ( 0.000000000000000000, 0.000000000000000000, 1.000000000000000000 ) ) ;
#2077 = VERTEX_POINT ( 'NONE', #300 ) ;
#2078 = EDGE_CURVE ( 'NONE', #107, #499, #3626, .T. ) ;
#2079 = CARTESIAN_POINT ( 'NONE',  ( 0.5999999999999998668, 0.3300000000000000155, -0.8599999999999996536 ) ) ;
#2080 = CARTESIAN_POINT ( 'NONE',  ( 0.000000000000000000, 0.03999999999999999389, -0.2999999999999999889 ) ) ;
#2081 = EDGE_CURVE ( 'NONE', #1491, #1461, #2482, .T. ) ;
#2082 = DIRECTION ( 'NONE',  ( -0.000000000000000000, -0.000000000000000000, -1.000000000000000000 ) ) ;
#2083 = ORIENTED_EDGE ( 'NONE', *, *, #1038, .T. ) ;
#2084 = DIRECTION ( 'NONE',  ( 0.000000000000000000, 0.000000000000000000, 1.000000000000000000 ) ) ;
#2085 = ORIENTED_EDGE ( 'NONE', *, *, #2145, .F. ) ;
#2086 = CYLINDRICAL_SURFACE ( 'NONE', #1802, 0.1300000000000000044 ) ;
#2087 = ORIENTED_EDGE ( 'NONE', *, *, #2914, .F. ) ;
#2088 = LINE ( 'NONE', #1135, #2564 ) ;
#2089 = LINE ( 'NONE', #3652, #3748 ) ;
#2090 = VERTEX_POINT ( 'NONE', #1752 ) ;
#2091 = VERTEX_POINT ( 'NONE', #2950 ) ;
#2092 = FACE_OUTER_BOUND ( 'NONE', #3131, .T. ) ;
#2093 = VERTEX_POINT ( 'NONE', #2976 ) ;
#2094 = DIRECTION ( 'NONE',  ( -0.000000000000000000, 0.000000000000000000, -1.000000000000000000 ) ) ;
#2095 = ADVANCED_FACE ( 'NONE', ( #2784 ), #3393, .T. ) ;
#2096 = LINE ( 'NONE', #1843, #2233 ) ;
#2097 = CARTESIAN_POINT ( 'NONE',  ( -0.5091797795056174358, -0.3300000000000000155, 0.6850236653556326383 ) ) ;
#2098 = CARTESIAN_POINT ( 'NONE',  ( -0.7599999999999995648, 0.01999999999999997960, -0.3000000000000002665 ) ) ;
#2099 = ORIENTED_EDGE ( 'NONE', *, *, #865, .F. ) ;
#2100 = ADVANCED_FACE ( 'NONE', ( #3602 ), #842, .T. ) ;
#2101 = CARTESIAN_POINT ( 'NONE',  ( -1.000000000000000000, 0.02000000000000005246, -0.3532444682122631296 ) ) ;
#2102 = ORIENTED_EDGE ( 'NONE', *, *, #3741, .F. ) ;
#2103 = CARTESIAN_POINT ( 'NONE',  ( 0.2945032742232427947, 0.01999999999999997266, 0.4703471600732581082 ) ) ;
#2104 = EDGE_LOOP ( 'NONE', ( #3460, #340, #2473, #1561 ) ) ;
#2105 = EDGE_CURVE ( 'NONE', #2346, #2513, #3275, .T. ) ;
#2106 = DIRECTION ( 'NONE',  ( 0.000000000000000000, 0.7071067811865474617, 0.7071067811865474617 ) ) ;
#2107 = CARTESIAN_POINT ( 'NONE',  ( -0.9599999999999998535, 3.101858582251265872, 0.2499999999999998890 ) ) ;
#2108 = ORIENTED_EDGE ( 'NONE', *, *, #2221, .T. ) ;
#2109 = VECTOR ( 'NONE', #3556, 1000.000000000000000 ) ;
#2110 = EDGE_LOOP ( 'NONE', ( #2760, #2444, #1120, #3281 ) ) ;
#2111 = DIRECTION ( 'NONE',  ( 1.000000000000000000, 0.000000000000000000, 0.000000000000000000 ) ) ;
#2112 = EDGE_LOOP ( 'NONE', ( #378, #651, #461, #3371, #1516 ) ) ;
#2113 = VECTOR ( 'NONE', #1403, 1000.000000000000000 ) ;
#2114 = LINE ( 'NONE', #1504, #2239 ) ;
#2115 = CARTESIAN_POINT ( 'NONE',  ( -0.7099999999999995204, 0.02000000000000000042, 0.3000000000000001554 ) ) ;
#2116 = VECTOR ( 'NONE', #196, 1000.000000000000000 ) ;
#2117 = ORIENTED_EDGE ( 'NONE', *, *, #626, .T. ) ;
#2118 = EDGE_CURVE ( 'NONE', #1296, #1391, #2669, .T. ) ;
#2119 = CARTESIAN_POINT ( 'NONE',  ( 0.5999999999999998668, 0.3300000000000000155, -0.9599999999999998535 ) ) ;
#2120 = AXIS2_PLACEMENT_3D ( 'NONE', #2484, #3012, #282 ) ;
#2121 = PLANE ( 'NONE',  #2259 ) ;
#2122 = ORIENTED_EDGE ( 'NONE', *, *, #3615, .T. ) ;
#2123 = CARTESIAN_POINT ( 'NONE',  ( 0.000000000000000000, 0.1200000000000000094, 0.8800000000000006706 ) ) ;
#2124 = EDGE_CURVE ( 'NONE', #3606, #518, #2069, .T. ) ;
#2125 = AXIS2_PLACEMENT_3D ( 'NONE', #2600, #416, #1361 ) ;
#2126 = VECTOR ( 'NONE', #1215, 1000.000000000000000 ) ;
#2127 = CARTESIAN_POINT ( 'NONE',  ( -0.5999999999999999778, 0.4500000000000000666, -0.8099999999999999423 ) ) ;
#2128 = CARTESIAN_POINT ( 'NONE',  ( -0.5091797795056174358, 0.01999999999999999695, 0.8599999999999994316 ) ) ;
#2129 = ORIENTED_EDGE ( 'NONE', *, *, #279, .F. ) ;
#2130 = EDGE_CURVE ( 'NONE', #104, #798, #3907, .T. ) ;
#2131 = STYLED_ITEM ( 'NONE', ( #3803 ), #1908 ) ;
#2132 = ORIENTED_EDGE ( 'NONE', *, *, #854, .F. ) ;
#2133 = DIRECTION ( 'NONE',  ( 0.000000000000000000, 0.000000000000000000, -1.000000000000000000 ) ) ;
#2134 = VECTOR ( 'NONE', #3519, 1000.000000000000000 ) ;
#2135 = ORIENTED_EDGE ( 'NONE', *, *, #3128, .F. ) ;
#2136 = AXIS2_PLACEMENT_3D ( 'NONE', #427, #2345, #2932 ) ;
#2137 = DIRECTION ( 'NONE',  ( 1.398970545142590584E-15, 0.000000000000000000, 1.000000000000000000 ) ) ;
#2138 = CARTESIAN_POINT ( 'NONE',  ( 0.000000000000000000, 0.000000000000000000, 0.8599999999999994316 ) ) ;
#2139 = ORIENTED_EDGE ( 'NONE', *, *, #2355, .T. ) ;
#2140 = PLANE ( 'NONE',  #2301 ) ;
#2141 = DIRECTION ( 'NONE',  ( 1.000000000000000000, 0.000000000000000000, -0.000000000000000000 ) ) ;
#2142 = VERTEX_POINT ( 'NONE', #2061 ) ;
#2143 = DIRECTION ( 'NONE',  ( 0.000000000000000000, 1.000000000000000000, 0.000000000000000000 ) ) ;
#2144 = ORIENTED_EDGE ( 'NONE', *, *, #2221, .F. ) ;
#2145 = EDGE_CURVE ( 'NONE', #3230, #2353, #56, .T. ) ;
#2146 = CARTESIAN_POINT ( 'NONE',  ( -1.000000000000000000, 0.4500000000000000666, 1.000000000000000444 ) ) ;
#2147 = CARTESIAN_POINT ( 'NONE',  ( 0.7099999999999999645, 0.3300000000000000155, -0.1249999999999944489 ) ) ;
#2148 = VERTEX_POINT ( 'NONE', #1258 ) ;
#2149 = EDGE_CURVE ( 'NONE', #3789, #3772, #1280, .T. ) ;
#2150 = LINE ( 'NONE', #380, #1655 ) ;
#2151 = CARTESIAN_POINT ( 'NONE',  ( 0.9600000000000001865, 0.06999999999999989564, 0.1750000000000000722 ) ) ;
#2152 = ORIENTED_EDGE ( 'NONE', *, *, #1183, .F. ) ;
#2153 = DIRECTION ( 'NONE',  ( 0.000000000000000000, 0.000000000000000000, 1.000000000000000000 ) ) ;
#2154 = ADVANCED_FACE ( 'NONE', ( #2877 ), #2574, .T. ) ;
#2155 = DIRECTION ( 'NONE',  ( -1.000000000000000000, 1.080525845024586386E-30, -1.594414959537505941E-16 ) ) ;
#2156 = CARTESIAN_POINT ( 'NONE',  ( -0.8201970085578875747, 0.3800000000000000044, -0.8212762261540346165 ) ) ;
#2157 = DIRECTION ( 'NONE',  ( 0.000000000000000000, 1.000000000000000000, 0.000000000000000000 ) ) ;
#2158 = DIRECTION ( 'NONE',  ( 0.000000000000000000, 0.000000000000000000, -1.000000000000000000 ) ) ;
#2159 = ORIENTED_EDGE ( 'NONE', *, *, #1372, .F. ) ;
#2160 = DIRECTION ( 'NONE',  ( 0.000000000000000000, -0.000000000000000000, 1.000000000000000000 ) ) ;
#2161 = VERTEX_POINT ( 'NONE', #1865 ) ;
#2162 = CARTESIAN_POINT ( 'NONE',  ( -0.2945032742232427392, 0.01999999999999999695, 0.4703471600732581082 ) ) ;
#2163 = FACE_OUTER_BOUND ( 'NONE', #319, .T. ) ;
#2164 = ORIENTED_EDGE ( 'NONE', *, *, #2942, .T. ) ;
#2165 = EDGE_CURVE ( 'NONE', #1644, #2553, #384, .T. ) ;
#2166 = EDGE_LOOP ( 'NONE', ( #2435, #3503, #660, #2517 ) ) ;
#2167 = PLANE ( 'NONE',  #1861 ) ;
#2168 = ORIENTED_EDGE ( 'NONE', *, *, #845, .F. ) ;
#2169 = CARTESIAN_POINT ( 'NONE',  ( -0.7599999999999995648, 0.07000000000000013156, -0.2500000000000001110 ) ) ;
#2170 = EDGE_CURVE ( 'NONE', #1795, #2701, #3492, .T. ) ;
#2171 = PLANE ( 'NONE',  #1143 ) ;
#2172 = CARTESIAN_POINT ( 'NONE',  ( -1.653273178848927113E-16, 0.5807415121403105562, 0.6750000000000001554 ) ) ;
#2173 = AXIS2_PLACEMENT_3D ( 'NONE', #1206, #2446, #649 ) ;
#2174 = LINE ( 'NONE', #1640, #957 ) ;
#2175 = EDGE_CURVE ( 'NONE', #3465, #894, #313, .T. ) ;
#2176 = AXIS2_PLACEMENT_3D ( 'NONE', #1567, #2804, #18 ) ;
#2177 = CARTESIAN_POINT ( 'NONE',  ( 0.5091797795056174358, 0.01999999999999998307, -0.6850236653556328603 ) ) ;
#2178 = CARTESIAN_POINT ( 'NONE',  ( 0.2945032742232426282, 0.1499999999999999944, -0.4703471600732581082 ) ) ;
#2179 = VECTOR ( 'NONE', #1416, 1000.000000000000000 ) ;
#2180 = ORIENTED_EDGE ( 'NONE', *, *, #631, .F. ) ;
#2181 = EDGE_LOOP ( 'NONE', ( #2042, #3715, #2840, #1067, #168, #2144, #3956, #3341 ) ) ;
#2182 = EDGE_CURVE ( 'NONE', #894, #3000, #1928, .T. ) ;
#2183 = VECTOR ( 'NONE', #1536, 1000.000000000000114 ) ;
#2184 = CARTESIAN_POINT ( 'NONE',  ( 1.050000000000000044, 0.8240647730814263383, -0.1249999999999999722 ) ) ;
#2185 = CARTESIAN_POINT ( 'NONE',  ( -0.4999999999999996669, -6.996866321776276039E-16, 0.7250000000000019762 ) ) ;
#2186 = VECTOR ( 'NONE', #3839, 1000.000000000000000 ) ;
#2187 = ORIENTED_EDGE ( 'NONE', *, *, #3982, .F. ) ;
#2188 = AXIS2_PLACEMENT_3D ( 'NONE', #1537, #4019, #1921 ) ;
#2189 = VERTEX_POINT ( 'NONE', #2554 ) ;
#2190 = DIRECTION ( 'NONE',  ( 0.000000000000000000, -0.000000000000000000, 1.000000000000000000 ) ) ;
#2191 = VERTEX_POINT ( 'NONE', #1037 ) ;
#2192 = DIRECTION ( 'NONE',  ( -0.7071067811865471286, 0.000000000000000000, -0.7071067811865479058 ) ) ;
#2193 = CIRCLE ( 'NONE', #2520, 0.05000000000000002359 ) ;
#2194 = DIRECTION ( 'NONE',  ( 0.000000000000000000, 1.000000000000000000, -0.000000000000000000 ) ) ;
#2195 = VECTOR ( 'NONE', #2869, 1000.000000000000000 ) ;
#2196 = DIRECTION ( 'NONE',  ( 0.000000000000000000, 1.000000000000000000, 0.000000000000000000 ) ) ;
#2197 = ADVANCED_FACE ( 'NONE', ( #996, #2821 ), #2538, .T. ) ;
#2198 = FACE_OUTER_BOUND ( 'NONE', #3339, .T. ) ;
#2199 = VECTOR ( 'NONE', #1615, 1000.000000000000000 ) ;
#2200 = DIRECTION ( 'NONE',  ( -1.000000000000000000, 0.000000000000000000, -0.000000000000000000 ) ) ;
#2201 = CARTESIAN_POINT ( 'NONE',  ( 0.5000000000000001110, 0.1200000000000061712, -0.8800000000000008926 ) ) ;
#2202 = ADVANCED_FACE ( 'NONE', ( #3470 ), #622, .T. ) ;
#2203 = VERTEX_POINT ( 'NONE', #2229 ) ;
#2204 = ORIENTED_EDGE ( 'NONE', *, *, #2024, .T. ) ;
#2205 = CARTESIAN_POINT ( 'NONE',  ( 0.4999999999999994449, 5.122855264994008451E-15, -0.7250000000000017542 ) ) ;
#2206 = EDGE_CURVE ( 'NONE', #3138, #1469, #1906, .T. ) ;
#2207 = DIRECTION ( 'NONE',  ( 1.000000000000000000, -0.000000000000000000, 0.000000000000000000 ) ) ;
#2208 = VERTEX_POINT ( 'NONE', #3112 ) ;
#2209 = PLANE ( 'NONE',  #2514 ) ;
#2210 = ORIENTED_EDGE ( 'NONE', *, *, #2225, .F. ) ;
#2211 = DIRECTION ( 'NONE',  ( 0.000000000000000000, -6.776942467587083126E-15, 1.000000000000000000 ) ) ;
#2212 = DIRECTION ( 'NONE',  ( 0.000000000000000000, 6.776942467587081548E-15, -1.000000000000000000 ) ) ;
#2213 = ORIENTED_EDGE ( 'NONE', *, *, #1977, .T. ) ;
#2214 = CARTESIAN_POINT ( 'NONE',  ( 0.000000000000000000, 1.141298179294194748, 0.000000000000000000 ) ) ;
#2215 = CARTESIAN_POINT ( 'NONE',  ( -0.5091797795056174358, 0.1499999999999999667, 0.8599999999999994316 ) ) ;
#2216 = DIRECTION ( 'NONE',  ( 1.000000000000000000, 0.000000000000000000, 0.000000000000000000 ) ) ;
#2217 = EDGE_CURVE ( 'NONE', #3392, #3027, #2717, .T. ) ;
#2218 = DIRECTION ( 'NONE',  ( -0.000000000000000000, -1.000000000000000000, 0.000000000000000000 ) ) ;
#2219 = LINE ( 'NONE', #3458, #1554 ) ;
#2220 = ORIENTED_EDGE ( 'NONE', *, *, #2170, .T. ) ;
#2221 = EDGE_CURVE ( 'NONE', #3759, #896, #397, .T. ) ;
#2222 = CARTESIAN_POINT ( 'NONE',  ( 0.5000000000000000000, 0.3090703013447053116, -1.000000000000000222 ) ) ;
#2223 = DIRECTION ( 'NONE',  ( 0.000000000000000000, -0.000000000000000000, 1.000000000000000000 ) ) ;
#2224 = ORIENTED_EDGE ( 'NONE', *, *, #1948, .F. ) ;
#2225 = EDGE_CURVE ( 'NONE', #3486, #975, #364, .T. ) ;
#2226 = ORIENTED_EDGE ( 'NONE', *, *, #2868, .T. ) ;
#2227 = CARTESIAN_POINT ( 'NONE',  ( -0.8201970085578875747, 0.3800000000000000044, -0.8212762261540346165 ) ) ;
#2228 = VERTEX_POINT ( 'NONE', #1603 ) ;
#2229 = CARTESIAN_POINT ( 'NONE',  ( -0.6464719331497226218, 0.3300000000000000155, -0.9600000000000001865 ) ) ;
#2230 = DIRECTION ( 'NONE',  ( 0.000000000000000000, 1.000000000000000000, 0.000000000000000000 ) ) ;
#2231 = CARTESIAN_POINT ( 'NONE',  ( 0.000000000000000000, 0.1200000000000074896, -1.000000000000000888 ) ) ;
#2232 = CARTESIAN_POINT ( 'NONE',  ( 0.5000000000000001110, 0.000000000000000000, 0.8800000000000013367 ) ) ;
#2233 = VECTOR ( 'NONE', #3681, 1000.000000000000000 ) ;
#2234 = DIRECTION ( 'NONE',  ( 1.000000000000000000, -5.237412226202270214E-32, -3.549364133600996010E-46 ) ) ;
#2235 = CARTESIAN_POINT ( 'NONE',  ( 1.000000000000000000, 0.3300000000000000155, 0.4000000000000000222 ) ) ;
#2236 = VERTEX_POINT ( 'NONE', #682 ) ;
#2237 = VECTOR ( 'NONE', #2503, 1000.000000000000000 ) ;
#2238 = AXIS2_PLACEMENT_3D ( 'NONE', #2611, #3202, #3244 ) ;
#2239 = VECTOR ( 'NONE', #1199, 1000.000000000000000 ) ;
#2240 = LINE ( 'NONE', #2811, #2199 ) ;
#2241 = EDGE_CURVE ( 'NONE', #1469, #1584, #1638, .T. ) ;
#2242 = FACE_OUTER_BOUND ( 'NONE', #2388, .T. ) ;
#2243 = ORIENTED_EDGE ( 'NONE', *, *, #1132, .F. ) ;
#2244 = VECTOR ( 'NONE', #1108, 1000.000000000000000 ) ;
#2245 = VECTOR ( 'NONE', #118, 1000.000000000000000 ) ;
#2246 = CARTESIAN_POINT ( 'NONE',  ( 0.5999999999999998668, 0.3300000000000000155, -0.8099999999999999423 ) ) ;
#2247 = ADVANCED_FACE ( 'NONE', ( #1336 ), #2497, .F. ) ;
#2248 = CARTESIAN_POINT ( 'NONE',  ( 0.2945032742232427392, 0.01999999999999998307, -0.4703471600732581082 ) ) ;
#2249 = ORIENTED_EDGE ( 'NONE', *, *, #309, .T. ) ;
#2250 = DIRECTION ( 'NONE',  ( 0.000000000000000000, -1.000000000000000000, 0.000000000000000000 ) ) ;
#2251 = VECTOR ( 'NONE', #787, 1000.000000000000000 ) ;
#2252 = DIRECTION ( 'NONE',  ( 0.000000000000000000, 1.000000000000000000, 0.000000000000000000 ) ) ;
#2253 = LINE ( 'NONE', #41, #3223 ) ;
#2254 = CARTESIAN_POINT ( 'NONE',  ( -0.4999999999999998890, 3.605311668290651127E-15, -0.7250000000000019762 ) ) ;
#2255 = LINE ( 'NONE', #3119, #1875 ) ;
#2256 = CARTESIAN_POINT ( 'NONE',  ( -0.9308246407405786904, 1.355388493517416388E-15, -0.1999999999999999833 ) ) ;
#2257 = AXIS2_PLACEMENT_3D ( 'NONE', #1147, #861, #1407 ) ;
#2258 = ORIENTED_EDGE ( 'NONE', *, *, #626, .F. ) ;
#2259 = AXIS2_PLACEMENT_3D ( 'NONE', #4011, #3, #1849 ) ;
#2260 = DIRECTION ( 'NONE',  ( 1.000000000000000000, 0.000000000000000000, 0.000000000000000000 ) ) ;
#2261 = ORIENTED_EDGE ( 'NONE', *, *, #2593, .T. ) ;
#2262 = DIRECTION ( 'NONE',  ( 0.000000000000000000, 1.000000000000000000, -0.000000000000000000 ) ) ;
#2263 = ORIENTED_EDGE ( 'NONE', *, *, #1132, .T. ) ;
#2264 = EDGE_CURVE ( 'NONE', #1309, #190, #1937, .T. ) ;
#2265 = FACE_OUTER_BOUND ( 'NONE', #228, .T. ) ;
#2266 = CARTESIAN_POINT ( 'NONE',  ( 0.5091797795056174358, -0.3300000000000000155, -0.9599999999999998535 ) ) ;
#2267 = PLANE ( 'NONE',  #2063 ) ;
#2268 = ORIENTED_EDGE ( 'NONE', *, *, #1378, .T. ) ;
#2269 = PLANE ( 'NONE',  #183 ) ;
#2270 = EDGE_CURVE ( 'NONE', #2208, #2452, #1585, .T. ) ;
#2271 = LINE ( 'NONE', #3857, #1069 ) ;
#2272 = CARTESIAN_POINT ( 'NONE',  ( -0.5091797795056174358, -0.3300000000000000155, -0.6850236653556328603 ) ) ;
#2273 = ORIENTED_EDGE ( 'NONE', *, *, #1382, .F. ) ;
#2274 = EDGE_CURVE ( 'NONE', #1432, #1838, #3856, .T. ) ;
#2275 = DIRECTION ( 'NONE',  ( 0.000000000000000000, 0.000000000000000000, 1.000000000000000000 ) ) ;
#2276 = DIRECTION ( 'NONE',  ( -1.000000000000000000, 0.000000000000000000, -0.000000000000000000 ) ) ;
#2277 = DIRECTION ( 'NONE',  ( 0.000000000000000000, 0.000000000000000000, -1.000000000000000000 ) ) ;
#2278 = DIRECTION ( 'NONE',  ( 1.000000000000000000, 0.000000000000000000, -5.706327223607916569E-16 ) ) ;
#2279 = ORIENTED_EDGE ( 'NONE', *, *, #154, .T. ) ;
#2280 = UNCERTAINTY_MEASURE_WITH_UNIT (LENGTH_MEASURE( 1.000000000000000082E-05 ), #1169, 'distance_accuracy_value', 'NONE');
#2281 = DIRECTION ( 'NONE',  ( -1.000000000000000000, -0.000000000000000000, 0.000000000000000000 ) ) ;
#2282 = ORIENTED_EDGE ( 'NONE', *, *, #3735, .F. ) ;
#2283 = DIRECTION ( 'NONE',  ( 0.000000000000000000, 1.000000000000000000, 6.776942467587083126E-15 ) ) ;
#2284 = ORIENTED_EDGE ( 'NONE', *, *, #138, .T. ) ;
#2285 = CARTESIAN_POINT ( 'NONE',  ( -0.5000000000000000000, 4.113582353359683308E-15, -0.7250000000000020872 ) ) ;
#2286 = CARTESIAN_POINT ( 'NONE',  ( -0.4699999999999999178, 1.479272175397998350E-16, 1.000000000000000222 ) ) ;
#2287 = EDGE_LOOP ( 'NONE', ( #1316, #2007, #2338, #3141, #55, #3330, #1903, #3290, #3019, #1171, #1968, #1198, #2085, #3129, #2590, #1824, #2412, #1359, #390, #3831, #3467, #3376, #2187, #696, #3921, #1708, #2800, #2662, #2899 ) ) ;
#2288 = ADVANCED_FACE ( 'NONE', ( #721 ), #3577, .T. ) ;
#2289 = CARTESIAN_POINT ( 'NONE',  ( 1.050000000000000044, 0.8240647730814245620, 0.1250000000000056066 ) ) ;
#2290 = LINE ( 'NONE', #2664, #1662 ) ;
#2291 = VERTEX_POINT ( 'NONE', #3510 ) ;
#2292 = EDGE_CURVE ( 'NONE', #1584, #1091, #475, .T. ) ;
#2293 = LINE ( 'NONE', #1289, #1398 ) ;
#2294 = DIRECTION ( 'NONE',  ( 0.000000000000000000, 1.000000000000000000, -0.000000000000000000 ) ) ;
#2295 = LINE ( 'NONE', #2929, #2244 ) ;
#2296 = EDGE_CURVE ( 'NONE', #2780, #902, #2354, .T. ) ;
#2297 = DIRECTION ( 'NONE',  ( 0.000000000000000000, 0.000000000000000000, -1.000000000000000000 ) ) ;
#2298 = VERTEX_POINT ( 'NONE', #3554 ) ;
#2299 = MECHANICAL_DESIGN_GEOMETRIC_PRESENTATION_REPRESENTATION (  '', ( #88 ), #3668 ) ;
#2300 = DIRECTION ( 'NONE',  ( -0.000000000000000000, -1.000000000000000000, -0.000000000000000000 ) ) ;
#2301 = AXIS2_PLACEMENT_3D ( 'NONE', #3074, #1528, #1263 ) ;
#2302 = EDGE_LOOP ( 'NONE', ( #2704, #1922, #1424, #453, #3256, #1896 ) ) ;
#2303 = CARTESIAN_POINT ( 'NONE',  ( -0.9308246407405786904, 0.8240647730814268934, -0.1999999999999944045 ) ) ;
#2304 = VERTEX_POINT ( 'NONE', #2900 ) ;
#2305 = AXIS2_PLACEMENT_3D ( 'NONE', #1117, #3833, #2917 ) ;
#2306 = CARTESIAN_POINT ( 'NONE',  ( 0.5999999999999999778, 0.3300000000000000155, -0.3999999999999999667 ) ) ;
#2307 = CARTESIAN_POINT ( 'NONE',  ( 0.5091797795056174358, 0.01999999999999997266, 0.6850236653556326383 ) ) ;
#2308 = DIRECTION ( 'NONE',  ( 0.5773502691896248429, -0.5773502691896250649, -0.5773502691896272854 ) ) ;
#2309 = ORIENTED_EDGE ( 'NONE', *, *, #3537, .T. ) ;
#2310 = DIRECTION ( 'NONE',  ( 0.000000000000000000, 1.000000000000000000, 0.000000000000000000 ) ) ;
#2311 = AXIS2_PLACEMENT_3D ( 'NONE', #2685, #3298, #1706 ) ;
#2312 = CARTESIAN_POINT ( 'NONE',  ( -0.7300000000000000933, 0.4500000000000000666, 0.8099999999999999423 ) ) ;
#2313 = DIRECTION ( 'NONE',  ( -0.000000000000000000, -1.000000000000000000, -0.000000000000000000 ) ) ;
#2314 = ORIENTED_EDGE ( 'NONE', *, *, #3437, .T. ) ;
#2315 = AXIS2_PLACEMENT_3D ( 'NONE', #1763, #3920, #261 ) ;
#2316 = CARTESIAN_POINT ( 'NONE',  ( 0.7099999999999999645, 0.8240647730814263383, -0.1249999999999978073 ) ) ;
#2317 = ADVANCED_FACE ( 'NONE', ( #1700 ), #2269, .T. ) ;
#2318 = VECTOR ( 'NONE', #1237, 1000.000000000000000 ) ;
#2319 = FACE_OUTER_BOUND ( 'NONE', #1986, .T. ) ;
#2320 = CYLINDRICAL_SURFACE ( 'NONE', #3174, 0.09999999999999999167 ) ;
#2321 = VERTEX_POINT ( 'NONE', #3901 ) ;
#2322 =( GEOMETRIC_REPRESENTATION_CONTEXT ( 3 ) GLOBAL_UNCERTAINTY_ASSIGNED_CONTEXT ( ( #2652 ) ) GLOBAL_UNIT_ASSIGNED_CONTEXT ( ( #331, #3423, #2751 ) ) REPRESENTATION_CONTEXT ( 'NONE', 'WORKASPACE' ) );
#2323 = EDGE_CURVE ( 'NONE', #1661, #3954, #2014, .T. ) ;
#2324 = CARTESIAN_POINT ( 'NONE',  ( 1.000000000000000000, 0.4500000000000000666, -0.4000000000000000222 ) ) ;
#2325 = CIRCLE ( 'NONE', #835, 0.2999999999999999889 ) ;
#2326 = VERTEX_POINT ( 'NONE', #1717 ) ;
#2327 = CARTESIAN_POINT ( 'NONE',  ( -0.2750000000000000222, 3.604972223514302243E-15, -0.5000000000000018874 ) ) ;
#2328 = ORIENTED_EDGE ( 'NONE', *, *, #3982, .T. ) ;
#2329 = AXIS2_PLACEMENT_3D ( 'NONE', #3893, #2041, #2084 ) ;
#2330 = ADVANCED_FACE ( 'NONE', ( #2941 ), #3529, .T. ) ;
#2331 = CARTESIAN_POINT ( 'NONE',  ( -0.5091797795056174358, 0.1499999999999999667, -0.8599999999999996536 ) ) ;
#2332 = DIRECTION ( 'NONE',  ( -1.000000000000000000, 0.000000000000000000, -0.000000000000000000 ) ) ;
#2333 = CARTESIAN_POINT ( 'NONE',  ( 0.5999999999999999778, 0.4500000000000000666, -0.8099999999999999423 ) ) ;
#2334 = EDGE_LOOP ( 'NONE', ( #125, #3891, #2983, #2658 ) ) ;
#2335 = CARTESIAN_POINT ( 'NONE',  ( 1.000000000000000000, 0.3300000000000000155, -0.4000000000000000222 ) ) ;
#2336 = CARTESIAN_POINT ( 'NONE',  ( -0.9599999999999998535, 0.02000000000000005246, -0.3532444682122630741 ) ) ;
#2337 = CARTESIAN_POINT ( 'NONE',  ( 6.239967570575608438E-18, 0.8999999999446117727, 0.000000000000000000 ) ) ;
#2338 = ORIENTED_EDGE ( 'NONE', *, *, #67, .F. ) ;
#2339 = DIRECTION ( 'NONE',  ( -0.5773502691896265082, -0.5773502691896253980, -0.5773502691896252870 ) ) ;
#2340 = DIRECTION ( 'NONE',  ( 0.000000000000000000, -0.000000000000000000, 1.000000000000000000 ) ) ;
#2341 = CARTESIAN_POINT ( 'NONE',  ( -0.9308246407405786904, 0.8240647730814268934, -0.1999999999999944045 ) ) ;
#2342 = DIRECTION ( 'NONE',  ( 0.000000000000000000, 1.000000000000000000, -6.776942467587085492E-15 ) ) ;
#2343 = ORIENTED_EDGE ( 'NONE', *, *, #1558, .T. ) ;
#2344 = EDGE_CURVE ( 'NONE', #1367, #681, #4017, .T. ) ;
#2345 = DIRECTION ( 'NONE',  ( 1.000000000000000000, -0.000000000000000000, 0.000000000000000000 ) ) ;
#2346 = VERTEX_POINT ( 'NONE', #769 ) ;
#2347 = LINE ( 'NONE', #3280, #2067 ) ;
#2348 = ORIENTED_EDGE ( 'NONE', *, *, #2149, .F. ) ;
#2349 = EDGE_CURVE ( 'NONE', #1149, #1744, #634, .T. ) ;
#2350 = DIRECTION ( 'NONE',  ( 0.000000000000000000, 0.000000000000000000, 1.000000000000000000 ) ) ;
#2351 = FACE_OUTER_BOUND ( 'NONE', #3990, .T. ) ;
#2352 = CARTESIAN_POINT ( 'NONE',  ( 0.9600000000000000755, 0.07000000000000018707, 0.1749999999999999056 ) ) ;
#2353 = VERTEX_POINT ( 'NONE', #1682 ) ;
#2354 = LINE ( 'NONE', #458, #1485 ) ;
#2355 = EDGE_CURVE ( 'NONE', #1775, #1884, #2663, .T. ) ;
#2356 = FACE_OUTER_BOUND ( 'NONE', #830, .T. ) ;
#2357 = DIRECTION ( 'NONE',  ( -1.000000000000000000, -0.000000000000000000, -0.000000000000000000 ) ) ;
#2358 = ORIENTED_EDGE ( 'NONE', *, *, #439, .T. ) ;
#2359 = CARTESIAN_POINT ( 'NONE',  ( 0.6205957771265561140, 0.9000000000000001332, 0.000000000000000000 ) ) ;
#2360 = PLANE ( 'NONE',  #672 ) ;
#2361 = PLANE ( 'NONE',  #2508 ) ;
#2362 = CARTESIAN_POINT ( 'NONE',  ( -0.4999999999999998890, 3.285461128743953715E-15, 0.8800000000000011147 ) ) ;
#2363 = VERTEX_POINT ( 'NONE', #789 ) ;
#2364 = CYLINDRICAL_SURFACE ( 'NONE', #2073, 0.1300000000000000044 ) ;
#2365 = EDGE_CURVE ( 'NONE', #3230, #3917, #137, .T. ) ;
#2366 = EDGE_LOOP ( 'NONE', ( #1138, #1832, #53, #561 ) ) ;
#2367 = CARTESIAN_POINT ( 'NONE',  ( 1.149999999999999245, 0.6807415121403107561, -0.5749999999999996225 ) ) ;
#2368 = ORIENTED_EDGE ( 'NONE', *, *, #425, .T. ) ;
#2369 = VECTOR ( 'NONE', #2294, 1000.000000000000000 ) ;
#2370 = VECTOR ( 'NONE', #3561, 1000.000000000000000 ) ;
#2371 = ADVANCED_FACE ( 'NONE', ( #2614 ), #1397, .F. ) ;
#2372 = DIRECTION ( 'NONE',  ( 0.000000000000000000, 0.000000000000000000, 1.000000000000000000 ) ) ;
#2373 = DIRECTION ( 'NONE',  ( -1.000000000000000000, -1.084202172485504434E-16, 0.000000000000000000 ) ) ;
#2374 = VERTEX_POINT ( 'NONE', #1327 ) ;
#2375 = EDGE_CURVE ( 'NONE', #1387, #3184, #3787, .T. ) ;
#2376 = ORIENTED_EDGE ( 'NONE', *, *, #3466, .F. ) ;
#2377 = DIRECTION ( 'NONE',  ( 0.000000000000000000, 0.000000000000000000, 1.000000000000000000 ) ) ;
#2378 = VERTEX_POINT ( 'NONE', #2509 ) ;
#2379 = VECTOR ( 'NONE', #1466, 1000.000000000000000 ) ;
#2380 = CARTESIAN_POINT ( 'NONE',  ( -0.5000000000000000000, 0.3090703013446986502, 1.000000000000001332 ) ) ;
#2381 = FACE_OUTER_BOUND ( 'NONE', #3350, .T. ) ;
#2382 = DIRECTION ( 'NONE',  ( 0.000000000000000000, 0.000000000000000000, -1.000000000000000000 ) ) ;
#2383 = AXIS2_PLACEMENT_3D ( 'NONE', #1931, #1285, #684 ) ;
#2384 = PLANE ( 'NONE',  #2257 ) ;
#2385 = ORIENTED_EDGE ( 'NONE', *, *, #138, .F. ) ;
#2386 = AXIS2_PLACEMENT_3D ( 'NONE', #3877, #1334, #2572 ) ;
#2387 = DIRECTION ( 'NONE',  ( -0.000000000000000000, -0.000000000000000000, -1.000000000000000000 ) ) ;
#2388 = EDGE_LOOP ( 'NONE', ( #252, #3201, #2940, #2675 ) ) ;
#2389 = DIRECTION ( 'NONE',  ( 0.000000000000000000, 1.000000000000000000, 0.000000000000000000 ) ) ;
#2390 =( BOUNDED_SURFACE ( )  B_SPLINE_SURFACE ( 3, 3, ( 
 ( #19, #705, #3719, #2172 ),
 ( #1261, #2555, #646, #2522 ),
 ( #1624, #3091, #625, #3797 ),
 ( #3115, #304, #2501, #1284 ) ),
 .UNSPECIFIED., .F., .F., .T. ) 
 B_SPLINE_SURFACE_WITH_KNOTS ( ( 4, 4 ),
 ( 4, 4 ),
 ( 0.000000000000000000, 1.000000000000000000 ),
 ( 0.000000000000000000, 1.000000000000000000 ),
 .UNSPECIFIED. ) 
 GEOMETRIC_REPRESENTATION_ITEM ( )  RATIONAL_B_SPLINE_SURFACE ( (
 ( 1.000000000000000000, 0.3333333333333334259, 0.3333333333333334259, 1.000000000000000000),
 ( 0.3333333333333321491, 0.1111111111111107441, 0.1111111111111107441, 0.3333333333333321491),
 ( 0.3333333333333321491, 0.1111111111111107441, 0.1111111111111107441, 0.3333333333333321491),
 ( 1.000000000000000000, 0.3333333333333334259, 0.3333333333333334259, 1.000000000000000000) ) ) 
 REPRESENTATION_ITEM ( '' )  SURFACE ( )  );
#2391 = VERTEX_POINT ( 'NONE', #2871 ) ;
#2392 = PRODUCT_CONTEXT ( 'NONE', #574, 'mechanical' ) ;
#2393 = VECTOR ( 'NONE', #2082, 1000.000000000000000 ) ;
#2394 = DIRECTION ( 'NONE',  ( 0.000000000000000000, 0.000000000000000000, 1.000000000000000000 ) ) ;
#2395 = DIRECTION ( 'NONE',  ( 0.000000000000000000, 6.776942467587085492E-15, 1.000000000000000000 ) ) ;
#2396 = EDGE_LOOP ( 'NONE', ( #1044, #2243, #3590, #657 ) ) ;
#2397 = AXIS2_PLACEMENT_3D ( 'NONE', #2324, #758, #3239 ) ;
#2398 = EDGE_CURVE ( 'NONE', #3411, #2090, #3806, .T. ) ;
#2399 = ORIENTED_EDGE ( 'NONE', *, *, #1745, .T. ) ;
#2400 = CYLINDRICAL_SURFACE ( 'NONE', #4002, 0.09999999999999999167 ) ;
#2401 = ORIENTED_EDGE ( 'NONE', *, *, #2676, .T. ) ;
#2402 = EDGE_CURVE ( 'NONE', #4012, #2494, #1575, .T. ) ;
#2403 = DIRECTION ( 'NONE',  ( -0.000000000000000000, -1.000000000000000000, 0.000000000000000000 ) ) ;
#2404 = PLANE ( 'NONE',  #2557 ) ;
#2405 = CARTESIAN_POINT ( 'NONE',  ( 0.5000000000000000000, -2.066370029807689993E-15, 0.7250000000000021982 ) ) ;
#2406 = DIRECTION ( 'NONE',  ( 0.000000000000000000, 1.000000000000000000, 0.000000000000000000 ) ) ;
#2407 = ORIENTED_EDGE ( 'NONE', *, *, #2589, .F. ) ;
#2408 = EDGE_CURVE ( 'NONE', #3533, #1741, #2548, .T. ) ;
#2409 = CARTESIAN_POINT ( 'NONE',  ( 0.9000000000000001332, 0.4500000000000000666, 0.4000000000000000222 ) ) ;
#2410 = VERTEX_POINT ( 'NONE', #50 ) ;
#2411 = LINE ( 'NONE', #2982, #3623 ) ;
#2412 = ORIENTED_EDGE ( 'NONE', *, *, #1356, .F. ) ;
#2413 = DIRECTION ( 'NONE',  ( 0.000000000000000000, 1.000000000000000000, 0.000000000000000000 ) ) ;
#2414 = FACE_OUTER_BOUND ( 'NONE', #362, .T. ) ;
#2415 = ORIENTED_EDGE ( 'NONE', *, *, #1873, .T. ) ;
#2416 = VERTEX_POINT ( 'NONE', #1294 ) ;
#2417 = EDGE_CURVE ( 'NONE', #100, #36, #2240, .T. ) ;
#2418 = CARTESIAN_POINT ( 'NONE',  ( 0.4699999999999999178, 3.285461128743953715E-15, -0.8800000000000011147 ) ) ;
#2419 = VERTEX_POINT ( 'NONE', #2588 ) ;
#2420 = FACE_OUTER_BOUND ( 'NONE', #1441, .T. ) ;
#2421 = DIRECTION ( 'NONE',  ( 0.000000000000000000, 1.000000000000000000, 0.000000000000000000 ) ) ;
#2422 = EDGE_CURVE ( 'NONE', #2052, #847, #375, .T. ) ;
#2423 = CARTESIAN_POINT ( 'NONE',  ( -0.7599999999999995648, 0.3300000000000000155, -0.2500000000000001110 ) ) ;
#2424 = EDGE_LOOP ( 'NONE', ( #2328, #2180, #1712, #2738 ) ) ;
#2425 = DIRECTION ( 'NONE',  ( 0.000000000000000000, 0.000000000000000000, 1.000000000000000000 ) ) ;
#2426 = LINE ( 'NONE', #3664, #1614 ) ;
#2427 = ADVANCED_FACE ( 'NONE', ( #3749 ), #3502, .F. ) ;
#2428 = ORIENTED_EDGE ( 'NONE', *, *, #668, .F. ) ;
#2429 = CARTESIAN_POINT ( 'NONE',  ( 1.149999999999999245, 0.5807415121403103342, -0.5749999999999996225 ) ) ;
#2430 = VERTEX_POINT ( 'NONE', #26 ) ;
#2431 = DIRECTION ( 'NONE',  ( 0.000000000000000000, 1.000000000000000000, 0.000000000000000000 ) ) ;
#2432 = LINE ( 'NONE', #1778, #1157 ) ;
#2433 = VERTEX_POINT ( 'NONE', #1898 ) ;
#2434 = AXIS2_PLACEMENT_3D ( 'NONE', #2928, #775, #3536 ) ;
#2435 = ORIENTED_EDGE ( 'NONE', *, *, #259, .T. ) ;
#2436 = FACE_OUTER_BOUND ( 'NONE', #1001, .T. ) ;
#2437 = EDGE_LOOP ( 'NONE', ( #2343, #149, #1991, #2087, #1395, #2739, #332 ) ) ;
#2438 = AXIS2_PLACEMENT_3D ( 'NONE', #1167, #794, #1766 ) ;
#2439 = LINE ( 'NONE', #3980, #815 ) ;
#2440 = AXIS2_PLACEMENT_3D ( 'NONE', #3264, #739, #1697 ) ;
#2441 = LINE ( 'NONE', #3317, #409 ) ;
#2442 = DIRECTION ( 'NONE',  ( 0.000000000000000000, 1.000000000000000000, 0.000000000000000000 ) ) ;
#2443 = STYLED_ITEM ( 'NONE', ( #2788 ), #605 ) ;
#2444 = ORIENTED_EDGE ( 'NONE', *, *, #5, .T. ) ;
#2445 = EDGE_CURVE ( 'NONE', #239, #2725, #1025, .T. ) ;
#2446 = DIRECTION ( 'NONE',  ( -0.000000000000000000, -1.000000000000000000, -0.000000000000000000 ) ) ;
#2447 = UNCERTAINTY_MEASURE_WITH_UNIT (LENGTH_MEASURE( 1.000000000000000082E-05 ), #471, 'distance_accuracy_value', 'NONE');
#2448 = AXIS2_PLACEMENT_3D ( 'NONE', #2156, #1525, #3093 ) ;
#2449 = CARTESIAN_POINT ( 'NONE',  ( 0.000000000000000000, 0.9000000000000000222, 0.5399530869945895484 ) ) ;
#2450 = ORIENTED_EDGE ( 'NONE', *, *, #988, .T. ) ;
#2451 = SURFACE_SIDE_STYLE ('',( #372 ) ) ;
#2452 = VERTEX_POINT ( 'NONE', #2565 ) ;
#2453 = VECTOR ( 'NONE', #2133, 1000.000000000000000 ) ;
#2454 = EDGE_CURVE ( 'NONE', #1744, #3859, #316, .T. ) ;
#2455 = AXIS2_PLACEMENT_3D ( 'NONE', #3170, #1542, #3793 ) ;
#2456 = FACE_OUTER_BOUND ( 'NONE', #1959, .T. ) ;
#2457 = CARTESIAN_POINT ( 'NONE',  ( 0.5999999999999999778, 0.4500000000000000666, -0.6799999999999998268 ) ) ;
#2458 = ORIENTED_EDGE ( 'NONE', *, *, #2696, .T. ) ;
#2459 = EDGE_CURVE ( 'NONE', #2430, #2968, #2585, .T. ) ;
#2460 = VECTOR ( 'NONE', #2915, 1000.000000000000114 ) ;
#2461 = ORIENTED_EDGE ( 'NONE', *, *, #707, .F. ) ;
#2462 = DIRECTION ( 'NONE',  ( 1.000000000000000000, -0.000000000000000000, 0.000000000000000000 ) ) ;
#2463 = VECTOR ( 'NONE', #2964, 1000.000000000000000 ) ;
#2464 = ORIENTED_EDGE ( 'NONE', *, *, #980, .F. ) ;
#2465 = AXIS2_PLACEMENT_3D ( 'NONE', #1647, #3828, #1632 ) ;
#2466 = CARTESIAN_POINT ( 'NONE',  ( 8.266365894244634333E-17, 0.4500000000000001221, -0.6750000000000000444 ) ) ;
#2467 = FACE_OUTER_BOUND ( 'NONE', #2366, .T. ) ;
#2468 = CARTESIAN_POINT ( 'NONE',  ( 0.7300000000000000933, 0.4500000000000000666, -0.8099999999999999423 ) ) ;
#2469 = CARTESIAN_POINT ( 'NONE',  ( -1.000000000000000000, 0.3300000000000000155, -0.8099999999999999423 ) ) ;
#2470 = ORIENTED_EDGE ( 'NONE', *, *, #1140, .T. ) ;
#2471 = ADVANCED_FACE ( 'NONE', ( #1880 ), #1940, .F. ) ;
#2472 = PRESENTATION_STYLE_ASSIGNMENT (( #3384 ) ) ;
#2473 = ORIENTED_EDGE ( 'NONE', *, *, #2881, .T. ) ;
#2474 = CARTESIAN_POINT ( 'NONE',  ( 0.5091797795056174358, 0.3300000000000000155, -0.8099999999999999423 ) ) ;
#2475 = ADVANCED_FACE ( 'NONE', ( #3181 ), #404, .F. ) ;
#2476 = FACE_OUTER_BOUND ( 'NONE', #3166, .T. ) ;
#2477 = ORIENTED_EDGE ( 'NONE', *, *, #2812, .T. ) ;
#2478 = ORIENTED_EDGE ( 'NONE', *, *, #2993, .F. ) ;
#2479 = EDGE_CURVE ( 'NONE', #2148, #2419, #3198, .T. ) ;
#2480 = DIRECTION ( 'NONE',  ( 0.000000000000000000, -0.7071067811865474617, -0.7071067811865474617 ) ) ;
#2481 = ORIENTED_EDGE ( 'NONE', *, *, #1676, .F. ) ;
#2482 = LINE ( 'NONE', #2098, #501 ) ;
#2483 = DIRECTION ( 'NONE',  ( 1.000000000000000000, 0.000000000000000000, -0.000000000000000000 ) ) ;
#2484 = CARTESIAN_POINT ( 'NONE',  ( -0.4999999999999998890, 6.176666922038635098E-15, -0.8800000000000013367 ) ) ;
#2485 = CARTESIAN_POINT ( 'NONE',  ( 0.4699999999999999178, 0.3300000000000002376, -1.000000000000000444 ) ) ;
#2486 = DIRECTION ( 'NONE',  ( 0.000000000000000000, -0.000000000000000000, 1.000000000000000000 ) ) ;
#2487 = ORIENTED_EDGE ( 'NONE', *, *, #303, .T. ) ;
#2488 = LINE ( 'NONE', #3724, #2846 ) ;
#2489 = ORIENTED_EDGE ( 'NONE', *, *, #64, .T. ) ;
#2490 = DIRECTION ( 'NONE',  ( 0.000000000000000000, 1.000000000000000000, -3.285461128743950165E-15 ) ) ;
#2491 = PLANE ( 'NONE',  #1797 ) ;
#2492 = ORIENTED_EDGE ( 'NONE', *, *, #3786, .T. ) ;
#2493 = EDGE_CURVE ( 'NONE', #3385, #2291, #655, .T. ) ;
#2494 = VERTEX_POINT ( 'NONE', #2222 ) ;
#2495 = FACE_OUTER_BOUND ( 'NONE', #1511, .T. ) ;
#2496 = ORIENTED_EDGE ( 'NONE', *, *, #3248, .F. ) ;
#2497 = PLANE ( 'NONE',  #3107 ) ;
#2498 = CIRCLE ( 'NONE', #738, 0.6750000000010913936 ) ;
#2499 = EDGE_CURVE ( 'NONE', #3027, #3729, #3462, .T. ) ;
#2500 = DIRECTION ( 'NONE',  ( -1.000000000000000000, 0.000000000000000000, -5.706327223607916569E-16 ) ) ;
#2501 = CARTESIAN_POINT ( 'NONE',  ( -1.350000000000000089, 0.6807415121403106451, 0.6749999999999998224 ) ) ;
#2502 = LINE ( 'NONE', #2865, #623 ) ;
#2503 = DIRECTION ( 'NONE',  ( -5.706327223607916569E-16, -0.000000000000000000, -1.000000000000000000 ) ) ;
#2504 = PLANE ( 'NONE',  #2074 ) ;
#2505 = ORIENTED_EDGE ( 'NONE', *, *, #2398, .T. ) ;
#2506 = LINE ( 'NONE', #3989, #245 ) ;
#2507 = ORIENTED_EDGE ( 'NONE', *, *, #3318, .F. ) ;
#2508 = AXIS2_PLACEMENT_3D ( 'NONE', #446, #841, #1365 ) ;
#2509 = CARTESIAN_POINT ( 'NONE',  ( 0.5000000000000001110, 0.1200000000000068234, -1.000000000000000888 ) ) ;
#2510 = DIRECTION ( 'NONE',  ( -0.7071067811865474617, 0.000000000000000000, 0.7071067811865474617 ) ) ;
#2511 = DIRECTION ( 'NONE',  ( 1.000000000000000000, 0.000000000000000000, -0.000000000000000000 ) ) ;
#2512 = VECTOR ( 'NONE', #1040, 1000.000000000000000 ) ;
#2513 = VERTEX_POINT ( 'NONE', #3162 ) ;
#2514 = AXIS2_PLACEMENT_3D ( 'NONE', #615, #1597, #1297 ) ;
#2515 = ORIENTED_EDGE ( 'NONE', *, *, #2924, .T. ) ;
#2516 = LINE ( 'NONE', #3757, #1995 ) ;
#2517 = ORIENTED_EDGE ( 'NONE', *, *, #831, .F. ) ;
#2518 = EDGE_CURVE ( 'NONE', #2410, #4015, #2856, .T. ) ;
#2519 = CARTESIAN_POINT ( 'NONE',  ( 0.6599999999999998090, 0.01999999999999999695, 0.000000000000000000 ) ) ;
#2520 = AXIS2_PLACEMENT_3D ( 'NONE', #1092, #2956, #2591 ) ;
#2521 = VECTOR ( 'NONE', #3413, 1000.000000000000000 ) ;
#2522 = CARTESIAN_POINT ( 'NONE',  ( -1.408343819019455288E-16, 0.5807415121403103342, 0.5749999999999997335 ) ) ;
#2523 = LINE ( 'NONE', #3496, #3940 ) ;
#2524 = EDGE_CURVE ( 'NONE', #3207, #1350, #1130, .T. ) ;
#2525 = VECTOR ( 'NONE', #2064, 1000.000000000000000 ) ;
#2526 = LINE ( 'NONE', #1994, #1268 ) ;
#2527 = CARTESIAN_POINT ( 'NONE',  ( -0.6464719331497226218, 0.02000000000000005246, -0.9600000000000001865 ) ) ;
#2528 = ADVANCED_FACE ( 'NONE', ( #2022 ), #2364, .F. ) ;
#2529 = VERTEX_POINT ( 'NONE', #3218 ) ;
#2530 = DIRECTION ( 'NONE',  ( 1.000000000000000000, 3.216439517670416780E-59, 4.746151428987449459E-45 ) ) ;
#2531 = DIRECTION ( 'NONE',  ( -1.084202172485504434E-16, 1.000000000000000000, 3.285461128743950165E-15 ) ) ;
#2532 = EDGE_LOOP ( 'NONE', ( #736, #3667, #2505, #3066 ) ) ;
#2533 = CARTESIAN_POINT ( 'NONE',  ( -0.7099999999999996314, 0.02000000000000001082, -0.3000000000000003220 ) ) ;
#2534 = ORIENTED_EDGE ( 'NONE', *, *, #3770, .F. ) ;
#2535 = ORIENTED_EDGE ( 'NONE', *, *, #1083, .T. ) ;
#2536 = LINE ( 'NONE', #1886, #3289 ) ;
#2537 = EDGE_LOOP ( 'NONE', ( #1517, #1882, #1792, #3380, #2507 ) ) ;
#2538 = PLANE ( 'NONE',  #1806 ) ;
#2539 = ADVANCED_BREP_SHAPE_REPRESENTATION ( 'MM8030-2610RJ3', ( #3257, #1908, #596, #1860, #605, #3156 ), #3800 ) ;
#2540 = LINE ( 'NONE', #2787, #1841 ) ;
#2541 = DIRECTION ( 'NONE',  ( 0.000000000000000000, -1.000000000000000000, -3.285461128743950165E-15 ) ) ;
#2542 = CARTESIAN_POINT ( 'NONE',  ( -0.7599999999999995648, 0.3300000000000000155, 0.2499999999999998890 ) ) ;
#2543 = EDGE_CURVE ( 'NONE', #2808, #4012, #1691, .T. ) ;
#2544 = DIRECTION ( 'NONE',  ( -0.000000000000000000, -0.000000000000000000, -1.000000000000000000 ) ) ;
#2545 = FACE_OUTER_BOUND ( 'NONE', #583, .T. ) ;
#2546 = ORIENTED_EDGE ( 'NONE', *, *, #2217, .F. ) ;
#2547 = EDGE_CURVE ( 'NONE', #323, #2161, #1431, .T. ) ;
#2548 = LINE ( 'NONE', #1004, #1808 ) ;
#2549 = CARTESIAN_POINT ( 'NONE',  ( 0.5091797795056174358, 0.3300000000000000155, -0.8599999999999996536 ) ) ;
#2550 = ORIENTED_EDGE ( 'NONE', *, *, #480, .T. ) ;
#2551 = CARTESIAN_POINT ( 'NONE',  ( -0.4699999999999999178, 0.4500000000000000666, -0.8099999999999999423 ) ) ;
#2552 = LINE ( 'NONE', #3714, #1932 ) ;
#2553 = VERTEX_POINT ( 'NONE', #1733 ) ;
#2554 = CARTESIAN_POINT ( 'NONE',  ( -0.5091797795056174358, 0.01999999999999997266, 0.6850236653556326383 ) ) ;
#2555 = CARTESIAN_POINT ( 'NONE',  ( -1.149999999999999245, 0.5807415121403103342, -0.5749999999999998446 ) ) ;
#2556 = FACE_OUTER_BOUND ( 'NONE', #3287, .T. ) ;
#2557 = AXIS2_PLACEMENT_3D ( 'NONE', #900, #203, #1145 ) ;
#2558 = CARTESIAN_POINT ( 'NONE',  ( -0.4699999999999999178, 0.3300000000000000155, -0.8800000000000000044 ) ) ;
#2559 = DIRECTION ( 'NONE',  ( 1.000000000000000000, -0.000000000000000000, -1.606225440719265529E-15 ) ) ;
#2560 = CARTESIAN_POINT ( 'NONE',  ( -0.7300000000000000933, 0.3300000000000000155, 0.8099999999999999423 ) ) ;
#2561 = VERTEX_POINT ( 'NONE', #489 ) ;
#2562 = COLOUR_RGB ( '',0.8431372549019607865, 0.8431372549019607865, 0.8431372549019607865 ) ;
#2563 = ADVANCED_FACE ( 'NONE', ( #1151 ), #191, .T. ) ;
#2564 = VECTOR ( 'NONE', #3327, 1000.000000000000000 ) ;
#2565 = CARTESIAN_POINT ( 'NONE',  ( -0.4699999999999998623, 0.3300000000000000155, 0.8099999999999999423 ) ) ;
#2566 = CARTESIAN_POINT ( 'NONE',  ( 0.000000000000000000, 0.1499999999999999944, -0.4703471600732581082 ) ) ;
#2567 = VERTEX_POINT ( 'NONE', #512 ) ;
#2568 = EDGE_CURVE ( 'NONE', #2090, #801, #3277, .T. ) ;
#2569 = VECTOR ( 'NONE', #3191, 1000.000000000000000 ) ;
#2570 = VECTOR ( 'NONE', #3351, 1000.000000000000000 ) ;
#2571 = DIRECTION ( 'NONE',  ( -0.000000000000000000, 0.000000000000000000, -1.000000000000000000 ) ) ;
#2572 = DIRECTION ( 'NONE',  ( 0.000000000000000000, 0.000000000000000000, 1.000000000000000000 ) ) ;
#2573 = ORIENTED_EDGE ( 'NONE', *, *, #2445, .T. ) ;
#2574 = CYLINDRICAL_SURFACE ( 'NONE', #1291, 0.6750000000000000444 ) ;
#2575 = ADVANCED_FACE ( 'NONE', ( #1671 ), #449, .F. ) ;
#2576 = AXIS2_PLACEMENT_3D ( 'NONE', #1564, #2801, #2190 ) ;
#2577 = CARTESIAN_POINT ( 'NONE',  ( 0.7099999999999999645, 0.4500000000000002887, -0.1749999999999999889 ) ) ;
#2578 = DIRECTION ( 'NONE',  ( 0.000000000000000000, 0.000000000000000000, -1.000000000000000000 ) ) ;
#2579 = VECTOR ( 'NONE', #2389, 1000.000000000000000 ) ;
#2580 = EDGE_LOOP ( 'NONE', ( #572, #2470, #131, #3768 ) ) ;
#2581 = VECTOR ( 'NONE', #2845, 1000.000000000000000 ) ;
#2582 = DIRECTION ( 'NONE',  ( 0.000000000000000000, 0.000000000000000000, 1.000000000000000000 ) ) ;
#2583 = LINE ( 'NONE', #2621, #3079 ) ;
#2584 = DIRECTION ( 'NONE',  ( -0.7071067811865475727, 0.000000000000000000, 0.7071067811865475727 ) ) ;
#2585 = CIRCLE ( 'NONE', #1035, 0.1200000000000003147 ) ;
#2586 = ORIENTED_EDGE ( 'NONE', *, *, #3648, .F. ) ;
#2587 = AXIS2_PLACEMENT_3D ( 'NONE', #2201, #3441, #3158 ) ;
#2588 = CARTESIAN_POINT ( 'NONE',  ( 0.4999999999999996669, 5.480265750989745303E-15, -0.7250000000000019762 ) ) ;
#2589 = EDGE_CURVE ( 'NONE', #2605, #4015, #1743, .T. ) ;
#2590 = ORIENTED_EDGE ( 'NONE', *, *, #1186, .F. ) ;
#2591 = DIRECTION ( 'NONE',  ( 0.000000000000000000, 0.000000000000000000, 1.000000000000000000 ) ) ;
#2592 = ORIENTED_EDGE ( 'NONE', *, *, #668, .T. ) ;
#2593 = EDGE_CURVE ( 'NONE', #3729, #3633, #4021, .T. ) ;
#2594 = DIRECTION ( 'NONE',  ( -0.000000000000000000, -1.000000000000000000, -0.000000000000000000 ) ) ;
#2595 = CARTESIAN_POINT ( 'NONE',  ( -0.5091797795056174358, 0.1499999999999999667, 0.6850236653556326383 ) ) ;
#2596 = ORIENTED_EDGE ( 'NONE', *, *, #606, .T. ) ;
#2597 = CARTESIAN_POINT ( 'NONE',  ( 0.5999999999999998668, 0.3300000000000000155, -1.000000000000000000 ) ) ;
#2598 = EDGE_CURVE ( 'NONE', #1534, #3385, #3568, .T. ) ;
#2599 = DIRECTION ( 'NONE',  ( -0.000000000000000000, 6.776942467587081548E-15, -1.000000000000000000 ) ) ;
#2600 = CARTESIAN_POINT ( 'NONE',  ( 6.239967570575608438E-18, 0.8999999999446117727, 0.000000000000000000 ) ) ;
#2601 = EDGE_LOOP ( 'NONE', ( #3006, #1557, #2515, #2226 ) ) ;
#2602 = CARTESIAN_POINT ( 'NONE',  ( -0.6183854405088103912, 0.3300000000000000155, -0.6813066607112201467 ) ) ;
#2603 = DIRECTION ( 'NONE',  ( 0.000000000000000000, 1.000000000000000000, 0.000000000000000000 ) ) ;
#2604 = LINE ( 'NONE', #752, #3679 ) ;
#2605 = VERTEX_POINT ( 'NONE', #1976 ) ;
#2606 = LINE ( 'NONE', #1709, #2525 ) ;
#2607 = ORIENTED_EDGE ( 'NONE', *, *, #576, .T. ) ;
#2608 = CARTESIAN_POINT ( 'NONE',  ( -0.4999999999999998890, 0.1200000000000002037, 3.942553354492754378E-16 ) ) ;
#2609 = ORIENTED_EDGE ( 'NONE', *, *, #1026, .F. ) ;
#2610 = CARTESIAN_POINT ( 'NONE',  ( -0.7599999999999995648, 0.07000000000000013156, 0.2499999999999998890 ) ) ;
#2611 = CARTESIAN_POINT ( 'NONE',  ( -0.6464719331497226218, 3.101858582251265872, -0.9600000000000001865 ) ) ;
#2612 = DIRECTION ( 'NONE',  ( 0.000000000000000000, 0.000000000000000000, 1.000000000000000000 ) ) ;
#2613 = ORIENTED_EDGE ( 'NONE', *, *, #865, .T. ) ;
#2614 = FACE_OUTER_BOUND ( 'NONE', #119, .T. ) ;
#2615 = EDGE_CURVE ( 'NONE', #1432, #3219, #466, .T. ) ;
#2616 = PLANE ( 'NONE',  #3534 ) ;
#2617 = CARTESIAN_POINT ( 'NONE',  ( 0.7099999999999999645, 0.07000000000000013156, -0.1749999999999999889 ) ) ;
#2618 = ORIENTED_EDGE ( 'NONE', *, *, #3866, .T. ) ;
#2619 = EDGE_CURVE ( 'NONE', #3977, #443, #732, .T. ) ;
#2620 = DIRECTION ( 'NONE',  ( 1.000000000000000000, 0.000000000000000000, -0.000000000000000000 ) ) ;
#2621 = CARTESIAN_POINT ( 'NONE',  ( 0.9000000000000000222, 0.3300000000000000155, -0.4000000000000000222 ) ) ;
#2622 = DIRECTION ( 'NONE',  ( 0.000000000000000000, 0.000000000000000000, 1.000000000000000000 ) ) ;
#2623 = DIRECTION ( 'NONE',  ( -5.706327223607916569E-16, 0.000000000000000000, -1.000000000000000000 ) ) ;
#2624 = ORIENTED_EDGE ( 'NONE', *, *, #886, .F. ) ;
#2625 = EDGE_CURVE ( 'NONE', #2091, #2712, #1368, .T. ) ;
#2626 = VECTOR ( 'NONE', #2015, 999.9999999999998863 ) ;
#2627 = CARTESIAN_POINT ( 'NONE',  ( -0.8201970085578875747, 0.3300000000000000155, -0.8212762261540346165 ) ) ;
#2628 = VECTOR ( 'NONE', #1663, 1000.000000000000000 ) ;
#2629 = ORIENTED_EDGE ( 'NONE', *, *, #1551, .F. ) ;
#2630 = PLANE ( 'NONE',  #1481 ) ;
#2631 = EDGE_LOOP ( 'NONE', ( #3903, #1915, #3061, #4025 ) ) ;
#2632 = DIRECTION ( 'NONE',  ( 1.000000000000000000, 0.000000000000000000, 0.000000000000000000 ) ) ;
#2633 = LINE ( 'NONE', #111, #3996 ) ;
#2634 = CARTESIAN_POINT ( 'NONE',  ( 0.000000000000000000, 0.8223027177223229955, 0.000000000000000000 ) ) ;
#2635 = AXIS2_PLACEMENT_3D ( 'NONE', #233, #888, #3591 ) ;
#2636 = ORIENTED_EDGE ( 'NONE', *, *, #3003, .F. ) ;
#2637 = DIRECTION ( 'NONE',  ( -0.000000000000000000, -1.000000000000000000, 0.000000000000000000 ) ) ;
#2638 =( GEOMETRIC_REPRESENTATION_CONTEXT ( 3 ) GLOBAL_UNCERTAINTY_ASSIGNED_CONTEXT ( ( #2280 ) ) GLOBAL_UNIT_ASSIGNED_CONTEXT ( ( #1169, #3983, #3702 ) ) REPRESENTATION_CONTEXT ( 'NONE', 'WORKASPACE' ) );
#2639 = DIRECTION ( 'NONE',  ( 0.000000000000000000, 0.000000000000000000, -1.000000000000000000 ) ) ;
#2640 = EDGE_CURVE ( 'NONE', #1371, #1115, #2606, .T. ) ;
#2641 = CARTESIAN_POINT ( 'NONE',  ( -0.7599999999999995648, 0.8240647730814242289, 0.2000000000000055900 ) ) ;
#2642 = ORIENTED_EDGE ( 'NONE', *, *, #359, .T. ) ;
#2643 = VECTOR ( 'NONE', #3206, 1000.000000000000000 ) ;
#2644 = CARTESIAN_POINT ( 'NONE',  ( -0.4999999999999998890, 0.1200000000000006339, 1.000000000000001332 ) ) ;
#2645 = VECTOR ( 'NONE', #949, 1000.000000000000000 ) ;
#2646 = CARTESIAN_POINT ( 'NONE',  ( 8.465035516622664014E-17, 0.4500000000000001776, 0.000000000000000000 ) ) ;
#2647 = EDGE_CURVE ( 'NONE', #1267, #1822, #251, .T. ) ;
#2648 = CARTESIAN_POINT ( 'NONE',  ( 0.000000000000000000, 0.8223027175517927390, 0.000000000000000000 ) ) ;
#2649 = CARTESIAN_POINT ( 'NONE',  ( -0.9000000000000001332, 0.3300000000000000155, -0.8099999999999999423 ) ) ;
#2650 = ORIENTED_EDGE ( 'NONE', *, *, #3941, .T. ) ;
#2651 = PRESENTATION_LAYER_ASSIGNMENT (  '', '', ( #2131 ) ) ;
#2652 = UNCERTAINTY_MEASURE_WITH_UNIT (LENGTH_MEASURE( 1.000000000000000082E-05 ), #331, 'distance_accuracy_value', 'NONE');
#2653 = PLANE ( 'NONE',  #2329 ) ;
#2654 = EDGE_CURVE ( 'NONE', #2433, #1438, #780, .T. ) ;
#2655 = AXIS2_PLACEMENT_3D ( 'NONE', #2214, #644, #3778 ) ;
#2656 = EDGE_LOOP ( 'NONE', ( #3822, #891, #3146, #995 ) ) ;
#2657 = FACE_OUTER_BOUND ( 'NONE', #2892, .T. ) ;
#2658 = ORIENTED_EDGE ( 'NONE', *, *, #3065, .T. ) ;
#2659 = PLANE ( 'NONE',  #946 ) ;
#2660 = PLANE ( 'NONE',  #3799 ) ;
#2661 = CARTESIAN_POINT ( 'NONE',  ( 0.7099999999999999645, 0.8240647730814245620, 0.1250000000000055511 ) ) ;
#2662 = ORIENTED_EDGE ( 'NONE', *, *, #2745, .F. ) ;
#2663 = LINE ( 'NONE', #1100, #3430 ) ;
#2664 = CARTESIAN_POINT ( 'NONE',  ( 0.5091797795056174358, 0.01999999999999999695, 0.8599999999999994316 ) ) ;
#2665 = ORIENTED_EDGE ( 'NONE', *, *, #1116, .F. ) ;
#2666 = LINE ( 'NONE', #159, #613 ) ;
#2667 = DIRECTION ( 'NONE',  ( 0.000000000000000000, 1.000000000000000000, 0.000000000000000000 ) ) ;
#2668 = CARTESIAN_POINT ( 'NONE',  ( -0.8183854405088103467, 0.3300000000000000155, -0.6000000000000000888 ) ) ;
#2669 = LINE ( 'NONE', #1769, #3818 ) ;
#2670 = ORIENTED_EDGE ( 'NONE', *, *, #1626, .T. ) ;
#2671 = ADVANCED_FACE ( 'NONE', ( #1410 ), #2653, .T. ) ;
#2672 = CARTESIAN_POINT ( 'NONE',  ( 0.000000000000000000, -1.077217957345936394, 0.5399530869945895484 ) ) ;
#2673 = ORIENTED_EDGE ( 'NONE', *, *, #1165, .T. ) ;
#2674 = CARTESIAN_POINT ( 'NONE',  ( 0.4699999999999999178, 0.3090703013447053116, -1.000000000000000222 ) ) ;
#2675 = ORIENTED_EDGE ( 'NONE', *, *, #3595, .F. ) ;
#2676 = EDGE_CURVE ( 'NONE', #2810, #1391, #770, .T. ) ;
#2677 = CARTESIAN_POINT ( 'NONE',  ( 0.5999999999999998668, 0.3300000000000000155, 0.9599999999999995204 ) ) ;
#2678 = DIRECTION ( 'NONE',  ( 1.594414959537506927E-16, 6.776942467587082337E-15, -1.000000000000000000 ) ) ;
#2679 = ORIENTED_EDGE ( 'NONE', *, *, #2722, .T. ) ;
#2680 = ORIENTED_EDGE ( 'NONE', *, *, #2543, .F. ) ;
#2681 = PLANE ( 'NONE',  #2315 ) ;
#2682 = ORIENTED_EDGE ( 'NONE', *, *, #3313, .F. ) ;
#2683 = LINE ( 'NONE', #3700, #2954 ) ;
#2684 = DIRECTION ( 'NONE',  ( 1.606225440719265529E-15, -0.000000000000000000, 1.000000000000000000 ) ) ;
#2685 = CARTESIAN_POINT ( 'NONE',  ( 0.000000000000000000, 0.8223027177223229955, 0.000000000000000000 ) ) ;
#2686 = DIRECTION ( 'NONE',  ( -1.000000000000000000, -0.000000000000000000, -0.000000000000000000 ) ) ;
#2687 = ORIENTED_EDGE ( 'NONE', *, *, #2365, .T. ) ;
#2688 = DIRECTION ( 'NONE',  ( 1.000000000000000000, -0.000000000000000000, 0.000000000000000000 ) ) ;
#2689 = ORIENTED_EDGE ( 'NONE', *, *, #744, .F. ) ;
#2690 = ADVANCED_FACE ( 'NONE', ( #3952 ), #2121, .F. ) ;
#2691 = DIRECTION ( 'NONE',  ( 3.388471233793542746E-15, 1.000000000000000000, -3.388471233793532885E-15 ) ) ;
#2692 = ORIENTED_EDGE ( 'NONE', *, *, #1839, .T. ) ;
#2693 = VECTOR ( 'NONE', #683, 1000.000000000000000 ) ;
#2694 = VECTOR ( 'NONE', #3476, 1000.000000000000000 ) ;
#2695 = CARTESIAN_POINT ( 'NONE',  ( -0.2945032742232427392, 0.01999999999999998307, 0.4703471600732581082 ) ) ;
#2696 = EDGE_CURVE ( 'NONE', #1057, #3804, #529, .T. ) ;
#2697 = PLANE ( 'NONE',  #961 ) ;
#2698 = ORIENTED_EDGE ( 'NONE', *, *, #1453, .T. ) ;
#2699 = AXIS2_PLACEMENT_3D ( 'NONE', #280, #302, #1521 ) ;
#2700 = VECTOR ( 'NONE', #699, 1000.000000000000000 ) ;
#2701 = VERTEX_POINT ( 'NONE', #1529 ) ;
#2702 = EDGE_CURVE ( 'NONE', #2391, #83, #1871, .T. ) ;
#2703 = FACE_OUTER_BOUND ( 'NONE', #1234, .T. ) ;
#2704 = ORIENTED_EDGE ( 'NONE', *, *, #2894, .T. ) ;
#2705 = CIRCLE ( 'NONE', #3740, 0.1300000000000000044 ) ;
#2706 = LINE ( 'NONE', #839, #3796 ) ;
#2707 = CARTESIAN_POINT ( 'NONE',  ( 0.000000000000000000, 0.1499999999999999944, 0.000000000000000000 ) ) ;
#2708 = CARTESIAN_POINT ( 'NONE',  ( -0.5000000000000000000, 0.3090703013447052006, -1.000000000000000222 ) ) ;
#2709 = ORIENTED_EDGE ( 'NONE', *, *, #1054, .F. ) ;
#2710 = VECTOR ( 'NONE', #1034, 1000.000000000000000 ) ;
#2711 = CARTESIAN_POINT ( 'NONE',  ( 0.5000000000000001110, 0.1200000000000002454, 0.8800000000000008926 ) ) ;
#2712 = VERTEX_POINT ( 'NONE', #2449 ) ;
#2713 = CARTESIAN_POINT ( 'NONE',  ( 0.5091797795056174358, 0.1499999999999999667, 0.8599999999999994316 ) ) ;
#2714 = VECTOR ( 'NONE', #1066, 1000.000000000000000 ) ;
#2715 = ORIENTED_EDGE ( 'NONE', *, *, #648, .F. ) ;
#2716 = EDGE_CURVE ( 'NONE', #2553, #3081, #3338, .T. ) ;
#2717 = CIRCLE ( 'NONE', #969, 0.1372407706859224696 ) ;
#2718 = CARTESIAN_POINT ( 'NONE',  ( -0.4699999999999999178, 0.3300000000000001266, -0.8799999999999998934 ) ) ;
#2719 = CARTESIAN_POINT ( 'NONE',  ( -0.6464719331497226218, 0.02000000000000005246, -0.9600000000000001865 ) ) ;
#2720 = VERTEX_POINT ( 'NONE', #2711 ) ;
#2721 = VECTOR ( 'NONE', #3075, 1000.000000000000000 ) ;
#2722 = EDGE_CURVE ( 'NONE', #975, #2142, #1247, .T. ) ;
#2723 = ORIENTED_EDGE ( 'NONE', *, *, #3294, .T. ) ;
#2724 = CARTESIAN_POINT ( 'NONE',  ( -0.7599999999999995648, 0.4500000000000002887, -0.2500000000000001110 ) ) ;
#2725 = VERTEX_POINT ( 'NONE', #310 ) ;
#2726 = EDGE_CURVE ( 'NONE', #2833, #3138, #2790, .T. ) ;
#2727 = CARTESIAN_POINT ( 'NONE',  ( 0.4699999999999998623, 0.4500000000000000666, 0.8099999999999999423 ) ) ;
#2728 = CARTESIAN_POINT ( 'NONE',  ( 0.000000000000000000, 0.6807415121403106451, 0.000000000000000000 ) ) ;
#2729 = SURFACE_STYLE_USAGE ( .BOTH. , #3033 ) ;
#2730 = ORIENTED_EDGE ( 'NONE', *, *, #84, .T. ) ;
#2731 = CARTESIAN_POINT ( 'NONE',  ( 0.5000000000000000000, 0.1200000000000062544, -0.8800000000000007816 ) ) ;
#2732 = EDGE_LOOP ( 'NONE', ( #3984, #2492, #2991, #2698, #3810, #1807, #2796, #3850, #1954, #1563, #3072, #2613, #3509, #1616, #1730, #2642, #3325, #2573, #1298, #2013, #3480, #3056, #590, #3259 ) ) ;
#2733 = CARTESIAN_POINT ( 'NONE',  ( 1.350000000000000089, 0.5807415121403105562, -0.6750000000000000444 ) ) ;
#2734 = ORIENTED_EDGE ( 'NONE', *, *, #2769, .F. ) ;
#2735 =( NAMED_UNIT ( * ) SI_UNIT ( $, .STERADIAN. ) SOLID_ANGLE_UNIT ( ) );
#2736 = CARTESIAN_POINT ( 'NONE',  ( 0.5000000000000000000, 0.3090703013446987613, 1.000000000000000222 ) ) ;
#2737 = DIRECTION ( 'NONE',  ( -0.000000000000000000, -1.000000000000000000, -0.000000000000000000 ) ) ;
#2738 = ORIENTED_EDGE ( 'NONE', *, *, #3969, .T. ) ;
#2739 = ORIENTED_EDGE ( 'NONE', *, *, #3416, .F. ) ;
#2740 = LINE ( 'NONE', #241, #3550 ) ;
#2741 = EDGE_LOOP ( 'NONE', ( #3608, #338, #2282, #926 ) ) ;
#2742 = ADVANCED_FACE ( 'NONE', ( #864 ), #570, .F. ) ;
#2743 = DIRECTION ( 'NONE',  ( 0.000000000000000000, 0.000000000000000000, -1.000000000000000000 ) ) ;
#2744 = CARTESIAN_POINT ( 'NONE',  ( 0.5091797795056174358, 0.1499999999999999667, -0.8599999999999996536 ) ) ;
#2745 = EDGE_CURVE ( 'NONE', #314, #1149, #3058, .T. ) ;
#2746 = EDGE_LOOP ( 'NONE', ( #1539, #3569, #1894, #383, #812, #2273 ) ) ;
#2747 = CARTESIAN_POINT ( 'NONE',  ( -0.4699999999999999178, 0.3300000000000000155, 0.8800000000000002265 ) ) ;
#2748 = LINE ( 'NONE', #3382, #3236 ) ;
#2749 = VERTEX_POINT ( 'NONE', #2409 ) ;
#2750 = EDGE_CURVE ( 'NONE', #1091, #3619, #609, .T. ) ;
#2751 =( NAMED_UNIT ( * ) SI_UNIT ( $, .STERADIAN. ) SOLID_ANGLE_UNIT ( ) );
#2752 = EDGE_LOOP ( 'NONE', ( #2368, #3373, #3973, #702, #1513, #1581 ) ) ;
#2753 = DIRECTION ( 'NONE',  ( 0.000000000000000000, 0.000000000000000000, -1.000000000000000000 ) ) ;
#2754 = AXIS2_PLACEMENT_3D ( 'NONE', #1384, #185, #3843 ) ;
#2755 = CARTESIAN_POINT ( 'NONE',  ( 0.5091797795056174358, -0.3300000000000000155, 0.6850236653556326383 ) ) ;
#2756 = ORIENTED_EDGE ( 'NONE', *, *, #1776, .F. ) ;
#2757 = CIRCLE ( 'NONE', #1458, 0.6750000000010913936 ) ;
#2758 = ORIENTED_EDGE ( 'NONE', *, *, #3756, .T. ) ;
#2759 = DIRECTION ( 'NONE',  ( 0.000000000000000000, 0.000000000000000000, -1.000000000000000000 ) ) ;
#2760 = ORIENTED_EDGE ( 'NONE', *, *, #2402, .T. ) ;
#2761 = VECTOR ( 'NONE', #462, 999.9999999999998863 ) ;
#2762 = PLANE ( 'NONE',  #3541 ) ;
#2763 = EDGE_CURVE ( 'NONE', #1999, #2326, #1791, .T. ) ;
#2764 = CARTESIAN_POINT ( 'NONE',  ( -1.000000000000000000, 0.3300000000000000155, 1.000000000000000444 ) ) ;
#2765 = CARTESIAN_POINT ( 'NONE',  ( 0.7099999999999999645, 0.07000000000000013156, 0.1749999999999999889 ) ) ;
#2766 = AXIS2_PLACEMENT_3D ( 'NONE', #2341, #463, #2059 ) ;
#2767 = ORIENTED_EDGE ( 'NONE', *, *, #631, .T. ) ;
#2768 = LINE ( 'NONE', #1246, #292 ) ;
#2769 = EDGE_CURVE ( 'NONE', #2529, #3486, #2748, .T. ) ;
#2770 = DIRECTION ( 'NONE',  ( 0.000000000000000000, 0.000000000000000000, -1.000000000000000000 ) ) ;
#2771 = ORIENTED_EDGE ( 'NONE', *, *, #3363, .F. ) ;
#2772 = DIRECTION ( 'NONE',  ( 3.507946793232390122E-16, -1.000000000000000000, -0.000000000000000000 ) ) ;
#2773 = ORIENTED_EDGE ( 'NONE', *, *, #2445, .F. ) ;
#2774 = ADVANCED_FACE ( 'NONE', ( #3704 ), #3037, .F. ) ;
#2775 = AXIS2_PLACEMENT_3D ( 'NONE', #714, #3808, #1029 ) ;
#2776 = LINE ( 'NONE', #2184, #1658 ) ;
#2777 = CARTESIAN_POINT ( 'NONE',  ( 1.000000000000000000, 0.4500000000000000666, -1.000000000000000444 ) ) ;
#2778 = ORIENTED_EDGE ( 'NONE', *, *, #1239, .T. ) ;
#2779 = VECTOR ( 'NONE', #485, 1000.000000000000000 ) ;
#2780 = VERTEX_POINT ( 'NONE', #3016 ) ;
#2781 = PLANE ( 'NONE',  #4006 ) ;
#2782 = VECTOR ( 'NONE', #423, 1000.000000000000000 ) ;
#2783 = ORIENTED_EDGE ( 'NONE', *, *, #1750, .T. ) ;
#2784 = FACE_OUTER_BOUND ( 'NONE', #781, .T. ) ;
#2785 = VECTOR ( 'NONE', #1510, 1000.000000000000000 ) ;
#2786 = PLANE ( 'NONE',  #3928 ) ;
#2787 = CARTESIAN_POINT ( 'NONE',  ( -0.9599999999999998535, 0.4500000000000002887, -0.2500000000000001110 ) ) ;
#2788 = PRESENTATION_STYLE_ASSIGNMENT (( #2729 ) ) ;
#2789 = CARTESIAN_POINT ( 'NONE',  ( -0.4999999999999998890, 5.974228063699977643E-19, 0.7250000000000020872 ) ) ;
#2790 = LINE ( 'NONE', #2101, #906 ) ;
#2791 = VERTEX_POINT ( 'NONE', #3687 ) ;
#2792 = CARTESIAN_POINT ( 'NONE',  ( -0.9308246407405786904, 0.8240647730814242289, 0.2000000000000055622 ) ) ;
#2793 = ORIENTED_EDGE ( 'NONE', *, *, #2676, .F. ) ;
#2794 = EDGE_CURVE ( 'NONE', #3311, #1775, #905, .T. ) ;
#2795 = FACE_OUTER_BOUND ( 'NONE', #2181, .T. ) ;
#2796 = ORIENTED_EDGE ( 'NONE', *, *, #779, .T. ) ;
#2797 = CARTESIAN_POINT ( 'NONE',  ( 0.5999999999999999778, 0.4500000000000000666, -0.8800000000000000044 ) ) ;
#2798 = EDGE_LOOP ( 'NONE', ( #3988, #1699 ) ) ;
#2799 = EDGE_CURVE ( 'NONE', #3405, #1381, #226, .T. ) ;
#2800 = ORIENTED_EDGE ( 'NONE', *, *, #2349, .F. ) ;
#2801 = DIRECTION ( 'NONE',  ( 0.000000000000000000, 1.000000000000000000, 0.000000000000000000 ) ) ;
#2802 = ORIENTED_EDGE ( 'NONE', *, *, #2124, .F. ) ;
#2803 = CARTESIAN_POINT ( 'NONE',  ( 1.000000000000000000, 0.4500000000000000666, 1.000000000000000444 ) ) ;
#2804 = DIRECTION ( 'NONE',  ( 0.000000000000000000, 1.000000000000000000, 0.000000000000000000 ) ) ;
#2805 = PLANE ( 'NONE',  #2383 ) ;
#2806 = CARTESIAN_POINT ( 'NONE',  ( 0.5999999999999999778, 0.3300000000000000155, 0.8099999999999999423 ) ) ;
#2807 = LINE ( 'NONE', #1893, #843 ) ;
#2808 = VERTEX_POINT ( 'NONE', #2731 ) ;
#2809 = DIRECTION ( 'NONE',  ( -0.7660444431189789016, 0.000000000000000000, 0.6427876096865382527 ) ) ;
#2810 = VERTEX_POINT ( 'NONE', #3970 ) ;
#2811 = CARTESIAN_POINT ( 'NONE',  ( 0.9600000000000000755, 0.3300000000000000155, -0.8099999999999999423 ) ) ;
#2812 = EDGE_CURVE ( 'NONE', #59, #87, #2426, .T. ) ;
#2813 = DIRECTION ( 'NONE',  ( -0.000000000000000000, -1.000000000000000000, -0.000000000000000000 ) ) ;
#2814 = ORIENTED_EDGE ( 'NONE', *, *, #1846, .T. ) ;
#2815 = DIRECTION ( 'NONE',  ( -0.000000000000000000, -0.000000000000000000, -1.000000000000000000 ) ) ;
#2816 = ORIENTED_EDGE ( 'NONE', *, *, #1463, .T. ) ;
#2817 = EDGE_CURVE ( 'NONE', #1387, #1057, #2853, .T. ) ;
#2818 = DIRECTION ( 'NONE',  ( 0.000000000000000000, 0.000000000000000000, -1.000000000000000000 ) ) ;
#2819 = DIRECTION ( 'NONE',  ( 0.000000000000000000, -3.285461128743950165E-15, 1.000000000000000000 ) ) ;
#2820 = ORIENTED_EDGE ( 'NONE', *, *, #3003, .T. ) ;
#2821 = FACE_BOUND ( 'NONE', #643, .T. ) ;
#2822 = VECTOR ( 'NONE', #2599, 1000.000000000000000 ) ;
#2823 = DIRECTION ( 'NONE',  ( 5.706327223607916569E-16, -0.000000000000000000, -1.000000000000000000 ) ) ;
#2824 = EDGE_CURVE ( 'NONE', #1838, #1113, #1935, .T. ) ;
#2825 = FACE_OUTER_BOUND ( 'NONE', #23, .T. ) ;
#2826 = AXIS2_PLACEMENT_3D ( 'NONE', #1627, #1019, #3157 ) ;
#2827 = CARTESIAN_POINT ( 'NONE',  ( -0.4699999999999999178, 0.3300000000000002376, 1.000000000000000444 ) ) ;
#2828 = FACE_OUTER_BOUND ( 'NONE', #403, .T. ) ;
#2829 = LINE ( 'NONE', #22, #3823 ) ;
#2830 = VECTOR ( 'NONE', #2960, 1000.000000000000000 ) ;
#2831 = ORIENTED_EDGE ( 'NONE', *, *, #3511, .F. ) ;
#2832 = LINE ( 'NONE', #1573, #2978 ) ;
#2833 = VERTEX_POINT ( 'NONE', #371 ) ;
#2834 = PRESENTATION_LAYER_ASSIGNMENT (  '', '', ( #617 ) ) ;
#2835 = DIRECTION ( 'NONE',  ( -0.000000000000000000, 3.285461128743950165E-15, -1.000000000000000000 ) ) ;
#2836 = DIRECTION ( 'NONE',  ( -0.7071067811865473507, 0.000000000000000000, -0.7071067811865477948 ) ) ;
#2837 = ORIENTED_EDGE ( 'NONE', *, *, #845, .T. ) ;
#2838 = DIRECTION ( 'NONE',  ( -0.000000000000000000, -1.000000000000000000, 0.000000000000000000 ) ) ;
#2839 = AXIS2_PLACEMENT_3D ( 'NONE', #3050, #1141, #2377 ) ;
#2840 = ORIENTED_EDGE ( 'NONE', *, *, #3708, .T. ) ;
#2841 = AXIS2_PLACEMENT_3D ( 'NONE', #90, #767, #1357 ) ;
#2842 = ORIENTED_EDGE ( 'NONE', *, *, #1207, .F. ) ;
#2843 = CARTESIAN_POINT ( 'NONE',  ( 1.050000000000000044, 0.3300000000000000155, -0.1249999999999988620 ) ) ;
#2844 = ORIENTED_EDGE ( 'NONE', *, *, #283, .T. ) ;
#2845 = DIRECTION ( 'NONE',  ( 1.000000000000000000, 1.084202172485504434E-16, -0.000000000000000000 ) ) ;
#2846 = VECTOR ( 'NONE', #2809, 1000.000000000000000 ) ;
#2847 = EDGE_CURVE ( 'NONE', #299, #1507, #1610, .T. ) ;
#2848 = VECTOR ( 'NONE', #1419, 999.9999999999998863 ) ;
#2849 = CARTESIAN_POINT ( 'NONE',  ( 0.000000000000000000, 3.704438889405129560E-15, -1.000000000000001332 ) ) ;
#2850 = EDGE_CURVE ( 'NONE', #3951, #1329, #66, .T. ) ;
#2851 = VECTOR ( 'NONE', #1064, 1000.000000000000000 ) ;
#2852 = CARTESIAN_POINT ( 'NONE',  ( 0.000000000000000000, 0.3090703013446987613, 0.8800000000000001155 ) ) ;
#2853 = LINE ( 'NONE', #1590, #3890 ) ;
#2854 = CARTESIAN_POINT ( 'NONE',  ( -0.9599999999999998535, 0.02000000000000005246, -0.3532444682122630741 ) ) ;
#2855 = ORIENTED_EDGE ( 'NONE', *, *, #804, .F. ) ;
#2856 = LINE ( 'NONE', #1310, #3630 ) ;
#2857 = FACE_OUTER_BOUND ( 'NONE', #3524, .T. ) ;
#2858 = EDGE_LOOP ( 'NONE', ( #2831, #2401, #3911, #1500, #527, #216, #1189, #942, #1094, #1764, #1781, #3545, #3169, #3469, #3713, #768, #1618, #3522, #2650, #4023, #1434, #1474, #2981, #2210, #1942, #3711, #3221, #871, #1864 ) ) ;
#2859 = CYLINDRICAL_SURFACE ( 'NONE', #3869, 0.1200000000000003147 ) ;
#2860 = FACE_OUTER_BOUND ( 'NONE', #1299, .T. ) ;
#2861 = ORIENTED_EDGE ( 'NONE', *, *, #1508, .F. ) ;
#2862 = CARTESIAN_POINT ( 'NONE',  ( 0.000000000000000000, -1.355388493517416388E-15, 0.1999999999999999833 ) ) ;
#2863 = SURFACE_STYLE_FILL_AREA ( #1 ) ;
#2864 = EDGE_CURVE ( 'NONE', #3873, #2561, #348, .T. ) ;
#2865 = CARTESIAN_POINT ( 'NONE',  ( -0.5091797795056174358, -0.3300000000000000155, -0.8599999999999996536 ) ) ;
#2866 = DIRECTION ( 'NONE',  ( 0.000000000000000000, 1.000000000000000000, 0.000000000000000000 ) ) ;
#2867 = DIRECTION ( 'NONE',  ( 0.7071067811865473507, 0.000000000000000000, -0.7071067811865477948 ) ) ;
#2868 = EDGE_CURVE ( 'NONE', #1822, #1105, #329, .T. ) ;
#2869 = DIRECTION ( 'NONE',  ( 0.000000000000000000, 1.000000000000000000, 0.000000000000000000 ) ) ;
#2870 = ORIENTED_EDGE ( 'NONE', *, *, #3092, .T. ) ;
#2871 = CARTESIAN_POINT ( 'NONE',  ( 0.5000000000000001110, -6.234162491791650496E-16, 0.8800000000000013367 ) ) ;
#2872 = EDGE_CURVE ( 'NONE', #2298, #2378, #1358, .T. ) ;
#2873 = ORIENTED_EDGE ( 'NONE', *, *, #3696, .T. ) ;
#2874 = DIRECTION ( 'NONE',  ( 0.000000000000000000, -0.000000000000000000, 1.000000000000000000 ) ) ;
#2875 = DIRECTION ( 'NONE',  ( -8.031127205612307786E-17, -1.000000000000000000, 0.000000000000000000 ) ) ;
#2876 = ORIENTED_EDGE ( 'NONE', *, *, #3369, .T. ) ;
#2877 = FACE_OUTER_BOUND ( 'NONE', #2537, .T. ) ;
#2878 = CARTESIAN_POINT ( 'NONE',  ( -0.4999999999999998890, 0.1200000000000051303, -0.7250000000000010880 ) ) ;
#2879 = DIRECTION ( 'NONE',  ( 0.000000000000000000, 0.000000000000000000, 1.000000000000000000 ) ) ;
#2880 = CIRCLE ( 'NONE', #3152, 0.6750000000000000444 ) ;
#2881 = EDGE_CURVE ( 'NONE', #975, #2433, #1021, .T. ) ;
#2882 = LINE ( 'NONE', #420, #2694 ) ;
#2883 = AXIS2_PLACEMENT_3D ( 'NONE', #2359, #2992, #2057 ) ;
#2884 = PLANE ( 'NONE',  #3472 ) ;
#2885 = DIRECTION ( 'NONE',  ( 0.7071067811865475727, -0.000000000000000000, 0.7071067811865475727 ) ) ;
#2886 = ORIENTED_EDGE ( 'NONE', *, *, #3610, .T. ) ;
#2887 = EDGE_CURVE ( 'NONE', #1795, #1217, #2807, .T. ) ;
#2888 = AXIS2_PLACEMENT_3D ( 'NONE', #2127, #3936, #2372 ) ;
#2889 = DIRECTION ( 'NONE',  ( -0.000000000000000000, -1.000000000000000000, -0.000000000000000000 ) ) ;
#2890 = ORIENTED_EDGE ( 'NONE', *, *, #2864, .F. ) ;
#2891 = DIRECTION ( 'NONE',  ( 0.000000000000000000, -1.000000000000000000, 0.000000000000000000 ) ) ;
#2892 = EDGE_LOOP ( 'NONE', ( #502, #72, #587, #3908 ) ) ;
#2893 = PRESENTATION_LAYER_ASSIGNMENT (  '', '', ( #2443 ) ) ;
#2894 = EDGE_CURVE ( 'NONE', #3311, #1209, #2255, .T. ) ;
#2895 = CARTESIAN_POINT ( 'NONE',  ( -0.4999999999999998890, 0.1200000000000061712, -0.8800000000000008926 ) ) ;
#2896 = VECTOR ( 'NONE', #3116, 1000.000000000000000 ) ;
#2897 = PLANE ( 'NONE',  #2238 ) ;
#2898 = CARTESIAN_POINT ( 'NONE',  ( 0.9000000000000000222, 0.4500000000000000666, -0.4000000000000000222 ) ) ;
#2899 = ORIENTED_EDGE ( 'NONE', *, *, #470, .F. ) ;
#2900 = CARTESIAN_POINT ( 'NONE',  ( 0.4699999999999999178, 0.3090703013446987613, 0.8800000000000001155 ) ) ;
#2901 = VECTOR ( 'NONE', #3593, 1000.000000000000000 ) ;
#2902 = CARTESIAN_POINT ( 'NONE',  ( -0.7599999999999995648, 0.3300000000000000155, 0.2000000000000055900 ) ) ;
#2903 = VECTOR ( 'NONE', #633, 1000.000000000000000 ) ;
#2904 = ORIENTED_EDGE ( 'NONE', *, *, #128, .T. ) ;
#2905 = VECTOR ( 'NONE', #1377, 1000.000000000000000 ) ;
#2906 = DIRECTION ( 'NONE',  ( 1.000000000000000000, 0.000000000000000000, 0.000000000000000000 ) ) ;
#2907 = DIRECTION ( 'NONE',  ( 0.000000000000000000, 1.000000000000000000, 0.000000000000000000 ) ) ;
#2908 = DIRECTION ( 'NONE',  ( 0.000000000000000000, 1.000000000000000000, 0.000000000000000000 ) ) ;
#2909 = CARTESIAN_POINT ( 'NONE',  ( 0.2750000000000000222, 3.986514682092426052E-15, -0.5000000000000018874 ) ) ;
#2910 = VECTOR ( 'NONE', #822, 1000.000000000000000 ) ;
#2911 = EDGE_LOOP ( 'NONE', ( #140, #436, #2258, #1219 ) ) ;
#2912 = CARTESIAN_POINT ( 'NONE',  ( 6.612518196776563613E-17, -1.077217957345936394, -0.5399530869945895484 ) ) ;
#2913 = ORIENTED_EDGE ( 'NONE', *, *, #1200, .F. ) ;
#2914 = EDGE_CURVE ( 'NONE', #457, #104, #3499, .T. ) ;
#2915 = DIRECTION ( 'NONE',  ( -0.5735764365019382360, -0.8191520441833359811, 7.024285470284435509E-17 ) ) ;
#2916 = VERTEX_POINT ( 'NONE', #1264 ) ;
#2917 = DIRECTION ( 'NONE',  ( 0.000000000000000000, 0.000000000000000000, -1.000000000000000000 ) ) ;
#2918 = DIRECTION ( 'NONE',  ( 0.000000000000000000, 1.000000000000000000, 0.000000000000000000 ) ) ;
#2919 = EDGE_CURVE ( 'NONE', #1507, #3405, #2219, .T. ) ;
#2920 = DIRECTION ( 'NONE',  ( 0.000000000000000000, 1.000000000000000000, 0.000000000000000000 ) ) ;
#2921 = ORIENTED_EDGE ( 'NONE', *, *, #800, .F. ) ;
#2922 = DIRECTION ( 'NONE',  ( 0.000000000000000000, 1.000000000000000000, 0.000000000000000000 ) ) ;
#2923 = DIRECTION ( 'NONE',  ( 0.000000000000000000, 0.000000000000000000, 1.000000000000000000 ) ) ;
#2924 = EDGE_CURVE ( 'NONE', #1507, #1822, #2829, .T. ) ;
#2925 = DIRECTION ( 'NONE',  ( -0.000000000000000000, 0.000000000000000000, -1.000000000000000000 ) ) ;
#2926 = ORIENTED_EDGE ( 'NONE', *, *, #2417, .F. ) ;
#2927 = CARTESIAN_POINT ( 'NONE',  ( -1.000000000000000000, 0.3300000000000000155, -0.3532444682122631296 ) ) ;
#2928 = CARTESIAN_POINT ( 'NONE',  ( -0.4699999999999999178, 0.3300000000000000155, 1.000000000000000000 ) ) ;
#2929 = CARTESIAN_POINT ( 'NONE',  ( 0.000000000000000000, 0.1200000000000061712, -0.8800000000000006706 ) ) ;
#2930 = DIRECTION ( 'NONE',  ( -1.000000000000000000, 0.000000000000000000, -0.000000000000000000 ) ) ;
#2931 = ORIENTED_EDGE ( 'NONE', *, *, #790, .F. ) ;
#2932 = DIRECTION ( 'NONE',  ( 0.000000000000000000, 0.000000000000000000, -1.000000000000000000 ) ) ;
#2933 = ORIENTED_EDGE ( 'NONE', *, *, #551, .T. ) ;
#2934 = CARTESIAN_POINT ( 'NONE',  ( 1.050000000000000044, -8.623007556033990081E-16, 0.1250000000000028588 ) ) ;
#2935 = VERTEX_POINT ( 'NONE', #709 ) ;
#2936 = ADVANCED_FACE ( 'NONE', ( #401 ), #2504, .F. ) ;
#2937 = SURFACE_STYLE_FILL_AREA ( #3525 ) ;
#2938 = PLANE ( 'NONE',  #3475 ) ;
#2939 = CYLINDRICAL_SURFACE ( 'NONE', #1342, 0.1199999999999999956 ) ;
#2940 = ORIENTED_EDGE ( 'NONE', *, *, #2763, .T. ) ;
#2941 = FACE_OUTER_BOUND ( 'NONE', #1493, .T. ) ;
#2942 = EDGE_CURVE ( 'NONE', #342, #1526, #1628, .T. ) ;
#2943 = DIRECTION ( 'NONE',  ( -0.000000000000000000, 1.000000000000000000, -0.000000000000000000 ) ) ;
#2944 = PLANE ( 'NONE',  #687 ) ;
#2945 = ORIENTED_EDGE ( 'NONE', *, *, #2850, .T. ) ;
#2946 = EDGE_CURVE ( 'NONE', #1113, #3444, #1643, .T. ) ;
#2947 = CARTESIAN_POINT ( 'NONE',  ( -0.7599999999999995648, -1.314629078616308186E-15, 0.2000000000000013989 ) ) ;
#2948 = PLANE ( 'NONE',  #2045 ) ;
#2949 = CARTESIAN_POINT ( 'NONE',  ( 0.000000000000000000, 0.8223027175517927390, 0.6750000000010915047 ) ) ;
#2950 = CARTESIAN_POINT ( 'NONE',  ( 0.000000000000000000, 0.4500000000000001221, 0.5399530869945895484 ) ) ;
#2951 = EDGE_LOOP ( 'NONE', ( #3029, #145, #2249, #3553 ) ) ;
#2952 = VECTOR ( 'NONE', #122, 1000.000000000000000 ) ;
#2953 = DIRECTION ( 'NONE',  ( 0.000000000000000000, 1.000000000000000000, 0.000000000000000000 ) ) ;
#2954 = VECTOR ( 'NONE', #2194, 1000.000000000000000 ) ;
#2955 = ORIENTED_EDGE ( 'NONE', *, *, #2868, .F. ) ;
#2956 = DIRECTION ( 'NONE',  ( 1.000000000000000000, 0.000000000000000000, 0.000000000000000000 ) ) ;
#2957 = ORIENTED_EDGE ( 'NONE', *, *, #2375, .F. ) ;
#2958 = VECTOR ( 'NONE', #3876, 1000.000000000000000 ) ;
#2959 = DIRECTION ( 'NONE',  ( -1.000000000000000000, -0.000000000000000000, 0.000000000000000000 ) ) ;
#2960 = DIRECTION ( 'NONE',  ( -1.333472759798002352E-15, -0.000000000000000000, -1.000000000000000000 ) ) ;
#2961 = DIRECTION ( 'NONE',  ( 0.000000000000000000, 0.000000000000000000, 1.000000000000000000 ) ) ;
#2962 = VECTOR ( 'NONE', #2813, 1000.000000000000000 ) ;
#2963 = EDGE_LOOP ( 'NONE', ( #3388, #575, #2870, #218 ) ) ;
#2964 = DIRECTION ( 'NONE',  ( -0.000000000000000000, 1.000000000000000000, 6.776942467587082337E-15 ) ) ;
#2965 = AXIS2_PLACEMENT_3D ( 'NONE', #3677, #1518, #1782 ) ;
#2966 = CARTESIAN_POINT ( 'NONE',  ( -0.6464719331497226218, 3.101858582251265872, -1.000000000000000000 ) ) ;
#2967 = DIRECTION ( 'NONE',  ( 1.000000000000000000, 0.000000000000000000, -0.000000000000000000 ) ) ;
#2968 = VERTEX_POINT ( 'NONE', #3765 ) ;
#2969 = EDGE_CURVE ( 'NONE', #2989, #2430, #688, .T. ) ;
#2970 = VECTOR ( 'NONE', #3291, 1000.000000000000000 ) ;
#2971 = FACE_OUTER_BOUND ( 'NONE', #1876, .T. ) ;
#2972 = VECTOR ( 'NONE', #3673, 1000.000000000000000 ) ;
#2973 = LINE ( 'NONE', #727, #1645 ) ;
#2974 = CARTESIAN_POINT ( 'NONE',  ( 0.4699999999999999178, 0.3300000000000000155, -0.8800000000000000044 ) ) ;
#2975 = ADVANCED_FACE ( 'NONE', ( #1322 ), #2884, .T. ) ;
#2976 = CARTESIAN_POINT ( 'NONE',  ( 0.7099999999999999645, 0.3300000000000000155, -0.1249999999999977796 ) ) ;
#2977 = ORIENTED_EDGE ( 'NONE', *, *, #3015, .F. ) ;
#2978 = VECTOR ( 'NONE', #3140, 1000.000000000000000 ) ;
#2979 = CARTESIAN_POINT ( 'NONE',  ( -0.5999999999999999778, 0.3300000000000000155, -0.8099999999999999423 ) ) ;
#2980 = VECTOR ( 'NONE', #1657, 1000.000000000000000 ) ;
#2981 = ORIENTED_EDGE ( 'NONE', *, *, #2881, .F. ) ;
#2982 = CARTESIAN_POINT ( 'NONE',  ( 0.5000000000000000000, -1.057097118173366823E-15, 0.7250000000000023093 ) ) ;
#2983 = ORIENTED_EDGE ( 'NONE', *, *, #1804, .T. ) ;
#2984 = AXIS2_PLACEMENT_3D ( 'NONE', #352, #2889, #989 ) ;
#2985 = FACE_OUTER_BOUND ( 'NONE', #267, .T. ) ;
#2986 = CARTESIAN_POINT ( 'NONE',  ( 6.612518196776563613E-17, 0.9000000000000000222, -0.5399530869945895484 ) ) ;
#2987 = ORIENTED_EDGE ( 'NONE', *, *, #344, .F. ) ;
#2988 = PRODUCT ( 'MM8030-2610RJ3', 'MM8030-2610RJ3', '', ( #2392 ) ) ;
#2989 = VERTEX_POINT ( 'NONE', #667 ) ;
#2990 = LINE ( 'NONE', #1702, #3743 ) ;
#2991 = ORIENTED_EDGE ( 'NONE', *, *, #2408, .T. ) ;
#2992 = DIRECTION ( 'NONE',  ( 0.000000000000000000, -1.000000000000000000, 0.000000000000000000 ) ) ;
#2993 = EDGE_CURVE ( 'NONE', #1124, #621, #999, .T. ) ;
#2994 = PLANE ( 'NONE',  #541 ) ;
#2995 = DIRECTION ( 'NONE',  ( 1.000000000000000000, 0.000000000000000000, -0.000000000000000000 ) ) ;
#2996 = DIRECTION ( 'NONE',  ( -0.000000000000000000, -1.000000000000000000, -0.000000000000000000 ) ) ;
#2997 = ORIENTED_EDGE ( 'NONE', *, *, #2625, .T. ) ;
#2998 = EDGE_CURVE ( 'NONE', #3829, #2567, #142, .T. ) ;
#2999 = DIRECTION ( 'NONE',  ( 0.000000000000000000, 1.000000000000000000, 0.000000000000000000 ) ) ;
#3000 = VERTEX_POINT ( 'NONE', #3517 ) ;
#3001 = CARTESIAN_POINT ( 'NONE',  ( 1.350000000000000089, 0.6807415121403106451, 0.6750000000000000444 ) ) ;
#3002 = ORIENTED_EDGE ( 'NONE', *, *, #3048, .F. ) ;
#3003 = EDGE_CURVE ( 'NONE', #342, #2203, #816, .T. ) ;
#3004 = CARTESIAN_POINT ( 'NONE',  ( -0.5091797795056174358, 0.3300000000000000155, -0.8599999999999996536 ) ) ;
#3005 = CARTESIAN_POINT ( 'NONE',  ( 0.6749999999499677328, 0.8223027175517927390, 0.000000000000000000 ) ) ;
#3006 = ORIENTED_EDGE ( 'NONE', *, *, #3349, .T. ) ;
#3007 = ORIENTED_EDGE ( 'NONE', *, *, #2593, .F. ) ;
#3008 = PLANE ( 'NONE',  #2965 ) ;
#3009 = ORIENTED_EDGE ( 'NONE', *, *, #2124, .T. ) ;
#3010 = LINE ( 'NONE', #2316, #3992 ) ;
#3011 = FACE_OUTER_BOUND ( 'NONE', #2302, .T. ) ;
#3012 = DIRECTION ( 'NONE',  ( -1.000000000000000000, -3.507946793232391108E-16, -1.152522283086701258E-30 ) ) ;
#3013 = CARTESIAN_POINT ( 'NONE',  ( -0.9599999999999998535, 3.101858582251265872, -0.3532444682122630741 ) ) ;
#3014 = ORIENTED_EDGE ( 'NONE', *, *, #1307, .F. ) ;
#3015 = EDGE_CURVE ( 'NONE', #3106, #1414, #2037, .T. ) ;
#3016 = CARTESIAN_POINT ( 'NONE',  ( 0.2750000000000000222, 0.1199999999999981776, 0.5000000000000008882 ) ) ;
#3017 = ORIENTED_EDGE ( 'NONE', *, *, #2702, .F. ) ;
#3018 = CARTESIAN_POINT ( 'NONE',  ( 0.000000000000000000, 3.285461128743953715E-15, -0.8800000000000011147 ) ) ;
#3019 = ORIENTED_EDGE ( 'NONE', *, *, #1476, .F. ) ;
#3020 = VECTOR ( 'NONE', #1705, 1000.000000000000000 ) ;
#3021 = ADVANCED_FACE ( 'NONE', ( #445 ), #2058, .F. ) ;
#3022 = VECTOR ( 'NONE', #1042, 1000.000000000000000 ) ;
#3023 = CARTESIAN_POINT ( 'NONE',  ( -0.2749999999999999667, 3.604972223514302243E-15, -0.5000000000000018874 ) ) ;
#3024 = FACE_OUTER_BOUND ( 'NONE', #2741, .T. ) ;
#3025 = EDGE_LOOP ( 'NONE', ( #910, #2873, #3300, #3919, #678, #224 ) ) ;
#3026 = ADVANCED_FACE ( 'NONE', ( #3297 ), #1126, .T. ) ;
#3027 = VERTEX_POINT ( 'NONE', #751 ) ;
#3028 = LINE ( 'NONE', #3943, #3034 ) ;
#3029 = ORIENTED_EDGE ( 'NONE', *, *, #2812, .F. ) ;
#3030 = CIRCLE ( 'NONE', #1276, 0.5399530869945895484 ) ;
#3031 = LINE ( 'NONE', #3395, #225 ) ;
#3032 = LINE ( 'NONE', #1465, #28 ) ;
#3033 = SURFACE_SIDE_STYLE ('',( #604 ) ) ;
#3034 = VECTOR ( 'NONE', #1837, 999.9999999999998863 ) ;
#3035 = ORIENTED_EDGE ( 'NONE', *, *, #3786, .F. ) ;
#3036 = AXIS2_PLACEMENT_3D ( 'NONE', #974, #3164, #3464 ) ;
#3037 = PLANE ( 'NONE',  #1487 ) ;
#3038 = ORIENTED_EDGE ( 'NONE', *, *, #3389, .F. ) ;
#3039 = CARTESIAN_POINT ( 'NONE',  ( 8.266365894244635566E-17, 0.6807415121403106451, -0.6750000000000001554 ) ) ;
#3040 = VECTOR ( 'NONE', #3060, 1000.000000000000000 ) ;
#3041 = ORIENTED_EDGE ( 'NONE', *, *, #2165, .T. ) ;
#3042 = VECTOR ( 'NONE', #3172, 1000.000000000000000 ) ;
#3043 = EDGE_CURVE ( 'NONE', #530, #1309, #2757, .T. ) ;
#3044 = CARTESIAN_POINT ( 'NONE',  ( 8.266365894258000595E-17, 0.8223027175517927390, -0.6750000000010915047 ) ) ;
#3045 = CARTESIAN_POINT ( 'NONE',  ( -1.000000000000000000, 0.3300000000000000155, 0.5000000000000000000 ) ) ;
#3046 = ORIENTED_EDGE ( 'NONE', *, *, #60, .F. ) ;
#3047 = VECTOR ( 'NONE', #167, 1000.000000000000000 ) ;
#3048 = EDGE_CURVE ( 'NONE', #3138, #1091, #2973, .T. ) ;
#3049 = ORIENTED_EDGE ( 'NONE', *, *, #698, .T. ) ;
#3050 = CARTESIAN_POINT ( 'NONE',  ( 0.000000000000000000, 0.4500000000000001221, 0.000000000000000000 ) ) ;
#3051 = ORIENTED_EDGE ( 'NONE', *, *, #2696, .F. ) ;
#3052 = DIRECTION ( 'NONE',  ( 1.000000000000000000, -0.000000000000000000, 0.000000000000000000 ) ) ;
#3053 = ADVANCED_FACE ( 'NONE', ( #1404 ), #2994, .T. ) ;
#3054 = DIRECTION ( 'NONE',  ( 0.000000000000000000, 0.000000000000000000, 1.000000000000000000 ) ) ;
#3055 = DIRECTION ( 'NONE',  ( -0.000000000000000000, 3.285461128743950165E-15, -1.000000000000000000 ) ) ;
#3056 = ORIENTED_EDGE ( 'NONE', *, *, #2750, .T. ) ;
#3057 = DIRECTION ( 'NONE',  ( -0.000000000000000000, -1.000000000000000000, -0.000000000000000000 ) ) ;
#3058 = LINE ( 'NONE', #3629, #2721 ) ;
#3059 = ORIENTED_EDGE ( 'NONE', *, *, #2118, .F. ) ;
#3060 = DIRECTION ( 'NONE',  ( 0.000000000000000000, -0.000000000000000000, 1.000000000000000000 ) ) ;
#3061 = ORIENTED_EDGE ( 'NONE', *, *, #2824, .T. ) ;
#3062 = DIRECTION ( 'NONE',  ( -3.507946793232390122E-16, 1.000000000000000000, 0.000000000000000000 ) ) ;
#3063 = CARTESIAN_POINT ( 'NONE',  ( -0.9000000000000000222, 0.4500000000000000666, 0.4000000000000000222 ) ) ;
#3064 = ORIENTED_EDGE ( 'NONE', *, *, #2001, .F. ) ;
#3065 = EDGE_CURVE ( 'NONE', #1429, #465, #3791, .T. ) ;
#3066 = ORIENTED_EDGE ( 'NONE', *, *, #679, .T. ) ;
#3067 = CARTESIAN_POINT ( 'NONE',  ( 1.000000000000000000, 0.4500000000000000666, 1.000000000000000444 ) ) ;
#3068 = ORIENTED_EDGE ( 'NONE', *, *, #2175, .T. ) ;
#3069 = ADVANCED_FACE ( 'NONE', ( #1665 ), #2360, .T. ) ;
#3070 = FACE_OUTER_BOUND ( 'NONE', #1649, .T. ) ;
#3071 = DIRECTION ( 'NONE',  ( 0.000000000000000000, 1.000000000000000000, 0.000000000000000000 ) ) ;
#3072 = ORIENTED_EDGE ( 'NONE', *, *, #508, .T. ) ;
#3073 = EDGE_CURVE ( 'NONE', #3939, #474, #1005, .T. ) ;
#3074 = CARTESIAN_POINT ( 'NONE',  ( -1.050000000000000044, 0.8240647730814261163, -0.09999999999999444056 ) ) ;
#3075 = DIRECTION ( 'NONE',  ( 0.000000000000000000, -0.000000000000000000, 1.000000000000000000 ) ) ;
#3076 = ORIENTED_EDGE ( 'NONE', *, *, #3897, .T. ) ;
#3077 = ORIENTED_EDGE ( 'NONE', *, *, #3073, .F. ) ;
#3078 = PLANE ( 'NONE',  #96 ) ;
#3079 = VECTOR ( 'NONE', #2907, 1000.000000000000000 ) ;
#3080 = LINE ( 'NONE', #356, #430 ) ;
#3081 = VERTEX_POINT ( 'NONE', #1343 ) ;
#3082 = VECTOR ( 'NONE', #3842, 1000.000000000000000 ) ;
#3083 = DIRECTION ( 'NONE',  ( -0.000000000000000000, 1.000000000000000000, 6.776942467587083126E-15 ) ) ;
#3084 = EDGE_CURVE ( 'NONE', #993, #1267, #2583, .T. ) ;
#3085 = CARTESIAN_POINT ( 'NONE',  ( 0.6205957770987778899, 0.8999999999446117727, 0.000000000000000000 ) ) ;
#3086 = ORIENTED_EDGE ( 'NONE', *, *, #3195, .F. ) ;
#3087 =( GEOMETRIC_REPRESENTATION_CONTEXT ( 3 ) GLOBAL_UNCERTAINTY_ASSIGNED_CONTEXT ( ( #1347 ) ) GLOBAL_UNIT_ASSIGNED_CONTEXT ( ( #3811, #737, #2735 ) ) REPRESENTATION_CONTEXT ( 'NONE', 'WORKASPACE' ) );
#3088 = PLANE ( 'NONE',  #1869 ) ;
#3089 = DIRECTION ( 'NONE',  ( 5.706327223607916569E-16, 0.000000000000000000, 1.000000000000000000 ) ) ;
#3090 = VECTOR ( 'NONE', #2394, 1000.000000000000000 ) ;
#3091 = CARTESIAN_POINT ( 'NONE',  ( -1.149999999999999245, 0.6807415121403107561, -0.5749999999999998446 ) ) ;
#3092 = EDGE_CURVE ( 'NONE', #2304, #497, #3825, .T. ) ;
#3093 = DIRECTION ( 'NONE',  ( 0.000000000000000000, 0.000000000000000000, -1.000000000000000000 ) ) ;
#3094 = AXIS2_PLACEMENT_3D ( 'NONE', #1236, #3447, #2753 ) ;
#3095 = DIRECTION ( 'NONE',  ( -1.606225440719265529E-15, 0.000000000000000000, 1.000000000000000000 ) ) ;
#3096 = VECTOR ( 'NONE', #3456, 1000.000000000000000 ) ;
#3097 = CARTESIAN_POINT ( 'NONE',  ( -0.7599999999999995648, 0.07000000000000013156, 0.2499999999999998890 ) ) ;
#3098 = ADVANCED_FACE ( 'NONE', ( #1364, #3253 ), #2948, .F. ) ;
#3099 = ORIENTED_EDGE ( 'NONE', *, *, #2799, .T. ) ;
#3100 = DIRECTION ( 'NONE',  ( 0.000000000000000000, 1.000000000000000000, 0.000000000000000000 ) ) ;
#3101 = ORIENTED_EDGE ( 'NONE', *, *, #2998, .T. ) ;
#3102 = VECTOR ( 'NONE', #2308, 1000.000000000000114 ) ;
#3103 = CIRCLE ( 'NONE', #1545, 0.1200000000000002037 ) ;
#3104 = CARTESIAN_POINT ( 'NONE',  ( -0.5091797795056174358, 0.000000000000000000, 0.8599999999999994316 ) ) ;
#3105 = CARTESIAN_POINT ( 'NONE',  ( -0.9308246407405786904, 0.8240647730814242289, 0.2000000000000055622 ) ) ;
#3106 = VERTEX_POINT ( 'NONE', #3582 ) ;
#3107 = AXIS2_PLACEMENT_3D ( 'NONE', #3734, #956, #2192 ) ;
#3108 = ORIENTED_EDGE ( 'NONE', *, *, #3718, .F. ) ;
#3109 = CARTESIAN_POINT ( 'NONE',  ( -0.5000000000000000000, 0.3090703013447048120, -0.8800000000000002265 ) ) ;
#3110 = VECTOR ( 'NONE', #2387, 1000.000000000000000 ) ;
#3111 = ORIENTED_EDGE ( 'NONE', *, *, #1077, .T. ) ;
#3112 = CARTESIAN_POINT ( 'NONE',  ( -0.4699999999999999178, 0.4500000000000000666, 0.8099999999999999423 ) ) ;
#3113 = VECTOR ( 'NONE', #1570, 1000.000000000000000 ) ;
#3114 = PLANE ( 'NONE',  #882 ) ;
#3115 = CARTESIAN_POINT ( 'NONE',  ( 8.266365894244635566E-17, 0.6807415121403106451, -0.6750000000000001554 ) ) ;
#3116 = DIRECTION ( 'NONE',  ( -0.000000000000000000, -1.000000000000000000, -0.000000000000000000 ) ) ;
#3117 = EDGE_CURVE ( 'NONE', #2298, #2419, #795, .T. ) ;
#3118 = CARTESIAN_POINT ( 'NONE',  ( -0.2945032742232427392, 0.1499999999999999944, 0.4703471600732581082 ) ) ;
#3119 = CARTESIAN_POINT ( 'NONE',  ( -0.5091797795056174358, 0.1499999999999999667, 0.8599999999999994316 ) ) ;
#3120 = ORIENTED_EDGE ( 'NONE', *, *, #3567, .T. ) ;
#3121 = DIRECTION ( 'NONE',  ( 0.000000000000000000, -1.000000000000000000, -3.285461128743950165E-15 ) ) ;
#3122 = ORIENTED_EDGE ( 'NONE', *, *, #2264, .T. ) ;
#3123 = EDGE_CURVE ( 'NONE', #2228, #2353, #281, .T. ) ;
#3124 = CARTESIAN_POINT ( 'NONE',  ( -0.5091797795056176579, 0.3300000000000000155, -0.8099999999999999423 ) ) ;
#3125 = CARTESIAN_POINT ( 'NONE',  ( -0.6464719331497226218, 0.02000000000000003858, -0.9600000000000001865 ) ) ;
#3126 = LINE ( 'NONE', #337, #3168 ) ;
#3127 = ORIENTED_EDGE ( 'NONE', *, *, #255, .T. ) ;
#3128 = EDGE_CURVE ( 'NONE', #1134, #396, #2880, .T. ) ;
#3129 = ORIENTED_EDGE ( 'NONE', *, *, #3263, .F. ) ;
#3130 = FACE_OUTER_BOUND ( 'NONE', #3816, .T. ) ;
#3131 = EDGE_LOOP ( 'NONE', ( #1335, #3627, #2886, #3661 ) ) ;
#3132 = DIRECTION ( 'NONE',  ( -0.000000000000000000, -0.000000000000000000, 1.000000000000000000 ) ) ;
#3133 = SURFACE_STYLE_USAGE ( .BOTH. , #1889 ) ;
#3134 = LINE ( 'NONE', #3761, #3727 ) ;
#3135 = CARTESIAN_POINT ( 'NONE',  ( -0.7299999999999999822, 0.3300000000000000155, 1.000000000000000000 ) ) ;
#3136 = CARTESIAN_POINT ( 'NONE',  ( 0.4699999999999999178, 0.3300000000000000155, 1.000000000000000000 ) ) ;
#3137 = CARTESIAN_POINT ( 'NONE',  ( -0.4999999999999998890, 0.1199999999999940281, -3.942553354492335788E-16 ) ) ;
#3138 = VERTEX_POINT ( 'NONE', #3396 ) ;
#3139 = EDGE_CURVE ( 'NONE', #3954, #1418, #1787, .T. ) ;
#3140 = DIRECTION ( 'NONE',  ( 0.000000000000000000, -0.000000000000000000, 1.000000000000000000 ) ) ;
#3141 = ORIENTED_EDGE ( 'NONE', *, *, #64, .F. ) ;
#3142 = CARTESIAN_POINT ( 'NONE',  ( -0.7599999999999995648, 0.07000000000000013156, -0.2500000000000001110 ) ) ;
#3143 = LINE ( 'NONE', #1596, #1790 ) ;
#3144 = EDGE_CURVE ( 'NONE', #1878, #2935, #603, .T. ) ;
#3145 = CARTESIAN_POINT ( 'NONE',  ( -0.6464719331497226218, 3.101858582251265872, -0.9600000000000001865 ) ) ;
#3146 = ORIENTED_EDGE ( 'NONE', *, *, #289, .F. ) ;
#3147 = ORIENTED_EDGE ( 'NONE', *, *, #1572, .F. ) ;
#3148 = EDGE_CURVE ( 'NONE', #2720, #1255, #858, .T. ) ;
#3149 = LINE ( 'NONE', #361, #243 ) ;
#3150 = ORIENTED_EDGE ( 'NONE', *, *, #1090, .T. ) ;
#3151 = CARTESIAN_POINT ( 'NONE',  ( -0.8201970085578875747, 0.3800000000000000044, -0.8212762261540346165 ) ) ;
#3152 = AXIS2_PLACEMENT_3D ( 'NONE', #2728, #2421, #565 ) ;
#3153 = LINE ( 'NONE', #1318, #2693 ) ;
#3154 = VECTOR ( 'NONE', #481, 1000.000000000000000 ) ;
#3155 = DIRECTION ( 'NONE',  ( -0.000000000000000000, 1.000000000000000000, 0.000000000000000000 ) ) ;
#3156 = AXIS2_PLACEMENT_3D ( 'NONE', #3934, #3326, #3283 ) ;
#3157 = DIRECTION ( 'NONE',  ( -8.673617379884035472E-16, 0.000000000000000000, -1.000000000000000000 ) ) ;
#3158 = DIRECTION ( 'NONE',  ( 0.000000000000000000, 0.000000000000000000, 1.000000000000000000 ) ) ;
#3159 = CARTESIAN_POINT ( 'NONE',  ( 1.000000000000000000, 0.4500000000000000666, -0.5000000000000000000 ) ) ;
#3160 = EDGE_LOOP ( 'NONE', ( #948, #3049, #182, #170, #2709 ) ) ;
#3161 = AXIS2_PLACEMENT_3D ( 'NONE', #2648, #817, #1127 ) ;
#3162 = CARTESIAN_POINT ( 'NONE',  ( 0.5000000000000000000, 0.3090703013446987613, 0.8800000000000001155 ) ) ;
#3163 = ORIENTED_EDGE ( 'NONE', *, *, #2942, .F. ) ;
#3164 = DIRECTION ( 'NONE',  ( -0.000000000000000000, -1.000000000000000000, -0.000000000000000000 ) ) ;
#3165 = AXIS2_PLACEMENT_3D ( 'NONE', #367, #386, #2879 ) ;
#3166 = EDGE_LOOP ( 'NONE', ( #3631, #136, #3927, #759 ) ) ;
#3167 = ADVANCED_FACE ( 'NONE', ( #2467 ), #1185, .T. ) ;
#3168 = VECTOR ( 'NONE', #1272, 1000.000000000000000 ) ;
#3169 = ORIENTED_EDGE ( 'NONE', *, *, #2344, .T. ) ;
#3170 = CARTESIAN_POINT ( 'NONE',  ( -0.8201970085578875747, 0.3300000000000000155, -0.8212762261540346165 ) ) ;
#3171 = ORIENTED_EDGE ( 'NONE', *, *, #3621, .T. ) ;
#3172 = DIRECTION ( 'NONE',  ( -0.000000000000000000, 0.000000000000000000, 1.000000000000000000 ) ) ;
#3173 = EDGE_CURVE ( 'NONE', #3392, #3633, #2096, .T. ) ;
#3174 = AXIS2_PLACEMENT_3D ( 'NONE', #2235, #3255, #730 ) ;
#3175 = FACE_OUTER_BOUND ( 'NONE', #57, .T. ) ;
#3176 = VECTOR ( 'NONE', #1449, 1000.000000000000000 ) ;
#3177 = ADVANCED_FACE ( 'NONE', ( #2381 ), #3378, .T. ) ;
#3178 = CARTESIAN_POINT ( 'NONE',  ( 0.7099999999999999645, 0.4500000000000002887, 0.1749999999999999889 ) ) ;
#3179 = CARTESIAN_POINT ( 'NONE',  ( 0.7299999999999999822, 0.4500000000000000666, -1.000000000000000000 ) ) ;
#3180 = ORIENTED_EDGE ( 'NONE', *, *, #1629, .T. ) ;
#3181 = FACE_OUTER_BOUND ( 'NONE', #2287, .T. ) ;
#3182 = ORIENTED_EDGE ( 'NONE', *, *, #1287, .T. ) ;
#3183 = CARTESIAN_POINT ( 'NONE',  ( 8.266365894244634333E-17, 0.6307415121403106006, -0.6750000000000000444 ) ) ;
#3184 = VERTEX_POINT ( 'NONE', #2115 ) ;
#3185 = DIRECTION ( 'NONE',  ( 0.000000000000000000, 0.000000000000000000, -1.000000000000000000 ) ) ;
#3186 = LINE ( 'NONE', #1583, #493 ) ;
#3187 = ORIENTED_EDGE ( 'NONE', *, *, #3960, .F. ) ;
#3188 = ADVANCED_FACE ( 'NONE', ( #265 ), #1810, .T. ) ;
#3189 = CARTESIAN_POINT ( 'NONE',  ( -1.050000000000000044, 0.8240647730814261163, -0.09999999999999777123 ) ) ;
#3190 = DIRECTION ( 'NONE',  ( -1.000000000000000000, 0.000000000000000000, 0.000000000000000000 ) ) ;
#3191 = DIRECTION ( 'NONE',  ( -0.000000000000000000, -1.000000000000000000, 0.000000000000000000 ) ) ;
#3192 = ADVANCED_FACE ( 'NONE', ( #3642 ), #2404, .F. ) ;
#3193 = LINE ( 'NONE', #444, #2628 ) ;
#3194 = DIRECTION ( 'NONE',  ( -0.000000000000000000, -1.000000000000000000, -0.000000000000000000 ) ) ;
#3195 = EDGE_CURVE ( 'NONE', #1036, #1353, #3032, .T. ) ;
#3196 =( LENGTH_UNIT ( ) NAMED_UNIT ( * ) SI_UNIT ( .MILLI., .METRE. ) );
#3197 = ORIENTED_EDGE ( 'NONE', *, *, #2355, .F. ) ;
#3198 = LINE ( 'NONE', #2205, #3953 ) ;
#3199 = ORIENTED_EDGE ( 'NONE', *, *, #80, .T. ) ;
#3200 = FACE_OUTER_BOUND ( 'NONE', #2798, .T. ) ;
#3201 = ORIENTED_EDGE ( 'NONE', *, *, #101, .F. ) ;
#3202 = DIRECTION ( 'NONE',  ( 0.000000000000000000, 0.000000000000000000, 1.000000000000000000 ) ) ;
#3203 = CYLINDRICAL_SURFACE ( 'NONE', #1020, 0.5399530869945895484 ) ;
#3204 = EDGE_LOOP ( 'NONE', ( #3528, #2129, #2977, #3547 ) ) ;
#3205 = DIRECTION ( 'NONE',  ( -1.000000000000000000, 0.000000000000000000, -0.000000000000000000 ) ) ;
#3206 = DIRECTION ( 'NONE',  ( -0.000000000000000000, -1.000000000000000000, -0.000000000000000000 ) ) ;
#3207 = VERTEX_POINT ( 'NONE', #1490 ) ;
#3208 = VECTOR ( 'NONE', #1890, 1000.000000000000000 ) ;
#3209 = CARTESIAN_POINT ( 'NONE',  ( 0.4699999999999999178, 0.4500000000000000666, 1.000000000000000000 ) ) ;
#3210 = AXIS2_PLACEMENT_3D ( 'NONE', #3686, #3095, #308 ) ;
#3211 = ADVANCED_FACE ( 'NONE', ( #3981 ), #1443, .T. ) ;
#3212 = DIRECTION ( 'NONE',  ( 0.000000000000000000, -1.000000000000000000, -6.776942467587082337E-15 ) ) ;
#3213 = CARTESIAN_POINT ( 'NONE',  ( 0.7099999999999999645, 0.3300000000000000155, 0.1750000000000000167 ) ) ;
#3214 = CARTESIAN_POINT ( 'NONE',  ( -0.5000000000000000000, 0.3090703013447048120, -0.8800000000000002265 ) ) ;
#3215 = VERTEX_POINT ( 'NONE', #3624 ) ;
#3216 = EDGE_CURVE ( 'NONE', #3215, #2605, #840, .T. ) ;
#3217 = AXIS2_PLACEMENT_3D ( 'NONE', #717, #1374, #174 ) ;
#3218 = CARTESIAN_POINT ( 'NONE',  ( 1.000000000000000000, 0.3300000000000000155, 0.5000000000000000000 ) ) ;
#3219 = VERTEX_POINT ( 'NONE', #2744 ) ;
#3220 = DIRECTION ( 'NONE',  ( 0.000000000000000000, 0.000000000000000000, -1.000000000000000000 ) ) ;
#3221 = ORIENTED_EDGE ( 'NONE', *, *, #2647, .T. ) ;
#3222 = VECTOR ( 'NONE', #317, 1000.000000000000000 ) ;
#3223 = VECTOR ( 'NONE', #1304, 1000.000000000000000 ) ;
#3224 = CARTESIAN_POINT ( 'NONE',  ( 0.9600000000000000755, 0.3300000000000000155, -0.1750000000000000167 ) ) ;
#3225 = CARTESIAN_POINT ( 'NONE',  ( -0.4699999999999999178, 0.3090703013446986502, 0.8800000000000001155 ) ) ;
#3226 = ORIENTED_EDGE ( 'NONE', *, *, #1002, .T. ) ;
#3227 = DIRECTION ( 'NONE',  ( 0.000000000000000000, 0.000000000000000000, 1.000000000000000000 ) ) ;
#3228 = DIRECTION ( 'NONE',  ( 0.000000000000000000, 0.000000000000000000, 1.000000000000000000 ) ) ;
#3229 = VECTOR ( 'NONE', #3484, 1000.000000000000000 ) ;
#3230 = VERTEX_POINT ( 'NONE', #1201 ) ;
#3231 = AXIS2_PLACEMENT_3D ( 'NONE', #3435, #1888, #343 ) ;
#3232 = PLANE ( 'NONE',  #2826 ) ;
#3233 = DIRECTION ( 'NONE',  ( -1.000000000000000000, 0.000000000000000000, 1.606225440719265529E-15 ) ) ;
#3234 = FACE_OUTER_BOUND ( 'NONE', #2911, .T. ) ;
#3235 = SURFACE_SIDE_STYLE ('',( #986 ) ) ;
#3236 = VECTOR ( 'NONE', #3646, 1000.000000000000000 ) ;
#3237 = VERTEX_POINT ( 'NONE', #2080 ) ;
#3238 = EDGE_CURVE ( 'NONE', #3184, #3804, #2441, .T. ) ;
#3239 = DIRECTION ( 'NONE',  ( 0.000000000000000000, 0.000000000000000000, 1.000000000000000000 ) ) ;
#3240 = ORIENTED_EDGE ( 'NONE', *, *, #935, .T. ) ;
#3241 = DIRECTION ( 'NONE',  ( 0.000000000000000000, 1.000000000000000000, 0.000000000000000000 ) ) ;
#3242 = VERTEX_POINT ( 'NONE', #1767 ) ;
#3243 = ADVANCED_FACE ( 'NONE', ( #3011 ), #220, .F. ) ;
#3244 = DIRECTION ( 'NONE',  ( 1.000000000000000000, 0.000000000000000000, -0.000000000000000000 ) ) ;
#3245 = CARTESIAN_POINT ( 'NONE',  ( -1.049999999999999378, 0.3300000000000000155, 0.1000000000000032113 ) ) ;
#3246 = VERTEX_POINT ( 'NONE', #62 ) ;
#3247 = DIRECTION ( 'NONE',  ( 0.000000000000000000, 0.000000000000000000, -1.000000000000000000 ) ) ;
#3248 = EDGE_CURVE ( 'NONE', #847, #2561, #2540, .T. ) ;
#3249 = FACE_OUTER_BOUND ( 'NONE', #2104, .T. ) ;
#3250 = DIRECTION ( 'NONE',  ( 0.000000000000000000, 0.000000000000000000, 1.000000000000000000 ) ) ;
#3251 = EDGE_LOOP ( 'NONE', ( #16, #2607, #3453, #3733 ) ) ;
#3252 = DIRECTION ( 'NONE',  ( -1.000000000000000000, -0.000000000000000000, 0.000000000000000000 ) ) ;
#3253 = FACE_BOUND ( 'NONE', #1621, .T. ) ;
#3254 = DIRECTION ( 'NONE',  ( -1.000000000000000000, -0.000000000000000000, 0.000000000000000000 ) ) ;
#3255 = DIRECTION ( 'NONE',  ( 0.000000000000000000, 1.000000000000000000, 0.000000000000000000 ) ) ;
#3256 = ORIENTED_EDGE ( 'NONE', *, *, #3762, .T. ) ;
#3257 = MANIFOLD_SOLID_BREP ( 'NONE', #1531 ) ;
#3258 = CARTESIAN_POINT ( 'NONE',  ( 0.000000000000000000, -1.077217957345936394, 0.000000000000000000 ) ) ;
#3259 = ORIENTED_EDGE ( 'NONE', *, *, #2864, .T. ) ;
#3260 = DIRECTION ( 'NONE',  ( 0.000000000000000000, -0.7071067811865471286, -0.7071067811865479058 ) ) ;
#3261 = ORIENTED_EDGE ( 'NONE', *, *, #1642, .T. ) ;
#3262 = CARTESIAN_POINT ( 'NONE',  ( 0.7300000000000000933, 0.4500000000000000666, 0.8099999999999999423 ) ) ;
#3263 = EDGE_CURVE ( 'NONE', #591, #3230, #3153, .T. ) ;
#3264 = CARTESIAN_POINT ( 'NONE',  ( 0.5999999999999999778, 0.3300000000000000155, -0.8099999999999999423 ) ) ;
#3265 = CARTESIAN_POINT ( 'NONE',  ( -0.4999999999999998890, 0.1200000000000061712, -0.8800000000000008926 ) ) ;
#3266 = ORIENTED_EDGE ( 'NONE', *, *, #1771, .T. ) ;
#3267 = CARTESIAN_POINT ( 'NONE',  ( -0.5999999999999999778, 0.3300000000000000155, -0.8099999999999999423 ) ) ;
#3268 = ADVANCED_FACE ( 'NONE', ( #2825 ), #2390, .F. ) ;
#3269 = DIRECTION ( 'NONE',  ( 0.000000000000000000, 0.000000000000000000, -1.000000000000000000 ) ) ;
#3270 = EDGE_LOOP ( 'NONE', ( #2204, #3878, #2814, #113, #2715, #2842, #3312 ) ) ;
#3271 = CARTESIAN_POINT ( 'NONE',  ( -0.7599999999999995648, 0.3300000000000000155, -0.8099999999999999423 ) ) ;
#3272 = CARTESIAN_POINT ( 'NONE',  ( 0.4999999999999998890, 6.180549805973741358E-15, -0.7250000000000021982 ) ) ;
#3273 = AXIS2_PLACEMENT_3D ( 'NONE', #2138, #3054, #540 ) ;
#3274 = FACE_OUTER_BOUND ( 'NONE', #1452, .T. ) ;
#3275 = LINE ( 'NONE', #3889, #2779 ) ;
#3276 = ORIENTED_EDGE ( 'NONE', *, *, #1646, .T. ) ;
#3277 = LINE ( 'NONE', #146, #3176 ) ;
#3278 = VECTOR ( 'NONE', #3418, 1000.000000000000000 ) ;
#3279 = ORIENTED_EDGE ( 'NONE', *, *, #1755, .F. ) ;
#3280 = CARTESIAN_POINT ( 'NONE',  ( 0.4699999999999999178, 0.3300000000000004041, 1.000000000000000444 ) ) ;
#3281 = ORIENTED_EDGE ( 'NONE', *, *, #1719, .F. ) ;
#3282 = VECTOR ( 'NONE', #2413, 1000.000000000000000 ) ;
#3283 = DIRECTION ( 'NONE',  ( 1.000000000000000000, 0.000000000000000000, 0.000000000000000000 ) ) ;
#3284 = DIRECTION ( 'NONE',  ( 1.000000000000000000, 1.084202172485504434E-16, -0.000000000000000000 ) ) ;
#3285 = FACE_OUTER_BOUND ( 'NONE', #2963, .T. ) ;
#3286 =( GEOMETRIC_REPRESENTATION_CONTEXT ( 3 ) GLOBAL_UNCERTAINTY_ASSIGNED_CONTEXT ( ( #863 ) ) GLOBAL_UNIT_ASSIGNED_CONTEXT ( ( #247, #1768, #3967 ) ) REPRESENTATION_CONTEXT ( 'NONE', 'WORKASPACE' ) );
#3287 = EDGE_LOOP ( 'NONE', ( #3505, #1565, #3913, #2679 ) ) ;
#3288 = EDGE_CURVE ( 'NONE', #621, #2236, #366, .T. ) ;
#3289 = VECTOR ( 'NONE', #3776, 1000.000000000000000 ) ;
#3290 = ORIENTED_EDGE ( 'NONE', *, *, #967, .F. ) ;
#3291 = DIRECTION ( 'NONE',  ( -0.000000000000000000, 0.000000000000000000, -1.000000000000000000 ) ) ;
#3292 = ORIENTED_EDGE ( 'NONE', *, *, #1008, .F. ) ;
#3293 = VECTOR ( 'NONE', #3994, 1000.000000000000000 ) ;
#3294 = EDGE_CURVE ( 'NONE', #323, #3106, #1548, .T. ) ;
#3295 = CARTESIAN_POINT ( 'NONE',  ( -0.7599999999999995648, 0.07000000000000011768, 0.2499999999999999445 ) ) ;
#3296 = VECTOR ( 'NONE', #271, 1000.000000000000000 ) ;
#3297 = FACE_OUTER_BOUND ( 'NONE', #3270, .T. ) ;
#3298 = DIRECTION ( 'NONE',  ( -8.031127205612307786E-17, -1.000000000000000000, 0.000000000000000000 ) ) ;
#3299 = CARTESIAN_POINT ( 'NONE',  ( 0.5999999999999999778, 0.3300000000000000155, 0.8099999999999999423 ) ) ;
#3300 = ORIENTED_EDGE ( 'NONE', *, *, #3343, .T. ) ;
#3301 = EDGE_CURVE ( 'NONE', #2749, #1734, #3134, .T. ) ;
#3302 = VECTOR ( 'NONE', #3644, 1000.000000000000000 ) ;
#3303 = DIRECTION ( 'NONE',  ( 0.7071067811865466846, 0.000000000000000000, -0.7071067811865483499 ) ) ;
#3304 = VECTOR ( 'NONE', #2234, 1000.000000000000000 ) ;
#3305 = ORIENTED_EDGE ( 'NONE', *, *, #2493, .F. ) ;
#3306 = CARTESIAN_POINT ( 'NONE',  ( 1.350000000000000089, 0.6807415121403106451, -0.6750000000000000444 ) ) ;
#3307 = ORIENTED_EDGE ( 'NONE', *, *, #3195, .T. ) ;
#3308 = VECTOR ( 'NONE', #334, 1000.000000000000000 ) ;
#3309 = LINE ( 'NONE', #869, #2179 ) ;
#3310 = DIRECTION ( 'NONE',  ( -1.000000000000000000, -0.000000000000000000, 0.000000000000000000 ) ) ;
#3311 = VERTEX_POINT ( 'NONE', #2215 ) ;
#3312 = ORIENTED_EDGE ( 'NONE', *, *, #1311, .T. ) ;
#3313 = EDGE_CURVE ( 'NONE', #3917, #2228, #1975, .T. ) ;
#3314 = LINE ( 'NONE', #217, #3683 ) ;
#3315 = ORIENTED_EDGE ( 'NONE', *, *, #2046, .T. ) ;
#3316 = DIRECTION ( 'NONE',  ( -0.000000000000000000, -1.000000000000000000, -0.000000000000000000 ) ) ;
#3317 = CARTESIAN_POINT ( 'NONE',  ( -0.7099999999999996314, 0.02000000000000008021, 0.3000000000000002665 ) ) ;
#3318 = EDGE_CURVE ( 'NONE', #190, #741, #2498, .T. ) ;
#3319 = LINE ( 'NONE', #2708, #504 ) ;
#3320 = ORIENTED_EDGE ( 'NONE', *, *, #1948, .T. ) ;
#3321 = CARTESIAN_POINT ( 'NONE',  ( 0.5999999999999999778, 0.4500000000000000666, -0.8099999999999999423 ) ) ;
#3322 = ADVANCED_FACE ( 'NONE', ( #3530 ), #2616, .F. ) ;
#3323 = ORIENTED_EDGE ( 'NONE', *, *, #837, .F. ) ;
#3324 = CARTESIAN_POINT ( 'NONE',  ( 0.000000000000000000, 0.6807415121403107561, 0.5749999999999997335 ) ) ;
#3325 = ORIENTED_EDGE ( 'NONE', *, *, #3770, .T. ) ;
#3326 = DIRECTION ( 'NONE',  ( 0.000000000000000000, 0.000000000000000000, 1.000000000000000000 ) ) ;
#3327 = DIRECTION ( 'NONE',  ( -1.000000000000000000, 0.000000000000000000, -0.000000000000000000 ) ) ;
#3328 = DIRECTION ( 'NONE',  ( -1.000000000000000000, -0.000000000000000000, -0.000000000000000000 ) ) ;
#3329 = ORIENTED_EDGE ( 'NONE', *, *, #3544, .T. ) ;
#3330 = ORIENTED_EDGE ( 'NONE', *, *, #3349, .F. ) ;
#3331 = CARTESIAN_POINT ( 'NONE',  ( -1.000000000000000000, 0.3300000000000000155, 0.4000000000000000222 ) ) ;
#3332 = ORIENTED_EDGE ( 'NONE', *, *, #2241, .T. ) ;
#3333 = DIRECTION ( 'NONE',  ( -0.000000000000000000, -1.000000000000000000, -0.000000000000000000 ) ) ;
#3334 = DIRECTION ( 'NONE',  ( -1.398970545142590584E-15, 0.000000000000000000, 1.000000000000000000 ) ) ;
#3335 = DIRECTION ( 'NONE',  ( 1.000000000000000000, 0.000000000000000000, -0.000000000000000000 ) ) ;
#3336 = ORIENTED_EDGE ( 'NONE', *, *, #1503, .F. ) ;
#3337 = EDGE_CURVE ( 'NONE', #87, #2077, #745, .T. ) ;
#3338 = LINE ( 'NONE', #1772, #571 ) ;
#3339 = EDGE_LOOP ( 'NONE', ( #336, #3566, #3665, #3120 ) ) ;
#3340 = CARTESIAN_POINT ( 'NONE',  ( 7.041719095097277675E-17, 0.6807415121403107561, -0.5749999999999997335 ) ) ;
#3341 = ORIENTED_EDGE ( 'NONE', *, *, #3567, .F. ) ;
#3342 = CIRCLE ( 'NONE', #3860, 0.6750000000000000444 ) ;
#3343 = EDGE_CURVE ( 'NONE', #2148, #2808, #1039, .T. ) ;
#3344 = AXIS2_PLACEMENT_3D ( 'NONE', #2558, #1641, #2582 ) ;
#3345 = FACE_OUTER_BOUND ( 'NONE', #3160, .T. ) ;
#3346 = CARTESIAN_POINT ( 'NONE',  ( 0.5000000000000000000, 0.3090703013446987613, 0.8800000000000013367 ) ) ;
#3347 = ORIENTED_EDGE ( 'NONE', *, *, #1793, .F. ) ;
#3348 = AXIS2_PLACEMENT_3D ( 'NONE', #2895, #2632, #2350 ) ;
#3349 = EDGE_CURVE ( 'NONE', #1105, #3405, #2271, .T. ) ;
#3350 = EDGE_LOOP ( 'NONE', ( #3654, #2358, #1801, #2139 ) ) ;
#3351 = DIRECTION ( 'NONE',  ( 0.000000000000000000, 1.000000000000000000, 0.000000000000000000 ) ) ;
#3352 = ORIENTED_EDGE ( 'NONE', *, *, #3048, .T. ) ;
#3353 = MECHANICAL_DESIGN_GEOMETRIC_PRESENTATION_REPRESENTATION (  '', ( #617 ), #2638 ) ;
#3354 = FACE_OUTER_BOUND ( 'NONE', #1446, .T. ) ;
#3355 = DIRECTION ( 'NONE',  ( 0.000000000000000000, 1.000000000000000000, 0.000000000000000000 ) ) ;
#3356 = LINE ( 'NONE', #566, #1535 ) ;
#3357 = CIRCLE ( 'NONE', #1604, 0.1300000000000001155 ) ;
#3358 = VERTEX_POINT ( 'NONE', #1103 ) ;
#3359 = AXIS2_PLACEMENT_3D ( 'NONE', #2634, #2875, #740 ) ;
#3360 = FACE_OUTER_BOUND ( 'NONE', #1495, .T. ) ;
#3361 = DIRECTION ( 'NONE',  ( -0.000000000000000000, -1.000000000000000000, -0.000000000000000000 ) ) ;
#3362 = ORIENTED_EDGE ( 'NONE', *, *, #2081, .T. ) ;
#3363 = EDGE_CURVE ( 'NONE', #396, #1134, #3342, .T. ) ;
#3364 = DIRECTION ( 'NONE',  ( -1.000000000000000000, -0.000000000000000000, -0.000000000000000000 ) ) ;
#3365 = VECTOR ( 'NONE', #1877, 1000.000000000000000 ) ;
#3366 = ORIENTED_EDGE ( 'NONE', *, *, #1320, .F. ) ;
#3367 = VECTOR ( 'NONE', #92, 1000.000000000000000 ) ;
#3368 = PLANE ( 'NONE',  #1720 ) ;
#3369 = EDGE_CURVE ( 'NONE', #1491, #3653, #722, .T. ) ;
#3370 = LINE ( 'NONE', #2107, #2972 ) ;
#3371 = ORIENTED_EDGE ( 'NONE', *, *, #3043, .F. ) ;
#3372 = VECTOR ( 'NONE', #287, 1000.000000000000000 ) ;
#3373 = ORIENTED_EDGE ( 'NONE', *, *, #2619, .F. ) ;
#3374 = EDGE_CURVE ( 'NONE', #3594, #1526, #1659, .T. ) ;
#3375 = CARTESIAN_POINT ( 'NONE',  ( -0.2750000000000001887, 0.1199999999999974143, 0.5000000000000009992 ) ) ;
#3376 = ORIENTED_EDGE ( 'NONE', *, *, #2078, .F. ) ;
#3377 = CARTESIAN_POINT ( 'NONE',  ( -0.6205957770987778899, 0.8999999999446117727, 7.933236106757870689E-17 ) ) ;
#3378 = PLANE ( 'NONE',  #3273 ) ;
#3379 = FACE_OUTER_BOUND ( 'NONE', #1690, .T. ) ;
#3380 = ORIENTED_EDGE ( 'NONE', *, *, #544, .F. ) ;
#3381 = DIRECTION ( 'NONE',  ( -0.7071067811865466846, -4.812837669033919867E-15, -0.7071067811865483499 ) ) ;
#3382 = CARTESIAN_POINT ( 'NONE',  ( 1.000000000000000000, 0.3300000000000000155, 0.5000000000000000000 ) ) ;
#3383 = ORIENTED_EDGE ( 'NONE', *, *, #2402, .F. ) ;
#3384 = SURFACE_STYLE_USAGE ( .BOTH. , #2451 ) ;
#3385 = VERTEX_POINT ( 'NONE', #771 ) ;
#3386 = FACE_OUTER_BOUND ( 'NONE', #3576, .T. ) ;
#3387 = LINE ( 'NONE', #593, #2318 ) ;
#3388 = ORIENTED_EDGE ( 'NONE', *, *, #2105, .T. ) ;
#3389 = EDGE_CURVE ( 'NONE', #91, #1723, #3578, .T. ) ;
#3390 = DIRECTION ( 'NONE',  ( 1.000000000000000000, 0.000000000000000000, 0.000000000000000000 ) ) ;
#3391 = CARTESIAN_POINT ( 'NONE',  ( 0.000000000000000000, 0.01999999999999999695, -0.4703471600732581082 ) ) ;
#3392 = VERTEX_POINT ( 'NONE', #1075 ) ;
#3393 = PLANE ( 'NONE',  #116 ) ;
#3394 = ADVANCED_FACE ( 'NONE', ( #2356 ), #791, .F. ) ;
#3395 = CARTESIAN_POINT ( 'NONE',  ( 8.266365894244634333E-17, 1.141298179294194748, -0.6750000000000000444 ) ) ;
#3396 = CARTESIAN_POINT ( 'NONE',  ( -1.000000000000000000, 0.02000000000000003858, -1.000000000000000000 ) ) ;
#3397 = CARTESIAN_POINT ( 'NONE',  ( 0.000000000000000000, 0.01999999999999999695, -0.2999999999999999889 ) ) ;
#3398 = LINE ( 'NONE', #1848, #1784 ) ;
#3399 = DIRECTION ( 'NONE',  ( 0.000000000000000000, 0.000000000000000000, 1.000000000000000000 ) ) ;
#3400 = ORIENTED_EDGE ( 'NONE', *, *, #1724, .F. ) ;
#3401 = DIRECTION ( 'NONE',  ( 0.7071067811865483499, 4.792021974541916119E-15, 0.7071067811865466846 ) ) ;
#3402 = ORIENTED_EDGE ( 'NONE', *, *, #2422, .T. ) ;
#3403 = DIRECTION ( 'NONE',  ( -0.000000000000000000, -0.000000000000000000, -1.000000000000000000 ) ) ;
#3404 = COLOUR_RGB ( '',0.7843137254901960675, 0.5882352941176470784, 0.06274509803921568540 ) ;
#3405 = VERTEX_POINT ( 'NONE', #1639 ) ;
#3406 = PLANE ( 'NONE',  #374 ) ;
#3407 = ORIENTED_EDGE ( 'NONE', *, *, #3807, .T. ) ;
#3408 = VECTOR ( 'NONE', #2153, 1000.000000000000000 ) ;
#3409 = ORIENTED_EDGE ( 'NONE', *, *, #2149, .T. ) ;
#3410 = CARTESIAN_POINT ( 'NONE',  ( 1.000000000000000000, 0.3300000000000000155, -0.5000000000000000000 ) ) ;
#3411 = VERTEX_POINT ( 'NONE', #2312 ) ;
#3412 = ADVANCED_FACE ( 'NONE', ( #3249 ), #939, .T. ) ;
#3413 = DIRECTION ( 'NONE',  ( 1.000000000000000000, 0.000000000000000000, 0.000000000000000000 ) ) ;
#3414 = CARTESIAN_POINT ( 'NONE',  ( 0.7300000000000000933, 0.3300000000000000155, -0.8099999999999999423 ) ) ;
#3415 = DIRECTION ( 'NONE',  ( 0.000000000000000000, 1.000000000000000000, 0.000000000000000000 ) ) ;
#3416 = EDGE_CURVE ( 'NONE', #351, #1534, #1552, .T. ) ;
#3417 = VECTOR ( 'NONE', #1949, 1000.000000000000000 ) ;
#3418 = DIRECTION ( 'NONE',  ( -1.000000000000000000, -0.000000000000000000, 0.000000000000000000 ) ) ;
#3419 = AXIS2_PLACEMENT_3D ( 'NONE', #772, #3250, #2967 ) ;
#3420 = DIRECTION ( 'NONE',  ( -0.000000000000000000, -1.000000000000000000, -0.000000000000000000 ) ) ;
#3421 = VERTEX_POINT ( 'NONE', #2747 ) ;
#3422 = ADVANCED_FACE ( 'NONE', ( #3360 ), #1588, .F. ) ;
#3423 =( NAMED_UNIT ( * ) PLANE_ANGLE_UNIT ( ) SI_UNIT ( $, .RADIAN. ) );
#3424 = ORIENTED_EDGE ( 'NONE', *, *, #60, .T. ) ;
#3425 = CIRCLE ( 'NONE', #3487, 0.09999999999999999167 ) ;
#3426 = MECHANICAL_DESIGN_GEOMETRIC_PRESENTATION_REPRESENTATION (  '', ( #1866 ), #2322 ) ;
#3427 = LINE ( 'NONE', #4018, #1470 ) ;
#3428 = LINE ( 'NONE', #639, #897 ) ;
#3429 = ORIENTED_EDGE ( 'NONE', *, *, #1186, .T. ) ;
#3430 = VECTOR ( 'NONE', #2922, 1000.000000000000000 ) ;
#3431 = ORIENTED_EDGE ( 'NONE', *, *, #2946, .T. ) ;
#3432 = CARTESIAN_POINT ( 'NONE',  ( -0.7599999999999995648, 7.183178837492807476E-16, -0.2000000000000000111 ) ) ;
#3433 = AXIS2_PLACEMENT_3D ( 'NONE', #3482, #391, #712 ) ;
#3434 = VERTEX_POINT ( 'NONE', #588 ) ;
#3435 = CARTESIAN_POINT ( 'NONE',  ( 0.000000000000000000, 0.8223027175517927390, 0.000000000000000000 ) ) ;
#3436 = CARTESIAN_POINT ( 'NONE',  ( 0.000000000000000000, 0.03999999999999999389, -0.2999999999999999889 ) ) ;
#3437 = EDGE_CURVE ( 'NONE', #156, #2968, #3985, .T. ) ;
#3438 = CYLINDRICAL_SURFACE ( 'NONE', #3616, 0.1200000000000002037 ) ;
#3439 = FACE_OUTER_BOUND ( 'NONE', #1087, .T. ) ;
#3440 = EDGE_CURVE ( 'NONE', #966, #1309, #3398, .T. ) ;
#3441 = DIRECTION ( 'NONE',  ( 1.000000000000000000, 0.000000000000000000, 0.000000000000000000 ) ) ;
#3442 = ORIENTED_EDGE ( 'NONE', *, *, #837, .T. ) ;
#3443 = FACE_OUTER_BOUND ( 'NONE', #278, .T. ) ;
#3444 = VERTEX_POINT ( 'NONE', #2177 ) ;
#3445 = ADVANCED_FACE ( 'NONE', ( #2828 ), #2, .T. ) ;
#3446 = DIRECTION ( 'NONE',  ( -3.388471233793541957E-15, -1.000000000000000000, -3.388471233793534069E-15 ) ) ;
#3447 = DIRECTION ( 'NONE',  ( -0.000000000000000000, -1.000000000000000000, -0.000000000000000000 ) ) ;
#3448 = ORIENTED_EDGE ( 'NONE', *, *, #1453, .F. ) ;
#3449 = CARTESIAN_POINT ( 'NONE',  ( -0.9599999999999999645, 0.02000000000000000389, -0.3000000000000002665 ) ) ;
#3450 = EDGE_LOOP ( 'NONE', ( #1817, #1668, #2284, #2861, #2855, #1571 ) ) ;
#3451 = ORIENTED_EDGE ( 'NONE', *, *, #2499, .F. ) ;
#3452 = PLANE ( 'NONE',  #1222 ) ;
#3453 = ORIENTED_EDGE ( 'NONE', *, *, #1212, .T. ) ;
#3454 = DIRECTION ( 'NONE',  ( 0.000000000000000000, 0.000000000000000000, -1.000000000000000000 ) ) ;
#3455 = CARTESIAN_POINT ( 'NONE',  ( 0.5999999999999999778, 0.4500000000000000666, 0.8099999999999999423 ) ) ;
#3456 = DIRECTION ( 'NONE',  ( 0.000000000000000000, 1.000000000000000000, -0.000000000000000000 ) ) ;
#3457 = CARTESIAN_POINT ( 'NONE',  ( 0.000000000000000000, 0.1200000000000012862, 1.000000000000000888 ) ) ;
#3458 = CARTESIAN_POINT ( 'NONE',  ( 1.000000000000000000, 0.3300000000000000155, -1.000000000000000444 ) ) ;
#3459 = DIRECTION ( 'NONE',  ( 0.000000000000000000, -0.000000000000000000, 1.000000000000000000 ) ) ;
#3460 = ORIENTED_EDGE ( 'NONE', *, *, #3886, .T. ) ;
#3461 = EDGE_CURVE ( 'NONE', #1255, #2780, #2768, .T. ) ;
#3462 = LINE ( 'NONE', #671, #1231 ) ;
#3463 = EDGE_LOOP ( 'NONE', ( #2102, #987, #3755, #1543, #3424, #1656, #424, #2689 ) ) ;
#3464 = DIRECTION ( 'NONE',  ( 0.000000000000000000, 0.000000000000000000, 1.000000000000000000 ) ) ;
#3465 = VERTEX_POINT ( 'NONE', #2485 ) ;
#3466 = EDGE_CURVE ( 'NONE', #2725, #2203, #3721, .T. ) ;
#3467 = ORIENTED_EDGE ( 'NONE', *, *, #3756, .F. ) ;
#3468 = CARTESIAN_POINT ( 'NONE',  ( -0.9599999999999999645, 0.07000000000000013156, 0.2499999999999998890 ) ) ;
#3469 = ORIENTED_EDGE ( 'NONE', *, *, #385, .F. ) ;
#3470 = FACE_OUTER_BOUND ( 'NONE', #2112, .T. ) ;
#3471 = ADVANCED_FACE ( 'NONE', ( #1509 ), #1872, .F. ) ;
#3472 = AXIS2_PLACEMENT_3D ( 'NONE', #985, #98, #3722 ) ;
#3473 = VECTOR ( 'NONE', #2218, 1000.000000000000000 ) ;
#3474 = DIRECTION ( 'NONE',  ( 1.000000000000000000, 0.000000000000000000, 0.000000000000000000 ) ) ;
#3475 = AXIS2_PLACEMENT_3D ( 'NONE', #1944, #394, #3185 ) ;
#3476 = DIRECTION ( 'NONE',  ( -0.000000000000000000, 0.000000000000000000, 1.000000000000000000 ) ) ;
#3477 = CARTESIAN_POINT ( 'NONE',  ( 0.2945032742232427392, 0.01999999999999999695, -0.4703471600732581082 ) ) ;
#3478 = AXIS2_PLACEMENT_3D ( 'NONE', #2668, #1689, #796 ) ;
#3479 = DIRECTION ( 'NONE',  ( 0.7071067811865474617, 0.000000000000000000, -0.7071067811865474617 ) ) ;
#3480 = ORIENTED_EDGE ( 'NONE', *, *, #2292, .T. ) ;
#3481 = VECTOR ( 'NONE', #834, 1000.000000000000000 ) ;
#3482 = CARTESIAN_POINT ( 'NONE',  ( 0.000000000000000000, 2.168404344971008868E-16, -4.189777606611744644E-16 ) ) ;
#3483 = ADVANCED_FACE ( 'NONE', ( #904 ), #328, .T. ) ;
#3484 = DIRECTION ( 'NONE',  ( 1.000000000000000000, 0.000000000000000000, -0.000000000000000000 ) ) ;
#3485 = AXIS2_PLACEMENT_3D ( 'NONE', #3958, #3612, #3694 ) ;
#3486 = VERTEX_POINT ( 'NONE', #4010 ) ;
#3487 = AXIS2_PLACEMENT_3D ( 'NONE', #578, #2737, #274 ) ;
#3488 = EDGE_CURVE ( 'NONE', #3000, #538, #568, .T. ) ;
#3489 = CARTESIAN_POINT ( 'NONE',  ( 0.5999999999999998668, 0.3300000000000000155, 0.9599999999999995204 ) ) ;
#3490 = DIRECTION ( 'NONE',  ( 1.333472759798002352E-15, 0.000000000000000000, 1.000000000000000000 ) ) ;
#3491 = ORIENTED_EDGE ( 'NONE', *, *, #315, .F. ) ;
#3492 = LINE ( 'NONE', #3189, #3495 ) ;
#3493 = AXIS2_PLACEMENT_3D ( 'NONE', #2560, #2278, #2623 ) ;
#3494 = ADVANCED_FACE ( 'NONE', ( #3439 ), #268, .T. ) ;
#3495 = VECTOR ( 'NONE', #76, 1000.000000000000000 ) ;
#3496 = CARTESIAN_POINT ( 'NONE',  ( 0.9600000000000000755, 0.4500000000000002887, 0.1749999999999999889 ) ) ;
#3497 = VECTOR ( 'NONE', #2999, 1000.000000000000000 ) ;
#3498 = DIRECTION ( 'NONE',  ( 0.000000000000000000, 0.000000000000000000, 1.000000000000000000 ) ) ;
#3499 = LINE ( 'NONE', #3137, #3113 ) ;
#3500 = PLANE ( 'NONE',  #1612 ) ;
#3501 = ORIENTED_EDGE ( 'NONE', *, *, #3766, .T. ) ;
#3502 = PLANE ( 'NONE',  #3433 ) ;
#3503 = ORIENTED_EDGE ( 'NONE', *, *, #115, .T. ) ;
#3504 = LINE ( 'NONE', #1390, #2714 ) ;
#3505 = ORIENTED_EDGE ( 'NONE', *, *, #757, .T. ) ;
#3506 = ADVANCED_FACE ( 'NONE', ( #347 ), #2140, .T. ) ;
#3507 = DIRECTION ( 'NONE',  ( 0.000000000000000000, -0.000000000000000000, 1.000000000000000000 ) ) ;
#3508 = CARTESIAN_POINT ( 'NONE',  ( -0.2750000000000000777, 0.1199999999999974143, 0.5000000000000008882 ) ) ;
#3509 = ORIENTED_EDGE ( 'NONE', *, *, #3712, .T. ) ;
#3510 = CARTESIAN_POINT ( 'NONE',  ( 0.2749999999999999112, -2.574640714876722175E-15, 0.5000000000000015543 ) ) ;
#3511 = EDGE_CURVE ( 'NONE', #2810, #299, #1229, .T. ) ;
#3512 = CARTESIAN_POINT ( 'NONE',  ( 0.000000000000000000, 0.6807415121403106451, 0.000000000000000000 ) ) ;
#3513 = CARTESIAN_POINT ( 'NONE',  ( 0.000000000000000000, 0.1499999999999999944, -0.8599999999999996536 ) ) ;
#3514 = ORIENTED_EDGE ( 'NONE', *, *, #2993, .T. ) ;
#3515 = ADVANCED_FACE ( 'NONE', ( #3703 ), #922, .F. ) ;
#3516 = LINE ( 'NONE', #388, #3022 ) ;
#3517 = CARTESIAN_POINT ( 'NONE',  ( 0.4699999999999999178, 0.4500000000000000666, -0.8099999999999999423 ) ) ;
#3518 = DIRECTION ( 'NONE',  ( 0.000000000000000000, -3.285461128743950165E-15, 1.000000000000000000 ) ) ;
#3519 = DIRECTION ( 'NONE',  ( -0.000000000000000000, 0.000000000000000000, -1.000000000000000000 ) ) ;
#3520 = EDGE_LOOP ( 'NONE', ( #513, #2730, #3336, #773 ) ) ;
#3521 = CARTESIAN_POINT ( 'NONE',  ( -0.7300000000000000933, 0.4500000000000000666, 0.8099999999999999423 ) ) ;
#3522 = ORIENTED_EDGE ( 'NONE', *, *, #2024, .F. ) ;
#3523 = CARTESIAN_POINT ( 'NONE',  ( -0.5999999999999999778, 0.4500000000000000666, 0.8099999999999999423 ) ) ;
#3524 = EDGE_LOOP ( 'NONE', ( #1324, #1835, #1052, #3846 ) ) ;
#3525 = FILL_AREA_STYLE ('',( #1960 ) ) ;
#3526 = FACE_OUTER_BOUND ( 'NONE', #2732, .T. ) ;
#3527 = DIRECTION ( 'NONE',  ( 0.000000000000000000, 1.000000000000000000, 0.000000000000000000 ) ) ;
#3528 = ORIENTED_EDGE ( 'NONE', *, *, #2547, .T. ) ;
#3529 = PLANE ( 'NONE',  #1228 ) ;
#3530 = FACE_OUTER_BOUND ( 'NONE', #215, .T. ) ;
#3531 = ADVANCED_FACE ( 'NONE', ( #1687 ), #708, .F. ) ;
#3532 = CARTESIAN_POINT ( 'NONE',  ( 1.000000000000000000, 0.4500000000000000666, 0.4000000000000000222 ) ) ;
#3533 = VERTEX_POINT ( 'NONE', #2542 ) ;
#3534 = AXIS2_PLACEMENT_3D ( 'NONE', #2577, #3190, #3820 ) ;
#3535 = FACE_OUTER_BOUND ( 'NONE', #2396, .T. ) ;
#3536 = DIRECTION ( 'NONE',  ( 0.000000000000000000, 0.000000000000000000, 1.000000000000000000 ) ) ;
#3537 = EDGE_CURVE ( 'NONE', #2304, #2513, #749, .T. ) ;
#3538 = CARTESIAN_POINT ( 'NONE',  ( -0.5000000000000000000, 0.1199999999999989408, 0.7250000000000013101 ) ) ;
#3539 = CARTESIAN_POINT ( 'NONE',  ( -0.5091797795056174358, 0.3300000000000000155, 0.9599999999999995204 ) ) ;
#3540 = ORIENTED_EDGE ( 'NONE', *, *, #259, .F. ) ;
#3541 = AXIS2_PLACEMENT_3D ( 'NONE', #244, #2500, #958 ) ;
#3542 = CLOSED_SHELL ( 'NONE', ( #1058, #405, #43, #3494, #3914, #3838, #2471, #1275, #1825, #459, #3394, #108, #398, #1014, #2671, #1499, #2742, #809, #3322, #3531, #229, #1929, #133, #3177, #2690, #533, #2008, #784, #1162, #1622, #2330, #2197, #720, #1943, #1950, #1111, #3935, #659, #3243, #2936, #365, #4016, #3021, #3471, #3987, #1692 ) ) ;
#3543 = DIRECTION ( 'NONE',  ( -1.084202172485503842E-15, 0.000000000000000000, 1.000000000000000000 ) ) ;
#3544 = EDGE_CURVE ( 'NONE', #820, #3859, #1969, .T. ) ;
#3545 = ORIENTED_EDGE ( 'NONE', *, *, #1038, .F. ) ;
#3546 = DIRECTION ( 'NONE',  ( 1.224646799147353207E-16, 0.000000000000000000, -1.000000000000000000 ) ) ;
#3547 = ORIENTED_EDGE ( 'NONE', *, *, #3294, .F. ) ;
#3548 = VECTOR ( 'NONE', #3403, 1000.000000000000000 ) ;
#3549 = FACE_OUTER_BOUND ( 'NONE', #1831, .T. ) ;
#3550 = VECTOR ( 'NONE', #3698, 1000.000000000000000 ) ;
#3551 = PLANE ( 'NONE',  #1788 ) ;
#3552 = CARTESIAN_POINT ( 'NONE',  ( 0.5091797795056174358, 0.000000000000000000, -0.8599999999999996536 ) ) ;
#3553 = ORIENTED_EDGE ( 'NONE', *, *, #3337, .F. ) ;
#3554 = CARTESIAN_POINT ( 'NONE',  ( 0.5000000000000001110, 6.173325475290932392E-15, -0.8800000000000013367 ) ) ;
#3555 = VECTOR ( 'NONE', #30, 1000.000000000000000 ) ;
#3556 = DIRECTION ( 'NONE',  ( 0.000000000000000000, 0.000000000000000000, -1.000000000000000000 ) ) ;
#3557 = LINE ( 'NONE', #1123, #2970 ) ;
#3558 = AXIS2_PLACEMENT_3D ( 'NONE', #1853, #1248, #1210 ) ;
#3559 = ORIENTED_EDGE ( 'NONE', *, *, #1582, .T. ) ;
#3560 = VECTOR ( 'NONE', #61, 1000.000000000000000 ) ;
#3561 = DIRECTION ( 'NONE',  ( -0.000000000000000000, -1.000000000000000000, 3.285461128743950165E-15 ) ) ;
#3562 = CARTESIAN_POINT ( 'NONE',  ( 0.9600000000000000755, 0.02000000000000005246, -0.9600000000000001865 ) ) ;
#3563 = FACE_OUTER_BOUND ( 'NONE', #713, .T. ) ;
#3564 = DIRECTION ( 'NONE',  ( 0.000000000000000000, 0.000000000000000000, -1.000000000000000000 ) ) ;
#3565 = AXIS2_PLACEMENT_3D ( 'NONE', #1270, #972, #85 ) ;
#3566 = ORIENTED_EDGE ( 'NONE', *, *, #1116, .T. ) ;
#3567 = EDGE_CURVE ( 'NONE', #83, #3753, #79, .T. ) ;
#3568 = LINE ( 'NONE', #127, #838 ) ;
#3569 = ORIENTED_EDGE ( 'NONE', *, *, #2894, .F. ) ;
#3570 = PLANE ( 'NONE',  #2775 ) ;
#3571 = ORIENTED_EDGE ( 'NONE', *, *, #3343, .F. ) ;
#3572 = EDGE_CURVE ( 'NONE', #2935, #1631, #2526, .T. ) ;
#3573 = CARTESIAN_POINT ( 'NONE',  ( -0.8183854405088103467, 0.4500000000000000666, -0.4000000000000000222 ) ) ;
#3574 = CARTESIAN_POINT ( 'NONE',  ( -0.5000000000000001110, 0.1200000000000051303, -0.7250000000000011990 ) ) ;
#3575 = LINE ( 'NONE', #135, #106 ) ;
#3576 = EDGE_LOOP ( 'NONE', ( #733, #711, #3108, #548 ) ) ;
#3577 = PLANE ( 'NONE',  #1349 ) ;
#3578 = LINE ( 'NONE', #1422, #2626 ) ;
#3579 = DIRECTION ( 'NONE',  ( -8.031127205612307786E-17, -1.000000000000000000, 0.000000000000000000 ) ) ;
#3580 = ORIENTED_EDGE ( 'NONE', *, *, #3841, .F. ) ;
#3581 = CARTESIAN_POINT ( 'NONE',  ( 0.7099999999999999645, 0.07000000000000013156, -0.1749999999999999889 ) ) ;
#3582 = CARTESIAN_POINT ( 'NONE',  ( 0.5091797795056174358, 0.02000000000000001082, 0.9599999999999996314 ) ) ;
#3583 = PLANE ( 'NONE',  #821 ) ;
#3584 = LINE ( 'NONE', #1109, #2393 ) ;
#3585 = ORIENTED_EDGE ( 'NONE', *, *, #2459, .T. ) ;
#3586 = DIRECTION ( 'NONE',  ( 0.000000000000000000, 1.000000000000000000, -0.000000000000000000 ) ) ;
#3587 = ORIENTED_EDGE ( 'NONE', *, *, #3781, .F. ) ;
#3588 = ADVANCED_FACE ( 'NONE', ( #121 ), #3764, .T. ) ;
#3589 = CARTESIAN_POINT ( 'NONE',  ( 0.000000000000000000, 0.3090703013447049230, -0.8800000000000001155 ) ) ;
#3590 = ORIENTED_EDGE ( 'NONE', *, *, #402, .T. ) ;
#3591 = DIRECTION ( 'NONE',  ( 0.000000000000000000, 0.000000000000000000, 1.000000000000000000 ) ) ;
#3592 = EDGE_CURVE ( 'NONE', #1217, #3434, #3193, .T. ) ;
#3593 = DIRECTION ( 'NONE',  ( -0.000000000000000000, 1.000000000000000000, 0.000000000000000000 ) ) ;
#3594 = VERTEX_POINT ( 'NONE', #3824 ) ;
#3595 = EDGE_CURVE ( 'NONE', #2077, #2326, #3516, .T. ) ;
#3596 = DIRECTION ( 'NONE',  ( 1.000000000000000000, 0.000000000000000000, 0.000000000000000000 ) ) ;
#3597 = EDGE_LOOP ( 'NONE', ( #907, #3400, #3197, #550, #1028, #2168 ) ) ;
#3598 = LINE ( 'NONE', #1704, #878 ) ;
#3599 = CARTESIAN_POINT ( 'NONE',  ( 0.5091797795056175469, 3.101858582251265872, 0.9599999999999996314 ) ) ;
#3600 = AXIS2_PLACEMENT_3D ( 'NONE', #2707, #2196, #40 ) ;
#3601 = CARTESIAN_POINT ( 'NONE',  ( 0.000000000000000000, 0.4500000000000001221, 0.6750000000000000444 ) ) ;
#3602 = FACE_OUTER_BOUND ( 'NONE', #1979, .T. ) ;
#3603 = ORIENTED_EDGE ( 'NONE', *, *, #601, .T. ) ;
#3604 = AXIS2_PLACEMENT_3D ( 'NONE', #2232, #666, #1363 ) ;
#3605 = DIRECTION ( 'NONE',  ( -0.000000000000000000, -1.000000000000000000, -0.000000000000000000 ) ) ;
#3606 = VERTEX_POINT ( 'NONE', #97 ) ;
#3607 = CARTESIAN_POINT ( 'NONE',  ( -0.7300000000000000933, 0.3300000000000000155, 0.8099999999999999423 ) ) ;
#3608 = ORIENTED_EDGE ( 'NONE', *, *, #402, .F. ) ;
#3609 = VECTOR ( 'NONE', #1177, 1000.000000000000000 ) ;
#3610 = EDGE_CURVE ( 'NONE', #1267, #2749, #1951, .T. ) ;
#3611 = CARTESIAN_POINT ( 'NONE',  ( 0.5091797795056174358, -0.3300000000000000155, -0.6850236653556328603 ) ) ;
#3612 = DIRECTION ( 'NONE',  ( -0.000000000000000000, -1.000000000000000000, -0.000000000000000000 ) ) ;
#3613 = MECHANICAL_DESIGN_GEOMETRIC_PRESENTATION_REPRESENTATION (  '', ( #2443 ), #3286 ) ;
#3614 = ORIENTED_EDGE ( 'NONE', *, *, #2817, .T. ) ;
#3615 = EDGE_CURVE ( 'NONE', #3917, #518, #1911, .T. ) ;
#3616 = AXIS2_PLACEMENT_3D ( 'NONE', #997, #2216, #2578 ) ;
#3617 = ORIENTED_EDGE ( 'NONE', *, *, #1320, .T. ) ;
#3618 = DIRECTION ( 'NONE',  ( -0.000000000000000000, -1.000000000000000000, -0.000000000000000000 ) ) ;
#3619 = VERTEX_POINT ( 'NONE', #2927 ) ;
#3620 = VECTOR ( 'NONE', #2223, 1000.000000000000000 ) ;
#3621 = EDGE_CURVE ( 'NONE', #1461, #3184, #2882, .T. ) ;
#3622 = LINE ( 'NONE', #3862, #1594 ) ;
#3623 = VECTOR ( 'NONE', #2691, 1000.000000000000000 ) ;
#3624 = CARTESIAN_POINT ( 'NONE',  ( -0.6183854405088102801, 0.3300000000000000155, -0.6000000000000000888 ) ) ;
#3625 = FACE_OUTER_BOUND ( 'NONE', #2424, .T. ) ;
#3626 = LINE ( 'NONE', #2649, #1672 ) ;
#3627 = ORIENTED_EDGE ( 'NONE', *, *, #3084, .T. ) ;
#3628 = AXIS2_PLACEMENT_3D ( 'NONE', #177, #742, #1360 ) ;
#3629 = CARTESIAN_POINT ( 'NONE',  ( -0.4699999999999998068, 0.3300000000000000155, -0.8099999999999999423 ) ) ;
#3630 = VECTOR ( 'NONE', #2688, 1000.000000000000000 ) ;
#3631 = ORIENTED_EDGE ( 'NONE', *, *, #2763, .F. ) ;
#3632 = FACE_OUTER_BOUND ( 'NONE', #1023, .T. ) ;
#3633 = VERTEX_POINT ( 'NONE', #3801 ) ;
#3634 = VECTOR ( 'NONE', #3744, 1000.000000000000000 ) ;
#3635 = LINE ( 'NONE', #3023, #3609 ) ;
#3636 = LINE ( 'NONE', #2071, #3685 ) ;
#3637 = ORIENTED_EDGE ( 'NONE', *, *, #1090, .F. ) ;
#3638 = ORIENTED_EDGE ( 'NONE', *, *, #3648, .T. ) ;
#3639 = LINE ( 'NONE', #520, #1216 ) ;
#3640 = EDGE_CURVE ( 'NONE', #1753, #3411, #2293, .T. ) ;
#3641 = CARTESIAN_POINT ( 'NONE',  ( -0.4999999999999998890, 6.176666922038635098E-15, -1.000000000000000222 ) ) ;
#3642 = FACE_OUTER_BOUND ( 'NONE', #1747, .T. ) ;
#3643 = ADVANCED_FACE ( 'NONE', ( #3535 ), #3232, .T. ) ;
#3644 = DIRECTION ( 'NONE',  ( 3.388471233793541957E-15, -1.000000000000000000, 3.388471233793534069E-15 ) ) ;
#3645 = ORIENTED_EDGE ( 'NONE', *, *, #3909, .T. ) ;
#3646 = DIRECTION ( 'NONE',  ( 0.000000000000000000, 1.000000000000000000, 0.000000000000000000 ) ) ;
#3647 = ORIENTED_EDGE ( 'NONE', *, *, #1503, .T. ) ;
#3648 = EDGE_CURVE ( 'NONE', #1350, #2712, #1462, .T. ) ;
#3649 = CARTESIAN_POINT ( 'NONE',  ( 0.9600000000000000755, 3.101858582251265872, -0.1750000000000000167 ) ) ;
#3650 = ORIENTED_EDGE ( 'NONE', *, *, #2647, .F. ) ;
#3651 = CARTESIAN_POINT ( 'NONE',  ( -0.4999999999999998890, 6.166399856011306468E-15, -0.8800000000000017808 ) ) ;
#3652 = CARTESIAN_POINT ( 'NONE',  ( 0.000000000000000000, 0.01999999999999999695, -0.2250000000000001443 ) ) ;
#3653 = VERTEX_POINT ( 'NONE', #686 ) ;
#3654 = ORIENTED_EDGE ( 'NONE', *, *, #779, .F. ) ;
#3655 = DIRECTION ( 'NONE',  ( -0.000000000000000000, 1.000000000000000000, 3.285461128743950165E-15 ) ) ;
#3656 = ORIENTED_EDGE ( 'NONE', *, *, #3216, .F. ) ;
#3657 = DIRECTION ( 'NONE',  ( -0.000000000000000000, -1.000000000000000000, -0.000000000000000000 ) ) ;
#3658 = EDGE_CURVE ( 'NONE', #2065, #59, #1934, .T. ) ;
#3659 = CARTESIAN_POINT ( 'NONE',  ( 0.5000000000000001110, 0.1199999999999940281, -3.942553354492335788E-16 ) ) ;
#3660 = DIRECTION ( 'NONE',  ( -0.000000000000000000, -1.000000000000000000, 0.000000000000000000 ) ) ;
#3661 = ORIENTED_EDGE ( 'NONE', *, *, #3301, .T. ) ;
#3662 = CARTESIAN_POINT ( 'NONE',  ( -0.4699999999999999178, 0.4500000000000000666, -1.000000000000000000 ) ) ;
#3663 = ADVANCED_FACE ( 'NONE', ( #1321 ), #1341, .T. ) ;
#3664 = CARTESIAN_POINT ( 'NONE',  ( -0.5000000000000000000, 5.122855264994008451E-15, -0.7250000000000020872 ) ) ;
#3665 = ORIENTED_EDGE ( 'NONE', *, *, #2702, .T. ) ;
#3666 = DIRECTION ( 'NONE',  ( 0.000000000000000000, 1.000000000000000000, 0.000000000000000000 ) ) ;
#3667 = ORIENTED_EDGE ( 'NONE', *, *, #3640, .T. ) ;
#3668 =( GEOMETRIC_REPRESENTATION_CONTEXT ( 3 ) GLOBAL_UNCERTAINTY_ASSIGNED_CONTEXT ( ( #569 ) ) GLOBAL_UNIT_ASSIGNED_CONTEXT ( ( #77, #3779, #1606 ) ) REPRESENTATION_CONTEXT ( 'NONE', 'WORKASPACE' ) );
#3669 = EDGE_CURVE ( 'NONE', #206, #288, #1785, .T. ) ;
#3670 = APPLICATION_PROTOCOL_DEFINITION ( 'draft international standard', 'automotive_design', 1998, #920 ) ;
#3671 = VECTOR ( 'NONE', #1383, 1000.000000000000000 ) ;
#3672 = CARTESIAN_POINT ( 'NONE',  ( 0.2945032742232427947, 0.1499999999999999944, 0.4703471600732580526 ) ) ;
#3673 = DIRECTION ( 'NONE',  ( 0.000000000000000000, 1.000000000000000000, 0.000000000000000000 ) ) ;
#3674 = VERTEX_POINT ( 'NONE', #774 ) ;
#3675 = VECTOR ( 'NONE', #2106, 1000.000000000000114 ) ;
#3676 = ORIENTED_EDGE ( 'NONE', *, *, #3301, .F. ) ;
#3677 = CARTESIAN_POINT ( 'NONE',  ( 0.000000000000000000, 0.000000000000000000, -0.8599999999999996536 ) ) ;
#3678 = EDGE_LOOP ( 'NONE', ( #1859, #129, #1292, #2385 ) ) ;
#3679 = VECTOR ( 'NONE', #1084, 1000.000000000000000 ) ;
#3680 = DIRECTION ( 'NONE',  ( 1.000000000000000000, 0.000000000000000000, -0.000000000000000000 ) ) ;
#3681 = DIRECTION ( 'NONE',  ( -0.000000000000000000, -1.000000000000000000, -0.000000000000000000 ) ) ;
#3682 = DIRECTION ( 'NONE',  ( 0.000000000000000000, 0.000000000000000000, 1.000000000000000000 ) ) ;
#3683 = VECTOR ( 'NONE', #1460, 999.9999999999998863 ) ;
#3684 = VERTEX_POINT ( 'NONE', #1425 ) ;
#3685 = VECTOR ( 'NONE', #3310, 1000.000000000000000 ) ;
#3686 = CARTESIAN_POINT ( 'NONE',  ( 0.7299999999999999822, 0.3300000000000000155, 1.000000000000000000 ) ) ;
#3687 = CARTESIAN_POINT ( 'NONE',  ( -0.9308246407405791345, 0.3300000000000000155, 0.2000000000000019817 ) ) ;
#3688 = ORIENTED_EDGE ( 'NONE', *, *, #1326, .T. ) ;
#3689 = CARTESIAN_POINT ( 'NONE',  ( 0.2945032742232426837, 0.1499999999999999944, -0.4703471600732581082 ) ) ;
#3690 = ORIENTED_EDGE ( 'NONE', *, *, #935, .F. ) ;
#3691 = EDGE_CURVE ( 'NONE', #2513, #2720, #1144, .T. ) ;
#3692 = VECTOR ( 'NONE', #2637, 1000.000000000000000 ) ;
#3693 = FACE_OUTER_BOUND ( 'NONE', #515, .T. ) ;
#3694 = DIRECTION ( 'NONE',  ( 0.000000000000000000, 0.000000000000000000, 1.000000000000000000 ) ) ;
#3695 = ORIENTED_EDGE ( 'NONE', *, *, #3084, .F. ) ;
#3696 = EDGE_CURVE ( 'NONE', #2326, #2148, #1125, .T. ) ;
#3697 = VECTOR ( 'NONE', #3361, 1000.000000000000000 ) ;
#3698 = DIRECTION ( 'NONE',  ( -0.000000000000000000, 0.000000000000000000, -1.000000000000000000 ) ) ;
#3699 = ORIENTED_EDGE ( 'NONE', *, *, #3318, .T. ) ;
#3700 = CARTESIAN_POINT ( 'NONE',  ( -0.2945032742232426282, 0.1499999999999999944, -0.4703471600732581082 ) ) ;
#3701 = DIRECTION ( 'NONE',  ( 0.000000000000000000, 0.000000000000000000, 1.000000000000000000 ) ) ;
#3702 =( NAMED_UNIT ( * ) SI_UNIT ( $, .STERADIAN. ) SOLID_ANGLE_UNIT ( ) );
#3703 = FACE_OUTER_BOUND ( 'NONE', #2021, .T. ) ;
#3704 = FACE_OUTER_BOUND ( 'NONE', #676, .T. ) ;
#3705 = EDGE_LOOP ( 'NONE', ( #1927, #1232, #3777, #690 ) ) ;
#3706 = FILL_AREA_STYLE ('',( #4013 ) ) ;
#3707 = ORIENTED_EDGE ( 'NONE', *, *, #2726, .F. ) ;
#3708 = EDGE_CURVE ( 'NONE', #497, #3606, #2706, .T. ) ;
#3709 = DIRECTION ( 'NONE',  ( -1.000000000000000000, -0.000000000000000000, -0.000000000000000000 ) ) ;
#3710 = LINE ( 'NONE', #71, #3555 ) ;
#3711 = ORIENTED_EDGE ( 'NONE', *, *, #3610, .F. ) ;
#3712 = EDGE_CURVE ( 'NONE', #2236, #100, #3622, .T. ) ;
#3713 = ORIENTED_EDGE ( 'NONE', *, *, #2568, .F. ) ;
#3714 = CARTESIAN_POINT ( 'NONE',  ( 0.5000000000000001110, -2.032879073410320814E-16, 0.8800000000000017808 ) ) ;
#3715 = ORIENTED_EDGE ( 'NONE', *, *, #192, .F. ) ;
#3716 = CARTESIAN_POINT ( 'NONE',  ( -1.050000000000000044, 0.8240647730814261163, -0.09999999999999444056 ) ) ;
#3717 = CARTESIAN_POINT ( 'NONE',  ( 0.7099999999999999645, 8.623007556033990081E-16, -0.1249999999999989175 ) ) ;
#3718 = EDGE_CURVE ( 'NONE', #597, #13, #93, .T. ) ;
#3719 = CARTESIAN_POINT ( 'NONE',  ( -1.350000000000000089, 0.5807415121403105562, 0.6749999999999998224 ) ) ;
#3720 = LINE ( 'NONE', #901, #2379 ) ;
#3721 = LINE ( 'NONE', #2119, #3278 ) ;
#3722 = DIRECTION ( 'NONE',  ( -3.507946793232390122E-16, 1.000000000000000000, 0.000000000000000000 ) ) ;
#3723 = ORIENTED_EDGE ( 'NONE', *, *, #1435, .F. ) ;
#3724 = CARTESIAN_POINT ( 'NONE',  ( -0.9308246407405788014, 0.3300000000000000155, -0.1999999999999978184 ) ) ;
#3725 = ORIENTED_EDGE ( 'NONE', *, *, #2175, .F. ) ;
#3726 = CARTESIAN_POINT ( 'NONE',  ( -0.5091797795056174358, -0.3300000000000000155, -0.8599999999999996536 ) ) ;
#3727 = VECTOR ( 'NONE', #981, 1000.000000000000000 ) ;
#3728 = DIRECTION ( 'NONE',  ( -1.586718063309168580E-16, -6.776942467587082337E-15, 1.000000000000000000 ) ) ;
#3729 = VERTEX_POINT ( 'NONE', #1748 ) ;
#3730 = EDGE_CURVE ( 'NONE', #538, #490, #2666, .T. ) ;
#3731 = EDGE_LOOP ( 'NONE', ( #1362, #3688, #844, #3854 ) ) ;
#3732 = CARTESIAN_POINT ( 'NONE',  ( -1.000000000000000000, 3.101858582251265872, -0.3532444682122631296 ) ) ;
#3733 = ORIENTED_EDGE ( 'NONE', *, *, #2716, .F. ) ;
#3734 = CARTESIAN_POINT ( 'NONE',  ( -0.4999999999999998890, 5.122855264994008451E-15, -0.7250000000000019762 ) ) ;
#3735 = EDGE_CURVE ( 'NONE', #2093, #3951, #3010, .T. ) ;
#3736 = DIRECTION ( 'NONE',  ( 0.000000000000000000, 1.000000000000000000, 0.000000000000000000 ) ) ;
#3737 = CLOSED_SHELL ( 'NONE', ( #2288, #14, #1524, #1852, #557, #3832, #3506, #2100 ) ) ;
#3738 = PRESENTATION_STYLE_ASSIGNMENT (( #326 ) ) ;
#3739 = LINE ( 'NONE', #3135, #2896 ) ;
#3740 = AXIS2_PLACEMENT_3D ( 'NONE', #614, #52, #911 ) ;
#3741 = EDGE_CURVE ( 'NONE', #2191, #914, #184, .T. ) ;
#3742 = DIRECTION ( 'NONE',  ( 0.000000000000000000, 1.000000000000000000, 0.000000000000000000 ) ) ;
#3743 = VECTOR ( 'NONE', #2034, 1000.000000000000000 ) ;
#3744 = DIRECTION ( 'NONE',  ( -0.000000000000000000, -1.000000000000000000, -0.000000000000000000 ) ) ;
#3745 = VERTEX_POINT ( 'NONE', #857 ) ;
#3746 = FILL_AREA_STYLE ('',( #6 ) ) ;
#3747 = EDGE_LOOP ( 'NONE', ( #1577, #3638 ) ) ;
#3748 = VECTOR ( 'NONE', #3328, 1000.000000000000000 ) ;
#3749 = FACE_OUTER_BOUND ( 'NONE', #1007, .T. ) ;
#3750 = VECTOR ( 'NONE', #531, 1000.000000000000000 ) ;
#3751 = DIRECTION ( 'NONE',  ( -1.000000000000000000, -0.000000000000000000, -0.000000000000000000 ) ) ;
#3752 = LINE ( 'NONE', #2608, #1933 ) ;
#3753 = VERTEX_POINT ( 'NONE', #2644 ) ;
#3754 = VECTOR ( 'NONE', #3132, 1000.000000000000000 ) ;
#3755 = ORIENTED_EDGE ( 'NONE', *, *, #2969, .T. ) ;
#3756 = EDGE_CURVE ( 'NONE', #499, #1878, #1648, .T. ) ;
#3757 = CARTESIAN_POINT ( 'NONE',  ( 1.050000000000000044, -5.499282837512385257E-32, -3.726832340281046122E-46 ) ) ;
#3758 = VECTOR ( 'NONE', #2141, 1000.000000000000000 ) ;
#3759 = VERTEX_POINT ( 'NONE', #2380 ) ;
#3760 = CARTESIAN_POINT ( 'NONE',  ( 0.4699999999999999178, 0.4500000000000000666, -1.000000000000000000 ) ) ;
#3761 = CARTESIAN_POINT ( 'NONE',  ( 0.9000000000000001332, 0.3300000000000000155, 0.4000000000000000222 ) ) ;
#3762 = EDGE_CURVE ( 'NONE', #3674, #1775, #1081, .T. ) ;
#3763 = DIRECTION ( 'NONE',  ( 0.000000000000000000, 0.000000000000000000, 1.000000000000000000 ) ) ;
#3764 = PLANE ( 'NONE',  #3604 ) ;
#3765 = CARTESIAN_POINT ( 'NONE',  ( -0.4699999999999999178, 0.4500000000000001776, -0.8799999999999996714 ) ) ;
#3766 = EDGE_CURVE ( 'NONE', #3385, #902, #3598, .T. ) ;
#3767 = LINE ( 'NONE', #1556, #2903 ) ;
#3768 = ORIENTED_EDGE ( 'NONE', *, *, #1083, .F. ) ;
#3769 = DIRECTION ( 'NONE',  ( 5.706327223607916569E-16, -0.000000000000000000, 1.000000000000000000 ) ) ;
#3770 = EDGE_CURVE ( 'NONE', #1498, #239, #2018, .T. ) ;
#3771 = LINE ( 'NONE', #2146, #3548 ) ;
#3772 = VERTEX_POINT ( 'NONE', #2947 ) ;
#3773 = DIRECTION ( 'NONE',  ( -0.000000000000000000, 1.000000000000000000, -6.776942467587083126E-15 ) ) ;
#3774 = ORIENTED_EDGE ( 'NONE', *, *, #2524, .T. ) ;
#3775 = EDGE_LOOP ( 'NONE', ( #2820, #2376, #1249, #3163 ) ) ;
#3776 = DIRECTION ( 'NONE',  ( 0.000000000000000000, 1.000000000000000000, 0.000000000000000000 ) ) ;
#3777 = ORIENTED_EDGE ( 'NONE', *, *, #2029, .F. ) ;
#3778 = DIRECTION ( 'NONE',  ( 0.000000000000000000, 0.000000000000000000, 1.000000000000000000 ) ) ;
#3779 =( NAMED_UNIT ( * ) PLANE_ANGLE_UNIT ( ) SI_UNIT ( $, .RADIAN. ) );
#3780 = CARTESIAN_POINT ( 'NONE',  ( -0.6749999999499677328, 0.8223027175517927390, 8.266365893631914975E-17 ) ) ;
#3781 = EDGE_CURVE ( 'NONE', #621, #1644, #1106, .T. ) ;
#3782 = DIRECTION ( 'NONE',  ( 0.000000000000000000, 0.000000000000000000, 1.000000000000000000 ) ) ;
#3783 = DIRECTION ( 'NONE',  ( 0.000000000000000000, 1.000000000000000000, 0.000000000000000000 ) ) ;
#3784 = DIRECTION ( 'NONE',  ( 0.7071067811865474617, 0.000000000000000000, 0.7071067811865474617 ) ) ;
#3785 = ORIENTED_EDGE ( 'NONE', *, *, #234, .T. ) ;
#3786 = EDGE_CURVE ( 'NONE', #579, #3533, #2036, .T. ) ;
#3787 = LINE ( 'NONE', #1045, #382 ) ;
#3788 = PLANE ( 'NONE',  #2188 ) ;
#3789 = VERTEX_POINT ( 'NONE', #1726 ) ;
#3790 = ADVANCED_FACE ( 'NONE', ( #2971, #1442 ), #3904, .F. ) ;
#3791 = CIRCLE ( 'NONE', #1202, 0.6750000000000000444 ) ;
#3792 = CARTESIAN_POINT ( 'NONE',  ( 0.9600000000000001865, 0.3300000000000000155, -0.9600000000000001865 ) ) ;
#3793 = DIRECTION ( 'NONE',  ( 0.000000000000000000, 0.000000000000000000, -1.000000000000000000 ) ) ;
#3794 = ORIENTED_EDGE ( 'NONE', *, *, #1799, .F. ) ;
#3795 = DIRECTION ( 'NONE',  ( 0.000000000000000000, 0.000000000000000000, 1.000000000000000000 ) ) ;
#3796 = VECTOR ( 'NONE', #3946, 1000.000000000000000 ) ;
#3797 = CARTESIAN_POINT ( 'NONE',  ( -1.408343819019455288E-16, 0.6807415121403107561, 0.5749999999999997335 ) ) ;
#3798 = CARTESIAN_POINT ( 'NONE',  ( -0.9599999999999998535, 3.101858582251265872, 0.9599999999999996314 ) ) ;
#3799 = AXIS2_PLACEMENT_3D ( 'NONE', #1478, #1118, #2048 ) ;
#3800 =( GEOMETRIC_REPRESENTATION_CONTEXT ( 3 ) GLOBAL_UNCERTAINTY_ASSIGNED_CONTEXT ( ( #2447 ) ) GLOBAL_UNIT_ASSIGNED_CONTEXT ( ( #471, #1415, #1283 ) ) REPRESENTATION_CONTEXT ( 'NONE', 'WORKASPACE' ) );
#3801 = CARTESIAN_POINT ( 'NONE',  ( -0.8201970085578875747, 0.3300000000000000155, -0.9585169968399571694 ) ) ;
#3802 = CARTESIAN_POINT ( 'NONE',  ( 0.7299999999999999822, 0.4500000000000000666, 1.000000000000000000 ) ) ;
#3803 = PRESENTATION_STYLE_ASSIGNMENT (( #1936 ) ) ;
#3804 = VERTEX_POINT ( 'NONE', #3295 ) ;
#3805 = CIRCLE ( 'NONE', #2455, 0.1372407706859224696 ) ;
#3806 = LINE ( 'NONE', #3521, #1354 ) ;
#3807 = EDGE_CURVE ( 'NONE', #2291, #594, #505, .T. ) ;
#3808 = DIRECTION ( 'NONE',  ( -0.7071067811865475727, -0.7071067811865475727, 0.000000000000000000 ) ) ;
#3809 = VECTOR ( 'NONE', #2838, 1000.000000000000000 ) ;
#3810 = ORIENTED_EDGE ( 'NONE', *, *, #39, .T. ) ;
#3811 =( LENGTH_UNIT ( ) NAMED_UNIT ( * ) SI_UNIT ( .MILLI., .METRE. ) );
#3812 = VECTOR ( 'NONE', #2262, 1000.000000000000000 ) ;
#3813 = CARTESIAN_POINT ( 'NONE',  ( -0.7599999999999995648, 0.4500000000000002887, 0.2499999999999998890 ) ) ;
#3814 = EDGE_CURVE ( 'NONE', #1580, #1173, #2683, .T. ) ;
#3815 = LINE ( 'NONE', #175, #3102 ) ;
#3816 = EDGE_LOOP ( 'NONE', ( #428, #3514, #1502, #3979 ) ) ;
#3817 = CARTESIAN_POINT ( 'NONE',  ( 0.000000000000000000, 1.141298179294194748, 0.000000000000000000 ) ) ;
#3818 = VECTOR ( 'NONE', #2406, 1000.000000000000000 ) ;
#3819 = AXIS2_PLACEMENT_3D ( 'NONE', #1388, #2300, #3543 ) ;
#3820 = DIRECTION ( 'NONE',  ( 0.000000000000000000, 0.000000000000000000, 1.000000000000000000 ) ) ;
#3821 = LINE ( 'NONE', #2641, #2186 ) ;
#3822 = ORIENTED_EDGE ( 'NONE', *, *, #2824, .F. ) ;
#3823 = VECTOR ( 'NONE', #46, 1000.000000000000000 ) ;
#3824 = CARTESIAN_POINT ( 'NONE',  ( -0.5091797795056174358, 0.01999999999999997266, -0.6850236653556328603 ) ) ;
#3825 = LINE ( 'NONE', #1043, #2952 ) ;
#3826 = CARTESIAN_POINT ( 'NONE',  ( 0.000000000000000000, 0.03999999999999999389, 0.000000000000000000 ) ) ;
#3827 = ORIENTED_EDGE ( 'NONE', *, *, #3216, .T. ) ;
#3828 = DIRECTION ( 'NONE',  ( 0.000000000000000000, 1.000000000000000000, 0.000000000000000000 ) ) ;
#3829 = VERTEX_POINT ( 'NONE', #602 ) ;
#3830 = DIRECTION ( 'NONE',  ( 0.000000000000000000, 0.000000000000000000, 1.000000000000000000 ) ) ;
#3831 = ORIENTED_EDGE ( 'NONE', *, *, #3144, .F. ) ;
#3832 = ADVANCED_FACE ( 'NONE', ( #1184 ), #2171, .T. ) ;
#3833 = DIRECTION ( 'NONE',  ( -0.000000000000000000, -1.000000000000000000, -0.000000000000000000 ) ) ;
#3834 = FACE_OUTER_BOUND ( 'NONE', #3597, .T. ) ;
#3835 = FACE_OUTER_BOUND ( 'NONE', #2858, .T. ) ;
#3836 = ORIENTED_EDGE ( 'NONE', *, *, #3288, .F. ) ;
#3837 = CARTESIAN_POINT ( 'NONE',  ( 0.7099999999999999645, 0.8240647730814263383, -0.1249999999999944489 ) ) ;
#3838 = ADVANCED_FACE ( 'NONE', ( #1223 ), #325, .F. ) ;
#3839 = DIRECTION ( 'NONE',  ( -0.000000000000000000, -1.000000000000000000, -0.000000000000000000 ) ) ;
#3840 = ORIENTED_EDGE ( 'NONE', *, *, #1190, .T. ) ;
#3841 = EDGE_CURVE ( 'NONE', #1469, #342, #264, .T. ) ;
#3842 = DIRECTION ( 'NONE',  ( -1.000000000000000000, -0.000000000000000000, -0.000000000000000000 ) ) ;
#3843 = DIRECTION ( 'NONE',  ( 0.000000000000000000, 0.000000000000000000, 1.000000000000000000 ) ) ;
#3844 = DIRECTION ( 'NONE',  ( 0.000000000000000000, 0.000000000000000000, 1.000000000000000000 ) ) ;
#3845 =( NAMED_UNIT ( * ) SI_UNIT ( $, .STERADIAN. ) SOLID_ANGLE_UNIT ( ) );
#3846 = ORIENTED_EDGE ( 'NONE', *, *, #1396, .F. ) ;
#3847 = CARTESIAN_POINT ( 'NONE',  ( 0.5000000000000001110, 3.285461128743953715E-15, -0.8800000000000011147 ) ) ;
#3848 = ORIENTED_EDGE ( 'NONE', *, *, #892, .F. ) ;
#3849 = DIRECTION ( 'NONE',  ( 0.000000000000000000, 0.000000000000000000, 1.000000000000000000 ) ) ;
#3850 = ORIENTED_EDGE ( 'NONE', *, *, #1724, .T. ) ;
#3851 = DIRECTION ( 'NONE',  ( 0.000000000000000000, 0.7071067811865474617, -0.7071067811865474617 ) ) ;
#3852 = LINE ( 'NONE', #410, #232 ) ;
#3853 = FACE_OUTER_BOUND ( 'NONE', #193, .T. ) ;
#3854 = ORIENTED_EDGE ( 'NONE', *, *, #3139, .T. ) ;
#3855 = ADVANCED_FACE ( 'NONE', ( #2420 ), #2786, .T. ) ;
#3856 = LINE ( 'NONE', #1073, #2848 ) ;
#3857 = CARTESIAN_POINT ( 'NONE',  ( 1.000000000000000000, 0.3300000000000000155, -0.8099999999999999423 ) ) ;
#3858 = DIRECTION ( 'NONE',  ( 0.000000000000000000, 0.000000000000000000, -1.000000000000000000 ) ) ;
#3859 = VERTEX_POINT ( 'NONE', #1826 ) ;
#3860 = AXIS2_PLACEMENT_3D ( 'NONE', #3512, #1379, #3228 ) ;
#3861 = EDGE_CURVE ( 'NONE', #3939, #465, #3031, .T. ) ;
#3862 = CARTESIAN_POINT ( 'NONE',  ( 0.5999999999999998668, 0.3300000000000000155, -0.1750000000000000167 ) ) ;
#3863 = VECTOR ( 'NONE', #400, 1000.000000000000000 ) ;
#3864 = DIRECTION ( 'NONE',  ( 0.000000000000000000, 0.000000000000000000, 1.000000000000000000 ) ) ;
#3865 = DIRECTION ( 'NONE',  ( -1.000000000000000000, 0.000000000000000000, 0.000000000000000000 ) ) ;
#3866 = EDGE_CURVE ( 'NONE', #13, #597, #1076, .T. ) ;
#3867 = CARTESIAN_POINT ( 'NONE',  ( 0.9600000000000000755, 0.3300000000000000155, -0.8099999999999999423 ) ) ;
#3868 = ORIENTED_EDGE ( 'NONE', *, *, #1839, .F. ) ;
#3869 = AXIS2_PLACEMENT_3D ( 'NONE', #1619, #3390, #2818 ) ;
#3870 = DIRECTION ( 'NONE',  ( -0.000000000000000000, -0.000000000000000000, 1.000000000000000000 ) ) ;
#3871 = ORIENTED_EDGE ( 'NONE', *, *, #3374, .T. ) ;
#3872 = CARTESIAN_POINT ( 'NONE',  ( -0.9599999999999998535, 0.07000000000000018707, -0.2500000000000001110 ) ) ;
#3873 = VERTEX_POINT ( 'NONE', #1488 ) ;
#3874 = LINE ( 'NONE', #3262, #3997 ) ;
#3875 = VECTOR ( 'NONE', #1078, 1000.000000000000114 ) ;
#3876 = DIRECTION ( 'NONE',  ( -1.000000000000000000, -0.000000000000000000, 0.000000000000000000 ) ) ;
#3877 = CARTESIAN_POINT ( 'NONE',  ( 0.000000000000000000, 0.4500000000000001221, 0.000000000000000000 ) ) ;
#3878 = ORIENTED_EDGE ( 'NONE', *, *, #2270, .T. ) ;
#3879 = CARTESIAN_POINT ( 'NONE',  ( -0.7599999999999995648, 0.8240647730814242289, 0.2000000000000055900 ) ) ;
#3880 = AXIS2_PLACEMENT_3D ( 'NONE', #1497, #2678, #496 ) ;
#3881 = LINE ( 'NONE', #2902, #301 ) ;
#3882 = COLOUR_RGB ( '',0.7843137254901960675, 0.5882352941176470784, 0.06274509803921568540 ) ;
#3883 = ORIENTED_EDGE ( 'NONE', *, *, #3741, .T. ) ;
#3884 = VECTOR ( 'NONE', #1611, 1000.000000000000000 ) ;
#3885 = DIRECTION ( 'NONE',  ( 0.000000000000000000, 0.000000000000000000, 1.000000000000000000 ) ) ;
#3886 = EDGE_CURVE ( 'NONE', #1438, #2142, #2439, .T. ) ;
#3887 = DIRECTION ( 'NONE',  ( -0.000000000000000000, -1.000000000000000000, -0.000000000000000000 ) ) ;
#3888 = CARTESIAN_POINT ( 'NONE',  ( 0.4699999999999999178, 0.4500000000000001776, 0.8799999999999996714 ) ) ;
#3889 = CARTESIAN_POINT ( 'NONE',  ( 0.5000000000000000000, 0.3090703013446987613, 0.8800000000000013367 ) ) ;
#3890 = VECTOR ( 'NONE', #941, 1000.000000000000114 ) ;
#3891 = ORIENTED_EDGE ( 'NONE', *, *, #3073, .T. ) ;
#3892 = ADVANCED_FACE ( 'NONE', ( #3354 ), #2762, .T. ) ;
#3893 = CARTESIAN_POINT ( 'NONE',  ( 0.5091797795056174358, -0.3300000000000000155, -0.8599999999999996536 ) ) ;
#3894 = EDGE_LOOP ( 'NONE', ( #1079, #3774, #1686, #877 ) ) ;
#3895 = DIRECTION ( 'NONE',  ( -1.000000000000000000, 0.000000000000000000, -1.355252715606865949E-15 ) ) ;
#3896 = VERTEX_POINT ( 'NONE', #1867 ) ;
#3897 = EDGE_CURVE ( 'NONE', #3237, #597, #1259, .T. ) ;
#3898 = LINE ( 'NONE', #2736, #1402 ) ;
#3899 = CARTESIAN_POINT ( 'NONE',  ( -0.2945032742232427392, 0.1499999999999999944, -0.4703471600732581082 ) ) ;
#3900 = EDGE_LOOP ( 'NONE', ( #856, #868, #1195, #1737, #543, #373 ) ) ;
#3901 = CARTESIAN_POINT ( 'NONE',  ( -0.5091797795056174358, 0.3300000000000000155, 0.8599999999999994316 ) ) ;
#3902 = CARTESIAN_POINT ( 'NONE',  ( 0.5999999999999998668, 0.3300000000000000155, 0.8599999999999994316 ) ) ;
#3903 = ORIENTED_EDGE ( 'NONE', *, *, #3814, .T. ) ;
#3904 = PLANE ( 'NONE',  #2883 ) ;
#3905 = CARTESIAN_POINT ( 'NONE',  ( -0.2945032742232427392, 0.1499999999999999944, -0.4703471600732581082 ) ) ;
#3906 = DIRECTION ( 'NONE',  ( -0.000000000000000000, -1.000000000000000000, -0.000000000000000000 ) ) ;
#3907 = LINE ( 'NONE', #2362, #697 ) ;
#3908 = ORIENTED_EDGE ( 'NONE', *, *, #1599, .F. ) ;
#3909 = EDGE_CURVE ( 'NONE', #594, #2391, #875, .T. ) ;
#3910 = CARTESIAN_POINT ( 'NONE',  ( -0.5091797795056174358, 0.1499999999999999667, -0.8599999999999996536 ) ) ;
#3911 = ORIENTED_EDGE ( 'NONE', *, *, #523, .T. ) ;
#3912 = CARTESIAN_POINT ( 'NONE',  ( 0.000000000000000000, 1.141298179294194748, 0.6750000000000000444 ) ) ;
#3913 = ORIENTED_EDGE ( 'NONE', *, *, #2225, .T. ) ;
#3914 = ADVANCED_FACE ( 'NONE', ( #4003 ), #3114, .F. ) ;
#3915 = DIRECTION ( 'NONE',  ( 1.000000000000000000, 0.000000000000000000, -0.000000000000000000 ) ) ;
#3916 = PLANE ( 'NONE',  #1540 ) ;
#3917 = VERTEX_POINT ( 'NONE', #2727 ) ;
#3918 = EDGE_CURVE ( 'NONE', #1526, #2725, #2114, .T. ) ;
#3919 = ORIENTED_EDGE ( 'NONE', *, *, #551, .F. ) ;
#3920 = DIRECTION ( 'NONE',  ( -1.000000000000000000, 0.000000000000000000, 0.000000000000000000 ) ) ;
#3921 = ORIENTED_EDGE ( 'NONE', *, *, #2046, .F. ) ;
#3922 = DIRECTION ( 'NONE',  ( 0.7071067811865465735, 0.000000000000000000, 0.7071067811865485719 ) ) ;
#3923 = DIRECTION ( 'NONE',  ( 0.000000000000000000, -0.000000000000000000, 1.000000000000000000 ) ) ;
#3924 = PRESENTATION_LAYER_ASSIGNMENT (  '', '', ( #88 ) ) ;
#3925 = DIRECTION ( 'NONE',  ( 0.000000000000000000, 0.000000000000000000, 1.000000000000000000 ) ) ;
#3926 = DIRECTION ( 'NONE',  ( 0.000000000000000000, 0.000000000000000000, 1.000000000000000000 ) ) ;
#3927 = ORIENTED_EDGE ( 'NONE', *, *, #2479, .F. ) ;
#3928 = AXIS2_PLACEMENT_3D ( 'NONE', #3414, #624, #3089 ) ;
#3929 = CARTESIAN_POINT ( 'NONE',  ( 0.5091797795056174358, 0.1499999999999999667, -0.8599999999999996536 ) ) ;
#3930 = VERTEX_POINT ( 'NONE', #3377 ) ;
#3931 = DIRECTION ( 'NONE',  ( 0.000000000000000000, 1.000000000000000000, -0.000000000000000000 ) ) ;
#3932 = ORIENTED_EDGE ( 'NONE', *, *, #2640, .F. ) ;
#3933 = VECTOR ( 'NONE', #1050, 1000.000000000000000 ) ;
#3934 = CARTESIAN_POINT ( 'NONE',  ( 0.000000000000000000, 0.000000000000000000, 0.000000000000000000 ) ) ;
#3935 = ADVANCED_FACE ( 'NONE', ( #3070 ), #1244, .T. ) ;
#3936 = DIRECTION ( 'NONE',  ( -0.000000000000000000, -1.000000000000000000, -0.000000000000000000 ) ) ;
#3937 = CARTESIAN_POINT ( 'NONE',  ( 0.000000000000000000, 0.1199999999999940281, -3.942553354492335788E-16 ) ) ;
#3938 = VECTOR ( 'NONE', #1251, 999.9999999999998863 ) ;
#3939 = VERTEX_POINT ( 'NONE', #2466 ) ;
#3940 = VECTOR ( 'NONE', #3155, 1000.000000000000000 ) ;
#3941 = EDGE_CURVE ( 'NONE', #469, #518, #1546, .T. ) ;
#3942 = EDGE_LOOP ( 'NONE', ( #2478, #48, #559, #3836 ) ) ;
#3943 = CARTESIAN_POINT ( 'NONE',  ( 0.5091797795056174358, 0.1499999999999999944, 0.6850236653556326383 ) ) ;
#3944 = ORIENTED_EDGE ( 'NONE', *, *, #3389, .T. ) ;
#3945 = VECTOR ( 'NONE', #1178, 1000.000000000000000 ) ;
#3946 = DIRECTION ( 'NONE',  ( 0.000000000000000000, 1.000000000000000000, -0.000000000000000000 ) ) ;
#3947 = AXIS2_PLACEMENT_3D ( 'NONE', #3523, #695, #3830 ) ;
#3948 = DIRECTION ( 'NONE',  ( 1.000000000000000000, 0.000000000000000000, -1.606225440719265529E-15 ) ) ;
#3949 = PRESENTATION_STYLE_ASSIGNMENT (( #1549 ) ) ;
#3950 = CARTESIAN_POINT ( 'NONE',  ( -0.2749999999999998557, 3.605311668290651127E-15, -0.5000000000000017764 ) ) ;
#3951 = VERTEX_POINT ( 'NONE', #3717 ) ;
#3952 = FACE_OUTER_BOUND ( 'NONE', #2746, .T. ) ;
#3953 = VECTOR ( 'NONE', #3446, 1000.000000000000000 ) ;
#3954 = VERTEX_POINT ( 'NONE', #1373 ) ;
#3955 = CARTESIAN_POINT ( 'NONE',  ( 1.149999999999999245, 0.6807415121403107561, 0.5749999999999997335 ) ) ;
#3956 = ORIENTED_EDGE ( 'NONE', *, *, #1558, .F. ) ;
#3957 = LINE ( 'NONE', #3651, #1850 ) ;
#3958 = CARTESIAN_POINT ( 'NONE',  ( -0.5999999999999999778, 0.3300000000000000155, 0.8099999999999999423 ) ) ;
#3959 = ORIENTED_EDGE ( 'NONE', *, *, #1907, .T. ) ;
#3960 = EDGE_CURVE ( 'NONE', #2416, #914, #37, .T. ) ;
#3961 = ORIENTED_EDGE ( 'NONE', *, *, #2493, .T. ) ;
#3962 = DIRECTION ( 'NONE',  ( 0.000000000000000000, 0.000000000000000000, 1.000000000000000000 ) ) ;
#3963 = ORIENTED_EDGE ( 'NONE', *, *, #750, .T. ) ;
#3964 = EDGE_CURVE ( 'NONE', #801, #2935, #433, .T. ) ;
#3965 = DIRECTION ( 'NONE',  ( -1.000000000000000000, 0.000000000000000000, -0.000000000000000000 ) ) ;
#3966 = DIRECTION ( 'NONE',  ( -0.000000000000000000, -6.776942467587085492E-15, -1.000000000000000000 ) ) ;
#3967 =( NAMED_UNIT ( * ) SI_UNIT ( $, .STERADIAN. ) SOLID_ANGLE_UNIT ( ) );
#3968 = ORIENTED_EDGE ( 'NONE', *, *, #2206, .T. ) ;
#3969 = EDGE_CURVE ( 'NONE', #4015, #3896, #1095, .T. ) ;
#3970 = CARTESIAN_POINT ( 'NONE',  ( 0.7300000000000000933, 0.4500000000000000666, -0.8099999999999999423 ) ) ;
#3971 = ORIENTED_EDGE ( 'NONE', *, *, #2726, .T. ) ;
#3972 = LINE ( 'NONE', #1451, #3750 ) ;
#3973 = ORIENTED_EDGE ( 'NONE', *, *, #859, .F. ) ;
#3974 = LINE ( 'NONE', #553, #166 ) ;
#3975 = LINE ( 'NONE', #2755, #3293 ) ;
#3976 = ORIENTED_EDGE ( 'NONE', *, *, #3861, .T. ) ;
#3977 = VERTEX_POINT ( 'NONE', #2331 ) ;
#3978 = CARTESIAN_POINT ( 'NONE',  ( 0.5999999999999999778, 0.3300000000000000155, -0.8099999999999999423 ) ) ;
#3979 = ORIENTED_EDGE ( 'NONE', *, *, #1430, .F. ) ;
#3980 = CARTESIAN_POINT ( 'NONE',  ( 0.5999999999999999778, 0.3300000000000000155, 1.000000000000000000 ) ) ;
#3981 = FACE_OUTER_BOUND ( 'NONE', #3520, .T. ) ;
#3982 = EDGE_CURVE ( 'NONE', #3896, #107, #109, .T. ) ;
#3983 =( NAMED_UNIT ( * ) PLANE_ANGLE_UNIT ( ) SI_UNIT ( $, .RADIAN. ) );
#3984 = ORIENTED_EDGE ( 'NONE', *, *, #1572, .T. ) ;
#3985 = LINE ( 'NONE', #3662, #414 ) ;
#3986 = DIRECTION ( 'NONE',  ( -1.000000000000000000, 0.000000000000000000, 0.000000000000000000 ) ) ;
#3987 = ADVANCED_FACE ( 'NONE', ( #2265 ), #172, .F. ) ;
#3988 = ORIENTED_EDGE ( 'NONE', *, *, #1183, .T. ) ;
#3989 = CARTESIAN_POINT ( 'NONE',  ( 0.7299999999999999822, 0.3300000000000000155, -0.8099999999999999423 ) ) ;
#3990 = EDGE_LOOP ( 'NONE', ( #2450, #3976, #3199, #1192 ) ) ;
#3991 = VECTOR ( 'NONE', #3334, 1000.000000000000000 ) ;
#3992 = VECTOR ( 'NONE', #2403, 1000.000000000000000 ) ;
#3993 = LINE ( 'NONE', #1295, #2962 ) ;
#3994 = DIRECTION ( 'NONE',  ( 0.000000000000000000, 1.000000000000000000, 0.000000000000000000 ) ) ;
#3995 = ORIENTED_EDGE ( 'NONE', *, *, #315, .T. ) ;
#3996 = VECTOR ( 'NONE', #2874, 1000.000000000000000 ) ;
#3997 = VECTOR ( 'NONE', #2823, 1000.000000000000000 ) ;
#3998 = AXIS2_PLACEMENT_3D ( 'NONE', #484, #2908, #3844 ) ;
#3999 = VERTEX_POINT ( 'NONE', #132 ) ;
#4000 = CARTESIAN_POINT ( 'NONE',  ( -0.4699999999999999178, 0.3090703013446986502, 1.000000000000000666 ) ) ;
#4001 = ORIENTED_EDGE ( 'NONE', *, *, #1977, .F. ) ;
#4002 = AXIS2_PLACEMENT_3D ( 'NONE', #3331, #994, #680 ) ;
#4003 = FACE_OUTER_BOUND ( 'NONE', #670, .T. ) ;
#4004 = DIRECTION ( 'NONE',  ( -1.000000000000000000, 0.000000000000000000, 0.000000000000000000 ) ) ;
#4005 = PLANE ( 'NONE',  #2120 ) ;
#4006 = AXIS2_PLACEMENT_3D ( 'NONE', #932, #1863, #3490 ) ;
#4007 = ORIENTED_EDGE ( 'NONE', *, *, #3488, .F. ) ;
#4008 = EDGE_CURVE ( 'NONE', #2433, #2228, #3874, .T. ) ;
#4009 = VECTOR ( 'NONE', #1000, 1000.000000000000000 ) ;
#4010 = CARTESIAN_POINT ( 'NONE',  ( 1.000000000000000000, 0.4500000000000000666, 0.5000000000000000000 ) ) ;
#4011 = CARTESIAN_POINT ( 'NONE',  ( -0.5091797795056174358, -0.3300000000000000155, 0.8599999999999994316 ) ) ;
#4012 = VERTEX_POINT ( 'NONE', #1586 ) ;
#4013 = FILL_AREA_STYLE_COLOUR ( '', #4014 ) ;
#4014 = COLOUR_RGB ( '',0.8431372549019607865, 0.8431372549019607865, 0.8431372549019607865 ) ;
#4015 = VERTEX_POINT ( 'NONE', #3573 ) ;
#4016 = ADVANCED_FACE ( 'NONE', ( #3549 ), #2659, .T. ) ;
#4017 = CIRCLE ( 'NONE', #3628, 0.09999999999999999167 ) ;
#4018 = CARTESIAN_POINT ( 'NONE',  ( -0.2945032742232427392, 0.1499999999999999944, -0.4703471600732581082 ) ) ;
#4019 = DIRECTION ( 'NONE',  ( -0.000000000000000000, 1.000000000000000000, 6.776942467587081548E-15 ) ) ;
#4020 = ORIENTED_EDGE ( 'NONE', *, *, #1430, .T. ) ;
#4021 = CIRCLE ( 'NONE', #1939, 0.1372407706859224696 ) ;
#4022 = EDGE_CURVE ( 'NONE', #978, #1036, #2027, .T. ) ;
#4023 = ORIENTED_EDGE ( 'NONE', *, *, #3615, .F. ) ;
#4024 = DIRECTION ( 'NONE',  ( 0.000000000000000000, 1.000000000000000000, 0.000000000000000000 ) ) ;
#4025 = ORIENTED_EDGE ( 'NONE', *, *, #930, .F. ) ;
#4026 = DIRECTION ( 'NONE',  ( 0.000000000000000000, 0.000000000000000000, -1.000000000000000000 ) ) ;
#4027 = CARTESIAN_POINT ( 'NONE',  ( 0.5999999999999999778, 0.4500000000000000666, 0.8800000000000001155 ) ) ;
ENDSEC;
END-ISO-10303-21;
