ISO-10303-21;
HEADER;
FILE_DESCRIPTION (( 'STEP AP214' ),
    '1' );
FILE_NAME ('DEA162450BT-1295A1.STEP',
    '2025-05-11T17:37:25',
    ( '' ),
    ( '' ),
    'SwSTEP 2.0',
    'SolidWorks 2023',
    '' );
FILE_SCHEMA (( 'AUTOMOTIVE_DESIGN' ));
ENDSEC;

DATA;
#1 = DIRECTION ( 'NONE',  ( 1.000000000000000000, 0.000000000000000000, 0.000000000000000000 ) ) ;
#2 =( NAMED_UNIT ( * ) SI_UNIT ( $, .STERADIAN. ) SOLID_ANGLE_UNIT ( ) );
#3 = AXIS2_PLACEMENT_3D ( 'NONE', #1672, #2495, #1653 ) ;
#4 = EDGE_CURVE ( 'NONE', #4846, #3412, #2081, .T. ) ;
#5 = EDGE_CURVE ( 'NONE', #4410, #3590, #4488, .T. ) ;
#6 = DIRECTION ( 'NONE',  ( -0.000000000000000000, -1.000000000000000000, -0.000000000000000000 ) ) ;
#7 = VERTEX_POINT ( 'NONE', #4380 ) ;
#8 = FACE_OUTER_BOUND ( 'NONE', #3725, .T. ) ;
#9 = AXIS2_PLACEMENT_3D ( 'NONE', #1996, #835, #22 ) ;
#10 = DIRECTION ( 'NONE',  ( 1.000000000000000000, 0.000000000000000000, 0.000000000000000000 ) ) ;
#11 = UNCERTAINTY_MEASURE_WITH_UNIT (LENGTH_MEASURE( 1.000000000000000082E-05 ), #2034, 'distance_accuracy_value', 'NONE');
#12 = PRESENTATION_LAYER_ASSIGNMENT (  '', '', ( #4567 ) ) ;
#13 = PLANE ( 'NONE',  #3741 ) ;
#14 = EDGE_LOOP ( 'NONE', ( #1136, #1830, #3023, #910, #1224, #664, #2087, #4741, #4601, #1759, #69, #3238, #1340, #4350, #3881, #658, #2274, #3054, #3981, #3776, #4437, #1663, #4875, #743, #343, #3954, #2935, #1549, #2266, #2060, #1286, #4398 ) ) ;
#15 = DIRECTION ( 'NONE',  ( 0.000000000000000000, 0.000000000000000000, 1.000000000000000000 ) ) ;
#16 =( NAMED_UNIT ( * ) SI_UNIT ( $, .STERADIAN. ) SOLID_ANGLE_UNIT ( ) );
#17 = DIRECTION ( 'NONE',  ( 0.000000000000000000, 0.000000000000000000, 1.000000000000000000 ) ) ;
#18 = ORIENTED_EDGE ( 'NONE', *, *, #2409, .F. ) ;
#19 = SURFACE_STYLE_FILL_AREA ( #2964 ) ;
#20 = SURFACE_SIDE_STYLE ('',( #4579 ) ) ;
#21 = SURFACE_SIDE_STYLE ('',( #4235 ) ) ;
#22 = DIRECTION ( 'NONE',  ( 0.000000000000000000, -1.000000000000000000, 0.000000000000000000 ) ) ;
#23 = VECTOR ( 'NONE', #1194, 1000.000000000000000 ) ;
#24 = SURFACE_STYLE_USAGE ( .BOTH. , #48 ) ;
#25 = UNCERTAINTY_MEASURE_WITH_UNIT (LENGTH_MEASURE( 1.000000000000000082E-05 ), #4602, 'distance_accuracy_value', 'NONE');
#26 = ORIENTED_EDGE ( 'NONE', *, *, #3305, .T. ) ;
#27 = FILL_AREA_STYLE ('',( #2288 ) ) ;
#28 = AXIS2_PLACEMENT_3D ( 'NONE', #838, #3045, #785 ) ;
#29 = SURFACE_STYLE_USAGE ( .BOTH. , #4612 ) ;
#30 = ORIENTED_EDGE ( 'NONE', *, *, #2898, .F. ) ;
#31 = VECTOR ( 'NONE', #4814, 1000.000000000000000 ) ;
#32 = PRESENTATION_LAYER_ASSIGNMENT (  '', '', ( #756 ) ) ;
#33 = DIRECTION ( 'NONE',  ( 1.000000000000000000, 0.000000000000000000, 0.000000000000000000 ) ) ;
#34 = EDGE_CURVE ( 'NONE', #2317, #3590, #198, .T. ) ;
#35 = VECTOR ( 'NONE', #4298, 1000.000000000000000 ) ;
#36 = AXIS2_PLACEMENT_3D ( 'NONE', #4121, #1067, #688 ) ;
#37 = ORIENTED_EDGE ( 'NONE', *, *, #4868, .F. ) ;
#38 = AXIS2_PLACEMENT_3D ( 'NONE', #908, #3961, #1607 ) ;
#39 = VECTOR ( 'NONE', #1645, 1000.000000000000000 ) ;
#40 = DIRECTION ( 'NONE',  ( -0.000000000000000000, -0.000000000000000000, -1.000000000000000000 ) ) ;
#41 = VERTEX_POINT ( 'NONE', #1015 ) ;
#42 = DIRECTION ( 'NONE',  ( -1.000000000000000000, -8.896017825522090571E-17, 0.000000000000000000 ) ) ;
#43 = UNCERTAINTY_MEASURE_WITH_UNIT (LENGTH_MEASURE( 1.000000000000000082E-05 ), #1527, 'distance_accuracy_value', 'NONE');
#44 = STYLED_ITEM ( 'NONE', ( #2874 ), #2459 ) ;
#45 = CARTESIAN_POINT ( 'NONE',  ( -0.6050000000000006484, 0.1449999999999998790, 0.000000000000000000 ) ) ;
#46 = FACE_OUTER_BOUND ( 'NONE', #2160, .T. ) ;
#47 = SURFACE_STYLE_FILL_AREA ( #4682 ) ;
#48 = SURFACE_SIDE_STYLE ('',( #2794 ) ) ;
#49 = PRESENTATION_STYLE_ASSIGNMENT (( #4182 ) ) ;
#50 =( LENGTH_UNIT ( ) NAMED_UNIT ( * ) SI_UNIT ( .MILLI., .METRE. ) );
#51 = COLOUR_RGB ( '',1.000000000000000000, 1.000000000000000000, 1.000000000000000000 ) ;
#52 = CARTESIAN_POINT ( 'NONE',  ( -0.7799999999999990274, 0.3949999999999997402, 0.001000000000000006960 ) ) ;
#53 = DIRECTION ( 'NONE',  ( 3.652049423109069799E-16, -1.000000000000000000, 0.000000000000000000 ) ) ;
#54 = EDGE_LOOP ( 'NONE', ( #3036, #4444, #495, #2630 ) ) ;
#55 = VECTOR ( 'NONE', #507, 1000.000000000000000 ) ;
#56 = CARTESIAN_POINT ( 'NONE',  ( -0.3449999999999991962, 0.2050000000000001543, 0.6999999999999991784 ) ) ;
#57 = VECTOR ( 'NONE', #4305, 1000.000000000000000 ) ;
#58 =( GEOMETRIC_REPRESENTATION_CONTEXT ( 3 ) GLOBAL_UNCERTAINTY_ASSIGNED_CONTEXT ( ( #2857 ) ) GLOBAL_UNIT_ASSIGNED_CONTEXT ( ( #409, #3262, #1362 ) ) REPRESENTATION_CONTEXT ( 'NONE', 'WORKASPACE' ) );
#59 = UNCERTAINTY_MEASURE_WITH_UNIT (LENGTH_MEASURE( 1.000000000000000082E-05 ), #4780, 'distance_accuracy_value', 'NONE');
#60 = EDGE_CURVE ( 'NONE', #3849, #2968, #3772, .T. ) ;
#61 = FACE_OUTER_BOUND ( 'NONE', #1297, .T. ) ;
#62 = ORIENTED_EDGE ( 'NONE', *, *, #4897, .T. ) ;
#63 = COLOUR_RGB ( '',0.7490196078431372584, 0.7490196078431372584, 0.7490196078431372584 ) ;
#64 = PRESENTATION_STYLE_ASSIGNMENT (( #905 ) ) ;
#65 = CARTESIAN_POINT ( 'NONE',  ( -0.7949999999999999289, 0.3799999999999989497, 0.001000000000000006960 ) ) ;
#66 = PRESENTATION_LAYER_ASSIGNMENT (  '', '', ( #2289 ) ) ;
#67 = AXIS2_PLACEMENT_3D ( 'NONE', #4935, #4211, #3486 ) ;
#68 = EDGE_CURVE ( 'NONE', #1849, #2613, #3211, .T. ) ;
#69 = ORIENTED_EDGE ( 'NONE', *, *, #1884, .T. ) ;
#70 = SURFACE_STYLE_USAGE ( .BOTH. , #3507 ) ;
#71 = CARTESIAN_POINT ( 'NONE',  ( 0.8000000000000000444, 0.07499999999999998335, 0.6940000000000001723 ) ) ;
#72 = LINE ( 'NONE', #1278, #943 ) ;
#73 = SURFACE_SIDE_STYLE ('',( #1179 ) ) ;
#74 = FILL_AREA_STYLE ('',( #3514 ) ) ;
#75 = UNCERTAINTY_MEASURE_WITH_UNIT (LENGTH_MEASURE( 1.000000000000000082E-05 ), #4181, 'distance_accuracy_value', 'NONE');
#76 =( LENGTH_UNIT ( ) NAMED_UNIT ( * ) SI_UNIT ( .MILLI., .METRE. ) );
#77 = VERTEX_POINT ( 'NONE', #4736 ) ;
#78 = LINE ( 'NONE', #1576, #3399 ) ;
#79 = FILL_AREA_STYLE ('',( #2316 ) ) ;
#80 = ORIENTED_EDGE ( 'NONE', *, *, #3740, .F. ) ;
#81 = SURFACE_STYLE_USAGE ( .BOTH. , #4544 ) ;
#82 = PLANE ( 'NONE',  #174 ) ;
#83 = CARTESIAN_POINT ( 'NONE',  ( -0.7799999999999991385, -0.4000000000000001332, 0.000000000000000000 ) ) ;
#84 = ORIENTED_EDGE ( 'NONE', *, *, #2282, .T. ) ;
#85 = DIRECTION ( 'NONE',  ( 1.000000000000000000, 0.000000000000000000, 0.000000000000000000 ) ) ;
#86 = CLOSED_SHELL ( 'NONE', ( #1911, #3839, #4837, #119, #2033, #714, #1616, #2650, #4046, #4651 ) ) ;
#87 = AXIS2_PLACEMENT_3D ( 'NONE', #4840, #2926, #2596 ) ;
#88 = ORIENTED_EDGE ( 'NONE', *, *, #1209, .T. ) ;
#89 =( NAMED_UNIT ( * ) SI_UNIT ( $, .STERADIAN. ) SOLID_ANGLE_UNIT ( ) );
#90 = STYLED_ITEM ( 'NONE', ( #1597 ), #459 ) ;
#91 = DIRECTION ( 'NONE',  ( -1.000000000000000000, -8.896017825522091804E-17, -0.000000000000000000 ) ) ;
#92 = SURFACE_STYLE_FILL_AREA ( #1975 ) ;
#93 = EDGE_CURVE ( 'NONE', #653, #4001, #1051, .T. ) ;
#94 = ADVANCED_FACE ( 'NONE', ( #2830 ), #2903, .T. ) ;
#95 = FILL_AREA_STYLE_COLOUR ( '', #2854 ) ;
#96 = CARTESIAN_POINT ( 'NONE',  ( -0.7950000000000000400, -0.1499999999999999667, 0.001000000000000000671 ) ) ;
#97 = FILL_AREA_STYLE_COLOUR ( '', #2784 ) ;
#98 = CARTESIAN_POINT ( 'NONE',  ( 0.3449999999999991962, -0.2000000000000000944, 0.000000000000000000 ) ) ;
#99 = DIRECTION ( 'NONE',  ( 0.000000000000000000, -1.000000000000000000, 0.000000000000000000 ) ) ;
#100 = SURFACE_STYLE_FILL_AREA ( #1958 ) ;
#101 = ORIENTED_EDGE ( 'NONE', *, *, #333, .T. ) ;
#102 = STYLED_ITEM ( 'NONE', ( #2130 ), #1237 ) ;
#103 = CARTESIAN_POINT ( 'NONE',  ( -0.7950000000000000400, -0.07500000000000021927, 0.6940000000000001723 ) ) ;
#104 = FACE_OUTER_BOUND ( 'NONE', #733, .T. ) ;
#105 = AXIS2_PLACEMENT_3D ( 'NONE', #4876, #1782, #2097 ) ;
#106 = UNCERTAINTY_MEASURE_WITH_UNIT (LENGTH_MEASURE( 1.000000000000000082E-05 ), #1969, 'distance_accuracy_value', 'NONE');
#107 = ORIENTED_EDGE ( 'NONE', *, *, #3151, .F. ) ;
#108 = DIRECTION ( 'NONE',  ( 1.000000000000000000, 0.000000000000000000, 0.000000000000000000 ) ) ;
#109 = AXIS2_PLACEMENT_3D ( 'NONE', #3682, #1371, #1060 ) ;
#110 = DIRECTION ( 'NONE',  ( 1.000000000000000000, 8.896017825522091804E-17, 0.000000000000000000 ) ) ;
#111 =( NAMED_UNIT ( * ) SI_UNIT ( $, .STERADIAN. ) SOLID_ANGLE_UNIT ( ) );
#112 = EDGE_LOOP ( 'NONE', ( #1862, #1265, #1082, #4280 ) ) ;
#113 = AXIS2_PLACEMENT_3D ( 'NONE', #841, #448, #99 ) ;
#114 = SURFACE_SIDE_STYLE ('',( #1203 ) ) ;
#115 = CARTESIAN_POINT ( 'NONE',  ( -0.6000000000000006439, 0.1449999999999998790, 0.000000000000000000 ) ) ;
#116 = CARTESIAN_POINT ( 'NONE',  ( 0.3499999999999995892, 0.4000000000000001332, 0.004999999999999989696 ) ) ;
#117 = EDGE_CURVE ( 'NONE', #7, #77, #2566, .T. ) ;
#118 = UNCERTAINTY_MEASURE_WITH_UNIT (LENGTH_MEASURE( 1.000000000000000082E-05 ), #1684, 'distance_accuracy_value', 'NONE');
#119 = ADVANCED_FACE ( 'NONE', ( #4887 ), #269, .T. ) ;
#120 = FACE_OUTER_BOUND ( 'NONE', #395, .T. ) ;
#121 = ORIENTED_EDGE ( 'NONE', *, *, #2722, .F. ) ;
#122 = LINE ( 'NONE', #2052, #2817 ) ;
#123 = STYLED_ITEM ( 'NONE', ( #831 ), #2650 ) ;
#124 =( NAMED_UNIT ( * ) SI_UNIT ( $, .STERADIAN. ) SOLID_ANGLE_UNIT ( ) );
#125 = ADVANCED_FACE ( 'NONE', ( #2183 ), #3744, .T. ) ;
#126 = ORIENTED_EDGE ( 'NONE', *, *, #2435, .F. ) ;
#127 = UNCERTAINTY_MEASURE_WITH_UNIT (LENGTH_MEASURE( 1.000000000000000082E-05 ), #1840, 'distance_accuracy_value', 'NONE');
#128 = VECTOR ( 'NONE', #2835, 1000.000000000000000 ) ;
#129 = DIRECTION ( 'NONE',  ( 0.000000000000000000, -1.000000000000000000, 0.000000000000000000 ) ) ;
#130 =( GEOMETRIC_REPRESENTATION_CONTEXT ( 3 ) GLOBAL_UNCERTAINTY_ASSIGNED_CONTEXT ( ( #2037 ) ) GLOBAL_UNIT_ASSIGNED_CONTEXT ( ( #2523, #3698, #4481 ) ) REPRESENTATION_CONTEXT ( 'NONE', 'WORKASPACE' ) );
#131 = ORIENTED_EDGE ( 'NONE', *, *, #4589, .F. ) ;
#132 = STYLED_ITEM ( 'NONE', ( #977 ), #4163 ) ;
#133 = CARTESIAN_POINT ( 'NONE',  ( -0.7799999999999991385, 0.3999999999999994116, 0.006000000000000003594 ) ) ;
#134 = COLOUR_RGB ( '',1.000000000000000000, 1.000000000000000000, 1.000000000000000000 ) ;
#135 = AXIS2_PLACEMENT_3D ( 'NONE', #103, #3570, #171 ) ;
#136 = CARTESIAN_POINT ( 'NONE',  ( 0.3499999999999995892, -0.2050000000000001543, 0.000000000000000000 ) ) ;
#137 =( GEOMETRIC_REPRESENTATION_CONTEXT ( 3 ) GLOBAL_UNCERTAINTY_ASSIGNED_CONTEXT ( ( #1517 ) ) GLOBAL_UNIT_ASSIGNED_CONTEXT ( ( #4726, #3267, #4008 ) ) REPRESENTATION_CONTEXT ( 'NONE', 'WORKASPACE' ) );
#138 = MECHANICAL_DESIGN_GEOMETRIC_PRESENTATION_REPRESENTATION (  '', ( #4401 ), #3097 ) ;
#139 =( NAMED_UNIT ( * ) SI_UNIT ( $, .STERADIAN. ) SOLID_ANGLE_UNIT ( ) );
#140 = SURFACE_STYLE_USAGE ( .BOTH. , #2795 ) ;
#141 = VERTEX_POINT ( 'NONE', #3997 ) ;
#142 =( LENGTH_UNIT ( ) NAMED_UNIT ( * ) SI_UNIT ( .MILLI., .METRE. ) );
#143 = ADVANCED_FACE ( 'NONE', ( #1372 ), #3294, .T. ) ;
#144 = LINE ( 'NONE', #3900, #3224 ) ;
#145 =( LENGTH_UNIT ( ) NAMED_UNIT ( * ) SI_UNIT ( .MILLI., .METRE. ) );
#146 = VERTEX_POINT ( 'NONE', #2143 ) ;
#147 = DIRECTION ( 'NONE',  ( -1.000000000000000000, 6.123233995736766036E-17, 0.000000000000000000 ) ) ;
#148 = ADVANCED_FACE ( 'NONE', ( #4783 ), #165, .T. ) ;
#149 = EDGE_CURVE ( 'NONE', #3697, #329, #735, .T. ) ;
#150 = UNCERTAINTY_MEASURE_WITH_UNIT (LENGTH_MEASURE( 1.000000000000000082E-05 ), #3928, 'distance_accuracy_value', 'NONE');
#151 = ORIENTED_EDGE ( 'NONE', *, *, #884, .T. ) ;
#152 = DIRECTION ( 'NONE',  ( 0.000000000000000000, 1.000000000000000000, 0.000000000000000000 ) ) ;
#153 =( NAMED_UNIT ( * ) PLANE_ANGLE_UNIT ( ) SI_UNIT ( $, .RADIAN. ) );
#154 = CARTESIAN_POINT ( 'NONE',  ( -0.8000000000000002665, 0.1499999999999999667, 0.6949999999999988409 ) ) ;
#155 = FILL_AREA_STYLE ('',( #3599 ) ) ;
#156 = FILL_AREA_STYLE_COLOUR ( '', #1703 ) ;
#157 = ORIENTED_EDGE ( 'NONE', *, *, #935, .F. ) ;
#158 =( LENGTH_UNIT ( ) NAMED_UNIT ( * ) SI_UNIT ( .MILLI., .METRE. ) );
#159 = DIRECTION ( 'NONE',  ( 1.000000000000000000, 0.000000000000000000, 0.000000000000000000 ) ) ;
#160 = DIRECTION ( 'NONE',  ( 0.000000000000000000, 0.000000000000000000, -1.000000000000000000 ) ) ;
#161 = COLOUR_RGB ( '',1.000000000000000000, 1.000000000000000000, 1.000000000000000000 ) ;
#162 = FILL_AREA_STYLE ('',( #2868 ) ) ;
#163 = ORIENTED_EDGE ( 'NONE', *, *, #3907, .F. ) ;
#164 = CIRCLE ( 'NONE', #2962, 0.005000000000000013115 ) ;
#165 = CYLINDRICAL_SURFACE ( 'NONE', #1827, 0.004999999999999990563 ) ;
#166 = DIRECTION ( 'NONE',  ( 1.000000000000000000, 0.000000000000000000, 0.000000000000000000 ) ) ;
#167 = CYLINDRICAL_SURFACE ( 'NONE', #436, 0.005000000000000013115 ) ;
#168 = CARTESIAN_POINT ( 'NONE',  ( -0.6050000000000006484, -0.1499999999999999667, 0.001000000000000000454 ) ) ;
#169 = ORIENTED_EDGE ( 'NONE', *, *, #3395, .T. ) ;
#170 = PRODUCT_RELATED_PRODUCT_CATEGORY ( 'part', '', ( #500 ) ) ;
#171 = DIRECTION ( 'NONE',  ( 1.000000000000000000, 0.000000000000000000, 0.000000000000000000 ) ) ;
#172 = CARTESIAN_POINT ( 'NONE',  ( 0.6000000000000003109, -0.1449999999999998790, 0.6990000000000005098 ) ) ;
#173 = ORIENTED_EDGE ( 'NONE', *, *, #3739, .F. ) ;
#174 = AXIS2_PLACEMENT_3D ( 'NONE', #2079, #4791, #921 ) ;
#175 = FILL_AREA_STYLE ('',( #4045 ) ) ;
#176 = ADVANCED_FACE ( 'NONE', ( #3322 ), #3435, .T. ) ;
#177 = CYLINDRICAL_SURFACE ( 'NONE', #1623, 0.02000000000000005246 ) ;
#178 = STYLED_ITEM ( 'NONE', ( #917 ), #1520 ) ;
#179 =( BOUNDED_CURVE ( )  B_SPLINE_CURVE ( 3, ( #3070, #1116, #1889, #1089 ),
 .UNSPECIFIED., .F., .F. ) 
 B_SPLINE_CURVE_WITH_KNOTS ( ( 4, 4 ),
 ( 0.000000000000000000, 1.000000000000000000 ),
 .UNSPECIFIED. ) 
 CURVE ( )  GEOMETRIC_REPRESENTATION_ITEM ( )  RATIONAL_B_SPLINE_CURVE ( ( 1.000000000000000000, 0.8047378541243667138, 0.8047378541243667138, 1.000000000000000000 ) ) 
 REPRESENTATION_ITEM ( '' )  );
#180 = SURFACE_SIDE_STYLE ('',( #3983 ) ) ;
#181 = ORIENTED_EDGE ( 'NONE', *, *, #1016, .T. ) ;
#182 = CARTESIAN_POINT ( 'NONE',  ( 0.1750000000000000167, -0.3949999999999998512, 0.006000000000000002727 ) ) ;
#183 = DIRECTION ( 'NONE',  ( 1.000000000000000000, 0.000000000000000000, -0.000000000000000000 ) ) ;
#184 = STYLED_ITEM ( 'NONE', ( #2860 ), #1675 ) ;
#185 = CARTESIAN_POINT ( 'NONE',  ( -0.6999999999999991784, 0.000000000000000000, 0.000000000000000000 ) ) ;
#186 = PRESENTATION_STYLE_ASSIGNMENT (( #3287 ) ) ;
#187 = CARTESIAN_POINT ( 'NONE',  ( 0.8000000000000002665, -0.1499999999999999667, 0.006000000000000002727 ) ) ;
#188 = SURFACE_STYLE_USAGE ( .BOTH. , #3588 ) ;
#189 = ORIENTED_EDGE ( 'NONE', *, *, #3803, .T. ) ;
#190 = DIRECTION ( 'NONE',  ( -0.000000000000000000, -0.000000000000000000, -1.000000000000000000 ) ) ;
#191 = CARTESIAN_POINT ( 'NONE',  ( -0.3499999999999995892, 0.3949999999999998512, 0.001000000000000000671 ) ) ;
#192 = EDGE_LOOP ( 'NONE', ( #3617, #1190, #920, #4781 ) ) ;
#193 =( NAMED_UNIT ( * ) PLANE_ANGLE_UNIT ( ) SI_UNIT ( $, .RADIAN. ) );
#194 =( NAMED_UNIT ( * ) SI_UNIT ( $, .STERADIAN. ) SOLID_ANGLE_UNIT ( ) );
#195 = PRESENTATION_STYLE_ASSIGNMENT (( #1041 ) ) ;
#196 = VERTEX_POINT ( 'NONE', #1783 ) ;
#197 = AXIS2_PLACEMENT_3D ( 'NONE', #779, #314, #3787 ) ;
#198 = LINE ( 'NONE', #3259, #3114 ) ;
#199 = CARTESIAN_POINT ( 'NONE',  ( -0.6050000000000006484, 0.1499999999999999112, 0.000000000000000000 ) ) ;
#200 = DIRECTION ( 'NONE',  ( -1.000000000000000000, -8.896017825522091804E-17, 0.000000000000000000 ) ) ;
#201 = EDGE_CURVE ( 'NONE', #4693, #3697, #2946, .T. ) ;
#202 = EDGE_LOOP ( 'NONE', ( #2146, #382, #946, #1786, #2553, #1931 ) ) ;
#203 = DIRECTION ( 'NONE',  ( 0.000000000000000000, -1.000000000000000000, 0.000000000000000000 ) ) ;
#204 = MECHANICAL_DESIGN_GEOMETRIC_PRESENTATION_REPRESENTATION (  '', ( #3331 ), #4071 ) ;
#205 = DIRECTION ( 'NONE',  ( 1.000000000000000000, 0.000000000000000000, 0.000000000000000000 ) ) ;
#206 = STYLED_ITEM ( 'NONE', ( #3213 ), #3499 ) ;
#207 = PLANE ( 'NONE',  #4218 ) ;
#208 =( GEOMETRIC_REPRESENTATION_CONTEXT ( 3 ) GLOBAL_UNCERTAINTY_ASSIGNED_CONTEXT ( ( #3469 ) ) GLOBAL_UNIT_ASSIGNED_CONTEXT ( ( #2184, #3310, #2542 ) ) REPRESENTATION_CONTEXT ( 'NONE', 'WORKASPACE' ) );
#209 = AXIS2_PLACEMENT_3D ( 'NONE', #4289, #3844, #2364 ) ;
#210 = DIRECTION ( 'NONE',  ( 0.000000000000000000, 1.000000000000000000, 0.000000000000000000 ) ) ;
#211 = VERTEX_POINT ( 'NONE', #287 ) ;
#212 =( NAMED_UNIT ( * ) SI_UNIT ( $, .STERADIAN. ) SOLID_ANGLE_UNIT ( ) );
#213 = DIRECTION ( 'NONE',  ( -3.652049423109069799E-16, 1.000000000000000000, -0.000000000000000000 ) ) ;
#214 = COLOUR_RGB ( '',1.000000000000000000, 1.000000000000000000, 1.000000000000000000 ) ;
#215 =( GEOMETRIC_REPRESENTATION_CONTEXT ( 3 ) GLOBAL_UNCERTAINTY_ASSIGNED_CONTEXT ( ( #819 ) ) GLOBAL_UNIT_ASSIGNED_CONTEXT ( ( #4658, #3221, #959 ) ) REPRESENTATION_CONTEXT ( 'NONE', 'WORKASPACE' ) );
#216 = CARTESIAN_POINT ( 'NONE',  ( -0.7894809940983936736, -0.3944809940983942664, 0.6990000000000005098 ) ) ;
#217 = ORIENTED_EDGE ( 'NONE', *, *, #1495, .F. ) ;
#218 = PLANE ( 'NONE',  #2778 ) ;
#219 = PRODUCT_DEFINITION_FORMATION_WITH_SPECIFIED_SOURCE ( 'ANY', '', #1428, .NOT_KNOWN. ) ;
#220 = LINE ( 'NONE', #3637, #3138 ) ;
#221 = ORIENTED_EDGE ( 'NONE', *, *, #521, .T. ) ;
#222 =( REPRESENTATION_RELATIONSHIP ('NONE','NONE', #1191, #4638 ) REPRESENTATION_RELATIONSHIP_WITH_TRANSFORMATION ( #1557 )SHAPE_REPRESENTATION_RELATIONSHIP( ) );
#223 = CARTESIAN_POINT ( 'NONE',  ( 0.3499999999999995892, 0.3999999999999999667, 0.6940000000000001723 ) ) ;
#224 = SURFACE_SIDE_STYLE ('',( #248 ) ) ;
#225 = FILL_AREA_STYLE_COLOUR ( '', #1028 ) ;
#226 = VERTEX_POINT ( 'NONE', #1807 ) ;
#227 = CARTESIAN_POINT ( 'NONE',  ( 0.7999999999999991562, 0.3799999999999989497, 0.000000000000000000 ) ) ;
#228 = PRODUCT_DEFINITION ( 'UNKNOWN', '', #4074, #4583 ) ;
#229 = FILL_AREA_STYLE ('',( #4796 ) ) ;
#230 = PRESENTATION_LAYER_ASSIGNMENT (  '', '', ( #1741 ) ) ;
#231 = CARTESIAN_POINT ( 'NONE',  ( 0.7917157287525370402, 0.3999999999999990230, 0.003071067811865685598 ) ) ;
#232 = DIRECTION ( 'NONE',  ( 0.000000000000000000, -1.000000000000000000, 0.000000000000000000 ) ) ;
#233 =( GEOMETRIC_REPRESENTATION_CONTEXT ( 3 ) GLOBAL_UNCERTAINTY_ASSIGNED_CONTEXT ( ( #4251 ) ) GLOBAL_UNIT_ASSIGNED_CONTEXT ( ( #650, #2053, #2872 ) ) REPRESENTATION_CONTEXT ( 'NONE', 'WORKASPACE' ) );
#234 = EDGE_CURVE ( 'NONE', #4403, #3702, #1492, .T. ) ;
#235 = FILL_AREA_STYLE_COLOUR ( '', #2974 ) ;
#236 =( LENGTH_UNIT ( ) NAMED_UNIT ( * ) SI_UNIT ( .MILLI., .METRE. ) );
#237 = ORIENTED_EDGE ( 'NONE', *, *, #1326, .F. ) ;
#238 = SURFACE_SIDE_STYLE ('',( #1398 ) ) ;
#239 = FILL_AREA_STYLE ('',( #980 ) ) ;
#240 = CIRCLE ( 'NONE', #2065, 0.004999999999999990563 ) ;
#241 = PLANE ( 'NONE',  #703 ) ;
#242 = ORIENTED_EDGE ( 'NONE', *, *, #2931, .F. ) ;
#243 = CARTESIAN_POINT ( 'NONE',  ( -0.7999999999999991562, -0.3799999999999989497, 0.6940000000000001723 ) ) ;
#244 = PRESENTATION_LAYER_ASSIGNMENT (  '', '', ( #404 ) ) ;
#245 = CARTESIAN_POINT ( 'NONE',  ( -0.7999999999999990452, 0.3799999999999990608, 0.6969289321881343424 ) ) ;
#246 = VERTEX_POINT ( 'NONE', #2635 ) ;
#247 = PRESENTATION_STYLE_ASSIGNMENT (( #2133 ) ) ;
#248 = SURFACE_STYLE_FILL_AREA ( #3672 ) ;
#249 = CARTESIAN_POINT ( 'NONE',  ( -0.6999999999999991784, 0.000000000000000000, 0.6999999999999991784 ) ) ;
#250 = CIRCLE ( 'NONE', #1305, 0.004999999999999989696 ) ;
#251 = ORIENTED_EDGE ( 'NONE', *, *, #2082, .F. ) ;
#252 = VECTOR ( 'NONE', #547, 1000.000000000000000 ) ;
#253 =( NAMED_UNIT ( * ) SI_UNIT ( $, .STERADIAN. ) SOLID_ANGLE_UNIT ( ) );
#254 = ORIENTED_EDGE ( 'NONE', *, *, #2717, .F. ) ;
#255 =( GEOMETRIC_REPRESENTATION_CONTEXT ( 3 ) GLOBAL_UNCERTAINTY_ASSIGNED_CONTEXT ( ( #4617 ) ) GLOBAL_UNIT_ASSIGNED_CONTEXT ( ( #3135, #1226, #1655 ) ) REPRESENTATION_CONTEXT ( 'NONE', 'WORKASPACE' ) );
#256 = CARTESIAN_POINT ( 'NONE',  ( 0.3449999999999991962, -0.2000000000000000944, 0.000000000000000000 ) ) ;
#257 = EDGE_CURVE ( 'NONE', #4669, #4812, #4255, .T. ) ;
#258 = EDGE_CURVE ( 'NONE', #1791, #522, #3035, .T. ) ;
#259 = DIRECTION ( 'NONE',  ( 0.000000000000000000, -1.000000000000000000, 0.000000000000000000 ) ) ;
#260 = VERTEX_POINT ( 'NONE', #2769 ) ;
#261 = COLOUR_RGB ( '',0.7490196078431372584, 0.7490196078431372584, 0.7490196078431372584 ) ;
#262 = CARTESIAN_POINT ( 'NONE',  ( -0.3899999999999995692, -0.3999999999999998557, 0.6940000000000001723 ) ) ;
#263 = SURFACE_STYLE_FILL_AREA ( #654 ) ;
#264 = CARTESIAN_POINT ( 'NONE',  ( 0.3499999999999997002, -0.2050000000000001543, 0.6999999999999991784 ) ) ;
#265 = PRESENTATION_LAYER_ASSIGNMENT (  '', '', ( #4042 ) ) ;
#266 = EDGE_CURVE ( 'NONE', #4498, #1982, #3540, .T. ) ;
#267 = EDGE_CURVE ( 'NONE', #982, #4384, #3148, .T. ) ;
#268 = ORIENTED_EDGE ( 'NONE', *, *, #3460, .T. ) ;
#269 = PLANE ( 'NONE',  #1670 ) ;
#270 = SURFACE_STYLE_USAGE ( .BOTH. , #224 ) ;
#271 = VECTOR ( 'NONE', #280, 1000.000000000000000 ) ;
#272 = FACE_OUTER_BOUND ( 'NONE', #479, .T. ) ;
#273 = DIRECTION ( 'NONE',  ( 0.000000000000000000, 0.000000000000000000, 1.000000000000000000 ) ) ;
#274 = CARTESIAN_POINT ( 'NONE',  ( -0.7917157287525370402, 0.3999999999999990230, 0.006000000000000003594 ) ) ;
#275 = VECTOR ( 'NONE', #4680, 1000.000000000000000 ) ;
#276 =( LENGTH_UNIT ( ) NAMED_UNIT ( * ) SI_UNIT ( .MILLI., .METRE. ) );
#277 = ORIENTED_EDGE ( 'NONE', *, *, #1271, .T. ) ;
#278 = VECTOR ( 'NONE', #2910, 1000.000000000000000 ) ;
#279 = FILL_AREA_STYLE ('',( #3726 ) ) ;
#280 = DIRECTION ( 'NONE',  ( -1.000000000000000000, -0.000000000000000000, 0.000000000000000000 ) ) ;
#281 = CARTESIAN_POINT ( 'NONE',  ( 0.3499999999999994227, 0.2050000000000001543, 0.001000000000000000454 ) ) ;
#282 = CARTESIAN_POINT ( 'NONE',  ( 0.7950000000000000400, 0.07499999999999998335, 0.006000000000000002727 ) ) ;
#283 = ORIENTED_EDGE ( 'NONE', *, *, #2500, .F. ) ;
#284 = VECTOR ( 'NONE', #2159, 1000.000000000000000 ) ;
#285 = PLANE ( 'NONE',  #2822 ) ;
#286 = VECTOR ( 'NONE', #3938, 1000.000000000000000 ) ;
#287 = CARTESIAN_POINT ( 'NONE',  ( -0.6000000000000003109, 0.1449999999999998790, 0.6990000000000005098 ) ) ;
#288 = PRESENTATION_LAYER_ASSIGNMENT (  '', '', ( #2446 ) ) ;
#289 = ORIENTED_EDGE ( 'NONE', *, *, #2522, .F. ) ;
#290 = DIRECTION ( 'NONE',  ( 1.000000000000000000, 0.000000000000000000, 0.000000000000000000 ) ) ;
#291 = VERTEX_POINT ( 'NONE', #3863 ) ;
#292 = CARTESIAN_POINT ( 'NONE',  ( 0.7949999999999991518, -0.3799999999999989497, 0.6940000000000001723 ) ) ;
#293 = STYLED_ITEM ( 'NONE', ( #1234 ), #4537 ) ;
#294 = CYLINDRICAL_SURFACE ( 'NONE', #1469, 0.005000000000000013115 ) ;
#295 = ORIENTED_EDGE ( 'NONE', *, *, #3077, .F. ) ;
#296 =( NAMED_UNIT ( * ) PLANE_ANGLE_UNIT ( ) SI_UNIT ( $, .RADIAN. ) );
#297 = COLOUR_RGB ( '',1.000000000000000000, 1.000000000000000000, 1.000000000000000000 ) ;
#298 = DIRECTION ( 'NONE',  ( -1.000000000000000000, -0.000000000000000000, -0.000000000000000000 ) ) ;
#299 = ADVANCED_FACE ( 'NONE', ( #3066 ), #1181, .T. ) ;
#300 = CARTESIAN_POINT ( 'NONE',  ( -0.8000000000000001554, -0.1499999999999999667, 0.6940000000000001723 ) ) ;
#301 = ADVANCED_FACE ( 'NONE', ( #4264 ), #4239, .T. ) ;
#302 = AXIS2_PLACEMENT_3D ( 'NONE', #3800, #4480, #2937 ) ;
#303 = SURFACE_STYLE_USAGE ( .BOTH. , #3311 ) ;
#304 = VERTEX_POINT ( 'NONE', #1042 ) ;
#305 = PRODUCT_DEFINITION_SHAPE ( 'NONE', 'NONE',  #4957 ) ;
#306 =( NAMED_UNIT ( * ) SI_UNIT ( $, .STERADIAN. ) SOLID_ANGLE_UNIT ( ) );
#307 =( LENGTH_UNIT ( ) NAMED_UNIT ( * ) SI_UNIT ( .MILLI., .METRE. ) );
#308 = SURFACE_STYLE_USAGE ( .BOTH. , #3802 ) ;
#309 = ORIENTED_EDGE ( 'NONE', *, *, #3205, .F. ) ;
#310 = DIRECTION ( 'NONE',  ( 0.000000000000000000, 0.000000000000000000, 1.000000000000000000 ) ) ;
#311 = DIRECTION ( 'NONE',  ( 1.000000000000000000, 0.000000000000000000, 0.000000000000000000 ) ) ;
#312 = FACE_OUTER_BOUND ( 'NONE', #2382, .T. ) ;
#313 = SURFACE_STYLE_USAGE ( .BOTH. , #3400 ) ;
#314 = DIRECTION ( 'NONE',  ( 0.000000000000000000, 0.000000000000000000, 1.000000000000000000 ) ) ;
#315 = ORIENTED_EDGE ( 'NONE', *, *, #1821, .T. ) ;
#316 = CARTESIAN_POINT ( 'NONE',  ( -0.6000000000000003109, -0.1450000000000001288, 0.000000000000000000 ) ) ;
#317 = LINE ( 'NONE', #4908, #1345 ) ;
#318 = ORIENTED_EDGE ( 'NONE', *, *, #911, .F. ) ;
#319 = UNCERTAINTY_MEASURE_WITH_UNIT (LENGTH_MEASURE( 1.000000000000000082E-05 ), #3363, 'distance_accuracy_value', 'NONE');
#320 = CARTESIAN_POINT ( 'NONE',  ( -0.7979289321881339880, -0.3799999999999988387, 0.6989999999999999547 ) ) ;
#321 = FILL_AREA_STYLE ('',( #2638 ) ) ;
#322 = CARTESIAN_POINT ( 'NONE',  ( -0.7949999999999995959, 0.3887867965644029589, 0.6990000000000001767 ) ) ;
#323 = STYLED_ITEM ( 'NONE', ( #4342 ), #301 ) ;
#324 = CARTESIAN_POINT ( 'NONE',  ( 0.7917157287525373732, -0.3999999999999989675, 0.003071067811865685598 ) ) ;
#325 = DIRECTION ( 'NONE',  ( 0.000000000000000000, 1.000000000000000000, 0.000000000000000000 ) ) ;
#326 = EDGE_LOOP ( 'NONE', ( #37, #4886, #576, #1090 ) ) ;
#327 = EDGE_CURVE ( 'NONE', #1241, #2712, #2151, .T. ) ;
#328 = LINE ( 'NONE', #1841, #616 ) ;
#329 = VERTEX_POINT ( 'NONE', #3359 ) ;
#330 = EDGE_CURVE ( 'NONE', #1388, #722, #3713, .T. ) ;
#331 = LINE ( 'NONE', #3856, #1180 ) ;
#332 = EDGE_LOOP ( 'NONE', ( #3159, #2299, #3951, #2563 ) ) ;
#333 = EDGE_CURVE ( 'NONE', #3291, #3308, #763, .T. ) ;
#334 = DIRECTION ( 'NONE',  ( 1.000000000000000000, 0.000000000000000000, 0.000000000000000000 ) ) ;
#335 = VECTOR ( 'NONE', #945, 1000.000000000000000 ) ;
#336 = FACE_OUTER_BOUND ( 'NONE', #3887, .T. ) ;
#337 = FILL_AREA_STYLE_COLOUR ( '', #2098 ) ;
#338 = ORIENTED_EDGE ( 'NONE', *, *, #3561, .T. ) ;
#339 =( GEOMETRIC_REPRESENTATION_CONTEXT ( 3 ) GLOBAL_UNCERTAINTY_ASSIGNED_CONTEXT ( ( #3927 ) ) GLOBAL_UNIT_ASSIGNED_CONTEXT ( ( #895, #3949, #544 ) ) REPRESENTATION_CONTEXT ( 'NONE', 'WORKASPACE' ) );
#340 = PRESENTATION_LAYER_ASSIGNMENT (  '', '', ( #184 ) ) ;
#341 = DIRECTION ( 'NONE',  ( 1.000000000000000000, 0.000000000000000000, 0.000000000000000000 ) ) ;
#342 = CYLINDRICAL_SURFACE ( 'NONE', #883, 0.005000000000000013115 ) ;
#343 = ORIENTED_EDGE ( 'NONE', *, *, #1404, .T. ) ;
#344 = DIRECTION ( 'NONE',  ( 1.000000000000000000, 0.000000000000000000, 0.000000000000000000 ) ) ;
#345 = CARTESIAN_POINT ( 'NONE',  ( 0.7999999999999991562, -0.3917157287525368514, 0.006000000000000003594 ) ) ;
#346 = PRESENTATION_STYLE_ASSIGNMENT (( #3795 ) ) ;
#347 = VERTEX_POINT ( 'NONE', #737 ) ;
#348 = FILL_AREA_STYLE_COLOUR ( '', #4857 ) ;
#349 =( LENGTH_UNIT ( ) NAMED_UNIT ( * ) SI_UNIT ( .MILLI., .METRE. ) );
#350 = AXIS2_PLACEMENT_3D ( 'NONE', #1521, #3817, #4215 ) ;
#351 = ORIENTED_EDGE ( 'NONE', *, *, #3467, .F. ) ;
#352 = PRODUCT_CONTEXT ( 'NONE', #4772, 'mechanical' ) ;
#353 = FACE_OUTER_BOUND ( 'NONE', #1413, .T. ) ;
#354 = CARTESIAN_POINT ( 'NONE',  ( -0.7949999999999991518, -0.3799999999999989497, 0.6940000000000001723 ) ) ;
#355 = EDGE_CURVE ( 'NONE', #1095, #4762, #4344, .T. ) ;
#356 = CIRCLE ( 'NONE', #1562, 0.005000000000000013115 ) ;
#357 = CARTESIAN_POINT ( 'NONE',  ( 0.7950000000000000400, -0.07499999999999998335, 0.000000000000000000 ) ) ;
#358 = ORIENTED_EDGE ( 'NONE', *, *, #2109, .T. ) ;
#359 = SURFACE_STYLE_FILL_AREA ( #279 ) ;
#360 = DIRECTION ( 'NONE',  ( 1.000000000000000000, 0.000000000000000000, 0.000000000000000000 ) ) ;
#361 = UNCERTAINTY_MEASURE_WITH_UNIT (LENGTH_MEASURE( 1.000000000000000082E-05 ), #2996, 'distance_accuracy_value', 'NONE');
#362 = STYLED_ITEM ( 'NONE', ( #1206 ), #3018 ) ;
#363 = CARTESIAN_POINT ( 'NONE',  ( -0.7950000000000000400, 0.07499999999999998335, 0.6949999999999988409 ) ) ;
#364 = SURFACE_SIDE_STYLE ('',( #4234 ) ) ;
#365 = CARTESIAN_POINT ( 'NONE',  ( -0.3499999999999995892, -0.1499999999999999667, 0.6990000000000005098 ) ) ;
#366 = EDGE_CURVE ( 'NONE', #4005, #476, #2641, .T. ) ;
#367 =( NAMED_UNIT ( * ) PLANE_ANGLE_UNIT ( ) SI_UNIT ( $, .RADIAN. ) );
#368 = UNCERTAINTY_MEASURE_WITH_UNIT (LENGTH_MEASURE( 1.000000000000000082E-05 ), #1229, 'distance_accuracy_value', 'NONE');
#369 = VECTOR ( 'NONE', #2301, 1000.000000000000000 ) ;
#370 = DIRECTION ( 'NONE',  ( 1.000000000000000000, 0.000000000000000000, 0.000000000000000000 ) ) ;
#371 =( NAMED_UNIT ( * ) PLANE_ANGLE_UNIT ( ) SI_UNIT ( $, .RADIAN. ) );
#372 =( BOUNDED_CURVE ( )  B_SPLINE_CURVE ( 3, ( #52, #4685, #4245, #3156 ),
 .UNSPECIFIED., .F., .F. ) 
 B_SPLINE_CURVE_WITH_KNOTS ( ( 4, 4 ),
 ( 0.000000000000000000, 1.000000000000000000 ),
 .UNSPECIFIED. ) 
 CURVE ( )  GEOMETRIC_REPRESENTATION_ITEM ( )  RATIONAL_B_SPLINE_CURVE ( ( 1.000000000000000000, 0.8047378541243632721, 0.8047378541243632721, 1.000000000000000000 ) ) 
 REPRESENTATION_ITEM ( '' )  );
#373 = STYLED_ITEM ( 'NONE', ( #3470 ), #4302 ) ;
#374 = DIRECTION ( 'NONE',  ( -3.652049423109069799E-16, 1.000000000000000000, -0.000000000000000000 ) ) ;
#375 = VERTEX_POINT ( 'NONE', #3818 ) ;
#376 = COLOUR_RGB ( '',0.7490196078431372584, 0.7490196078431372584, 0.7490196078431372584 ) ;
#377 = CARTESIAN_POINT ( 'NONE',  ( -0.7999999999999992673, -0.3799999999999989497, 0.6940000000000001723 ) ) ;
#378 = VECTOR ( 'NONE', #1303, 1000.000000000000000 ) ;
#379 =( NAMED_UNIT ( * ) SI_UNIT ( $, .STERADIAN. ) SOLID_ANGLE_UNIT ( ) );
#380 = ORIENTED_EDGE ( 'NONE', *, *, #4226, .F. ) ;
#381 = PRESENTATION_LAYER_ASSIGNMENT (  '', '', ( #1414 ) ) ;
#382 = ORIENTED_EDGE ( 'NONE', *, *, #2716, .T. ) ;
#383 = LINE ( 'NONE', #3835, #4379 ) ;
#384 =( NAMED_UNIT ( * ) SI_UNIT ( $, .STERADIAN. ) SOLID_ANGLE_UNIT ( ) );
#385 = CARTESIAN_POINT ( 'NONE',  ( -0.3499999999999995892, -0.2050000000000001543, 0.000000000000000000 ) ) ;
#386 = FILL_AREA_STYLE ('',( #1280 ) ) ;
#387 = EDGE_CURVE ( 'NONE', #578, #3474, #2291, .T. ) ;
#388 = PRESENTATION_STYLE_ASSIGNMENT (( #3847 ) ) ;
#389 = DIRECTION ( 'NONE',  ( 0.000000000000000000, 0.000000000000000000, 1.000000000000000000 ) ) ;
#390 = ORIENTED_EDGE ( 'NONE', *, *, #1261, .T. ) ;
#391 = SURFACE_STYLE_USAGE ( .BOTH. , #3521 ) ;
#392 = CLOSED_SHELL ( 'NONE', ( #4561, #1558, #3708, #2348, #3940, #4713, #2991, #4455, #520, #4560 ) ) ;
#393 = CARTESIAN_POINT ( 'NONE',  ( -0.3449999999999991962, -0.2050000000000001543, 0.6999999999999991784 ) ) ;
#394 = SURFACE_STYLE_FILL_AREA ( #79 ) ;
#395 = EDGE_LOOP ( 'NONE', ( #3687, #1307, #2843, #4064 ) ) ;
#396 = DIRECTION ( 'NONE',  ( 0.000000000000000000, 0.000000000000000000, 1.000000000000000000 ) ) ;
#397 =( GEOMETRIC_REPRESENTATION_CONTEXT ( 3 ) GLOBAL_UNCERTAINTY_ASSIGNED_CONTEXT ( ( #3852 ) ) GLOBAL_UNIT_ASSIGNED_CONTEXT ( ( #2124, #2846, #4399 ) ) REPRESENTATION_CONTEXT ( 'NONE', 'WORKASPACE' ) );
#398 = UNCERTAINTY_MEASURE_WITH_UNIT (LENGTH_MEASURE( 1.000000000000000082E-05 ), #76, 'distance_accuracy_value', 'NONE');
#399 = MECHANICAL_DESIGN_GEOMETRIC_PRESENTATION_REPRESENTATION (  '', ( #2313 ), #2395 ) ;
#400 = DIRECTION ( 'NONE',  ( 0.000000000000000000, 0.000000000000000000, 1.000000000000000000 ) ) ;
#401 = VERTEX_POINT ( 'NONE', #1890 ) ;
#402 = SHAPE_DEFINITION_REPRESENTATION ( #3136, #2929 ) ;
#403 = CARTESIAN_POINT ( 'NONE',  ( -0.7999999999999991562, -0.3799999999999989497, 0.006000000000000002727 ) ) ;
#404 = STYLED_ITEM ( 'NONE', ( #4139 ), #583 ) ;
#405 = FACE_OUTER_BOUND ( 'NONE', #4688, .T. ) ;
#406 = ORIENTED_EDGE ( 'NONE', *, *, #1790, .T. ) ;
#407 = LINE ( 'NONE', #2357, #3754 ) ;
#408 = SURFACE_STYLE_USAGE ( .BOTH. , #2383 ) ;
#409 =( LENGTH_UNIT ( ) NAMED_UNIT ( * ) SI_UNIT ( .MILLI., .METRE. ) );
#410 = SURFACE_SIDE_STYLE ('',( #2220 ) ) ;
#411 =( GEOMETRIC_REPRESENTATION_CONTEXT ( 3 ) GLOBAL_UNCERTAINTY_ASSIGNED_CONTEXT ( ( #4029 ) ) GLOBAL_UNIT_ASSIGNED_CONTEXT ( ( #454, #4250, #3443 ) ) REPRESENTATION_CONTEXT ( 'NONE', 'WORKASPACE' ) );
#412 = PRODUCT_DEFINITION_CONTEXT ( 'detailed design', #2363, 'design' ) ;
#413 = FILL_AREA_STYLE_COLOUR ( '', #4434 ) ;
#414 = LINE ( 'NONE', #2227, #1580 ) ;
#415 = ORIENTED_EDGE ( 'NONE', *, *, #4589, .T. ) ;
#416 = LINE ( 'NONE', #2750, #417 ) ;
#417 = VECTOR ( 'NONE', #4183, 1000.000000000000000 ) ;
#418 = MECHANICAL_DESIGN_GEOMETRIC_PRESENTATION_REPRESENTATION (  '', ( #2242 ), #584 ) ;
#419 = EDGE_CURVE ( 'NONE', #2597, #4550, #3451, .T. ) ;
#420 = EDGE_CURVE ( 'NONE', #1397, #458, #240, .T. ) ;
#421 = CARTESIAN_POINT ( 'NONE',  ( 1.387778780781446415E-16, 0.3949999999999998512, 0.6990000000000005098 ) ) ;
#422 = DIRECTION ( 'NONE',  ( 1.000000000000000000, 0.000000000000000000, 0.000000000000000000 ) ) ;
#423 = ORIENTED_EDGE ( 'NONE', *, *, #649, .T. ) ;
#424 = VECTOR ( 'NONE', #3591, 1000.000000000000000 ) ;
#425 = CARTESIAN_POINT ( 'NONE',  ( -0.7799999999999991385, -0.4000000000000001332, 0.006000000000000002727 ) ) ;
#426 =( LENGTH_UNIT ( ) NAMED_UNIT ( * ) SI_UNIT ( .MILLI., .METRE. ) );
#427 = ADVANCED_FACE ( 'NONE', ( #3873 ), #4562, .T. ) ;
#428 = VECTOR ( 'NONE', #1643, 1000.000000000000000 ) ;
#429 = EDGE_CURVE ( 'NONE', #1282, #4358, #4247, .T. ) ;
#430 =( LENGTH_UNIT ( ) NAMED_UNIT ( * ) SI_UNIT ( .MILLI., .METRE. ) );
#431 = ORIENTED_EDGE ( 'NONE', *, *, #740, .F. ) ;
#432 = PRODUCT_CONTEXT ( 'NONE', #2090, 'mechanical' ) ;
#433 =( LENGTH_UNIT ( ) NAMED_UNIT ( * ) SI_UNIT ( .MILLI., .METRE. ) );
#434 = AXIS2_PLACEMENT_3D ( 'NONE', #1764, #657, #2856 ) ;
#435 = CARTESIAN_POINT ( 'NONE',  ( -0.7999999999999991562, -0.3917157287525369624, 0.006000000000000003594 ) ) ;
#436 = AXIS2_PLACEMENT_3D ( 'NONE', #3272, #2948, #1036 ) ;
#437 = CARTESIAN_POINT ( 'NONE',  ( -0.7950000000000000400, -0.1499999999999999667, 0.6940000000000001723 ) ) ;
#438 = ORIENTED_EDGE ( 'NONE', *, *, #3846, .F. ) ;
#439 = FILL_AREA_STYLE ('',( #3889 ) ) ;
#440 = FILL_AREA_STYLE_COLOUR ( '', #2831 ) ;
#441 = CARTESIAN_POINT ( 'NONE',  ( 0.6050000000000006484, -0.1499999999999999667, 0.000000000000000000 ) ) ;
#442 = CIRCLE ( 'NONE', #3318, 0.02000000000000005246 ) ;
#443 = LINE ( 'NONE', #4339, #1461 ) ;
#444 = CARTESIAN_POINT ( 'NONE',  ( -0.3499999999999995892, -0.2050000000000001543, 0.000000000000000000 ) ) ;
#445 = DIRECTION ( 'NONE',  ( -1.000000000000000000, -0.000000000000000000, 0.000000000000000000 ) ) ;
#446 = ORIENTED_EDGE ( 'NONE', *, *, #355, .T. ) ;
#447 = VECTOR ( 'NONE', #2018, 1000.000000000000000 ) ;
#448 = DIRECTION ( 'NONE',  ( 1.000000000000000000, 8.896017825522090571E-17, -0.000000000000000000 ) ) ;
#449 = FILL_AREA_STYLE_COLOUR ( '', #4523 ) ;
#450 = DIRECTION ( 'NONE',  ( 0.000000000000000000, 0.000000000000000000, 1.000000000000000000 ) ) ;
#451 = ORIENTED_EDGE ( 'NONE', *, *, #4715, .T. ) ;
#452 = CIRCLE ( 'NONE', #1875, 0.005000000000000013115 ) ;
#453 = SURFACE_STYLE_USAGE ( .BOTH. , #3413 ) ;
#454 =( LENGTH_UNIT ( ) NAMED_UNIT ( * ) SI_UNIT ( .MILLI., .METRE. ) );
#455 =( GEOMETRIC_REPRESENTATION_CONTEXT ( 3 ) GLOBAL_UNCERTAINTY_ASSIGNED_CONTEXT ( ( #3020 ) ) GLOBAL_UNIT_ASSIGNED_CONTEXT ( ( #430, #4568, #379 ) ) REPRESENTATION_CONTEXT ( 'NONE', 'WORKASPACE' ) );
#456 = PRESENTATION_LAYER_ASSIGNMENT (  '', '', ( #2444 ) ) ;
#457 = UNCERTAINTY_MEASURE_WITH_UNIT (LENGTH_MEASURE( 1.000000000000000082E-05 ), #4637, 'distance_accuracy_value', 'NONE');
#458 = VERTEX_POINT ( 'NONE', #3523 ) ;
#459 = ADVANCED_FACE ( 'NONE', ( #789 ), #2771, .T. ) ;
#460 = DIRECTION ( 'NONE',  ( 0.000000000000000000, 0.000000000000000000, 1.000000000000000000 ) ) ;
#461 = ADVANCED_FACE ( 'NONE', ( #2138 ), #4776, .T. ) ;
#462 = B_SPLINE_CURVE_WITH_KNOTS ( 'NONE', 3,
 ( #3779, #4152, #2215, #1844 ),
 .UNSPECIFIED., .F., .F.,
 ( 4, 4 ),
 ( 0.000000000000000000, 1.000000000000000000 ),
 .UNSPECIFIED. ) ;
#463 = DIRECTION ( 'NONE',  ( 1.000000000000000000, 0.000000000000000000, 0.000000000000000000 ) ) ;
#464 = MECHANICAL_DESIGN_GEOMETRIC_PRESENTATION_REPRESENTATION (  '', ( #4475 ), #1197 ) ;
#465 = CIRCLE ( 'NONE', #1113, 0.004999999999999990563 ) ;
#466 = CARTESIAN_POINT ( 'NONE',  ( -0.04999999999999989869, 0.1499999999999999667, 0.6999999999999991784 ) ) ;
#467 =( NAMED_UNIT ( * ) PLANE_ANGLE_UNIT ( ) SI_UNIT ( $, .RADIAN. ) );
#468 = AXIS2_PLACEMENT_3D ( 'NONE', #2707, #15, #4949 ) ;
#469 = DIRECTION ( 'NONE',  ( 0.000000000000000000, -1.000000000000000000, 0.000000000000000000 ) ) ;
#470 = LINE ( 'NONE', #1974, #447 ) ;
#471 = FACE_OUTER_BOUND ( 'NONE', #3210, .T. ) ;
#472 = UNCERTAINTY_MEASURE_WITH_UNIT (LENGTH_MEASURE( 1.000000000000000082E-05 ), #1843, 'distance_accuracy_value', 'NONE');
#473 =( NAMED_UNIT ( * ) PLANE_ANGLE_UNIT ( ) SI_UNIT ( $, .RADIAN. ) );
#474 = CARTESIAN_POINT ( 'NONE',  ( -0.7950000000000000400, 3.469446951953609875E-17, 0.001000000000000000454 ) ) ;
#475 = DIRECTION ( 'NONE',  ( 1.000000000000000000, 0.000000000000000000, -0.000000000000000000 ) ) ;
#476 = VERTEX_POINT ( 'NONE', #2867 ) ;
#477 =( LENGTH_UNIT ( ) NAMED_UNIT ( * ) SI_UNIT ( .MILLI., .METRE. ) );
#478 = STYLED_ITEM ( 'NONE', ( #247 ), #125 ) ;
#479 = EDGE_LOOP ( 'NONE', ( #318, #2546, #1370, #1435 ) ) ;
#480 = MECHANICAL_DESIGN_GEOMETRIC_PRESENTATION_REPRESENTATION (  '', ( #4341 ), #397 ) ;
#481 = FACE_OUTER_BOUND ( 'NONE', #2780, .T. ) ;
#482 = CARTESIAN_POINT ( 'NONE',  ( -0.7999999999999991562, -0.3917157287525370180, 0.003071067811865685598 ) ) ;
#483 = MECHANICAL_DESIGN_GEOMETRIC_PRESENTATION_REPRESENTATION (  '', ( #323 ), #2955 ) ;
#484 = EDGE_CURVE ( 'NONE', #722, #4613, #3218, .T. ) ;
#485 = CARTESIAN_POINT ( 'NONE',  ( -0.3449999999999991962, -0.2000000000000000666, 0.001000000000000000454 ) ) ;
#486 = ORIENTED_EDGE ( 'NONE', *, *, #3025, .T. ) ;
#487 = DIRECTION ( 'NONE',  ( -0.000000000000000000, 1.000000000000000000, 0.000000000000000000 ) ) ;
#488 = FACE_OUTER_BOUND ( 'NONE', #14, .T. ) ;
#489 =( GEOMETRIC_REPRESENTATION_CONTEXT ( 3 ) GLOBAL_UNCERTAINTY_ASSIGNED_CONTEXT ( ( #1924 ) ) GLOBAL_UNIT_ASSIGNED_CONTEXT ( ( #1856, #4652, #2222 ) ) REPRESENTATION_CONTEXT ( 'NONE', 'WORKASPACE' ) );
#490 = DIRECTION ( 'NONE',  ( 3.652049423109069799E-16, -1.000000000000000000, 0.000000000000000000 ) ) ;
#491 = CARTESIAN_POINT ( 'NONE',  ( 0.3499999999999995337, -0.3949999999999998512, 0.004999999999999989696 ) ) ;
#492 = FACE_OUTER_BOUND ( 'NONE', #192, .T. ) ;
#493 =( NAMED_UNIT ( * ) SI_UNIT ( $, .STERADIAN. ) SOLID_ANGLE_UNIT ( ) );
#494 = FILL_AREA_STYLE ('',( #1330 ) ) ;
#495 = ORIENTED_EDGE ( 'NONE', *, *, #2409, .T. ) ;
#496 = DIRECTION ( 'NONE',  ( 0.000000000000000000, -1.000000000000000000, -0.000000000000000000 ) ) ;
#497 = AXIS2_PLACEMENT_3D ( 'NONE', #1100, #3432, #4158 ) ;
#498 = SURFACE_STYLE_FILL_AREA ( #3489 ) ;
#499 = ORIENTED_EDGE ( 'NONE', *, *, #3970, .T. ) ;
#500 = PRODUCT ( 'Markiing', 'Markiing', '', ( #3031 ) ) ;
#501 = DIRECTION ( 'NONE',  ( -1.000000000000000000, -8.896017825522090571E-17, 0.000000000000000000 ) ) ;
#502 = PRESENTATION_LAYER_ASSIGNMENT (  '', '', ( #4823 ) ) ;
#503 = UNCERTAINTY_MEASURE_WITH_UNIT (LENGTH_MEASURE( 1.000000000000000082E-05 ), #3607, 'distance_accuracy_value', 'NONE');
#504 = ORIENTED_EDGE ( 'NONE', *, *, #4364, .F. ) ;
#505 = CYLINDRICAL_SURFACE ( 'NONE', #4191, 0.005000000000000013115 ) ;
#506 = CIRCLE ( 'NONE', #1926, 0.004999999999999989696 ) ;
#507 = DIRECTION ( 'NONE',  ( -0.000000000000000000, 1.000000000000000000, 0.000000000000000000 ) ) ;
#508 = AXIS2_PLACEMENT_3D ( 'NONE', #1385, #3145, #932 ) ;
#509 = FACE_OUTER_BOUND ( 'NONE', #1246, .T. ) ;
#510 = ORIENTED_EDGE ( 'NONE', *, *, #2652, .F. ) ;
#511 = VECTOR ( 'NONE', #2465, 1000.000000000000000 ) ;
#512 = CARTESIAN_POINT ( 'NONE',  ( -0.1749999999999997946, 0.3949999999999998512, 0.006000000000000002727 ) ) ;
#513 = CARTESIAN_POINT ( 'NONE',  ( 0.3499999999999995892, 3.469446951953609875E-17, 0.6990000000000005098 ) ) ;
#514 = ADVANCED_FACE ( 'NONE', ( #593 ), #2634, .T. ) ;
#515 = DIRECTION ( 'NONE',  ( 0.000000000000000000, -1.000000000000000000, -0.000000000000000000 ) ) ;
#516 = DIRECTION ( 'NONE',  ( 0.000000000000000000, 0.000000000000000000, 1.000000000000000000 ) ) ;
#517 = MECHANICAL_DESIGN_GEOMETRIC_PRESENTATION_REPRESENTATION (  '', ( #1396 ), #3313 ) ;
#518 = LINE ( 'NONE', #2120, #2285 ) ;
#519 =( GEOMETRIC_REPRESENTATION_CONTEXT ( 3 ) GLOBAL_UNCERTAINTY_ASSIGNED_CONTEXT ( ( #3208 ) ) GLOBAL_UNIT_ASSIGNED_CONTEXT ( ( #3929, #1216, #2342 ) ) REPRESENTATION_CONTEXT ( 'NONE', 'WORKASPACE' ) );
#520 = ADVANCED_FACE ( 'NONE', ( #1515 ), #3016, .T. ) ;
#521 = EDGE_CURVE ( 'NONE', #3189, #4732, #3482, .T. ) ;
#522 = VERTEX_POINT ( 'NONE', #4633 ) ;
#523 = PRESENTATION_STYLE_ASSIGNMENT (( #572 ) ) ;
#524 = AXIS2_PLACEMENT_3D ( 'NONE', #564, #4054, #159 ) ;
#525 = CARTESIAN_POINT ( 'NONE',  ( 0.7950000000000000400, -0.1499999999999999667, 0.6940000000000001723 ) ) ;
#526 = SURFACE_STYLE_USAGE ( .BOTH. , #1596 ) ;
#527 = ORIENTED_EDGE ( 'NONE', *, *, #4870, .T. ) ;
#528 = UNCERTAINTY_MEASURE_WITH_UNIT (LENGTH_MEASURE( 1.000000000000000082E-05 ), #349, 'distance_accuracy_value', 'NONE');
#529 = FACE_OUTER_BOUND ( 'NONE', #2218, .T. ) ;
#530 = DIRECTION ( 'NONE',  ( -0.000000000000000000, -0.000000000000000000, -1.000000000000000000 ) ) ;
#531 = VERTEX_POINT ( 'NONE', #4606 ) ;
#532 = FILL_AREA_STYLE ('',( #4047 ) ) ;
#533 = COLOUR_RGB ( '',1.000000000000000000, 1.000000000000000000, 1.000000000000000000 ) ;
#534 = STYLED_ITEM ( 'NONE', ( #1801 ), #3562 ) ;
#535 =( LENGTH_UNIT ( ) NAMED_UNIT ( * ) SI_UNIT ( .MILLI., .METRE. ) );
#536 = PRESENTATION_LAYER_ASSIGNMENT (  '', '', ( #373 ) ) ;
#537 = ORIENTED_EDGE ( 'NONE', *, *, #4773, .F. ) ;
#538 = STYLED_ITEM ( 'NONE', ( #3546 ), #3942 ) ;
#539 = DIRECTION ( 'NONE',  ( 0.000000000000000000, -0.000000000000000000, -1.000000000000000000 ) ) ;
#540 = DIRECTION ( 'NONE',  ( 0.000000000000000000, -0.000000000000000000, -1.000000000000000000 ) ) ;
#541 = EDGE_CURVE ( 'NONE', #3109, #4794, #2691, .T. ) ;
#542 = DIRECTION ( 'NONE',  ( 0.000000000000000000, 0.000000000000000000, 1.000000000000000000 ) ) ;
#543 = FILL_AREA_STYLE ('',( #3990 ) ) ;
#544 =( NAMED_UNIT ( * ) SI_UNIT ( $, .STERADIAN. ) SOLID_ANGLE_UNIT ( ) );
#545 = PRESENTATION_STYLE_ASSIGNMENT (( #3199 ) ) ;
#546 = ORIENTED_EDGE ( 'NONE', *, *, #327, .T. ) ;
#547 = DIRECTION ( 'NONE',  ( -0.000000000000000000, 1.000000000000000000, 0.000000000000000000 ) ) ;
#548 = DIRECTION ( 'NONE',  ( 1.000000000000000000, 0.000000000000000000, 0.000000000000000000 ) ) ;
#549 = SURFACE_STYLE_USAGE ( .BOTH. , #2099 ) ;
#550 = PRESENTATION_STYLE_ASSIGNMENT (( #573 ) ) ;
#551 = EDGE_CURVE ( 'NONE', #4732, #3534, #3814, .T. ) ;
#552 = ADVANCED_FACE ( 'NONE', ( #3041 ), #4236, .F. ) ;
#553 = CARTESIAN_POINT ( 'NONE',  ( 0.7799999999999991385, -0.3799999999999989497, 0.6940000000000001723 ) ) ;
#554 =( NAMED_UNIT ( * ) PLANE_ANGLE_UNIT ( ) SI_UNIT ( $, .RADIAN. ) );
#555 = ORIENTED_EDGE ( 'NONE', *, *, #3845, .T. ) ;
#556 = DIRECTION ( 'NONE',  ( -0.000000000000000000, -0.000000000000000000, -1.000000000000000000 ) ) ;
#557 = UNCERTAINTY_MEASURE_WITH_UNIT (LENGTH_MEASURE( 1.000000000000000082E-05 ), #2137, 'distance_accuracy_value', 'NONE');
#558 = EDGE_LOOP ( 'NONE', ( #1459, #3903, #2344, #2372 ) ) ;
#559 = DIRECTION ( 'NONE',  ( 0.000000000000000000, 0.000000000000000000, 1.000000000000000000 ) ) ;
#560 = SURFACE_SIDE_STYLE ('',( #4426 ) ) ;
#561 = CARTESIAN_POINT ( 'NONE',  ( 0.3499999999999995892, 0.2050000000000001543, 0.000000000000000000 ) ) ;
#562 = DIRECTION ( 'NONE',  ( 1.000000000000000000, 0.000000000000000000, 0.000000000000000000 ) ) ;
#563 = MECHANICAL_DESIGN_GEOMETRIC_PRESENTATION_REPRESENTATION (  '', ( #1741 ), #1215 ) ;
#564 = CARTESIAN_POINT ( 'NONE',  ( -0.6050000000000006484, 0.1449999999999998790, 0.000000000000000000 ) ) ;
#565 = AXIS2_PLACEMENT_3D ( 'NONE', #962, #600, #4370 ) ;
#566 = CARTESIAN_POINT ( 'NONE',  ( 0.7887867965644028700, 0.3949999999999994071, 0.001000000000000013248 ) ) ;
#567 = DIRECTION ( 'NONE',  ( 1.000000000000000000, 0.000000000000000000, 0.000000000000000000 ) ) ;
#568 = MECHANICAL_DESIGN_GEOMETRIC_PRESENTATION_REPRESENTATION (  '', ( #90 ), #1909 ) ;
#569 =( NAMED_UNIT ( * ) PLANE_ANGLE_UNIT ( ) SI_UNIT ( $, .RADIAN. ) );
#570 =( NAMED_UNIT ( * ) PLANE_ANGLE_UNIT ( ) SI_UNIT ( $, .RADIAN. ) );
#571 = ORIENTED_EDGE ( 'NONE', *, *, #1586, .T. ) ;
#572 = SURFACE_STYLE_USAGE ( .BOTH. , #3155 ) ;
#573 = SURFACE_STYLE_USAGE ( .BOTH. , #1754 ) ;
#574 = FILL_AREA_STYLE_COLOUR ( '', #4605 ) ;
#575 = LINE ( 'NONE', #168, #57 ) ;
#576 = ORIENTED_EDGE ( 'NONE', *, *, #909, .T. ) ;
#577 = ADVANCED_FACE ( 'NONE', ( #3921 ), #4793, .T. ) ;
#578 = VERTEX_POINT ( 'NONE', #3378 ) ;
#579 = AXIS2_PLACEMENT_3D ( 'NONE', #2490, #147, #3665 ) ;
#580 = DIRECTION ( 'NONE',  ( 0.000000000000000000, 0.000000000000000000, 1.000000000000000000 ) ) ;
#581 = CARTESIAN_POINT ( 'NONE',  ( -0.3499999999999995892, 0.4000000000000001332, 0.006000000000000002727 ) ) ;
#582 = EDGE_CURVE ( 'NONE', #3524, #7, #1836, .T. ) ;
#583 = ADVANCED_FACE ( 'NONE', ( #1063 ), #1379, .F. ) ;
#584 =( GEOMETRIC_REPRESENTATION_CONTEXT ( 3 ) GLOBAL_UNCERTAINTY_ASSIGNED_CONTEXT ( ( #4905 ) ) GLOBAL_UNIT_ASSIGNED_CONTEXT ( ( #3373, #805, #4901 ) ) REPRESENTATION_CONTEXT ( 'NONE', 'WORKASPACE' ) );
#585 = PRESENTATION_STYLE_ASSIGNMENT (( #2832 ) ) ;
#586 = ORIENTED_EDGE ( 'NONE', *, *, #3295, .F. ) ;
#587 = FILL_AREA_STYLE_COLOUR ( '', #2043 ) ;
#588 = LINE ( 'NONE', #4820, #2671 ) ;
#589 = AXIS2_PLACEMENT_3D ( 'NONE', #2708, #4276, #825 ) ;
#590 = AXIS2_PLACEMENT_3D ( 'NONE', #2543, #2954, #637 ) ;
#591 = FILL_AREA_STYLE_COLOUR ( '', #2598 ) ;
#592 = STYLED_ITEM ( 'NONE', ( #3424 ), #2084 ) ;
#593 = FACE_OUTER_BOUND ( 'NONE', #4916, .T. ) ;
#594 = SURFACE_STYLE_USAGE ( .BOTH. , #2050 ) ;
#595 = PRESENTATION_LAYER_ASSIGNMENT (  '', '', ( #1396 ) ) ;
#596 = SURFACE_STYLE_FILL_AREA ( #1751 ) ;
#597 = LINE ( 'NONE', #3729, #1023 ) ;
#598 = ORIENTED_EDGE ( 'NONE', *, *, #4170, .T. ) ;
#599 =( LENGTH_UNIT ( ) NAMED_UNIT ( * ) SI_UNIT ( .MILLI., .METRE. ) );
#600 = DIRECTION ( 'NONE',  ( 1.779203565104420086E-16, 1.000000000000000000, 0.000000000000000000 ) ) ;
#601 = AXIS2_PLACEMENT_3D ( 'NONE', #553, #1285, #2054 ) ;
#602 = ORIENTED_EDGE ( 'NONE', *, *, #1847, .T. ) ;
#603 = CARTESIAN_POINT ( 'NONE',  ( -0.7917157287525370402, -0.3999999999999989675, 0.6969289321881344534 ) ) ;
#604 = LINE ( 'NONE', #4375, #335 ) ;
#605 = FILL_AREA_STYLE ('',( #4043 ) ) ;
#606 = ORIENTED_EDGE ( 'NONE', *, *, #4395, .F. ) ;
#607 = MECHANICAL_DESIGN_GEOMETRIC_PRESENTATION_REPRESENTATION (  '', ( #4056 ), #1637 ) ;
#608 = DIRECTION ( 'NONE',  ( -1.000000000000000000, -0.000000000000000000, -0.000000000000000000 ) ) ;
#609 =( NAMED_UNIT ( * ) PLANE_ANGLE_UNIT ( ) SI_UNIT ( $, .RADIAN. ) );
#610 = PRESENTATION_LAYER_ASSIGNMENT (  '', '', ( #2765 ) ) ;
#611 = EDGE_CURVE ( 'NONE', #2790, #3681, #4514, .T. ) ;
#612 = CYLINDRICAL_SURFACE ( 'NONE', #3414, 0.005000000000000066891 ) ;
#613 = EDGE_LOOP ( 'NONE', ( #423, #88, #4091, #2985, #1059, #431 ) ) ;
#614 = ADVANCED_FACE ( 'NONE', ( #2618 ), #1860, .T. ) ;
#615 = LINE ( 'NONE', #227, #4407 ) ;
#616 = VECTOR ( 'NONE', #3283, 1000.000000000000000 ) ;
#617 = DIRECTION ( 'NONE',  ( -0.000000000000000000, -0.000000000000000000, -1.000000000000000000 ) ) ;
#618 = AXIS2_PLACEMENT_3D ( 'NONE', #3349, #1078, #4131 ) ;
#619 =( GEOMETRIC_REPRESENTATION_CONTEXT ( 3 ) GLOBAL_UNCERTAINTY_ASSIGNED_CONTEXT ( ( #836 ) ) GLOBAL_UNIT_ASSIGNED_CONTEXT ( ( #4878, #367, #1785 ) ) REPRESENTATION_CONTEXT ( 'NONE', 'WORKASPACE' ) );
#620 = COLOUR_RGB ( '',0.7490196078431372584, 0.7490196078431372584, 0.7490196078431372584 ) ;
#621 = PLANE ( 'NONE',  #2777 ) ;
#622 = PRESENTATION_LAYER_ASSIGNMENT (  '', '', ( #4945 ) ) ;
#623 = CARTESIAN_POINT ( 'NONE',  ( -0.8000000000000001554, -0.1499999999999999667, 0.004999999999999989696 ) ) ;
#624 = ORIENTED_EDGE ( 'NONE', *, *, #2339, .T. ) ;
#625 = SURFACE_STYLE_FILL_AREA ( #3608 ) ;
#626 = FILL_AREA_STYLE_COLOUR ( '', #1857 ) ;
#627 = AXIS2_PLACEMENT_3D ( 'NONE', #995, #4768, #2865 ) ;
#628 = MECHANICAL_DESIGN_GEOMETRIC_PRESENTATION_REPRESENTATION (  '', ( #1873 ), #215 ) ;
#629 = DIRECTION ( 'NONE',  ( -1.000000000000000000, -8.896017825522090571E-17, 0.000000000000000000 ) ) ;
#630 = CARTESIAN_POINT ( 'NONE',  ( -0.8000000000000001554, 0.1499999999999999667, 0.6940000000000001723 ) ) ;
#631 = EDGE_LOOP ( 'NONE', ( #4450, #4069, #823, #4535 ) ) ;
#632 = DIRECTION ( 'NONE',  ( 1.000000000000000000, 0.000000000000000000, 0.000000000000000000 ) ) ;
#633 = SURFACE_SIDE_STYLE ('',( #4067 ) ) ;
#634 = PRODUCT_DEFINITION_SHAPE ( 'NONE', 'NONE',  #228 ) ;
#635 = EDGE_LOOP ( 'NONE', ( #3071, #4706, #2577, #2122 ) ) ;
#636 = SURFACE_SIDE_STYLE ('',( #3190 ) ) ;
#637 = DIRECTION ( 'NONE',  ( 0.000000000000000000, -1.000000000000000000, 0.000000000000000000 ) ) ;
#638 =( NAMED_UNIT ( * ) PLANE_ANGLE_UNIT ( ) SI_UNIT ( $, .RADIAN. ) );
#639 = ORIENTED_EDGE ( 'NONE', *, *, #117, .F. ) ;
#640 = UNCERTAINTY_MEASURE_WITH_UNIT (LENGTH_MEASURE( 1.000000000000000082E-05 ), #4315, 'distance_accuracy_value', 'NONE');
#641 = PRESENTATION_STYLE_ASSIGNMENT (( #4079 ) ) ;
#642 = EDGE_CURVE ( 'NONE', #2111, #4550, #2695, .T. ) ;
#643 = CLOSED_SHELL ( 'NONE', ( #1970, #4597, #4719, #4302, #4172, #552, #461, #2379, #2209, #3992 ) ) ;
#644 = CARTESIAN_POINT ( 'NONE',  ( 0.7999999999999991562, 0.3799999999999988387, 0.003071067811865685164 ) ) ;
#645 =( LENGTH_UNIT ( ) NAMED_UNIT ( * ) SI_UNIT ( .MILLI., .METRE. ) );
#646 =( NAMED_UNIT ( * ) SI_UNIT ( $, .STERADIAN. ) SOLID_ANGLE_UNIT ( ) );
#647 = ORIENTED_EDGE ( 'NONE', *, *, #257, .F. ) ;
#648 =( NAMED_UNIT ( * ) SI_UNIT ( $, .STERADIAN. ) SOLID_ANGLE_UNIT ( ) );
#649 = EDGE_CURVE ( 'NONE', #1132, #1733, #164, .T. ) ;
#650 =( LENGTH_UNIT ( ) NAMED_UNIT ( * ) SI_UNIT ( .MILLI., .METRE. ) );
#651 = DIRECTION ( 'NONE',  ( 1.000000000000000000, 0.000000000000000000, -0.000000000000000000 ) ) ;
#652 = DIRECTION ( 'NONE',  ( 1.000000000000000000, 0.000000000000000000, -0.000000000000000000 ) ) ;
#653 = VERTEX_POINT ( 'NONE', #4210 ) ;
#654 = FILL_AREA_STYLE ('',( #1039 ) ) ;
#655 = COLOUR_RGB ( '',0.7490196078431372584, 0.7490196078431372584, 0.7490196078431372584 ) ;
#656 = SURFACE_STYLE_USAGE ( .BOTH. , #2539 ) ;
#657 = DIRECTION ( 'NONE',  ( 0.000000000000000000, 0.000000000000000000, 1.000000000000000000 ) ) ;
#658 = ORIENTED_EDGE ( 'NONE', *, *, #1292, .T. ) ;
#659 = VECTOR ( 'NONE', #1893, 1000.000000000000000 ) ;
#660 = DIRECTION ( 'NONE',  ( 0.000000000000000000, 0.000000000000000000, 1.000000000000000000 ) ) ;
#661 = VERTEX_POINT ( 'NONE', #4243 ) ;
#662 =( NAMED_UNIT ( * ) PLANE_ANGLE_UNIT ( ) SI_UNIT ( $, .RADIAN. ) );
#663 = DIRECTION ( 'NONE',  ( 1.000000000000000000, 0.000000000000000000, -0.000000000000000000 ) ) ;
#664 = ORIENTED_EDGE ( 'NONE', *, *, #2549, .T. ) ;
#665 = PRESENTATION_LAYER_ASSIGNMENT (  '', '', ( #1075 ) ) ;
#666 =( GEOMETRIC_REPRESENTATION_CONTEXT ( 3 ) GLOBAL_UNCERTAINTY_ASSIGNED_CONTEXT ( ( #2659 ) ) GLOBAL_UNIT_ASSIGNED_CONTEXT ( ( #2412, #569, #139 ) ) REPRESENTATION_CONTEXT ( 'NONE', 'WORKASPACE' ) );
#667 = FILL_AREA_STYLE_COLOUR ( '', #2451 ) ;
#668 = ADVANCED_FACE ( 'NONE', ( #4635 ), #1211, .T. ) ;
#669 = FACE_OUTER_BOUND ( 'NONE', #112, .T. ) ;
#670 =( NAMED_UNIT ( * ) SI_UNIT ( $, .STERADIAN. ) SOLID_ANGLE_UNIT ( ) );
#671 = ORIENTED_EDGE ( 'NONE', *, *, #2652, .T. ) ;
#672 = PRESENTATION_STYLE_ASSIGNMENT (( #1034 ) ) ;
#673 = CIRCLE ( 'NONE', #1316, 0.005000000000000013115 ) ;
#674 = VECTOR ( 'NONE', #2233, 1000.000000000000000 ) ;
#675 = FACE_OUTER_BOUND ( 'NONE', #3730, .T. ) ;
#676 = ADVANCED_FACE ( 'NONE', ( #3067 ), #2666, .T. ) ;
#677 = VERTEX_POINT ( 'NONE', #2818 ) ;
#678 = CIRCLE ( 'NONE', #767, 0.005000000000000066891 ) ;
#679 = EDGE_CURVE ( 'NONE', #2572, #2514, #4367, .T. ) ;
#680 = FILL_AREA_STYLE ('',( #1737 ) ) ;
#681 =( NAMED_UNIT ( * ) SI_UNIT ( $, .STERADIAN. ) SOLID_ANGLE_UNIT ( ) );
#682 = AXIS2_PLACEMENT_3D ( 'NONE', #393, #3872, #422 ) ;
#683 = SURFACE_STYLE_FILL_AREA ( #1012 ) ;
#684 = VERTEX_POINT ( 'NONE', #4657 ) ;
#685 = PRESENTATION_STYLE_ASSIGNMENT (( #1814 ) ) ;
#686 = MECHANICAL_DESIGN_GEOMETRIC_PRESENTATION_REPRESENTATION (  '', ( #4456 ), #4209 ) ;
#687 = FACE_OUTER_BOUND ( 'NONE', #2207, .T. ) ;
#688 = DIRECTION ( 'NONE',  ( 0.000000000000000000, 0.000000000000000000, 1.000000000000000000 ) ) ;
#689 = CIRCLE ( 'NONE', #2503, 0.005000000000000013115 ) ;
#690 = SURFACE_SIDE_STYLE ('',( #4497 ) ) ;
#691 = VERTEX_POINT ( 'NONE', #1639 ) ;
#692 = CARTESIAN_POINT ( 'NONE',  ( 0.7999999999999991562, 0.3799999999999988387, 0.6969289321881343424 ) ) ;
#693 =( GEOMETRIC_REPRESENTATION_CONTEXT ( 3 ) GLOBAL_UNCERTAINTY_ASSIGNED_CONTEXT ( ( #3879 ) ) GLOBAL_UNIT_ASSIGNED_CONTEXT ( ( #307, #4524, #16 ) ) REPRESENTATION_CONTEXT ( 'NONE', 'WORKASPACE' ) );
#694 = LINE ( 'NONE', #2241, #1567 ) ;
#695 = VERTEX_POINT ( 'NONE', #2069 ) ;
#696 = PRESENTATION_LAYER_ASSIGNMENT (  '', '', ( #2439 ) ) ;
#697 = CARTESIAN_POINT ( 'NONE',  ( 2.081668171172168760E-16, -0.2999999999999988787, 0.000000000000000000 ) ) ;
#698 = CARTESIAN_POINT ( 'NONE',  ( -0.7950000000000001510, 0.07499999999999998335, 0.6999999999999988454 ) ) ;
#699 = DIRECTION ( 'NONE',  ( 1.000000000000000000, 0.000000000000000000, -0.000000000000000000 ) ) ;
#700 = LINE ( 'NONE', #4030, #3144 ) ;
#701 = DIRECTION ( 'NONE',  ( 0.000000000000000000, 0.000000000000000000, 1.000000000000000000 ) ) ;
#702 = VERTEX_POINT ( 'NONE', #96 ) ;
#703 = AXIS2_PLACEMENT_3D ( 'NONE', #3705, #1756, #2126 ) ;
#704 =( NAMED_UNIT ( * ) SI_UNIT ( $, .STERADIAN. ) SOLID_ANGLE_UNIT ( ) );
#705 = CIRCLE ( 'NONE', #4770, 0.004999999999999990563 ) ;
#706 =( LENGTH_UNIT ( ) NAMED_UNIT ( * ) SI_UNIT ( .MILLI., .METRE. ) );
#707 = DIRECTION ( 'NONE',  ( 1.000000000000000000, 0.000000000000000000, -0.000000000000000000 ) ) ;
#708 = MECHANICAL_DESIGN_GEOMETRIC_PRESENTATION_REPRESENTATION (  '', ( #3666 ), #3831 ) ;
#709 = VERTEX_POINT ( 'NONE', #2000 ) ;
#710 = AXIS2_PLACEMENT_3D ( 'NONE', #1137, #2645, #4614 ) ;
#711 = PRESENTATION_STYLE_ASSIGNMENT (( #4286 ) ) ;
#712 = ORIENTED_EDGE ( 'NONE', *, *, #1815, .F. ) ;
#713 = CARTESIAN_POINT ( 'NONE',  ( -0.7905025253169409849, 0.3979289321881337438, 0.6989999999999999547 ) ) ;
#714 = ADVANCED_FACE ( 'NONE', ( #3153 ), #4323, .F. ) ;
#715 = VECTOR ( 'NONE', #3302, 1000.000000000000000 ) ;
#716 = CARTESIAN_POINT ( 'NONE',  ( 0.7799999999999992495, -0.3999999999999989675, 0.006000000000000002727 ) ) ;
#717 = CARTESIAN_POINT ( 'NONE',  ( -0.6050000000000006484, 0.1499999999999999667, 0.000000000000000000 ) ) ;
#718 = ORIENTED_EDGE ( 'NONE', *, *, #902, .F. ) ;
#719 = CARTESIAN_POINT ( 'NONE',  ( 0.6000000000000005329, -0.1449999999999998790, 0.000000000000000000 ) ) ;
#720 = MANIFOLD_SOLID_BREP ( 'Imported1', #4090 ) ;
#721 = SURFACE_STYLE_FILL_AREA ( #2906 ) ;
#722 = VERTEX_POINT ( 'NONE', #2168 ) ;
#723 = PRODUCT_DEFINITION_SHAPE ( 'NONE', 'NONE',  #4959 ) ;
#724 = CARTESIAN_POINT ( 'NONE',  ( -0.7799999999999989164, 0.3999999999999990230, 0.003071067811865685164 ) ) ;
#725 = ORIENTED_EDGE ( 'NONE', *, *, #1995, .F. ) ;
#726 = CARTESIAN_POINT ( 'NONE',  ( 1.387778780781446415E-16, -0.3949999999999998512, 0.001000000000000000454 ) ) ;
#727 = FILL_AREA_STYLE_COLOUR ( '', #2901 ) ;
#728 = FILL_AREA_STYLE ('',( #337 ) ) ;
#729 = EDGE_LOOP ( 'NONE', ( #242, #859, #3277, #2494 ) ) ;
#730 = SURFACE_SIDE_STYLE ('',( #2586 ) ) ;
#731 = UNCERTAINTY_MEASURE_WITH_UNIT (LENGTH_MEASURE( 1.000000000000000082E-05 ), #1820, 'distance_accuracy_value', 'NONE');
#732 = SURFACE_STYLE_USAGE ( .BOTH. , #4267 ) ;
#733 = EDGE_LOOP ( 'NONE', ( #3471, #1064, #1337, #4094 ) ) ;
#734 = SURFACE_STYLE_FILL_AREA ( #4164 ) ;
#735 = CIRCLE ( 'NONE', #1440, 0.005000000000000013115 ) ;
#736 = CARTESIAN_POINT ( 'NONE',  ( 0.7949999999999994849, -0.3887867965644025703, 0.001000000000000013248 ) ) ;
#737 = CARTESIAN_POINT ( 'NONE',  ( -0.3499999999999995892, -0.3949999999999998512, 0.6999999999999990674 ) ) ;
#738 = ORIENTED_EDGE ( 'NONE', *, *, #1903, .T. ) ;
#739 = STYLED_ITEM ( 'NONE', ( #4931 ), #520 ) ;
#740 = EDGE_CURVE ( 'NONE', #1132, #2550, #1257, .T. ) ;
#741 = LINE ( 'NONE', #3073, #2036 ) ;
#742 = DIRECTION ( 'NONE',  ( 0.000000000000000000, 0.000000000000000000, 1.000000000000000000 ) ) ;
#743 = ORIENTED_EDGE ( 'NONE', *, *, #4018, .T. ) ;
#744 = DIRECTION ( 'NONE',  ( -0.000000000000000000, -0.000000000000000000, -1.000000000000000000 ) ) ;
#745 = EDGE_CURVE ( 'NONE', #522, #3402, #700, .T. ) ;
#746 = SURFACE_STYLE_FILL_AREA ( #2161 ) ;
#747 = ADVANCED_FACE ( 'NONE', ( #669 ), #3759, .T. ) ;
#748 = FACE_OUTER_BOUND ( 'NONE', #1721, .T. ) ;
#749 = SURFACE_STYLE_USAGE ( .BOTH. , #1941 ) ;
#750 = VERTEX_POINT ( 'NONE', #1441 ) ;
#751 = CARTESIAN_POINT ( 'NONE',  ( 0.8000000000000002665, 0.1499999999999999667, 0.000000000000000000 ) ) ;
#752 = CARTESIAN_POINT ( 'NONE',  ( 0.3499999999999994227, 0.2050000000000001543, 0.6990000000000005098 ) ) ;
#753 = COLOUR_RGB ( '',1.000000000000000000, 1.000000000000000000, 1.000000000000000000 ) ;
#754 = DIRECTION ( 'NONE',  ( 0.000000000000000000, 0.000000000000000000, 1.000000000000000000 ) ) ;
#755 = MECHANICAL_DESIGN_GEOMETRIC_PRESENTATION_REPRESENTATION (  '', ( #4433 ), #991 ) ;
#756 = STYLED_ITEM ( 'NONE', ( #4292 ), #714 ) ;
#757 = CIRCLE ( 'NONE', #3630, 0.005000000000000013115 ) ;
#758 = STYLED_ITEM ( 'NONE', ( #2766 ), #809 ) ;
#759 =( NAMED_UNIT ( * ) SI_UNIT ( $, .STERADIAN. ) SOLID_ANGLE_UNIT ( ) );
#760 = DIRECTION ( 'NONE',  ( -1.000000000000000000, 1.734723475976809806E-16, 0.000000000000000000 ) ) ;
#761 = PRESENTATION_LAYER_ASSIGNMENT (  '', '', ( #2086 ) ) ;
#762 = CARTESIAN_POINT ( 'NONE',  ( 0.7949999999999994849, -0.3799999999999988387, 0.001000000000000013248 ) ) ;
#763 = LINE ( 'NONE', #4186, #2392 ) ;
#764 = ORIENTED_EDGE ( 'NONE', *, *, #1816, .F. ) ;
#765 = PRESENTATION_STYLE_ASSIGNMENT (( #453 ) ) ;
#766 = CARTESIAN_POINT ( 'NONE',  ( 0.3499999999999995892, 0.4000000000000001332, 0.000000000000000000 ) ) ;
#767 = AXIS2_PLACEMENT_3D ( 'NONE', #3533, #971, #949 ) ;
#768 = UNCERTAINTY_MEASURE_WITH_UNIT (LENGTH_MEASURE( 1.000000000000000082E-05 ), #4146, 'distance_accuracy_value', 'NONE');
#769 = VERTEX_POINT ( 'NONE', #623 ) ;
#770 = PRESENTATION_LAYER_ASSIGNMENT (  '', '', ( #3978 ) ) ;
#771 = CARTESIAN_POINT ( 'NONE',  ( -0.7950000000000000400, 0.1499999999999999944, 0.000000000000000000 ) ) ;
#772 = COLOUR_RGB ( '',0.7490196078431372584, 0.7490196078431372584, 0.7490196078431372584 ) ;
#773 = ADVANCED_FACE ( 'NONE', ( #3350 ), #4328, .T. ) ;
#774 = FILL_AREA_STYLE_COLOUR ( '', #2748 ) ;
#775 = ORIENTED_EDGE ( 'NONE', *, *, #3329, .F. ) ;
#776 = LINE ( 'NONE', #3038, #1092 ) ;
#777 = VECTOR ( 'NONE', #3556, 1000.000000000000000 ) ;
#778 =( LENGTH_UNIT ( ) NAMED_UNIT ( * ) SI_UNIT ( .MILLI., .METRE. ) );
#779 = CARTESIAN_POINT ( 'NONE',  ( -0.3449999999999991962, -0.2050000000000001543, 0.000000000000000000 ) ) ;
#780 = PRESENTATION_STYLE_ASSIGNMENT (( #3042 ) ) ;
#781 = MECHANICAL_DESIGN_GEOMETRIC_PRESENTATION_REPRESENTATION (  '', ( #132 ), #4948 ) ;
#782 = VECTOR ( 'NONE', #2360, 1000.000000000000000 ) ;
#783 = FILL_AREA_STYLE ('',( #413 ) ) ;
#784 = LINE ( 'NONE', #2287, #378 ) ;
#785 = DIRECTION ( 'NONE',  ( 0.000000000000000000, 0.000000000000000000, -1.000000000000000000 ) ) ;
#786 = AXIS2_PLACEMENT_3D ( 'NONE', #3610, #1377, #3297 ) ;
#787 = VECTOR ( 'NONE', #3002, 1000.000000000000000 ) ;
#788 =( NAMED_UNIT ( * ) PLANE_ANGLE_UNIT ( ) SI_UNIT ( $, .RADIAN. ) );
#789 = FACE_OUTER_BOUND ( 'NONE', #3100, .T. ) ;
#790 = ORIENTED_EDGE ( 'NONE', *, *, #2788, .F. ) ;
#791 = DIRECTION ( 'NONE',  ( 1.000000000000000000, 0.000000000000000000, 0.000000000000000000 ) ) ;
#792 = STYLED_ITEM ( 'NONE', ( #2305 ), #4560 ) ;
#793 = SURFACE_SIDE_STYLE ('',( #3876 ) ) ;
#794 = CIRCLE ( 'NONE', #3341, 0.005000000000000013115 ) ;
#795 = CARTESIAN_POINT ( 'NONE',  ( -0.6050000000000006484, 0.1449999999999998790, 0.6999999999999991784 ) ) ;
#796 = ORIENTED_EDGE ( 'NONE', *, *, #1560, .F. ) ;
#797 = ITEM_DEFINED_TRANSFORMATION ( 'NONE', 'NONE', #3263,  #302 ) ;
#798 = FILL_AREA_STYLE ('',( #2678 ) ) ;
#799 = ORIENTED_EDGE ( 'NONE', *, *, #3740, .T. ) ;
#800 = LINE ( 'NONE', #2300, #271 ) ;
#801 = UNCERTAINTY_MEASURE_WITH_UNIT (LENGTH_MEASURE( 1.000000000000000082E-05 ), #1394, 'distance_accuracy_value', 'NONE');
#802 = FILL_AREA_STYLE ('',( #4927 ) ) ;
#803 = ADVANCED_FACE ( 'NONE', ( #4929 ), #1540, .F. ) ;
#804 = ADVANCED_FACE ( 'NONE', ( #1177 ), #4528, .T. ) ;
#805 =( NAMED_UNIT ( * ) PLANE_ANGLE_UNIT ( ) SI_UNIT ( $, .RADIAN. ) );
#806 = CARTESIAN_POINT ( 'NONE',  ( 0.8000000000000001554, 0.1499999999999999667, 0.6940000000000001723 ) ) ;
#807 = CARTESIAN_POINT ( 'NONE',  ( -0.6050000000000006484, 0.1499999999999999389, 0.6990000000000005098 ) ) ;
#808 = EDGE_CURVE ( 'NONE', #1304, #903, #2008, .T. ) ;
#809 = ADVANCED_FACE ( 'NONE', ( #2374 ), #1901, .T. ) ;
#810 =( LENGTH_UNIT ( ) NAMED_UNIT ( * ) SI_UNIT ( .MILLI., .METRE. ) );
#811 = SURFACE_STYLE_USAGE ( .BOTH. , #3899 ) ;
#812 = DIRECTION ( 'NONE',  ( -1.000000000000000000, -8.896017825522090571E-17, 0.000000000000000000 ) ) ;
#813 = COLOUR_RGB ( '',1.000000000000000000, 1.000000000000000000, 1.000000000000000000 ) ;
#814 = CARTESIAN_POINT ( 'NONE',  ( 0.7999999999999990452, -0.3799999999999988387, 0.006000000000000002727 ) ) ;
#815 = FILL_AREA_STYLE_COLOUR ( '', #820 ) ;
#816 = ORIENTED_EDGE ( 'NONE', *, *, #1374, .F. ) ;
#817 = VECTOR ( 'NONE', #2180, 1000.000000000000000 ) ;
#818 = PRESENTATION_STYLE_ASSIGNMENT (( #1600 ) ) ;
#819 = UNCERTAINTY_MEASURE_WITH_UNIT (LENGTH_MEASURE( 1.000000000000000082E-05 ), #4658, 'distance_accuracy_value', 'NONE');
#820 = COLOUR_RGB ( '',1.000000000000000000, 1.000000000000000000, 1.000000000000000000 ) ;
#821 = MANIFOLD_SOLID_BREP ( 'Imported1', #2878 ) ;
#822 =( LENGTH_UNIT ( ) NAMED_UNIT ( * ) SI_UNIT ( .MILLI., .METRE. ) );
#823 = ORIENTED_EDGE ( 'NONE', *, *, #1729, .F. ) ;
#824 = APPLICATION_PROTOCOL_DEFINITION ( 'draft international standard', 'automotive_design', 1998, #1998 ) ;
#825 = DIRECTION ( 'NONE',  ( 1.000000000000000000, 0.000000000000000000, 0.000000000000000000 ) ) ;
#826 = CARTESIAN_POINT ( 'NONE',  ( 0.3499999999999995892, -0.4000000000000001332, 0.000000000000000000 ) ) ;
#827 = COLOUR_RGB ( '',1.000000000000000000, 1.000000000000000000, 1.000000000000000000 ) ;
#828 = CARTESIAN_POINT ( 'NONE',  ( 0.3499999999999995892, 0.3949999999999998512, 0.000000000000000000 ) ) ;
#829 = VERTEX_POINT ( 'NONE', #1947 ) ;
#830 = DIRECTION ( 'NONE',  ( 0.000000000000000000, 0.000000000000000000, 1.000000000000000000 ) ) ;
#831 = PRESENTATION_STYLE_ASSIGNMENT (( #408 ) ) ;
#832 = FILL_AREA_STYLE_COLOUR ( '', #4189 ) ;
#833 =( NAMED_UNIT ( * ) PLANE_ANGLE_UNIT ( ) SI_UNIT ( $, .RADIAN. ) );
#834 = FILL_AREA_STYLE ('',( #1881 ) ) ;
#835 = DIRECTION ( 'NONE',  ( -1.000000000000000000, -8.896017825522090571E-17, 0.000000000000000000 ) ) ;
#836 = UNCERTAINTY_MEASURE_WITH_UNIT (LENGTH_MEASURE( 1.000000000000000082E-05 ), #4878, 'distance_accuracy_value', 'NONE');
#837 = PRESENTATION_STYLE_ASSIGNMENT (( #732 ) ) ;
#838 = CARTESIAN_POINT ( 'NONE',  ( -0.3899999999999995692, -0.3949999999999998512, 0.006000000000000002727 ) ) ;
#839 = VECTOR ( 'NONE', #3487, 1000.000000000000000 ) ;
#840 = COLOUR_RGB ( '',1.000000000000000000, 1.000000000000000000, 1.000000000000000000 ) ;
#841 = CARTESIAN_POINT ( 'NONE',  ( -0.3499999999999996447, 0.3949999999999997957, 0.6949999999999988409 ) ) ;
#842 = EDGE_CURVE ( 'NONE', #2051, #291, #4034, .T. ) ;
#843 = EDGE_CURVE ( 'NONE', #691, #1403, #1775, .T. ) ;
#844 = DIRECTION ( 'NONE',  ( 0.000000000000000000, -1.000000000000000000, 0.000000000000000000 ) ) ;
#845 = ORIENTED_EDGE ( 'NONE', *, *, #1411, .F. ) ;
#846 = STYLED_ITEM ( 'NONE', ( #1504 ), #934 ) ;
#847 = CARTESIAN_POINT ( 'NONE',  ( -0.3499999999999995892, 0.1499999999999999667, 0.6999999999999991784 ) ) ;
#848 = LINE ( 'NONE', #3933, #1233 ) ;
#849 = UNCERTAINTY_MEASURE_WITH_UNIT (LENGTH_MEASURE( 1.000000000000000082E-05 ), #1279, 'distance_accuracy_value', 'NONE');
#850 = CIRCLE ( 'NONE', #1465, 0.005000000000000013115 ) ;
#851 = CARTESIAN_POINT ( 'NONE',  ( -0.1999999999999998446, 0.000000000000000000, 0.6990000000000005098 ) ) ;
#852 = ORIENTED_EDGE ( 'NONE', *, *, #1750, .F. ) ;
#853 = APPLICATION_PROTOCOL_DEFINITION ( 'draft international standard', 'automotive_design', 1998, #4431 ) ;
#854 = DIRECTION ( 'NONE',  ( 0.000000000000000000, -1.000000000000000000, 0.000000000000000000 ) ) ;
#855 =( GEOMETRIC_REPRESENTATION_CONTEXT ( 3 ) GLOBAL_UNCERTAINTY_ASSIGNED_CONTEXT ( ( #3980 ) ) GLOBAL_UNIT_ASSIGNED_CONTEXT ( ( #3187, #3979, #1812 ) ) REPRESENTATION_CONTEXT ( 'NONE', 'WORKASPACE' ) );
#856 = CARTESIAN_POINT ( 'NONE',  ( -0.7799999999999990274, -0.3949999999999993516, 0.001000000000000013248 ) ) ;
#857 = PRESENTATION_LAYER_ASSIGNMENT (  '', '', ( #1631 ) ) ;
#858 = CARTESIAN_POINT ( 'NONE',  ( -0.7799999999999991385, -0.3949999999999997402, 0.001000000000000006960 ) ) ;
#859 = ORIENTED_EDGE ( 'NONE', *, *, #4740, .F. ) ;
#860 = CARTESIAN_POINT ( 'NONE',  ( 0.6050000000000006484, 0.1449999999999998790, 0.6999999999999991784 ) ) ;
#861 = LINE ( 'NONE', #1204, #2032 ) ;
#862 = CARTESIAN_POINT ( 'NONE',  ( 6.938893903907219749E-17, 0.2999999999999988787, 0.000000000000000000 ) ) ;
#863 =( GEOMETRIC_REPRESENTATION_CONTEXT ( 3 ) GLOBAL_UNCERTAINTY_ASSIGNED_CONTEXT ( ( #1601 ) ) GLOBAL_UNIT_ASSIGNED_CONTEXT ( ( #4262, #833, #3113 ) ) REPRESENTATION_CONTEXT ( 'NONE', 'WORKASPACE' ) );
#864 = SURFACE_STYLE_USAGE ( .BOTH. , #3119 ) ;
#865 = CARTESIAN_POINT ( 'NONE',  ( 0.6999999999999991784, 0.000000000000000000, 0.000000000000000000 ) ) ;
#866 = DIRECTION ( 'NONE',  ( 0.000000000000000000, 0.000000000000000000, 1.000000000000000000 ) ) ;
#867 = FACE_OUTER_BOUND ( 'NONE', #4224, .T. ) ;
#868 = STYLED_ITEM ( 'NONE', ( #973 ), #3212 ) ;
#869 = CARTESIAN_POINT ( 'NONE',  ( -0.3449999999999991962, 0.2000000000000000944, 0.001000000000000000454 ) ) ;
#870 = CARTESIAN_POINT ( 'NONE',  ( 0.7999999999999991562, 0.3917157287525369624, 0.006000000000000003594 ) ) ;
#871 =( GEOMETRIC_REPRESENTATION_CONTEXT ( 3 ) GLOBAL_UNCERTAINTY_ASSIGNED_CONTEXT ( ( #319 ) ) GLOBAL_UNIT_ASSIGNED_CONTEXT ( ( #3363, #638, #4919 ) ) REPRESENTATION_CONTEXT ( 'NONE', 'WORKASPACE' ) );
#872 = ORIENTED_EDGE ( 'NONE', *, *, #1610, .F. ) ;
#873 =( GEOMETRIC_REPRESENTATION_CONTEXT ( 3 ) GLOBAL_UNCERTAINTY_ASSIGNED_CONTEXT ( ( #967 ) ) GLOBAL_UNIT_ASSIGNED_CONTEXT ( ( #1828, #4508, #2988 ) ) REPRESENTATION_CONTEXT ( 'NONE', 'WORKASPACE' ) );
#874 =( NAMED_UNIT ( * ) PLANE_ANGLE_UNIT ( ) SI_UNIT ( $, .RADIAN. ) );
#875 = EDGE_CURVE ( 'NONE', #3524, #4470, #1973, .T. ) ;
#876 = CARTESIAN_POINT ( 'NONE',  ( -0.3449999999999991962, 0.2000000000000000944, 0.6999999999999991784 ) ) ;
#877 = PRESENTATION_LAYER_ASSIGNMENT (  '', '', ( #2849 ) ) ;
#878 = CIRCLE ( 'NONE', #1575, 0.005000000000000013115 ) ;
#879 = UNCERTAINTY_MEASURE_WITH_UNIT (LENGTH_MEASURE( 1.000000000000000082E-05 ), #3688, 'distance_accuracy_value', 'NONE');
#880 = SURFACE_STYLE_USAGE ( .BOTH. , #2758 ) ;
#881 = ORIENTED_EDGE ( 'NONE', *, *, #1115, .F. ) ;
#882 = MECHANICAL_DESIGN_GEOMETRIC_PRESENTATION_REPRESENTATION (  '', ( #1108 ), #137 ) ;
#883 = AXIS2_PLACEMENT_3D ( 'NONE', #3459, #1861, #3379 ) ;
#884 = EDGE_CURVE ( 'NONE', #769, #3308, #4593, .T. ) ;
#885 = LINE ( 'NONE', #826, #3004 ) ;
#886 = CIRCLE ( 'NONE', #4545, 0.005000000000000013115 ) ;
#887 = DIRECTION ( 'NONE',  ( 1.000000000000000000, 0.000000000000000000, 0.000000000000000000 ) ) ;
#888 = ORIENTED_EDGE ( 'NONE', *, *, #266, .T. ) ;
#889 = CARTESIAN_POINT ( 'NONE',  ( -0.3499999999999995892, -0.1499999999999999667, 0.6990000000000005098 ) ) ;
#890 = DIRECTION ( 'NONE',  ( 0.000000000000000000, 0.000000000000000000, 1.000000000000000000 ) ) ;
#891 = PRODUCT_DEFINITION_FORMATION_WITH_SPECIFIED_SOURCE ( 'ANY', '', #1083, .NOT_KNOWN. ) ;
#892 = SURFACE_STYLE_FILL_AREA ( #3967 ) ;
#893 = CYLINDRICAL_SURFACE ( 'NONE', #1871, 0.005000000000000013115 ) ;
#894 = SURFACE_STYLE_FILL_AREA ( #1952 ) ;
#895 =( LENGTH_UNIT ( ) NAMED_UNIT ( * ) SI_UNIT ( .MILLI., .METRE. ) );
#896 = ORIENTED_EDGE ( 'NONE', *, *, #551, .F. ) ;
#897 = FILL_AREA_STYLE ('',( #2482 ) ) ;
#898 =( NAMED_UNIT ( * ) PLANE_ANGLE_UNIT ( ) SI_UNIT ( $, .RADIAN. ) );
#899 = VERTEX_POINT ( 'NONE', #2432 ) ;
#900 = CARTESIAN_POINT ( 'NONE',  ( 0.3449999999999991962, 0.2050000000000001543, 0.000000000000000000 ) ) ;
#901 = FILL_AREA_STYLE_COLOUR ( '', #2646 ) ;
#902 = EDGE_CURVE ( 'NONE', #77, #3766, #4454, .T. ) ;
#903 = VERTEX_POINT ( 'NONE', #3173 ) ;
#904 = COLOUR_RGB ( '',0.2862745098039215508, 0.2862745098039215508, 0.2862745098039215508 ) ;
#905 = SURFACE_STYLE_USAGE ( .BOTH. , #3079 ) ;
#906 = CARTESIAN_POINT ( 'NONE',  ( -0.8000000000000002665, -0.1499999999999999667, 0.000000000000000000 ) ) ;
#907 =( BOUNDED_CURVE ( )  B_SPLINE_CURVE ( 3, ( #2298, #4600, #1172, #858 ),
 .UNSPECIFIED., .F., .F. ) 
 B_SPLINE_CURVE_WITH_KNOTS ( ( 4, 4 ),
 ( 0.000000000000000000, 1.000000000000000000 ),
 .UNSPECIFIED. ) 
 CURVE ( )  GEOMETRIC_REPRESENTATION_ITEM ( )  RATIONAL_B_SPLINE_CURVE ( ( 1.000000000000000000, 0.8047378541243667138, 0.8047378541243667138, 1.000000000000000000 ) ) 
 REPRESENTATION_ITEM ( '' )  );
#908 = CARTESIAN_POINT ( 'NONE',  ( -0.3499999999999995892, -0.3949999999999998512, 0.6949999999999988409 ) ) ;
#909 = EDGE_CURVE ( 'NONE', #4253, #4005, #2977, .T. ) ;
#910 = ORIENTED_EDGE ( 'NONE', *, *, #958, .T. ) ;
#911 = EDGE_CURVE ( 'NONE', #1125, #4794, #443, .T. ) ;
#912 = CARTESIAN_POINT ( 'NONE',  ( -0.3499999999999995892, -0.4000000000000001332, 0.000000000000000000 ) ) ;
#913 = COLOUR_RGB ( '',1.000000000000000000, 1.000000000000000000, 1.000000000000000000 ) ;
#914 = LINE ( 'NONE', #2048, #1408 ) ;
#915 = FILL_AREA_STYLE ('',( #3626 ) ) ;
#916 = ORIENTED_EDGE ( 'NONE', *, *, #258, .T. ) ;
#917 = PRESENTATION_STYLE_ASSIGNMENT (( #2797 ) ) ;
#918 = CARTESIAN_POINT ( 'NONE',  ( 0.6000000000000003109, -0.1449999999999998790, 0.001000000000000000454 ) ) ;
#919 = PLANE ( 'NONE',  #1167 ) ;
#920 = ORIENTED_EDGE ( 'NONE', *, *, #4896, .T. ) ;
#921 = DIRECTION ( 'NONE',  ( 0.000000000000000000, -0.000000000000000000, 1.000000000000000000 ) ) ;
#922 = COLOUR_RGB ( '',0.7490196078431372584, 0.7490196078431372584, 0.7490196078431372584 ) ;
#923 = MECHANICAL_DESIGN_GEOMETRIC_PRESENTATION_REPRESENTATION (  '', ( #756 ), #666 ) ;
#924 = UNCERTAINTY_MEASURE_WITH_UNIT (LENGTH_MEASURE( 1.000000000000000082E-05 ), #1688, 'distance_accuracy_value', 'NONE');
#925 = ORIENTED_EDGE ( 'NONE', *, *, #4503, .F. ) ;
#926 = CARTESIAN_POINT ( 'NONE',  ( 0.8000000000000002665, -0.1499999999999999667, 0.000000000000000000 ) ) ;
#927 = CARTESIAN_POINT ( 'NONE',  ( -0.8000000000000002665, -0.1499999999999999667, 0.000000000000000000 ) ) ;
#928 = VECTOR ( 'NONE', #3868, 1000.000000000000000 ) ;
#929 = CARTESIAN_POINT ( 'NONE',  ( -0.3449999999999991962, -0.2000000000000000944, 0.000000000000000000 ) ) ;
#930 = EDGE_LOOP ( 'NONE', ( #4483, #790, #2321, #1037 ) ) ;
#931 = LINE ( 'NONE', #71, #2912 ) ;
#932 = DIRECTION ( 'NONE',  ( 0.000000000000000000, 0.000000000000000000, -1.000000000000000000 ) ) ;
#933 = CARTESIAN_POINT ( 'NONE',  ( 0.3499999999999995892, -0.3949999999999998512, 0.6990000000000005098 ) ) ;
#934 = ADVANCED_FACE ( 'NONE', ( #4284 ), #2017, .T. ) ;
#935 = EDGE_CURVE ( 'NONE', #982, #684, #3225, .T. ) ;
#936 = DIRECTION ( 'NONE',  ( 1.000000000000000000, 0.000000000000000000, 0.000000000000000000 ) ) ;
#937 = ORIENTED_EDGE ( 'NONE', *, *, #3532, .F. ) ;
#938 = FILL_AREA_STYLE ('',( #2438 ) ) ;
#939 =( GEOMETRIC_REPRESENTATION_CONTEXT ( 3 ) GLOBAL_UNCERTAINTY_ASSIGNED_CONTEXT ( ( #1312 ) ) GLOBAL_UNIT_ASSIGNED_CONTEXT ( ( #4360, #4338, #1923 ) ) REPRESENTATION_CONTEXT ( 'NONE', 'WORKASPACE' ) );
#940 =( NAMED_UNIT ( * ) SI_UNIT ( $, .STERADIAN. ) SOLID_ANGLE_UNIT ( ) );
#941 = DIRECTION ( 'NONE',  ( 7.116814260417670485E-16, 1.000000000000000000, 0.000000000000000000 ) ) ;
#942 = ORIENTED_EDGE ( 'NONE', *, *, #2989, .F. ) ;
#943 = VECTOR ( 'NONE', #540, 1000.000000000000000 ) ;
#944 = SURFACE_STYLE_USAGE ( .BOTH. , #1693 ) ;
#945 = DIRECTION ( 'NONE',  ( 1.000000000000000000, 0.000000000000000000, 0.000000000000000000 ) ) ;
#946 = ORIENTED_EDGE ( 'NONE', *, *, #842, .T. ) ;
#947 = CARTESIAN_POINT ( 'NONE',  ( 0.7944809940983941221, 0.3894809940983939289, 0.6990000000000005098 ) ) ;
#948 = MECHANICAL_DESIGN_GEOMETRIC_PRESENTATION_REPRESENTATION (  '', ( #3083 ), #455 ) ;
#949 = DIRECTION ( 'NONE',  ( 1.000000000000000000, 0.000000000000000000, 0.000000000000000000 ) ) ;
#950 = PRESENTATION_LAYER_ASSIGNMENT (  '', '', ( #3666 ) ) ;
#951 = ORIENTED_EDGE ( 'NONE', *, *, #984, .F. ) ;
#952 = FILL_AREA_STYLE ('',( #3265 ) ) ;
#953 = VECTOR ( 'NONE', #1593, 1000.000000000000000 ) ;
#954 = PRESENTATION_LAYER_ASSIGNMENT (  '', '', ( #1032 ) ) ;
#955 = SURFACE_SIDE_STYLE ('',( #1328 ) ) ;
#956 = STYLED_ITEM ( 'NONE', ( #3963 ), #4865 ) ;
#957 = EDGE_CURVE ( 'NONE', #4519, #4174, #1243, .T. ) ;
#958 = EDGE_CURVE ( 'NONE', #4942, #2870, #2134, .T. ) ;
#959 =( NAMED_UNIT ( * ) SI_UNIT ( $, .STERADIAN. ) SOLID_ANGLE_UNIT ( ) );
#960 = ORIENTED_EDGE ( 'NONE', *, *, #3461, .T. ) ;
#961 = DIRECTION ( 'NONE',  ( 1.000000000000000000, 0.000000000000000000, -0.000000000000000000 ) ) ;
#962 = CARTESIAN_POINT ( 'NONE',  ( -0.6050000000000006484, 0.1499999999999999667, 0.000000000000000000 ) ) ;
#963 = CARTESIAN_POINT ( 'NONE',  ( 0.3499999999999995337, -0.3949999999999998512, 0.6999999999999990674 ) ) ;
#964 = ADVANCED_FACE ( 'NONE', ( #4097 ), #3337, .T. ) ;
#965 = ORIENTED_EDGE ( 'NONE', *, *, #234, .T. ) ;
#966 = EDGE_CURVE ( 'NONE', #2096, #7, #4171, .T. ) ;
#967 = UNCERTAINTY_MEASURE_WITH_UNIT (LENGTH_MEASURE( 1.000000000000000082E-05 ), #1828, 'distance_accuracy_value', 'NONE');
#968 = VERTEX_POINT ( 'NONE', #300 ) ;
#969 = FACE_OUTER_BOUND ( 'NONE', #2510, .T. ) ;
#970 = CARTESIAN_POINT ( 'NONE',  ( -0.1749999999999997946, -0.3949999999999998512, 0.6949999999999988409 ) ) ;
#971 = DIRECTION ( 'NONE',  ( 0.000000000000000000, 0.000000000000000000, 1.000000000000000000 ) ) ;
#972 =( NAMED_UNIT ( * ) SI_UNIT ( $, .STERADIAN. ) SOLID_ANGLE_UNIT ( ) );
#973 = PRESENTATION_STYLE_ASSIGNMENT (( #2478 ) ) ;
#974 = STYLED_ITEM ( 'NONE', ( #4440 ), #148 ) ;
#975 = CARTESIAN_POINT ( 'NONE',  ( 0.7979289321881339880, 0.3799999999999988387, 0.001000000000000267168 ) ) ;
#976 = MECHANICAL_DESIGN_GEOMETRIC_PRESENTATION_REPRESENTATION (  '', ( #4649 ), #2398 ) ;
#977 = PRESENTATION_STYLE_ASSIGNMENT (( #1369 ) ) ;
#978 = ORIENTED_EDGE ( 'NONE', *, *, #3555, .F. ) ;
#979 = FACE_OUTER_BOUND ( 'NONE', #2221, .T. ) ;
#980 = FILL_AREA_STYLE_COLOUR ( '', #1156 ) ;
#981 = FILL_AREA_STYLE ('',( #3684 ) ) ;
#982 = VERTEX_POINT ( 'NONE', #2517 ) ;
#983 = EDGE_CURVE ( 'NONE', #4669, #141, #1817, .T. ) ;
#984 = EDGE_CURVE ( 'NONE', #3702, #3354, #1153, .T. ) ;
#985 = PLANE ( 'NONE',  #3229 ) ;
#986 = VERTEX_POINT ( 'NONE', #719 ) ;
#987 = PRESENTATION_LAYER_ASSIGNMENT (  '', '', ( #102 ) ) ;
#988 = CARTESIAN_POINT ( 'NONE',  ( 0.7949999999999998179, 0.3799999999999989497, 0.6990000000000002878 ) ) ;
#989 =( NAMED_UNIT ( * ) SI_UNIT ( $, .STERADIAN. ) SOLID_ANGLE_UNIT ( ) );
#990 = SURFACE_STYLE_USAGE ( .BOTH. , #2208 ) ;
#991 =( GEOMETRIC_REPRESENTATION_CONTEXT ( 3 ) GLOBAL_UNCERTAINTY_ASSIGNED_CONTEXT ( ( #457 ) ) GLOBAL_UNIT_ASSIGNED_CONTEXT ( ( #4637, #2697, #4244 ) ) REPRESENTATION_CONTEXT ( 'NONE', 'WORKASPACE' ) );
#992 = COLOUR_RGB ( '',1.000000000000000000, 1.000000000000000000, 1.000000000000000000 ) ;
#993 = DIRECTION ( 'NONE',  ( 1.000000000000000000, 0.000000000000000000, 0.000000000000000000 ) ) ;
#994 = ORIENTED_EDGE ( 'NONE', *, *, #4000, .F. ) ;
#995 = CARTESIAN_POINT ( 'NONE',  ( 0.7950000000000000400, -0.07499999999999998335, 0.6949999999999988409 ) ) ;
#996 = DIRECTION ( 'NONE',  ( 0.000000000000000000, 0.000000000000000000, 1.000000000000000000 ) ) ;
#997 =( GEOMETRIC_REPRESENTATION_CONTEXT ( 3 ) GLOBAL_UNCERTAINTY_ASSIGNED_CONTEXT ( ( #4716 ) ) GLOBAL_UNIT_ASSIGNED_CONTEXT ( ( #4737, #1722, #4764 ) ) REPRESENTATION_CONTEXT ( 'NONE', 'WORKASPACE' ) );
#998 = AXIS2_PLACEMENT_3D ( 'NONE', #4679, #490, #3673 ) ;
#999 = VECTOR ( 'NONE', #2751, 1000.000000000000000 ) ;
#1000 = DIRECTION ( 'NONE',  ( -0.000000000000000000, -0.000000000000000000, -1.000000000000000000 ) ) ;
#1001 = MECHANICAL_DESIGN_GEOMETRIC_PRESENTATION_REPRESENTATION (  '', ( #2011 ), #1708 ) ;
#1002 = FILL_AREA_STYLE ('',( #3290 ) ) ;
#1003 = ORIENTED_EDGE ( 'NONE', *, *, #1115, .T. ) ;
#1004 =( NAMED_UNIT ( * ) PLANE_ANGLE_UNIT ( ) SI_UNIT ( $, .RADIAN. ) );
#1005 = FILL_AREA_STYLE_COLOUR ( '', #4725 ) ;
#1006 = FILL_AREA_STYLE ('',( #626 ) ) ;
#1007 = PRESENTATION_LAYER_ASSIGNMENT (  '', '', ( #4291 ) ) ;
#1008 = FILL_AREA_STYLE ('',( #2509 ) ) ;
#1009 = ORIENTED_EDGE ( 'NONE', *, *, #3466, .F. ) ;
#1010 =( NAMED_UNIT ( * ) PLANE_ANGLE_UNIT ( ) SI_UNIT ( $, .RADIAN. ) );
#1011 = MECHANICAL_DESIGN_GEOMETRIC_PRESENTATION_REPRESENTATION (  '', ( #123 ), #939 ) ;
#1012 = FILL_AREA_STYLE ('',( #2900 ) ) ;
#1013 = ORIENTED_EDGE ( 'NONE', *, *, #3180, .T. ) ;
#1014 = VECTOR ( 'NONE', #4724, 1000.000000000000000 ) ;
#1015 = CARTESIAN_POINT ( 'NONE',  ( 0.6050000000000006484, -0.1499999999999999667, 0.000000000000000000 ) ) ;
#1016 = EDGE_CURVE ( 'NONE', #304, #260, #4918, .T. ) ;
#1017 = EDGE_CURVE ( 'NONE', #2850, #291, #4190, .T. ) ;
#1018 = FILL_AREA_STYLE_COLOUR ( '', #4616 ) ;
#1019 = CARTESIAN_POINT ( 'NONE',  ( 0.7950000000000000400, 0.1499999999999999667, 0.6949999999999988409 ) ) ;
#1020 =( GEOMETRIC_REPRESENTATION_CONTEXT ( 3 ) GLOBAL_UNCERTAINTY_ASSIGNED_CONTEXT ( ( #4377 ) ) GLOBAL_UNIT_ASSIGNED_CONTEXT ( ( #1509, #1823, #3394 ) ) REPRESENTATION_CONTEXT ( 'NONE', 'WORKASPACE' ) );
#1021 = CARTESIAN_POINT ( 'NONE',  ( -0.7950000000000000400, 0.1899999999999999467, 0.006000000000000002727 ) ) ;
#1022 = ORIENTED_EDGE ( 'NONE', *, *, #1046, .F. ) ;
#1023 = VECTOR ( 'NONE', #1805, 1000.000000000000000 ) ;
#1024 = SURFACE_STYLE_FILL_AREA ( #2430 ) ;
#1025 = MECHANICAL_DESIGN_GEOMETRIC_PRESENTATION_REPRESENTATION (  '', ( #534 ), #873 ) ;
#1026 = EDGE_CURVE ( 'NONE', #1781, #1125, #848, .T. ) ;
#1027 =( NAMED_UNIT ( * ) SI_UNIT ( $, .STERADIAN. ) SOLID_ANGLE_UNIT ( ) );
#1028 = COLOUR_RGB ( '',0.2862745098039215508, 0.2862745098039215508, 0.2862745098039215508 ) ;
#1029 =( GEOMETRIC_REPRESENTATION_CONTEXT ( 3 ) GLOBAL_UNCERTAINTY_ASSIGNED_CONTEXT ( ( #1894 ) ) GLOBAL_UNIT_ASSIGNED_CONTEXT ( ( #477, #193, #1309 ) ) REPRESENTATION_CONTEXT ( 'NONE', 'WORKASPACE' ) );
#1030 = CARTESIAN_POINT ( 'NONE',  ( 0.7979289321881338770, 0.3905025253169407407, 0.001000000000000267168 ) ) ;
#1031 = AXIS2_PLACEMENT_3D ( 'NONE', #2840, #232, #4391 ) ;
#1032 = STYLED_ITEM ( 'NONE', ( #1573 ), #4046 ) ;
#1033 = EDGE_LOOP ( 'NONE', ( #1712, #4145, #799, #4474 ) ) ;
#1034 = SURFACE_STYLE_USAGE ( .BOTH. , #238 ) ;
#1035 = PRESENTATION_STYLE_ASSIGNMENT (( #4465 ) ) ;
#1036 = DIRECTION ( 'NONE',  ( 1.000000000000000000, 0.000000000000000000, 0.000000000000000000 ) ) ;
#1037 = ORIENTED_EDGE ( 'NONE', *, *, #419, .F. ) ;
#1038 = SURFACE_STYLE_FILL_AREA ( #2560 ) ;
#1039 = FILL_AREA_STYLE_COLOUR ( '', #1656 ) ;
#1040 = CYLINDRICAL_SURFACE ( 'NONE', #28, 0.004999999999999989696 ) ;
#1041 = SURFACE_STYLE_USAGE ( .BOTH. , #3257 ) ;
#1042 = CARTESIAN_POINT ( 'NONE',  ( 0.3449999999999991962, 0.2000000000000000944, 0.6999999999999991784 ) ) ;
#1043 = EDGE_LOOP ( 'NONE', ( #951, #602, #4584, #1022 ) ) ;
#1044 = CARTESIAN_POINT ( 'NONE',  ( -0.7950000000000000400, 0.3799999999999989497, 0.6990000000000002878 ) ) ;
#1045 = FILL_AREA_STYLE ('',( #3773 ) ) ;
#1046 = EDGE_CURVE ( 'NONE', #3354, #3565, #4184, .T. ) ;
#1047 = CARTESIAN_POINT ( 'NONE',  ( -0.3499999999999995892, -0.4000000000000001332, 0.6949999999999988409 ) ) ;
#1048 = EDGE_LOOP ( 'NONE', ( #3908, #173, #1152, #965 ) ) ;
#1049 = DIRECTION ( 'NONE',  ( -0.000000000000000000, -1.000000000000000000, 0.000000000000000000 ) ) ;
#1050 = SURFACE_STYLE_FILL_AREA ( #3676 ) ;
#1051 = B_SPLINE_CURVE_WITH_KNOTS ( 'NONE', 3,
 ( #988, #947, #1290, #4425 ),
 .UNSPECIFIED., .F., .F.,
 ( 4, 4 ),
 ( 0.000000000000000000, 1.000000000000000000 ),
 .UNSPECIFIED. ) ;
#1052 = EDGE_CURVE ( 'NONE', #1896, #4762, #3851, .T. ) ;
#1053 = ADVANCED_FACE ( 'NONE', ( #104 ), #2263, .T. ) ;
#1054 = ORIENTED_EDGE ( 'NONE', *, *, #2282, .F. ) ;
#1055 = PRESENTATION_STYLE_ASSIGNMENT (( #1512 ) ) ;
#1056 = VECTOR ( 'NONE', #4877, 1000.000000000000000 ) ;
#1057 = CARTESIAN_POINT ( 'NONE',  ( 0.7905025253169410959, -0.3979289321881336883, 0.6989999999999998437 ) ) ;
#1058 = FACE_OUTER_BOUND ( 'NONE', #3973, .T. ) ;
#1059 = ORIENTED_EDGE ( 'NONE', *, *, #3538, .T. ) ;
#1060 = DIRECTION ( 'NONE',  ( 1.000000000000000000, 0.000000000000000000, 0.000000000000000000 ) ) ;
#1061 = CARTESIAN_POINT ( 'NONE',  ( 0.6000000000000005329, -0.1449999999999998790, 0.6999999999999991784 ) ) ;
#1062 = EDGE_LOOP ( 'NONE', ( #4752, #4428, #571, #4274, #157, #2152 ) ) ;
#1063 = FACE_OUTER_BOUND ( 'NONE', #1990, .T. ) ;
#1064 = ORIENTED_EDGE ( 'NONE', *, *, #3805, .T. ) ;
#1065 =( NAMED_UNIT ( * ) SI_UNIT ( $, .STERADIAN. ) SOLID_ANGLE_UNIT ( ) );
#1066 = DIRECTION ( 'NONE',  ( 0.000000000000000000, -0.000000000000000000, -1.000000000000000000 ) ) ;
#1067 = DIRECTION ( 'NONE',  ( -0.000000000000000000, -1.000000000000000000, -0.000000000000000000 ) ) ;
#1068 = PRESENTATION_LAYER_ASSIGNMENT (  '', '', ( #3217 ) ) ;
#1069 = DIRECTION ( 'NONE',  ( 3.652049423109069799E-16, -1.000000000000000000, 0.000000000000000000 ) ) ;
#1070 = ORIENTED_EDGE ( 'NONE', *, *, #1496, .F. ) ;
#1071 = CARTESIAN_POINT ( 'NONE',  ( 0.3499999999999995892, 0.4000000000000001332, 0.6949999999999988409 ) ) ;
#1072 = COLOUR_RGB ( '',0.2862745098039215508, 0.2862745098039215508, 0.2862745098039215508 ) ;
#1073 = DIRECTION ( 'NONE',  ( 0.000000000000000000, -1.000000000000000000, -0.000000000000000000 ) ) ;
#1074 = EDGE_LOOP ( 'NONE', ( #2536, #3368, #151, #4510, #3442, #3834 ) ) ;
#1075 = STYLED_ITEM ( 'NONE', ( #672 ), #1558 ) ;
#1076 = PRESENTATION_LAYER_ASSIGNMENT (  '', '', ( #758 ) ) ;
#1077 = CARTESIAN_POINT ( 'NONE',  ( -0.7950000000000000400, 0.1499999999999999667, 0.001000000000000000671 ) ) ;
#1078 = DIRECTION ( 'NONE',  ( 3.652049423109069799E-16, -1.000000000000000000, 0.000000000000000000 ) ) ;
#1079 = EDGE_CURVE ( 'NONE', #3474, #1480, #2815, .T. ) ;
#1080 = CARTESIAN_POINT ( 'NONE',  ( 0.7979289321881338770, -0.3799999999999987277, 0.6989999999999999547 ) ) ;
#1081 =( LENGTH_UNIT ( ) NAMED_UNIT ( * ) SI_UNIT ( .MILLI., .METRE. ) );
#1082 = ORIENTED_EDGE ( 'NONE', *, *, #420, .F. ) ;
#1083 = PRODUCT ( 'DEA162450BT-1295A1', 'DEA162450BT-1295A1', '', ( #4195 ) ) ;
#1084 = MECHANICAL_DESIGN_GEOMETRIC_PRESENTATION_REPRESENTATION (  '', ( #2086 ), #4445 ) ;
#1085 = CARTESIAN_POINT ( 'NONE',  ( 1.387778780781446415E-16, 0.3949999999999998512, 0.001000000000000000454 ) ) ;
#1086 = VERTEX_POINT ( 'NONE', #3102 ) ;
#1087 = DIRECTION ( 'NONE',  ( 0.000000000000000000, 0.000000000000000000, 1.000000000000000000 ) ) ;
#1088 =( NAMED_UNIT ( * ) PLANE_ANGLE_UNIT ( ) SI_UNIT ( $, .RADIAN. ) );
#1089 = CARTESIAN_POINT ( 'NONE',  ( 0.7949999999999999289, -0.3799999999999989497, 0.001000000000000006960 ) ) ;
#1090 = ORIENTED_EDGE ( 'NONE', *, *, #366, .T. ) ;
#1091 = SURFACE_STYLE_FILL_AREA ( #1430 ) ;
#1092 = VECTOR ( 'NONE', #2963, 1000.000000000000000 ) ;
#1093 = STYLED_ITEM ( 'NONE', ( #3401 ), #2991 ) ;
#1094 = PRESENTATION_STYLE_ASSIGNMENT (( #303 ) ) ;
#1095 = VERTEX_POINT ( 'NONE', #3821 ) ;
#1096 = CARTESIAN_POINT ( 'NONE',  ( 0.7799999999999990274, 0.3999999999999989120, 0.6940000000000001723 ) ) ;
#1097 = STYLED_ITEM ( 'NONE', ( #2866 ), #3186 ) ;
#1098 = ORIENTED_EDGE ( 'NONE', *, *, #3538, .F. ) ;
#1099 =( NAMED_UNIT ( * ) PLANE_ANGLE_UNIT ( ) SI_UNIT ( $, .RADIAN. ) );
#1100 = CARTESIAN_POINT ( 'NONE',  ( 0.7799999999999991385, 0.3799999999999989497, 0.006000000000000002727 ) ) ;
#1101 = LINE ( 'NONE', #2689, #3496 ) ;
#1102 = VERTEX_POINT ( 'NONE', #377 ) ;
#1103 = VECTOR ( 'NONE', #3660, 1000.000000000000000 ) ;
#1104 = FILL_AREA_STYLE_COLOUR ( '', #922 ) ;
#1105 = AXIS2_PLACEMENT_3D ( 'NONE', #4120, #4072, #4049 ) ;
#1106 = EDGE_CURVE ( 'NONE', #3284, #4498, #3132, .T. ) ;
#1107 = PLANE ( 'NONE',  #3093 ) ;
#1108 = STYLED_ITEM ( 'NONE', ( #1350 ), #4561 ) ;
#1109 = VERTEX_POINT ( 'NONE', #876 ) ;
#1110 = AXIS2_PLACEMENT_3D ( 'NONE', #3955, #501, #129 ) ;
#1111 =( NAMED_UNIT ( * ) PLANE_ANGLE_UNIT ( ) SI_UNIT ( $, .RADIAN. ) );
#1112 = CARTESIAN_POINT ( 'NONE',  ( 0.7999999999999996003, 0.3799999999999989497, 0.006000000000000002727 ) ) ;
#1113 = AXIS2_PLACEMENT_3D ( 'NONE', #4558, #3410, #389 ) ;
#1114 = ADVANCED_FACE ( 'NONE', ( #2673 ), #82, .T. ) ;
#1115 = EDGE_CURVE ( 'NONE', #2473, #3412, #2471, .T. ) ;
#1116 = CARTESIAN_POINT ( 'NONE',  ( 0.7887867965644032031, -0.3949999999999993516, 0.001000000000000013248 ) ) ;
#1117 = SURFACE_STYLE_FILL_AREA ( #2343 ) ;
#1118 = VERTEX_POINT ( 'NONE', #1668 ) ;
#1119 = CIRCLE ( 'NONE', #2198, 0.005000000000000013115 ) ;
#1120 = SURFACE_STYLE_FILL_AREA ( #1045 ) ;
#1121 = SURFACE_STYLE_FILL_AREA ( #3497 ) ;
#1122 = ORIENTED_EDGE ( 'NONE', *, *, #3770, .T. ) ;
#1123 = CARTESIAN_POINT ( 'NONE',  ( 0.7949999999999994849, 0.3887867965644027923, 0.6990000000000001767 ) ) ;
#1124 = SURFACE_STYLE_FILL_AREA ( #4572 ) ;
#1125 = VERTEX_POINT ( 'NONE', #2420 ) ;
#1126 = LINE ( 'NONE', #2632, #1416 ) ;
#1127 = CARTESIAN_POINT ( 'NONE',  ( -0.7950000000000000400, 0.07499999999999998335, 0.004999999999999989696 ) ) ;
#1128 =( GEOMETRIC_REPRESENTATION_CONTEXT ( 3 ) GLOBAL_UNCERTAINTY_ASSIGNED_CONTEXT ( ( #2320 ) ) GLOBAL_UNIT_ASSIGNED_CONTEXT ( ( #1150, #4162, #1466 ) ) REPRESENTATION_CONTEXT ( 'NONE', 'WORKASPACE' ) );
#1129 = UNCERTAINTY_MEASURE_WITH_UNIT (LENGTH_MEASURE( 1.000000000000000082E-05 ), #3391, 'distance_accuracy_value', 'NONE');
#1130 = DIRECTION ( 'NONE',  ( 0.000000000000000000, -1.000000000000000000, 0.000000000000000000 ) ) ;
#1131 = DIRECTION ( 'NONE',  ( -0.000000000000000000, 1.000000000000000000, 0.000000000000000000 ) ) ;
#1132 = VERTEX_POINT ( 'NONE', #2056 ) ;
#1133 = MECHANICAL_DESIGN_GEOMETRIC_PRESENTATION_REPRESENTATION (  '', ( #4567 ), #3612 ) ;
#1134 = CARTESIAN_POINT ( 'NONE',  ( 0.7905025253169409849, -0.3979289321881336883, 0.001000000000000267168 ) ) ;
#1135 = CARTESIAN_POINT ( 'NONE',  ( 0.7799999999999992495, -0.3949999999999989631, 0.6940000000000001723 ) ) ;
#1136 = ORIENTED_EDGE ( 'NONE', *, *, #1760, .T. ) ;
#1137 = CARTESIAN_POINT ( 'NONE',  ( 0.7950000000000000400, -0.1899999999999999467, 0.6940000000000001723 ) ) ;
#1138 = ADVANCED_FACE ( 'NONE', ( #3956 ), #4691, .T. ) ;
#1139 = EDGE_CURVE ( 'NONE', #2870, #1218, #2483, .T. ) ;
#1140 = SHAPE_DEFINITION_REPRESENTATION ( #634, #2710 ) ;
#1141 = DIRECTION ( 'NONE',  ( -1.224646799147353207E-16, -1.000000000000000000, 0.000000000000000000 ) ) ;
#1142 = CARTESIAN_POINT ( 'NONE',  ( 0.3499999999999995892, 0.3949999999999998512, 0.6999999999999990674 ) ) ;
#1143 = ORIENTED_EDGE ( 'NONE', *, *, #4928, .T. ) ;
#1144 = CARTESIAN_POINT ( 'NONE',  ( 0.6050000000000006484, -0.1449999999999998790, 0.6999999999999991784 ) ) ;
#1145 = DIRECTION ( 'NONE',  ( 0.000000000000000000, 0.000000000000000000, 1.000000000000000000 ) ) ;
#1146 = UNCERTAINTY_MEASURE_WITH_UNIT (LENGTH_MEASURE( 1.000000000000000082E-05 ), #1949, 'distance_accuracy_value', 'NONE');
#1147 = LINE ( 'NONE', #1853, #3584 ) ;
#1148 = SURFACE_STYLE_USAGE ( .BOTH. , #21 ) ;
#1149 = PRESENTATION_LAYER_ASSIGNMENT (  '', '', ( #1845 ) ) ;
#1150 =( LENGTH_UNIT ( ) NAMED_UNIT ( * ) SI_UNIT ( .MILLI., .METRE. ) );
#1151 = AXIS2_PLACEMENT_3D ( 'NONE', #3021, #2637, #1 ) ;
#1152 = ORIENTED_EDGE ( 'NONE', *, *, #1586, .F. ) ;
#1153 = CIRCLE ( 'NONE', #4117, 0.005000000000000013115 ) ;
#1154 = ORIENTED_EDGE ( 'NONE', *, *, #2271, .T. ) ;
#1155 = DIRECTION ( 'NONE',  ( 1.734723475976809806E-16, 1.000000000000000000, 0.000000000000000000 ) ) ;
#1156 = COLOUR_RGB ( '',0.7490196078431372584, 0.7490196078431372584, 0.7490196078431372584 ) ;
#1157 = CARTESIAN_POINT ( 'NONE',  ( 0.7999999999999990452, -0.3799999999999988387, 0.003071067811865685164 ) ) ;
#1158 = DIRECTION ( 'NONE',  ( 1.000000000000000000, -1.836970198721029688E-16, 0.000000000000000000 ) ) ;
#1159 = ORIENTED_EDGE ( 'NONE', *, *, #1079, .F. ) ;
#1160 = PRESENTATION_STYLE_ASSIGNMENT (( #81 ) ) ;
#1161 = DIRECTION ( 'NONE',  ( 1.000000000000000000, 0.000000000000000000, 0.000000000000000000 ) ) ;
#1162 = VECTOR ( 'NONE', #4674, 1000.000000000000000 ) ;
#1163 = UNCERTAINTY_MEASURE_WITH_UNIT (LENGTH_MEASURE( 1.000000000000000082E-05 ), #50, 'distance_accuracy_value', 'NONE');
#1164 = EDGE_CURVE ( 'NONE', #4384, #2559, #2971, .T. ) ;
#1165 = FILL_AREA_STYLE_COLOUR ( '', #3993 ) ;
#1166 = ORIENTED_EDGE ( 'NONE', *, *, #3846, .T. ) ;
#1167 = AXIS2_PLACEMENT_3D ( 'NONE', #3544, #4710, #941 ) ;
#1168 = APPLICATION_PROTOCOL_DEFINITION ( 'draft international standard', 'automotive_design', 1998, #2363 ) ;
#1169 = SURFACE_SIDE_STYLE ('',( #1988 ) ) ;
#1170 = SURFACE_STYLE_FILL_AREA ( #2654 ) ;
#1171 = VECTOR ( 'NONE', #3943, 1000.000000000000000 ) ;
#1172 = CARTESIAN_POINT ( 'NONE',  ( -0.7887867965644032031, -0.3949999999999993516, 0.001000000000000013248 ) ) ;
#1173 = EDGE_CURVE ( 'NONE', #4732, #3548, #250, .T. ) ;
#1174 = ORIENTED_EDGE ( 'NONE', *, *, #2082, .T. ) ;
#1175 = DIRECTION ( 'NONE',  ( 0.000000000000000000, 0.000000000000000000, 1.000000000000000000 ) ) ;
#1176 = PLANE ( 'NONE',  #2851 ) ;
#1177 = FACE_OUTER_BOUND ( 'NONE', #1942, .T. ) ;
#1178 = DIRECTION ( 'NONE',  ( 1.000000000000000000, 1.779203565104420086E-16, 0.000000000000000000 ) ) ;
#1179 = SURFACE_STYLE_FILL_AREA ( #834 ) ;
#1180 = VECTOR ( 'NONE', #4502, 1000.000000000000000 ) ;
#1181 = PLANE ( 'NONE',  #2306 ) ;
#1182 =( NAMED_UNIT ( * ) PLANE_ANGLE_UNIT ( ) SI_UNIT ( $, .RADIAN. ) );
#1183 = LINE ( 'NONE', #1615, #3089 ) ;
#1184 = UNCERTAINTY_MEASURE_WITH_UNIT (LENGTH_MEASURE( 1.000000000000000082E-05 ), #236, 'distance_accuracy_value', 'NONE');
#1185 = DIRECTION ( 'NONE',  ( 1.000000000000000000, 0.000000000000000000, 0.000000000000000000 ) ) ;
#1186 = CARTESIAN_POINT ( 'NONE',  ( -0.3499999999999995892, -0.4000000000000001332, 0.000000000000000000 ) ) ;
#1187 = VECTOR ( 'NONE', #652, 1000.000000000000000 ) ;
#1188 = STYLED_ITEM ( 'NONE', ( #2904 ), #3839 ) ;
#1189 =( LENGTH_UNIT ( ) NAMED_UNIT ( * ) SI_UNIT ( .MILLI., .METRE. ) );
#1190 = ORIENTED_EDGE ( 'NONE', *, *, #2498, .T. ) ;
#1191 = SHAPE_REPRESENTATION ( 'DEA162450BT-1295A1', ( #3188, #3263, #2616, #468 ), #1731 ) ;
#1192 = CYLINDRICAL_SURFACE ( 'NONE', #2772, 0.004999999999999989696 ) ;
#1193 =( GEOMETRIC_REPRESENTATION_CONTEXT ( 3 ) GLOBAL_UNCERTAINTY_ASSIGNED_CONTEXT ( ( #1570 ) ) GLOBAL_UNIT_ASSIGNED_CONTEXT ( ( #4824, #1876, #4155 ) ) REPRESENTATION_CONTEXT ( 'NONE', 'WORKASPACE' ) );
#1194 = DIRECTION ( 'NONE',  ( 1.000000000000000000, 0.000000000000000000, 0.000000000000000000 ) ) ;
#1195 = UNCERTAINTY_MEASURE_WITH_UNIT (LENGTH_MEASURE( 1.000000000000000082E-05 ), #2953, 'distance_accuracy_value', 'NONE');
#1196 = MECHANICAL_DESIGN_GEOMETRIC_PRESENTATION_REPRESENTATION (  '', ( #3593 ), #1646 ) ;
#1197 =( GEOMETRIC_REPRESENTATION_CONTEXT ( 3 ) GLOBAL_UNCERTAINTY_ASSIGNED_CONTEXT ( ( #1236 ) ) GLOBAL_UNIT_ASSIGNED_CONTEXT ( ( #2791, #2501, #2113 ) ) REPRESENTATION_CONTEXT ( 'NONE', 'WORKASPACE' ) );
#1198 = SURFACE_STYLE_FILL_AREA ( #2295 ) ;
#1199 = ORIENTED_EDGE ( 'NONE', *, *, #3362, .F. ) ;
#1200 = DIRECTION ( 'NONE',  ( -1.000000000000000000, -8.896017825522091804E-17, 0.000000000000000000 ) ) ;
#1201 = CARTESIAN_POINT ( 'NONE',  ( -0.7905025253169406518, -0.3979289321881337993, 0.001000000000000267168 ) ) ;
#1202 = ORIENTED_EDGE ( 'NONE', *, *, #3461, .F. ) ;
#1203 = SURFACE_STYLE_FILL_AREA ( #3553 ) ;
#1204 = CARTESIAN_POINT ( 'NONE',  ( 0.8000000000000002665, 0.1499999999999999944, 0.000000000000000000 ) ) ;
#1205 = CARTESIAN_POINT ( 'NONE',  ( 0.7999999999999990452, -0.3799999999999987277, 0.6969289321881343424 ) ) ;
#1206 = PRESENTATION_STYLE_ASSIGNMENT (( #2385 ) ) ;
#1207 = CARTESIAN_POINT ( 'NONE',  ( -0.8000000000000002665, 0.1499999999999999667, 0.000000000000000000 ) ) ;
#1208 = EDGE_CURVE ( 'NONE', #1577, #1403, #604, .T. ) ;
#1209 = EDGE_CURVE ( 'NONE', #1733, #677, #220, .T. ) ;
#1210 = LINE ( 'NONE', #3484, #953 ) ;
#1211 = CYLINDRICAL_SURFACE ( 'NONE', #1151, 0.005000000000000013115 ) ;
#1212 = PRESENTATION_STYLE_ASSIGNMENT (( #1497 ) ) ;
#1213 = ORIENTED_EDGE ( 'NONE', *, *, #258, .F. ) ;
#1214 = DIRECTION ( 'NONE',  ( -7.116814260417670485E-16, -1.000000000000000000, 0.000000000000000000 ) ) ;
#1215 =( GEOMETRIC_REPRESENTATION_CONTEXT ( 3 ) GLOBAL_UNCERTAINTY_ASSIGNED_CONTEXT ( ( #3495 ) ) GLOBAL_UNIT_ASSIGNED_CONTEXT ( ( #4813, #4352, #3669 ) ) REPRESENTATION_CONTEXT ( 'NONE', 'WORKASPACE' ) );
#1216 =( NAMED_UNIT ( * ) PLANE_ANGLE_UNIT ( ) SI_UNIT ( $, .RADIAN. ) );
#1217 = DIRECTION ( 'NONE',  ( -7.116814260417670485E-16, -1.000000000000000000, -0.000000000000000000 ) ) ;
#1218 = VERTEX_POINT ( 'NONE', #172 ) ;
#1219 = DIRECTION ( 'NONE',  ( -0.000000000000000000, -0.000000000000000000, -1.000000000000000000 ) ) ;
#1220 = CARTESIAN_POINT ( 'NONE',  ( 0.7799999999999991385, -0.3799999999999989497, 0.000000000000000000 ) ) ;
#1221 = UNCERTAINTY_MEASURE_WITH_UNIT (LENGTH_MEASURE( 1.000000000000000082E-05 ), #1081, 'distance_accuracy_value', 'NONE');
#1222 = VECTOR ( 'NONE', #1541, 1000.000000000000000 ) ;
#1223 =( BOUNDED_SURFACE ( )  B_SPLINE_SURFACE ( 3, 3, ( 
 ( #716, #4246, #345, #814 ),
 ( #3768, #324, #2315, #1157 ),
 ( #2205, #1134, #3490, #2640 ),
 ( #1838, #2669, #736, #762 ) ),
 .UNSPECIFIED., .F., .F., .F. ) 
 B_SPLINE_SURFACE_WITH_KNOTS ( ( 4, 4 ),
 ( 4, 4 ),
 ( 0.000000000000000000, 1.000000000000000000 ),
 ( 0.000000000000000000, 1.000000000000000000 ),
 .UNSPECIFIED. ) 
 GEOMETRIC_REPRESENTATION_ITEM ( )  RATIONAL_B_SPLINE_SURFACE ( (
 ( 1.000000000000000000, 0.8047378541243649375, 0.8047378541243649375, 1.000000000000000000),
 ( 0.8047378541243853656, 0.6476030138607040687, 0.6476030138607040687, 0.8047378541243853656),
 ( 0.8047378541243853656, 0.6476030138607040687, 0.6476030138607040687, 0.8047378541243853656),
 ( 1.000000000000000000, 0.8047378541243649375, 0.8047378541243649375, 1.000000000000000000) ) ) 
 REPRESENTATION_ITEM ( '' )  SURFACE ( )  );
#1224 = ORIENTED_EDGE ( 'NONE', *, *, #1139, .T. ) ;
#1225 = CONTEXT_DEPENDENT_SHAPE_REPRESENTATION ( #4081, #4517 ) ;
#1226 =( NAMED_UNIT ( * ) PLANE_ANGLE_UNIT ( ) SI_UNIT ( $, .RADIAN. ) );
#1227 = FILL_AREA_STYLE_COLOUR ( '', #261 ) ;
#1228 = EDGE_LOOP ( 'NONE', ( #1598, #4757, #647, #2902 ) ) ;
#1229 =( LENGTH_UNIT ( ) NAMED_UNIT ( * ) SI_UNIT ( .MILLI., .METRE. ) );
#1230 = PRESENTATION_STYLE_ASSIGNMENT (( #1590 ) ) ;
#1231 = PRESENTATION_STYLE_ASSIGNMENT (( #2715 ) ) ;
#1232 =( NAMED_UNIT ( * ) SI_UNIT ( $, .STERADIAN. ) SOLID_ANGLE_UNIT ( ) );
#1233 = VECTOR ( 'NONE', #3494, 1000.000000000000000 ) ;
#1234 = PRESENTATION_STYLE_ASSIGNMENT (( #24 ) ) ;
#1235 = EDGE_CURVE ( 'NONE', #196, #1781, #1694, .T. ) ;
#1236 = UNCERTAINTY_MEASURE_WITH_UNIT (LENGTH_MEASURE( 1.000000000000000082E-05 ), #2791, 'distance_accuracy_value', 'NONE');
#1237 = ADVANCED_FACE ( 'NONE', ( #1738 ), #2176, .T. ) ;
#1238 = PRESENTATION_LAYER_ASSIGNMENT (  '', '', ( #2564 ) ) ;
#1239 = LINE ( 'NONE', #474, #2335 ) ;
#1240 = CARTESIAN_POINT ( 'NONE',  ( 0.7949999999999994849, 0.3887867965644027923, 0.001000000000000013248 ) ) ;
#1241 = VERTEX_POINT ( 'NONE', #2593 ) ;
#1242 = COLOUR_RGB ( '',0.7490196078431372584, 0.7490196078431372584, 0.7490196078431372584 ) ;
#1243 = CIRCLE ( 'NONE', #36, 0.004999999999999989696 ) ;
#1244 = MECHANICAL_DESIGN_GEOMETRIC_PRESENTATION_REPRESENTATION (  '', ( #592 ), #2341 ) ;
#1245 = SURFACE_STYLE_FILL_AREA ( #4468 ) ;
#1246 = EDGE_LOOP ( 'NONE', ( #289, #2010, #3333, #3634 ) ) ;
#1247 = PLANE ( 'NONE',  #2007 ) ;
#1248 = CIRCLE ( 'NONE', #350, 0.005000000000000013115 ) ;
#1249 = CARTESIAN_POINT ( 'NONE',  ( -0.7799999999999989164, -0.3979289321881336883, 0.001000000000000267168 ) ) ;
#1250 = MECHANICAL_DESIGN_GEOMETRIC_PRESENTATION_REPRESENTATION (  '', ( #3978 ), #2990 ) ;
#1251 =( NAMED_UNIT ( * ) PLANE_ANGLE_UNIT ( ) SI_UNIT ( $, .RADIAN. ) );
#1252 = VERTEX_POINT ( 'NONE', #1472 ) ;
#1253 = CARTESIAN_POINT ( 'NONE',  ( 0.3499999999999995892, 0.2050000000000001543, 0.000000000000000000 ) ) ;
#1254 = CIRCLE ( 'NONE', #1329, 0.004999999999999989696 ) ;
#1255 = DIRECTION ( 'NONE',  ( 0.000000000000000000, 0.000000000000000000, 1.000000000000000000 ) ) ;
#1256 = LINE ( 'NONE', #2767, #1719 ) ;
#1257 = LINE ( 'NONE', #1353, #2078 ) ;
#1258 = ORIENTED_EDGE ( 'NONE', *, *, #2309, .T. ) ;
#1259 = DIRECTION ( 'NONE',  ( 0.000000000000000000, 0.000000000000000000, 1.000000000000000000 ) ) ;
#1260 = UNCERTAINTY_MEASURE_WITH_UNIT (LENGTH_MEASURE( 1.000000000000000082E-05 ), #2504, 'distance_accuracy_value', 'NONE');
#1261 = EDGE_CURVE ( 'NONE', #1388, #4493, #3621, .T. ) ;
#1262 = DIRECTION ( 'NONE',  ( -1.000000000000000000, -0.000000000000000000, 0.000000000000000000 ) ) ;
#1263 = CARTESIAN_POINT ( 'NONE',  ( 0.3499999999999995892, -0.2050000000000001543, 0.000000000000000000 ) ) ;
#1264 = STYLED_ITEM ( 'NONE', ( #3719 ), #4201 ) ;
#1265 = ORIENTED_EDGE ( 'NONE', *, *, #3395, .F. ) ;
#1266 = COLOUR_RGB ( '',0.7490196078431372584, 0.7490196078431372584, 0.7490196078431372584 ) ;
#1267 = SURFACE_SIDE_STYLE ('',( #4327 ) ) ;
#1268 = PRESENTATION_STYLE_ASSIGNMENT (( #2445 ) ) ;
#1269 = EDGE_CURVE ( 'NONE', #2514, #4358, #2149, .T. ) ;
#1270 = CIRCLE ( 'NONE', #4939, 0.005000000000000066891 ) ;
#1271 = EDGE_CURVE ( 'NONE', #2469, #4526, #1383, .T. ) ;
#1272 = UNCERTAINTY_MEASURE_WITH_UNIT (LENGTH_MEASURE( 1.000000000000000082E-05 ), #142, 'distance_accuracy_value', 'NONE');
#1273 = ORIENTED_EDGE ( 'NONE', *, *, #2938, .F. ) ;
#1274 = AXIS2_PLACEMENT_3D ( 'NONE', #3426, #2578, #4954 ) ;
#1275 = VERTEX_POINT ( 'NONE', #4836 ) ;
#1276 = SURFACE_SIDE_STYLE ('',( #3216 ) ) ;
#1277 = CARTESIAN_POINT ( 'NONE',  ( 0.3499999999999995892, 0.2050000000000001543, 0.000000000000000000 ) ) ;
#1278 = CARTESIAN_POINT ( 'NONE',  ( 0.6050000000000006484, 0.1499999999999999667, 0.000000000000000000 ) ) ;
#1279 =( LENGTH_UNIT ( ) NAMED_UNIT ( * ) SI_UNIT ( .MILLI., .METRE. ) );
#1280 = FILL_AREA_STYLE_COLOUR ( '', #3339 ) ;
#1281 = DIRECTION ( 'NONE',  ( 0.000000000000000000, 0.000000000000000000, 1.000000000000000000 ) ) ;
#1282 = VERTEX_POINT ( 'NONE', #264 ) ;
#1283 = LINE ( 'NONE', #2871, #3468 ) ;
#1284 = CARTESIAN_POINT ( 'NONE',  ( -0.04999999999999991257, -0.1499999999999999112, 0.6990000000000005098 ) ) ;
#1285 = DIRECTION ( 'NONE',  ( 0.000000000000000000, 0.000000000000000000, 1.000000000000000000 ) ) ;
#1286 = ORIENTED_EDGE ( 'NONE', *, *, #2788, .T. ) ;
#1287 = PRESENTATION_STYLE_ASSIGNMENT (( #944 ) ) ;
#1288 = FILL_AREA_STYLE ('',( #901 ) ) ;
#1289 = ORIENTED_EDGE ( 'NONE', *, *, #1375, .T. ) ;
#1290 = CARTESIAN_POINT ( 'NONE',  ( 0.7894809940983936736, 0.3944809940983942664, 0.6990000000000005098 ) ) ;
#1291 = STYLED_ITEM ( 'NONE', ( #780 ), #176 ) ;
#1292 = EDGE_CURVE ( 'NONE', #695, #982, #4116, .T. ) ;
#1293 = CARTESIAN_POINT ( 'NONE',  ( 0.3499999999999995892, -0.3949999999999998512, 0.006000000000000002727 ) ) ;
#1294 = DIRECTION ( 'NONE',  ( 1.000000000000000000, 8.896017825522090571E-17, -0.000000000000000000 ) ) ;
#1295 = PRESENTATION_LAYER_ASSIGNMENT (  '', '', ( #90 ) ) ;
#1296 = DIRECTION ( 'NONE',  ( 1.000000000000000000, 0.000000000000000000, 0.000000000000000000 ) ) ;
#1297 = EDGE_LOOP ( 'NONE', ( #4010, #2796, #4037, #237 ) ) ;
#1298 = CARTESIAN_POINT ( 'NONE',  ( -0.6050000000000006484, 0.1499999999999999112, 0.001000000000000000454 ) ) ;
#1299 = PLANE ( 'NONE',  #1938 ) ;
#1300 =( GEOMETRIC_REPRESENTATION_CONTEXT ( 3 ) GLOBAL_UNCERTAINTY_ASSIGNED_CONTEXT ( ( #3836 ) ) GLOBAL_UNIT_ASSIGNED_CONTEXT ( ( #1955, #1111, #1518 ) ) REPRESENTATION_CONTEXT ( 'NONE', 'WORKASPACE' ) );
#1301 = SURFACE_SIDE_STYLE ('',( #4723 ) ) ;
#1302 = DIRECTION ( 'NONE',  ( 0.000000000000000000, 0.000000000000000000, -1.000000000000000000 ) ) ;
#1303 = DIRECTION ( 'NONE',  ( -1.000000000000000000, -1.734723475976809806E-16, -0.000000000000000000 ) ) ;
#1304 = VERTEX_POINT ( 'NONE', #1112 ) ;
#1305 = AXIS2_PLACEMENT_3D ( 'NONE', #2035, #4004, #1310 ) ;
#1306 = CARTESIAN_POINT ( 'NONE',  ( 0.3499999999999995892, 0.4000000000000001332, 0.000000000000000000 ) ) ;
#1307 = ORIENTED_EDGE ( 'NONE', *, *, #1760, .F. ) ;
#1308 = MECHANICAL_DESIGN_GEOMETRIC_PRESENTATION_REPRESENTATION (  '', ( #4738 ), #4586 ) ;
#1309 =( NAMED_UNIT ( * ) SI_UNIT ( $, .STERADIAN. ) SOLID_ANGLE_UNIT ( ) );
#1310 = DIRECTION ( 'NONE',  ( 0.000000000000000000, 0.000000000000000000, -1.000000000000000000 ) ) ;
#1311 = STYLED_ITEM ( 'NONE', ( #3319 ), #747 ) ;
#1312 = UNCERTAINTY_MEASURE_WITH_UNIT (LENGTH_MEASURE( 1.000000000000000082E-05 ), #4360, 'distance_accuracy_value', 'NONE');
#1313 = ORIENTED_EDGE ( 'NONE', *, *, #2139, .F. ) ;
#1314 = ORIENTED_EDGE ( 'NONE', *, *, #149, .T. ) ;
#1315 =( LENGTH_UNIT ( ) NAMED_UNIT ( * ) SI_UNIT ( .MILLI., .METRE. ) );
#1316 = AXIS2_PLACEMENT_3D ( 'NONE', #437, #3886, #1587 ) ;
#1317 = SURFACE_STYLE_USAGE ( .BOTH. , #1676 ) ;
#1318 = VECTOR ( 'NONE', #1451, 1000.000000000000000 ) ;
#1319 = ADVANCED_FACE ( 'NONE', ( #2204 ), #1040, .T. ) ;
#1320 = EDGE_CURVE ( 'NONE', #3962, #3528, #416, .T. ) ;
#1321 = ORIENTED_EDGE ( 'NONE', *, *, #1026, .T. ) ;
#1322 = VECTOR ( 'NONE', #3140, 1000.000000000000000 ) ;
#1323 = CYLINDRICAL_SURFACE ( 'NONE', #627, 0.005000000000000013115 ) ;
#1324 = CARTESIAN_POINT ( 'NONE',  ( 0.6050000000000006484, 0.1449999999999998790, 0.001000000000000000454 ) ) ;
#1325 = AXIS2_PLACEMENT_3D ( 'NONE', #3568, #4372, #475 ) ;
#1326 = EDGE_CURVE ( 'NONE', #3681, #246, #4585, .T. ) ;
#1327 = ADVANCED_FACE ( 'NONE', ( #867 ), #4294, .T. ) ;
#1328 = SURFACE_STYLE_FILL_AREA ( #1683 ) ;
#1329 = AXIS2_PLACEMENT_3D ( 'NONE', #4603, #360, #4577 ) ;
#1330 = FILL_AREA_STYLE_COLOUR ( '', #3517 ) ;
#1331 = VERTEX_POINT ( 'NONE', #2668 ) ;
#1332 =( NAMED_UNIT ( * ) SI_UNIT ( $, .STERADIAN. ) SOLID_ANGLE_UNIT ( ) );
#1333 =( GEOMETRIC_REPRESENTATION_CONTEXT ( 3 ) GLOBAL_UNCERTAINTY_ASSIGNED_CONTEXT ( ( #1221 ) ) GLOBAL_UNIT_ASSIGNED_CONTEXT ( ( #1081, #3454, #3760 ) ) REPRESENTATION_CONTEXT ( 'NONE', 'WORKASPACE' ) );
#1334 = SURFACE_SIDE_STYLE ('',( #4088 ) ) ;
#1335 =( NAMED_UNIT ( * ) SI_UNIT ( $, .STERADIAN. ) SOLID_ANGLE_UNIT ( ) );
#1336 = DIRECTION ( 'NONE',  ( -1.000000000000000000, 0.000000000000000000, 0.000000000000000000 ) ) ;
#1337 = ORIENTED_EDGE ( 'NONE', *, *, #2139, .T. ) ;
#1338 = MECHANICAL_DESIGN_GEOMETRIC_PRESENTATION_REPRESENTATION (  '', ( #1093 ), #1333 ) ;
#1339 = VECTOR ( 'NONE', #3137, 1000.000000000000000 ) ;
#1340 = ORIENTED_EDGE ( 'NONE', *, *, #1667, .T. ) ;
#1341 = CARTESIAN_POINT ( 'NONE',  ( 0.3499999999999997002, -0.2050000000000001543, 0.000000000000000000 ) ) ;
#1342 = LINE ( 'NONE', #441, #782 ) ;
#1343 = AXIS2_PLACEMENT_3D ( 'NONE', #4157, #2219, #3785 ) ;
#1344 = CARTESIAN_POINT ( 'NONE',  ( 2.081668171172168760E-16, -0.2000000000000000666, 0.6999999999999991784 ) ) ;
#1345 = VECTOR ( 'NONE', #1467, 1000.000000000000000 ) ;
#1346 = DIRECTION ( 'NONE',  ( 0.000000000000000000, 0.000000000000000000, -1.000000000000000000 ) ) ;
#1347 =( LENGTH_UNIT ( ) NAMED_UNIT ( * ) SI_UNIT ( .MILLI., .METRE. ) );
#1348 = SURFACE_SIDE_STYLE ('',( #4771 ) ) ;
#1349 = MECHANICAL_DESIGN_GEOMETRIC_PRESENTATION_REPRESENTATION (  '', ( #3344 ), #4321 ) ;
#1350 = PRESENTATION_STYLE_ASSIGNMENT (( #4777 ) ) ;
#1351 = AXIS2_PLACEMENT_3D ( 'NONE', #4499, #4819, #2603 ) ;
#1352 = ADVANCED_FACE ( 'NONE', ( #3069 ), #2368, .T. ) ;
#1353 = CARTESIAN_POINT ( 'NONE',  ( 0.3499999999999995892, 3.469446951953609875E-17, 0.6990000000000005098 ) ) ;
#1354 = ORIENTED_EDGE ( 'NONE', *, *, #4084, .T. ) ;
#1355 = CARTESIAN_POINT ( 'NONE',  ( -0.8000000000000002665, 0.1499999999999999667, 0.004999999999999989696 ) ) ;
#1356 = SURFACE_STYLE_USAGE ( .BOTH. , #4787 ) ;
#1357 = ORIENTED_EDGE ( 'NONE', *, *, #1821, .F. ) ;
#1358 = DIRECTION ( 'NONE',  ( 0.000000000000000000, -0.000000000000000000, -1.000000000000000000 ) ) ;
#1359 = CARTESIAN_POINT ( 'NONE',  ( -0.3449999999999991962, -0.2000000000000000944, 0.000000000000000000 ) ) ;
#1360 = ORIENTED_EDGE ( 'NONE', *, *, #4018, .F. ) ;
#1361 = DIRECTION ( 'NONE',  ( 0.000000000000000000, 0.000000000000000000, 1.000000000000000000 ) ) ;
#1362 =( NAMED_UNIT ( * ) SI_UNIT ( $, .STERADIAN. ) SOLID_ANGLE_UNIT ( ) );
#1363 = ORIENTED_EDGE ( 'NONE', *, *, #4504, .F. ) ;
#1364 = DIRECTION ( 'NONE',  ( -0.000000000000000000, -1.000000000000000000, -0.000000000000000000 ) ) ;
#1365 = CARTESIAN_POINT ( 'NONE',  ( -0.7799999999999991385, -0.3999999999999996336, 0.6940000000000001723 ) ) ;
#1366 = SURFACE_STYLE_USAGE ( .BOTH. , #1348 ) ;
#1367 = MECHANICAL_DESIGN_GEOMETRIC_PRESENTATION_REPRESENTATION (  '', ( #4810 ), #3282 ) ;
#1368 =( NAMED_UNIT ( * ) PLANE_ANGLE_UNIT ( ) SI_UNIT ( $, .RADIAN. ) );
#1369 = SURFACE_STYLE_USAGE ( .BOTH. , #2169 ) ;
#1370 = ORIENTED_EDGE ( 'NONE', *, *, #1235, .F. ) ;
#1371 = DIRECTION ( 'NONE',  ( 0.000000000000000000, 0.000000000000000000, 1.000000000000000000 ) ) ;
#1372 = FACE_OUTER_BOUND ( 'NONE', #4850, .T. ) ;
#1373 = FACE_OUTER_BOUND ( 'NONE', #2642, .T. ) ;
#1374 = EDGE_CURVE ( 'NONE', #146, #4306, #2240, .T. ) ;
#1375 = EDGE_CURVE ( 'NONE', #2096, #3766, #4684, .T. ) ;
#1376 = FILL_AREA_STYLE ('',( #574 ) ) ;
#1377 = DIRECTION ( 'NONE',  ( -0.000000000000000000, -1.000000000000000000, -0.000000000000000000 ) ) ;
#1378 = ORIENTED_EDGE ( 'NONE', *, *, #4477, .F. ) ;
#1379 = CYLINDRICAL_SURFACE ( 'NONE', #2804, 0.005000000000000066891 ) ;
#1380 = FACE_OUTER_BOUND ( 'NONE', #2296, .T. ) ;
#1381 =( NAMED_UNIT ( * ) SI_UNIT ( $, .STERADIAN. ) SOLID_ANGLE_UNIT ( ) );
#1382 = ORIENTED_EDGE ( 'NONE', *, *, #2869, .F. ) ;
#1383 = CIRCLE ( 'NONE', #4270, 0.005000000000000013115 ) ;
#1384 = DIRECTION ( 'NONE',  ( -0.000000000000000000, -0.000000000000000000, -1.000000000000000000 ) ) ;
#1385 = CARTESIAN_POINT ( 'NONE',  ( 0.7799999999999991385, -0.3949999999999998512, 0.006000000000000002727 ) ) ;
#1386 = COLOUR_RGB ( '',0.7490196078431372584, 0.7490196078431372584, 0.7490196078431372584 ) ;
#1387 = AXIS2_PLACEMENT_3D ( 'NONE', #282, #210, #2530 ) ;
#1388 = VERTEX_POINT ( 'NONE', #3952 ) ;
#1389 = PRODUCT_DEFINITION_SHAPE ( 'NONE', 'NONE',  #3427 ) ;
#1390 = DIRECTION ( 'NONE',  ( 1.000000000000000000, 0.000000000000000000, 0.000000000000000000 ) ) ;
#1391 = SURFACE_SIDE_STYLE ('',( #2067 ) ) ;
#1392 = CIRCLE ( 'NONE', #4361, 0.005000000000000066891 ) ;
#1393 = DIRECTION ( 'NONE',  ( -1.000000000000000000, -8.896017825522090571E-17, 0.000000000000000000 ) ) ;
#1394 =( LENGTH_UNIT ( ) NAMED_UNIT ( * ) SI_UNIT ( .MILLI., .METRE. ) );
#1395 = SURFACE_SIDE_STYLE ('',( #4414 ) ) ;
#1396 = STYLED_ITEM ( 'NONE', ( #4020 ), #2211 ) ;
#1397 = VERTEX_POINT ( 'NONE', #4753 ) ;
#1398 = SURFACE_STYLE_FILL_AREA ( #4826 ) ;
#1399 =( NAMED_UNIT ( * ) SI_UNIT ( $, .STERADIAN. ) SOLID_ANGLE_UNIT ( ) );
#1400 = DIRECTION ( 'NONE',  ( 0.000000000000000000, 0.000000000000000000, -1.000000000000000000 ) ) ;
#1401 = LINE ( 'NONE', #2076, #3724 ) ;
#1402 = CARTESIAN_POINT ( 'NONE',  ( 0.1750000000000000167, 0.3949999999999998512, 0.000000000000000000 ) ) ;
#1403 = VERTEX_POINT ( 'NONE', #3996 ) ;
#1404 = EDGE_CURVE ( 'NONE', #2649, #2505, #122, .T. ) ;
#1405 = FILL_AREA_STYLE_COLOUR ( '', #2073 ) ;
#1406 = VECTOR ( 'NONE', #4130, 1000.000000000000000 ) ;
#1407 = ORIENTED_EDGE ( 'NONE', *, *, #3614, .F. ) ;
#1408 = VECTOR ( 'NONE', #1948, 1000.000000000000000 ) ;
#1409 = ADVANCED_FACE ( 'NONE', ( #2775 ), #4730, .F. ) ;
#1410 =( NAMED_UNIT ( * ) PLANE_ANGLE_UNIT ( ) SI_UNIT ( $, .RADIAN. ) );
#1411 = EDGE_CURVE ( 'NONE', #4846, #750, #2026, .T. ) ;
#1412 = FILL_AREA_STYLE_COLOUR ( '', #533 ) ;
#1413 = EDGE_LOOP ( 'NONE', ( #4104, #1529, #1357, #2236 ) ) ;
#1414 = STYLED_ITEM ( 'NONE', ( #1094 ), #4193 ) ;
#1415 = DIRECTION ( 'NONE',  ( 1.000000000000000000, 0.000000000000000000, 0.000000000000000000 ) ) ;
#1416 = VECTOR ( 'NONE', #2687, 1000.000000000000000 ) ;
#1417 = COLOUR_RGB ( '',1.000000000000000000, 1.000000000000000000, 1.000000000000000000 ) ;
#1418 = MECHANICAL_DESIGN_GEOMETRIC_PRESENTATION_REPRESENTATION (  '', ( #1188 ), #208 ) ;
#1419 = ORIENTED_EDGE ( 'NONE', *, *, #1164, .T. ) ;
#1420 = LINE ( 'NONE', #4178, #4701 ) ;
#1421 = PRESENTATION_LAYER_ASSIGNMENT (  '', '', ( #3593 ) ) ;
#1422 = CARTESIAN_POINT ( 'NONE',  ( 0.7949999999999994849, -0.3887867965644025148, 0.6990000000000001767 ) ) ;
#1423 = ORIENTED_EDGE ( 'NONE', *, *, #1374, .T. ) ;
#1424 = FILL_AREA_STYLE_COLOUR ( '', #904 ) ;
#1425 = EDGE_LOOP ( 'NONE', ( #994, #3048, #4892, #872 ) ) ;
#1426 = CIRCLE ( 'NONE', #1351, 0.005000000000000066891 ) ;
#1427 =( LENGTH_UNIT ( ) NAMED_UNIT ( * ) SI_UNIT ( .MILLI., .METRE. ) );
#1428 = PRODUCT ( 'Body', 'Body', '', ( #352 ) ) ;
#1429 = ORIENTED_EDGE ( 'NONE', *, *, #611, .T. ) ;
#1430 = FILL_AREA_STYLE ('',( #2155 ) ) ;
#1431 = LINE ( 'NONE', #3281, #4221 ) ;
#1432 = DIRECTION ( 'NONE',  ( 1.000000000000000000, 0.000000000000000000, -0.000000000000000000 ) ) ;
#1433 = EDGE_CURVE ( 'NONE', #2418, #986, #3629, .T. ) ;
#1434 = PLANE ( 'NONE',  #2442 ) ;
#1435 = ORIENTED_EDGE ( 'NONE', *, *, #4742, .F. ) ;
#1436 = LINE ( 'NONE', #4867, #4708 ) ;
#1437 = ORIENTED_EDGE ( 'NONE', *, *, #1261, .F. ) ;
#1438 = CARTESIAN_POINT ( 'NONE',  ( -0.8000000000000001554, -0.1499999999999999667, 0.6949999999999988409 ) ) ;
#1439 = CARTESIAN_POINT ( 'NONE',  ( 0.3499999999999995337, -0.4000000000000001332, 0.004999999999999989696 ) ) ;
#1440 = AXIS2_PLACEMENT_3D ( 'NONE', #2464, #213, #4802 ) ;
#1441 = CARTESIAN_POINT ( 'NONE',  ( 0.3449999999999991962, -0.2000000000000000944, 0.6999999999999991784 ) ) ;
#1442 = VERTEX_POINT ( 'NONE', #4417 ) ;
#1443 = SURFACE_STYLE_USAGE ( .BOTH. , #2224 ) ;
#1444 = EDGE_LOOP ( 'NONE', ( #2754, #4489, #3193, #1143 ) ) ;
#1445 =( LENGTH_UNIT ( ) NAMED_UNIT ( * ) SI_UNIT ( .MILLI., .METRE. ) );
#1446 = MECHANICAL_DESIGN_GEOMETRIC_PRESENTATION_REPRESENTATION (  '', ( #3616 ), #3784 ) ;
#1447 = DIRECTION ( 'NONE',  ( -0.000000000000000000, 1.000000000000000000, 0.000000000000000000 ) ) ;
#1448 = LINE ( 'NONE', #2595, #2756 ) ;
#1449 = EDGE_LOOP ( 'NONE', ( #2462, #3200, #1819, #1971 ) ) ;
#1450 = FILL_AREA_STYLE_COLOUR ( '', #2303 ) ;
#1451 = DIRECTION ( 'NONE',  ( -1.000000000000000000, -0.000000000000000000, 0.000000000000000000 ) ) ;
#1452 = AXIS2_PLACEMENT_3D ( 'NONE', #4447, #4811, #1811 ) ;
#1453 = ORIENTED_EDGE ( 'NONE', *, *, #3647, .T. ) ;
#1454 = CARTESIAN_POINT ( 'NONE',  ( -0.3449999999999991962, 0.2050000000000001543, 0.6990000000000005098 ) ) ;
#1455 = CARTESIAN_POINT ( 'NONE',  ( 0.7917157287525370402, 0.3999999999999989120, 0.6940000000000001723 ) ) ;
#1456 = MECHANICAL_DESIGN_GEOMETRIC_PRESENTATION_REPRESENTATION (  '', ( #178 ), #4906 ) ;
#1457 = MECHANICAL_DESIGN_GEOMETRIC_PRESENTATION_REPRESENTATION (  '', ( #3710 ), #339 ) ;
#1458 = EDGE_CURVE ( 'NONE', #3859, #709, #4346, .T. ) ;
#1459 = ORIENTED_EDGE ( 'NONE', *, *, #3935, .F. ) ;
#1460 =( GEOMETRIC_REPRESENTATION_CONTEXT ( 3 ) GLOBAL_UNCERTAINTY_ASSIGNED_CONTEXT ( ( #2349 ) ) GLOBAL_UNIT_ASSIGNED_CONTEXT ( ( #433, #1967, #4645 ) ) REPRESENTATION_CONTEXT ( 'NONE', 'WORKASPACE' ) );
#1461 = VECTOR ( 'NONE', #515, 1000.000000000000000 ) ;
#1462 = PRESENTATION_STYLE_ASSIGNMENT (( #1852 ) ) ;
#1463 = CARTESIAN_POINT ( 'NONE',  ( 0.7949999999999991518, 0.3799999999999989497, 0.6940000000000001723 ) ) ;
#1464 = ORIENTED_EDGE ( 'NONE', *, *, #1933, .T. ) ;
#1465 = AXIS2_PLACEMENT_3D ( 'NONE', #3108, #40, #3058 ) ;
#1466 =( NAMED_UNIT ( * ) SI_UNIT ( $, .STERADIAN. ) SOLID_ANGLE_UNIT ( ) );
#1467 = DIRECTION ( 'NONE',  ( 0.000000000000000000, 0.000000000000000000, 1.000000000000000000 ) ) ;
#1468 = ORIENTED_EDGE ( 'NONE', *, *, #2520, .T. ) ;
#1469 = AXIS2_PLACEMENT_3D ( 'NONE', #4860, #4423, #3639 ) ;
#1470 = SURFACE_SIDE_STYLE ('',( #3815 ) ) ;
#1471 = ORIENTED_EDGE ( 'NONE', *, *, #234, .F. ) ;
#1472 = CARTESIAN_POINT ( 'NONE',  ( 0.3499999999999995892, -0.2050000000000001543, 0.6990000000000005098 ) ) ;
#1473 =( NAMED_UNIT ( * ) SI_UNIT ( $, .STERADIAN. ) SOLID_ANGLE_UNIT ( ) );
#1474 = EDGE_LOOP ( 'NONE', ( #2700, #3154, #2472, #4123, #2957, #896 ) ) ;
#1475 =( GEOMETRIC_REPRESENTATION_CONTEXT ( 3 ) GLOBAL_UNCERTAINTY_ASSIGNED_CONTEXT ( ( #1985 ) ) GLOBAL_UNIT_ASSIGNED_CONTEXT ( ( #3580, #4678, #89 ) ) REPRESENTATION_CONTEXT ( 'NONE', 'WORKASPACE' ) );
#1476 = CARTESIAN_POINT ( 'NONE',  ( -0.7944809940983941221, 0.3894809940983939289, 0.6990000000000005098 ) ) ;
#1477 = CARTESIAN_POINT ( 'NONE',  ( 0.3449999999999991962, 0.2000000000000000944, 0.000000000000000000 ) ) ;
#1478 = VECTOR ( 'NONE', #1993, 1000.000000000000000 ) ;
#1479 = LINE ( 'NONE', #2521, #3419 ) ;
#1480 = VERTEX_POINT ( 'NONE', #4782 ) ;
#1481 =( NAMED_UNIT ( * ) PLANE_ANGLE_UNIT ( ) SI_UNIT ( $, .RADIAN. ) );
#1482 = STYLED_ITEM ( 'NONE', ( #2885 ), #3235 ) ;
#1483 = DIRECTION ( 'NONE',  ( 1.000000000000000000, 0.000000000000000000, 0.000000000000000000 ) ) ;
#1484 = PRESENTATION_LAYER_ASSIGNMENT (  '', '', ( #1264 ) ) ;
#1485 = ORIENTED_EDGE ( 'NONE', *, *, #958, .F. ) ;
#1486 = PRESENTATION_LAYER_ASSIGNMENT (  '', '', ( #206 ) ) ;
#1487 = CARTESIAN_POINT ( 'NONE',  ( -0.6050000000000006484, 0.1449999999999998790, 0.001000000000000000454 ) ) ;
#1488 = SURFACE_STYLE_FILL_AREA ( #802 ) ;
#1489 = PRESENTATION_STYLE_ASSIGNMENT (( #1148 ) ) ;
#1490 = MECHANICAL_DESIGN_GEOMETRIC_PRESENTATION_REPRESENTATION (  '', ( #2849 ), #2108 ) ;
#1491 = AXIS2_PLACEMENT_3D ( 'NONE', #1503, #4564, #4590 ) ;
#1492 = LINE ( 'NONE', #1085, #4885 ) ;
#1493 = LINE ( 'NONE', #2254, #2690 ) ;
#1494 = MECHANICAL_DESIGN_GEOMETRIC_PRESENTATION_REPRESENTATION (  '', ( #2446 ), #2191 ) ;
#1495 = EDGE_CURVE ( 'NONE', #2608, #769, #1979, .T. ) ;
#1496 = EDGE_CURVE ( 'NONE', #1982, #3248, #1283, .T. ) ;
#1497 = SURFACE_STYLE_USAGE ( .BOTH. , #1470 ) ;
#1498 = ORIENTED_EDGE ( 'NONE', *, *, #4864, .F. ) ;
#1499 = PRESENTATION_STYLE_ASSIGNMENT (( #391 ) ) ;
#1500 = AXIS2_PLACEMENT_3D ( 'NONE', #697, #4847, #4105 ) ;
#1501 = COLOUR_RGB ( '',1.000000000000000000, 1.000000000000000000, 1.000000000000000000 ) ;
#1502 = EDGE_LOOP ( 'NONE', ( #4150, #3792, #2995, #2966 ) ) ;
#1503 = CARTESIAN_POINT ( 'NONE',  ( -0.7799999999999991385, 0.3799999999999989497, 0.6940000000000001723 ) ) ;
#1504 = PRESENTATION_STYLE_ASSIGNMENT (( #4073 ) ) ;
#1505 = UNCERTAINTY_MEASURE_WITH_UNIT (LENGTH_MEASURE( 1.000000000000000082E-05 ), #3358, 'distance_accuracy_value', 'NONE');
#1506 = DIRECTION ( 'NONE',  ( 0.000000000000000000, -0.000000000000000000, -1.000000000000000000 ) ) ;
#1507 = ORIENTED_EDGE ( 'NONE', *, *, #3405, .T. ) ;
#1508 = CARTESIAN_POINT ( 'NONE',  ( -0.7799999999999990274, 0.3949999999999994071, 0.001000000000000013248 ) ) ;
#1509 =( LENGTH_UNIT ( ) NAMED_UNIT ( * ) SI_UNIT ( .MILLI., .METRE. ) );
#1510 = FILL_AREA_STYLE ('',( #774 ) ) ;
#1511 = ORIENTED_EDGE ( 'NONE', *, *, #3739, .T. ) ;
#1512 = SURFACE_STYLE_USAGE ( .BOTH. , #4506 ) ;
#1513 = DIRECTION ( 'NONE',  ( 0.000000000000000000, 0.000000000000000000, -1.000000000000000000 ) ) ;
#1514 = FILL_AREA_STYLE ('',( #727 ) ) ;
#1515 = FACE_OUTER_BOUND ( 'NONE', #3799, .T. ) ;
#1516 = AXIS2_PLACEMENT_3D ( 'NONE', #1714, #2918, #2074 ) ;
#1517 = UNCERTAINTY_MEASURE_WITH_UNIT (LENGTH_MEASURE( 1.000000000000000082E-05 ), #4726, 'distance_accuracy_value', 'NONE');
#1518 =( NAMED_UNIT ( * ) SI_UNIT ( $, .STERADIAN. ) SOLID_ANGLE_UNIT ( ) );
#1519 = PRESENTATION_LAYER_ASSIGNMENT (  '', '', ( #4810 ) ) ;
#1520 = ADVANCED_FACE ( 'NONE', ( #979 ), #2821, .T. ) ;
#1521 = CARTESIAN_POINT ( 'NONE',  ( -0.7949999999999999289, -0.3799999999999989497, 0.006000000000000002727 ) ) ;
#1522 = ORIENTED_EDGE ( 'NONE', *, *, #3117, .F. ) ;
#1523 = FACE_OUTER_BOUND ( 'NONE', #2389, .T. ) ;
#1524 = PRESENTATION_STYLE_ASSIGNMENT (( #4219 ) ) ;
#1525 = ADVANCED_FACE ( 'NONE', ( #2554 ), #3762, .T. ) ;
#1526 = EDGE_CURVE ( 'NONE', #2038, #2418, #4531, .T. ) ;
#1527 =( LENGTH_UNIT ( ) NAMED_UNIT ( * ) SI_UNIT ( .MILLI., .METRE. ) );
#1528 = PLANE ( 'NONE',  #3661 ) ;
#1529 = ORIENTED_EDGE ( 'NONE', *, *, #2590, .T. ) ;
#1530 = CARTESIAN_POINT ( 'NONE',  ( 0.000000000000000000, 0.000000000000000000, 0.000000000000000000 ) ) ;
#1531 = CARTESIAN_POINT ( 'NONE',  ( -0.7979289321881337660, 0.3799999999999990052, 0.001000000000000267168 ) ) ;
#1532 = MECHANICAL_DESIGN_GEOMETRIC_PRESENTATION_REPRESENTATION (  '', ( #4430 ), #411 ) ;
#1533 = SURFACE_STYLE_USAGE ( .BOTH. , #2243 ) ;
#1534 = ORIENTED_EDGE ( 'NONE', *, *, #5, .T. ) ;
#1535 = FACE_OUTER_BOUND ( 'NONE', #1048, .T. ) ;
#1536 = DIRECTION ( 'NONE',  ( 0.000000000000000000, 0.000000000000000000, 1.000000000000000000 ) ) ;
#1537 =( GEOMETRIC_REPRESENTATION_CONTEXT ( 3 ) GLOBAL_UNCERTAINTY_ASSIGNED_CONTEXT ( ( #4273 ) ) GLOBAL_UNIT_ASSIGNED_CONTEXT ( ( #3867, #2338, #2725 ) ) REPRESENTATION_CONTEXT ( 'NONE', 'WORKASPACE' ) );
#1538 = UNCERTAINTY_MEASURE_WITH_UNIT (LENGTH_MEASURE( 1.000000000000000082E-05 ), #1189, 'distance_accuracy_value', 'NONE');
#1539 = DIRECTION ( 'NONE',  ( 0.000000000000000000, 0.000000000000000000, 1.000000000000000000 ) ) ;
#1540 = CYLINDRICAL_SURFACE ( 'NONE', #2895, 0.005000000000000013115 ) ;
#1541 = DIRECTION ( 'NONE',  ( 7.116814260417670485E-16, -1.000000000000000000, 0.000000000000000000 ) ) ;
#1542 = COLOUR_RGB ( '',1.000000000000000000, 1.000000000000000000, 1.000000000000000000 ) ;
#1543 = STYLED_ITEM ( 'NONE', ( #3652 ), #773 ) ;
#1544 = CARTESIAN_POINT ( 'NONE',  ( -0.7999999999999999334, 0.3799999999999989497, 0.6940000000000001723 ) ) ;
#1545 = VECTOR ( 'NONE', #1262, 1000.000000000000000 ) ;
#1546 = AXIS2_PLACEMENT_3D ( 'NONE', #2210, #2185, #4148 ) ;
#1547 = SURFACE_STYLE_FILL_AREA ( #2311 ) ;
#1548 = CARTESIAN_POINT ( 'NONE',  ( -0.04999999999999989869, 0.1499999999999999667, 0.6990000000000005098 ) ) ;
#1549 = ORIENTED_EDGE ( 'NONE', *, *, #3116, .T. ) ;
#1550 = EDGE_CURVE ( 'NONE', #3360, #4449, #2416, .T. ) ;
#1551 = DIRECTION ( 'NONE',  ( 0.000000000000000000, 0.000000000000000000, -1.000000000000000000 ) ) ;
#1552 = FILL_AREA_STYLE ('',( #2293 ) ) ;
#1553 =( GEOMETRIC_REPRESENTATION_CONTEXT ( 3 ) GLOBAL_UNCERTAINTY_ASSIGNED_CONTEXT ( ( #3824 ) ) GLOBAL_UNIT_ASSIGNED_CONTEXT ( ( #535, #4023, #3237 ) ) REPRESENTATION_CONTEXT ( 'NONE', 'WORKASPACE' ) );
#1554 = UNCERTAINTY_MEASURE_WITH_UNIT (LENGTH_MEASURE( 1.000000000000000082E-05 ), #2319, 'distance_accuracy_value', 'NONE');
#1555 = ORIENTED_EDGE ( 'NONE', *, *, #4203, .T. ) ;
#1556 = AXIS2_PLACEMENT_3D ( 'NONE', #4014, #629, #259 ) ;
#1557 = ITEM_DEFINED_TRANSFORMATION ( 'NONE', 'NONE', #468,  #302 ) ;
#1558 = ADVANCED_FACE ( 'NONE', ( #3292 ), #285, .T. ) ;
#1559 = CARTESIAN_POINT ( 'NONE',  ( 0.3499999999999995337, -0.4000000000000001332, 0.006000000000000002727 ) ) ;
#1560 = EDGE_CURVE ( 'NONE', #4812, #899, #3549, .T. ) ;
#1561 = CARTESIAN_POINT ( 'NONE',  ( 0.1750000000000000167, 0.3949999999999999067, 0.6999999999999988454 ) ) ;
#1562 = AXIS2_PLACEMENT_3D ( 'NONE', #1487, #1175, #4507 ) ;
#1563 = ORIENTED_EDGE ( 'NONE', *, *, #1903, .F. ) ;
#1564 = CARTESIAN_POINT ( 'NONE',  ( 0.3499999999999994227, -0.4000000000000001332, 0.000000000000000000 ) ) ;
#1565 = DIRECTION ( 'NONE',  ( 0.000000000000000000, -1.000000000000000000, 0.000000000000000000 ) ) ;
#1566 = DIRECTION ( 'NONE',  ( 1.000000000000000000, 0.000000000000000000, 0.000000000000000000 ) ) ;
#1567 = VECTOR ( 'NONE', #1073, 1000.000000000000000 ) ;
#1568 = SURFACE_STYLE_USAGE ( .BOTH. , #3946 ) ;
#1569 = DIRECTION ( 'NONE',  ( -1.000000000000000000, -8.896017825522091804E-17, 0.000000000000000000 ) ) ;
#1570 = UNCERTAINTY_MEASURE_WITH_UNIT (LENGTH_MEASURE( 1.000000000000000082E-05 ), #4824, 'distance_accuracy_value', 'NONE');
#1571 = CIRCLE ( 'NONE', #2365, 0.005000000000000013115 ) ;
#1572 = CARTESIAN_POINT ( 'NONE',  ( -0.6050000000000006484, -0.1449999999999998790, 0.000000000000000000 ) ) ;
#1573 = PRESENTATION_STYLE_ASSIGNMENT (( #3791 ) ) ;
#1574 = CARTESIAN_POINT ( 'NONE',  ( -0.04999999999999988481, 0.1499999999999999667, 0.6990000000000005098 ) ) ;
#1575 = AXIS2_PLACEMENT_3D ( 'NONE', #3101, #33, #1551 ) ;
#1576 = CARTESIAN_POINT ( 'NONE',  ( 0.3449999999999991962, 0.2000000000000000666, 0.000000000000000000 ) ) ;
#1577 = VERTEX_POINT ( 'NONE', #1559 ) ;
#1578 = DIRECTION ( 'NONE',  ( 0.000000000000000000, 1.000000000000000000, -0.000000000000000000 ) ) ;
#1579 =( GEOMETRIC_REPRESENTATION_CONTEXT ( 3 ) GLOBAL_UNCERTAINTY_ASSIGNED_CONTEXT ( ( #3121 ) ) GLOBAL_UNIT_ASSIGNED_CONTEXT ( ( #645, #1099, #3037 ) ) REPRESENTATION_CONTEXT ( 'NONE', 'WORKASPACE' ) );
#1580 = VECTOR ( 'NONE', #1131, 1000.000000000000000 ) ;
#1581 = VERTEX_POINT ( 'NONE', #3500 ) ;
#1582 = DIRECTION ( 'NONE',  ( 1.000000000000000000, 0.000000000000000000, 0.000000000000000000 ) ) ;
#1583 = DIRECTION ( 'NONE',  ( 1.000000000000000000, 8.896017825522090571E-17, -0.000000000000000000 ) ) ;
#1584 = CARTESIAN_POINT ( 'NONE',  ( -0.7799999999999991385, -0.3949999999999998512, 0.6940000000000001723 ) ) ;
#1585 =( GEOMETRIC_REPRESENTATION_CONTEXT ( 3 ) GLOBAL_UNCERTAINTY_ASSIGNED_CONTEXT ( ( #472 ) ) GLOBAL_UNIT_ASSIGNED_CONTEXT ( ( #1843, #662, #3342 ) ) REPRESENTATION_CONTEXT ( 'NONE', 'WORKASPACE' ) );
#1586 = EDGE_CURVE ( 'NONE', #4403, #1914, #757, .T. ) ;
#1587 = DIRECTION ( 'NONE',  ( 1.000000000000000000, 0.000000000000000000, 0.000000000000000000 ) ) ;
#1588 = ORIENTED_EDGE ( 'NONE', *, *, #2466, .F. ) ;
#1589 = LINE ( 'NONE', #2276, #3749 ) ;
#1590 = SURFACE_STYLE_USAGE ( .BOTH. , #3143 ) ;
#1591 = FILL_AREA_STYLE_COLOUR ( '', #1266 ) ;
#1592 = SURFACE_STYLE_FILL_AREA ( #74 ) ;
#1593 = DIRECTION ( 'NONE',  ( -0.000000000000000000, 1.000000000000000000, 0.000000000000000000 ) ) ;
#1594 = CARTESIAN_POINT ( 'NONE',  ( 0.7999999999999991562, -0.3799999999999989497, 0.000000000000000000 ) ) ;
#1595 = STYLED_ITEM ( 'NONE', ( #685 ), #119 ) ;
#1596 = SURFACE_SIDE_STYLE ('',( #3901 ) ) ;
#1597 = PRESENTATION_STYLE_ASSIGNMENT (( #29 ) ) ;
#1598 = ORIENTED_EDGE ( 'NONE', *, *, #842, .F. ) ;
#1599 =( NAMED_UNIT ( * ) SI_UNIT ( $, .STERADIAN. ) SOLID_ANGLE_UNIT ( ) );
#1600 = SURFACE_STYLE_USAGE ( .BOTH. , #2703 ) ;
#1601 = UNCERTAINTY_MEASURE_WITH_UNIT (LENGTH_MEASURE( 1.000000000000000082E-05 ), #4262, 'distance_accuracy_value', 'NONE');
#1602 = AXIS2_PLACEMENT_3D ( 'NONE', #4165, #2230, #2621 ) ;
#1603 = FACE_OUTER_BOUND ( 'NONE', #4675, .T. ) ;
#1604 = ORIENTED_EDGE ( 'NONE', *, *, #4296, .F. ) ;
#1605 = PRESENTATION_STYLE_ASSIGNMENT (( #3882 ) ) ;
#1606 = LINE ( 'NONE', #2380, #286 ) ;
#1607 = DIRECTION ( 'NONE',  ( 0.000000000000000000, 0.000000000000000000, -1.000000000000000000 ) ) ;
#1608 = ORIENTED_EDGE ( 'NONE', *, *, #1106, .T. ) ;
#1609 =( NAMED_UNIT ( * ) SI_UNIT ( $, .STERADIAN. ) SOLID_ANGLE_UNIT ( ) );
#1610 = EDGE_CURVE ( 'NONE', #661, #1849, #1392, .T. ) ;
#1611 = DIRECTION ( 'NONE',  ( 1.000000000000000000, 8.896017825522090571E-17, -0.000000000000000000 ) ) ;
#1612 = CARTESIAN_POINT ( 'NONE',  ( -0.8000000000000001554, 0.1499999999999999667, 0.006000000000000002727 ) ) ;
#1613 = CARTESIAN_POINT ( 'NONE',  ( 0.7950000000000000400, 0.1499999999999999667, 0.004999999999999989696 ) ) ;
#1614 = AXIS2_PLACEMENT_3D ( 'NONE', #3052, #3547, #3526 ) ;
#1615 = CARTESIAN_POINT ( 'NONE',  ( -0.3499999999999995892, -0.4000000000000001332, 0.001000000000000000454 ) ) ;
#1616 = ADVANCED_FACE ( 'NONE', ( #1939 ), #505, .T. ) ;
#1617 = DIRECTION ( 'NONE',  ( 0.000000000000000000, 0.000000000000000000, 1.000000000000000000 ) ) ;
#1618 = DIRECTION ( 'NONE',  ( 3.652049423109069799E-16, -1.000000000000000000, 0.000000000000000000 ) ) ;
#1619 =( GEOMETRIC_REPRESENTATION_CONTEXT ( 3 ) GLOBAL_UNCERTAINTY_ASSIGNED_CONTEXT ( ( #3615 ) ) GLOBAL_UNIT_ASSIGNED_CONTEXT ( ( #4904, #2916, #704 ) ) REPRESENTATION_CONTEXT ( 'NONE', 'WORKASPACE' ) );
#1620 = CARTESIAN_POINT ( 'NONE',  ( -0.3499999999999995892, -0.3949999999999998512, 0.001000000000000000671 ) ) ;
#1621 = FILL_AREA_STYLE_COLOUR ( '', #1934 ) ;
#1622 = ORIENTED_EDGE ( 'NONE', *, *, #4453, .T. ) ;
#1623 = AXIS2_PLACEMENT_3D ( 'NONE', #4718, #580, #3232 ) ;
#1624 = PRESENTATION_LAYER_ASSIGNMENT (  '', '', ( #2827 ) ) ;
#1625 = DIRECTION ( 'NONE',  ( 0.000000000000000000, 0.000000000000000000, -1.000000000000000000 ) ) ;
#1626 = CIRCLE ( 'NONE', #4518, 0.005000000000000013115 ) ;
#1627 = ORIENTED_EDGE ( 'NONE', *, *, #3845, .F. ) ;
#1628 = FILL_AREA_STYLE_COLOUR ( '', #1242 ) ;
#1629 = AXIS2_PLACEMENT_3D ( 'NONE', #2454, #2013, #3214 ) ;
#1630 = DIRECTION ( 'NONE',  ( 0.000000000000000000, 0.000000000000000000, 1.000000000000000000 ) ) ;
#1631 = STYLED_ITEM ( 'NONE', ( #4487 ), #2410 ) ;
#1632 = ORIENTED_EDGE ( 'NONE', *, *, #2620, .T. ) ;
#1633 = SURFACE_STYLE_USAGE ( .BOTH. , #114 ) ;
#1634 = VECTOR ( 'NONE', #539, 1000.000000000000000 ) ;
#1635 = DIRECTION ( 'NONE',  ( -0.000000000000000000, -0.000000000000000000, -1.000000000000000000 ) ) ;
#1636 = LINE ( 'NONE', #116, #1014 ) ;
#1637 =( GEOMETRIC_REPRESENTATION_CONTEXT ( 3 ) GLOBAL_UNCERTAINTY_ASSIGNED_CONTEXT ( ( #557 ) ) GLOBAL_UNIT_ASSIGNED_CONTEXT ( ( #2137, #4769, #972 ) ) REPRESENTATION_CONTEXT ( 'NONE', 'WORKASPACE' ) );
#1638 =( NAMED_UNIT ( * ) PLANE_ANGLE_UNIT ( ) SI_UNIT ( $, .RADIAN. ) );
#1639 = CARTESIAN_POINT ( 'NONE',  ( 0.7799999999999991385, -0.3949999999999997402, 0.001000000000000006960 ) ) ;
#1640 = CYLINDRICAL_SURFACE ( 'NONE', #4547, 0.005000000000000013115 ) ;
#1641 = ORIENTED_EDGE ( 'NONE', *, *, #2869, .T. ) ;
#1642 = AXIS2_PLACEMENT_3D ( 'NONE', #354, #1141, #1897 ) ;
#1643 = DIRECTION ( 'NONE',  ( -0.000000000000000000, 0.000000000000000000, 1.000000000000000000 ) ) ;
#1644 = ADVANCED_FACE ( 'NONE', ( #481 ), #2736, .T. ) ;
#1645 = DIRECTION ( 'NONE',  ( -0.000000000000000000, -0.000000000000000000, -1.000000000000000000 ) ) ;
#1646 =( GEOMETRIC_REPRESENTATION_CONTEXT ( 3 ) GLOBAL_UNCERTAINTY_ASSIGNED_CONTEXT ( ( #398 ) ) GLOBAL_UNIT_ASSIGNED_CONTEXT ( ( #76, #473, #2436 ) ) REPRESENTATION_CONTEXT ( 'NONE', 'WORKASPACE' ) );
#1647 = ORIENTED_EDGE ( 'NONE', *, *, #1704, .F. ) ;
#1648 = CARTESIAN_POINT ( 'NONE',  ( -0.3449999999999991962, 0.2000000000000000666, 0.000000000000000000 ) ) ;
#1649 = PRESENTATION_LAYER_ASSIGNMENT (  '', '', ( #4225 ) ) ;
#1650 = CIRCLE ( 'NONE', #4778, 0.005000000000000013115 ) ;
#1651 = UNCERTAINTY_MEASURE_WITH_UNIT (LENGTH_MEASURE( 1.000000000000000082E-05 ), #4412, 'distance_accuracy_value', 'NONE');
#1652 = ORIENTED_EDGE ( 'NONE', *, *, #3906, .T. ) ;
#1653 = DIRECTION ( 'NONE',  ( 1.000000000000000000, 0.000000000000000000, 0.000000000000000000 ) ) ;
#1654 = MECHANICAL_DESIGN_GEOMETRIC_PRESENTATION_REPRESENTATION (  '', ( #293 ), #1724 ) ;
#1655 =( NAMED_UNIT ( * ) SI_UNIT ( $, .STERADIAN. ) SOLID_ANGLE_UNIT ( ) );
#1656 = COLOUR_RGB ( '',0.7490196078431372584, 0.7490196078431372584, 0.7490196078431372584 ) ;
#1657 = CARTESIAN_POINT ( 'NONE',  ( -0.7979289321881339880, -0.3799999999999988387, 0.001000000000000267168 ) ) ;
#1658 = MECHANICAL_DESIGN_GEOMETRIC_PRESENTATION_REPRESENTATION (  '', ( #2116 ), #2859 ) ;
#1659 = DIRECTION ( 'NONE',  ( -0.000000000000000000, -0.000000000000000000, -1.000000000000000000 ) ) ;
#1660 = FILL_AREA_STYLE ('',( #3554 ) ) ;
#1661 = FILL_AREA_STYLE_COLOUR ( '', #4817 ) ;
#1662 =( NAMED_UNIT ( * ) PLANE_ANGLE_UNIT ( ) SI_UNIT ( $, .RADIAN. ) );
#1663 = ORIENTED_EDGE ( 'NONE', *, *, #1848, .T. ) ;
#1664 = FILL_AREA_STYLE ('',( #4829 ) ) ;
#1665 = CARTESIAN_POINT ( 'NONE',  ( 0.8000000000000002665, -0.1499999999999999667, 0.000000000000000000 ) ) ;
#1666 = ORIENTED_EDGE ( 'NONE', *, *, #4237, .F. ) ;
#1667 = EDGE_CURVE ( 'NONE', #2550, #3898, #2333, .T. ) ;
#1668 = CARTESIAN_POINT ( 'NONE',  ( -0.7799999999999991385, -0.3949999999999997402, 0.6990000000000002878 ) ) ;
#1669 = ADVANCED_FACE ( 'NONE', ( #3530 ), #1247, .T. ) ;
#1670 = AXIS2_PLACEMENT_3D ( 'NONE', #3309, #4862, #4119 ) ;
#1671 = EDGE_LOOP ( 'NONE', ( #4543, #2806, #2141, #671, #1917, #2187 ) ) ;
#1672 = CARTESIAN_POINT ( 'NONE',  ( 0.6050000000000006484, -0.1449999999999998790, 0.001000000000000000454 ) ) ;
#1673 = SURFACE_SIDE_STYLE ('',( #2063 ) ) ;
#1674 =( NAMED_UNIT ( * ) PLANE_ANGLE_UNIT ( ) SI_UNIT ( $, .RADIAN. ) );
#1675 = ADVANCED_FACE ( 'NONE', ( #969 ), #177, .T. ) ;
#1676 = SURFACE_SIDE_STYLE ('',( #2042 ) ) ;
#1677 = COLOUR_RGB ( '',1.000000000000000000, 1.000000000000000000, 1.000000000000000000 ) ;
#1678 = FILL_AREA_STYLE ('',( #156 ) ) ;
#1679 = ORIENTED_EDGE ( 'NONE', *, *, #4055, .F. ) ;
#1680 = PRESENTATION_STYLE_ASSIGNMENT (( #1746 ) ) ;
#1681 = AXIS2_PLACEMENT_3D ( 'NONE', #1572, #3485, #370 ) ;
#1682 = CARTESIAN_POINT ( 'NONE',  ( -0.7799999999999991385, -0.3799999999999989497, 0.6940000000000001723 ) ) ;
#1683 = FILL_AREA_STYLE ('',( #2091 ) ) ;
#1684 =( LENGTH_UNIT ( ) NAMED_UNIT ( * ) SI_UNIT ( .MILLI., .METRE. ) );
#1685 = SURFACE_SIDE_STYLE ('',( #2460 ) ) ;
#1686 = ORIENTED_EDGE ( 'NONE', *, *, #330, .F. ) ;
#1687 = VECTOR ( 'NONE', #4714, 1000.000000000000000 ) ;
#1688 =( LENGTH_UNIT ( ) NAMED_UNIT ( * ) SI_UNIT ( .MILLI., .METRE. ) );
#1689 = FACE_OUTER_BOUND ( 'NONE', #1744, .T. ) ;
#1690 = CARTESIAN_POINT ( 'NONE',  ( -0.7799999999999990274, 0.3949999999999996292, 0.6990000000000002878 ) ) ;
#1691 = ORIENTED_EDGE ( 'NONE', *, *, #429, .T. ) ;
#1692 = PRESENTATION_LAYER_ASSIGNMENT (  '', '', ( #4738 ) ) ;
#1693 = SURFACE_SIDE_STYLE ('',( #4733 ) ) ;
#1694 = LINE ( 'NONE', #3228, #3049 ) ;
#1695 = MECHANICAL_DESIGN_GEOMETRIC_PRESENTATION_REPRESENTATION (  '', ( #184 ), #997 ) ;
#1696 = UNCERTAINTY_MEASURE_WITH_UNIT (LENGTH_MEASURE( 1.000000000000000082E-05 ), #4382, 'distance_accuracy_value', 'NONE');
#1697 = VERTEX_POINT ( 'NONE', #1341 ) ;
#1698 = SURFACE_STYLE_USAGE ( .BOTH. , #636 ) ;
#1699 =( LENGTH_UNIT ( ) NAMED_UNIT ( * ) SI_UNIT ( .MILLI., .METRE. ) );
#1700 = CARTESIAN_POINT ( 'NONE',  ( 0.8000000000000002665, -0.3799999999999989497, 0.000000000000000000 ) ) ;
#1701 = B_SPLINE_CURVE_WITH_KNOTS ( 'NONE', 3,
 ( #3273, #2101, #216, #4804 ),
 .UNSPECIFIED., .F., .F.,
 ( 4, 4 ),
 ( 0.000000000000000000, 1.000000000000000000 ),
 .UNSPECIFIED. ) ;
#1702 = EDGE_CURVE ( 'NONE', #4841, #4513, #3642, .T. ) ;
#1703 = COLOUR_RGB ( '',0.7490196078431372584, 0.7490196078431372584, 0.7490196078431372584 ) ;
#1704 = EDGE_CURVE ( 'NONE', #1697, #1282, #2880, .T. ) ;
#1705 = DIRECTION ( 'NONE',  ( 1.000000000000000000, 0.000000000000000000, 0.000000000000000000 ) ) ;
#1706 = SURFACE_SIDE_STYLE ('',( #1024 ) ) ;
#1707 = DIRECTION ( 'NONE',  ( 0.000000000000000000, 0.000000000000000000, 1.000000000000000000 ) ) ;
#1708 =( GEOMETRIC_REPRESENTATION_CONTEXT ( 3 ) GLOBAL_UNCERTAINTY_ASSIGNED_CONTEXT ( ( #3572 ) ) GLOBAL_UNIT_ASSIGNED_CONTEXT ( ( #3440, #788, #1864 ) ) REPRESENTATION_CONTEXT ( 'NONE', 'WORKASPACE' ) );
#1709 = DIRECTION ( 'NONE',  ( 3.652049423109069799E-16, -1.000000000000000000, 0.000000000000000000 ) ) ;
#1710 = CIRCLE ( 'NONE', #3727, 0.005000000000000013115 ) ;
#1711 = DIRECTION ( 'NONE',  ( 1.000000000000000000, 0.000000000000000000, 0.000000000000000000 ) ) ;
#1712 = ORIENTED_EDGE ( 'NONE', *, *, #3150, .F. ) ;
#1713 = CARTESIAN_POINT ( 'NONE',  ( 1.387778780781446415E-16, -0.1999999999999998446, 0.6990000000000005098 ) ) ;
#1714 = CARTESIAN_POINT ( 'NONE',  ( 0.7799999999999991385, 0.3799999999999989497, 0.000000000000000000 ) ) ;
#1715 = CARTESIAN_POINT ( 'NONE',  ( -0.3499999999999995892, 0.4000000000000001332, 0.006000000000000002727 ) ) ;
#1716 = DIRECTION ( 'NONE',  ( -0.000000000000000000, 1.000000000000000000, 0.000000000000000000 ) ) ;
#1717 = CARTESIAN_POINT ( 'NONE',  ( 0.6000000000000003109, -0.1449999999999998790, 0.001000000000000000454 ) ) ;
#1718 = EDGE_LOOP ( 'NONE', ( #3274, #3628, #3010, #406 ) ) ;
#1719 = VECTOR ( 'NONE', #516, 1000.000000000000000 ) ;
#1720 =( NAMED_UNIT ( * ) SI_UNIT ( $, .STERADIAN. ) SOLID_ANGLE_UNIT ( ) );
#1721 = EDGE_LOOP ( 'NONE', ( #4588, #1874, #1166, #4424 ) ) ;
#1722 =( NAMED_UNIT ( * ) PLANE_ANGLE_UNIT ( ) SI_UNIT ( $, .RADIAN. ) );
#1723 = PRESENTATION_LAYER_ASSIGNMENT (  '', '', ( #2607 ) ) ;
#1724 =( GEOMETRIC_REPRESENTATION_CONTEXT ( 3 ) GLOBAL_UNCERTAINTY_ASSIGNED_CONTEXT ( ( #4242 ) ) GLOBAL_UNIT_ASSIGNED_CONTEXT ( ( #3560, #4343, #4241 ) ) REPRESENTATION_CONTEXT ( 'NONE', 'WORKASPACE' ) );
#1725 = ORIENTED_EDGE ( 'NONE', *, *, #3906, .F. ) ;
#1726 = DIRECTION ( 'NONE',  ( 1.000000000000000000, 0.000000000000000000, 0.000000000000000000 ) ) ;
#1727 = CARTESIAN_POINT ( 'NONE',  ( 0.3449999999999991962, -0.2050000000000001543, 0.6990000000000005098 ) ) ;
#1728 = AXIS2_PLACEMENT_3D ( 'NONE', #4257, #830, #4229 ) ;
#1729 = EDGE_CURVE ( 'NONE', #1581, #1577, #506, .T. ) ;
#1730 = SURFACE_STYLE_USAGE ( .BOTH. , #955 ) ;
#1731 =( GEOMETRIC_REPRESENTATION_CONTEXT ( 3 ) GLOBAL_UNCERTAINTY_ASSIGNED_CONTEXT ( ( #3896 ) ) GLOBAL_UNIT_ASSIGNED_CONTEXT ( ( #3055, #4307, #4275 ) ) REPRESENTATION_CONTEXT ( 'NONE', 'WORKASPACE' ) );
#1732 = SURFACE_SIDE_STYLE ('',( #3680 ) ) ;
#1733 = VERTEX_POINT ( 'NONE', #223 ) ;
#1734 = EDGE_CURVE ( 'NONE', #4942, #722, #4592, .T. ) ;
#1735 = LINE ( 'NONE', #4061, #2664 ) ;
#1736 = ORIENTED_EDGE ( 'NONE', *, *, #4896, .F. ) ;
#1737 = FILL_AREA_STYLE_COLOUR ( '', #2452 ) ;
#1738 = FACE_OUTER_BOUND ( 'NONE', #4920, .T. ) ;
#1739 = ORIENTED_EDGE ( 'NONE', *, *, #3077, .T. ) ;
#1740 = CARTESIAN_POINT ( 'NONE',  ( -0.7799999999999990274, 0.3949999999999996292, 0.6990000000000002878 ) ) ;
#1741 = STYLED_ITEM ( 'NONE', ( #3231 ), #94 ) ;
#1742 = SURFACE_STYLE_USAGE ( .BOTH. , #1992 ) ;
#1743 = FILL_AREA_STYLE ('',( #225 ) ) ;
#1744 = EDGE_LOOP ( 'NONE', ( #2833, #1632, #4187, #1736 ) ) ;
#1745 = DIRECTION ( 'NONE',  ( -1.000000000000000000, -8.896017825522091804E-17, 0.000000000000000000 ) ) ;
#1746 = SURFACE_STYLE_USAGE ( .BOTH. , #1706 ) ;
#1747 = COLOUR_RGB ( '',0.7490196078431372584, 0.7490196078431372584, 0.7490196078431372584 ) ;
#1748 =( NAMED_UNIT ( * ) PLANE_ANGLE_UNIT ( ) SI_UNIT ( $, .RADIAN. ) );
#1749 = CARTESIAN_POINT ( 'NONE',  ( -0.6050000000000006484, 0.1449999999999998790, 0.000000000000000000 ) ) ;
#1750 = EDGE_CURVE ( 'NONE', #2597, #1581, #2028, .T. ) ;
#1751 = FILL_AREA_STYLE ('',( #235 ) ) ;
#1752 = ORIENTED_EDGE ( 'NONE', *, *, #1610, .T. ) ;
#1753 = FILL_AREA_STYLE ('',( #4111 ) ) ;
#1754 = SURFACE_SIDE_STYLE ('',( #2919 ) ) ;
#1755 = SURFACE_STYLE_FILL_AREA ( #981 ) ;
#1756 = DIRECTION ( 'NONE',  ( 0.000000000000000000, 0.000000000000000000, 1.000000000000000000 ) ) ;
#1757 = EDGE_CURVE ( 'NONE', #2656, #1388, #4660, .T. ) ;
#1758 = CARTESIAN_POINT ( 'NONE',  ( 0.3499999999999995892, 0.4000000000000001332, 0.6949999999999988409 ) ) ;
#1759 = ORIENTED_EDGE ( 'NONE', *, *, #93, .T. ) ;
#1760 = EDGE_CURVE ( 'NONE', #3068, #1095, #144, .T. ) ;
#1761 = LINE ( 'NONE', #4835, #715 ) ;
#1762 = CARTESIAN_POINT ( 'NONE',  ( -0.7999999999999990452, 0.3799999999999990608, 0.6940000000000001723 ) ) ;
#1763 = MECHANICAL_DESIGN_GEOMETRIC_PRESENTATION_REPRESENTATION (  '', ( #1766 ), #3384 ) ;
#1764 = CARTESIAN_POINT ( 'NONE',  ( -0.3449999999999991962, 0.2050000000000001543, 0.000000000000000000 ) ) ;
#1765 = ORIENTED_EDGE ( 'NONE', *, *, #117, .T. ) ;
#1766 = STYLED_ITEM ( 'NONE', ( #1788 ), #1319 ) ;
#1767 = SURFACE_SIDE_STYLE ('',( #1120 ) ) ;
#1768 = COLOUR_RGB ( '',1.000000000000000000, 1.000000000000000000, 1.000000000000000000 ) ;
#1769 = PRESENTATION_LAYER_ASSIGNMENT (  '', '', ( #3710 ) ) ;
#1770 = ORIENTED_EDGE ( 'NONE', *, *, #1734, .T. ) ;
#1771 = PRODUCT_DEFINITION_SHAPE ( 'NONE', 'NONE',  #3492 ) ;
#1772 = UNCERTAINTY_MEASURE_WITH_UNIT (LENGTH_MEASURE( 1.000000000000000082E-05 ), #3987, 'distance_accuracy_value', 'NONE');
#1773 = LINE ( 'NONE', #4457, #2836 ) ;
#1774 = PRESENTATION_LAYER_ASSIGNMENT (  '', '', ( #2491 ) ) ;
#1775 = CIRCLE ( 'NONE', #508, 0.004999999999999989696 ) ;
#1776 = AXIS2_PLACEMENT_3D ( 'NONE', #1306, #3658, #3271 ) ;
#1777 =( NAMED_UNIT ( * ) PLANE_ANGLE_UNIT ( ) SI_UNIT ( $, .RADIAN. ) );
#1778 = CIRCLE ( 'NONE', #4287, 0.005000000000000013115 ) ;
#1779 = CARTESIAN_POINT ( 'NONE',  ( 0.7887867965644030921, -0.3949999999999993516, 0.6990000000000001767 ) ) ;
#1780 = CYLINDRICAL_SURFACE ( 'NONE', #2525, 0.005000000000000013115 ) ;
#1781 = VERTEX_POINT ( 'NONE', #1574 ) ;
#1782 = DIRECTION ( 'NONE',  ( 1.000000000000000000, 0.000000000000000000, 0.000000000000000000 ) ) ;
#1783 = CARTESIAN_POINT ( 'NONE',  ( -0.04999999999999989175, -0.1499999999999999389, 0.6990000000000005098 ) ) ;
#1784 =( GEOMETRIC_REPRESENTATION_CONTEXT ( 3 ) GLOBAL_UNCERTAINTY_ASSIGNED_CONTEXT ( ( #4761 ) ) GLOBAL_UNIT_ASSIGNED_CONTEXT ( ( #4854, #2485, #2534 ) ) REPRESENTATION_CONTEXT ( 'NONE', 'WORKASPACE' ) );
#1785 =( NAMED_UNIT ( * ) SI_UNIT ( $, .STERADIAN. ) SOLID_ANGLE_UNIT ( ) );
#1786 = ORIENTED_EDGE ( 'NONE', *, *, #1017, .F. ) ;
#1787 = SURFACE_STYLE_USAGE ( .BOTH. , #3356 ) ;
#1788 = PRESENTATION_STYLE_ASSIGNMENT (( #656 ) ) ;
#1789 =( GEOMETRIC_REPRESENTATION_CONTEXT ( 3 ) GLOBAL_UNCERTAINTY_ASSIGNED_CONTEXT ( ( #2448 ) ) GLOBAL_UNIT_ASSIGNED_CONTEXT ( ( #706, #1182, #3375 ) ) REPRESENTATION_CONTEXT ( 'NONE', 'WORKASPACE' ) );
#1790 = EDGE_CURVE ( 'NONE', #702, #531, #1239, .T. ) ;
#1791 = VERTEX_POINT ( 'NONE', #3202 ) ;
#1792 = CARTESIAN_POINT ( 'NONE',  ( 0.6050000000000006484, -0.1499999999999999667, 0.000000000000000000 ) ) ;
#1793 = COLOUR_RGB ( '',1.000000000000000000, 1.000000000000000000, 1.000000000000000000 ) ;
#1794 = ORIENTED_EDGE ( 'NONE', *, *, #1550, .T. ) ;
#1795 = MECHANICAL_DESIGN_GEOMETRIC_PRESENTATION_REPRESENTATION (  '', ( #1264 ), #4934 ) ;
#1796 = CARTESIAN_POINT ( 'NONE',  ( -0.7905025253169408739, 0.3979289321881337993, 0.001000000000000267168 ) ) ;
#1797 = VECTOR ( 'NONE', #200, 1000.000000000000000 ) ;
#1798 = ORIENTED_EDGE ( 'NONE', *, *, #2489, .F. ) ;
#1799 = SURFACE_SIDE_STYLE ('',( #359 ) ) ;
#1800 = LINE ( 'NONE', #4156, #4608 ) ;
#1801 = PRESENTATION_STYLE_ASSIGNMENT (( #2195 ) ) ;
#1802 = PRESENTATION_LAYER_ASSIGNMENT (  '', '', ( #293 ) ) ;
#1803 = STYLED_ITEM ( 'NONE', ( #3328 ), #4019 ) ;
#1804 = SURFACE_STYLE_USAGE ( .BOTH. , #2094 ) ;
#1805 = DIRECTION ( 'NONE',  ( -1.000000000000000000, -8.896017825522090571E-17, 0.000000000000000000 ) ) ;
#1806 = ORIENTED_EDGE ( 'NONE', *, *, #34, .T. ) ;
#1807 = CARTESIAN_POINT ( 'NONE',  ( -0.3499999999999995892, 0.2050000000000001543, 0.6999999999999991784 ) ) ;
#1808 = CARTESIAN_POINT ( 'NONE',  ( -0.7950000000000001510, 0.3799999999999989497, 0.006000000000000002727 ) ) ;
#1809 = EDGE_LOOP ( 'NONE', ( #254, #351, #451, #4154 ) ) ;
#1810 = FACE_OUTER_BOUND ( 'NONE', #4016, .T. ) ;
#1811 = DIRECTION ( 'NONE',  ( 0.000000000000000000, 0.000000000000000000, -1.000000000000000000 ) ) ;
#1812 =( NAMED_UNIT ( * ) SI_UNIT ( $, .STERADIAN. ) SOLID_ANGLE_UNIT ( ) );
#1813 = ORIENTED_EDGE ( 'NONE', *, *, #3405, .F. ) ;
#1814 = SURFACE_STYLE_USAGE ( .BOTH. , #2975 ) ;
#1815 = EDGE_CURVE ( 'NONE', #4410, #578, #4709, .T. ) ;
#1816 = EDGE_CURVE ( 'NONE', #2883, #4174, #2698, .T. ) ;
#1817 = LINE ( 'NONE', #3361, #674 ) ;
#1818 = FACE_OUTER_BOUND ( 'NONE', #1425, .T. ) ;
#1819 = ORIENTED_EDGE ( 'NONE', *, *, #3026, .T. ) ;
#1820 =( LENGTH_UNIT ( ) NAMED_UNIT ( * ) SI_UNIT ( .MILLI., .METRE. ) );
#1821 = EDGE_CURVE ( 'NONE', #4001, #375, #1626, .T. ) ;
#1822 = CARTESIAN_POINT ( 'NONE',  ( 0.7999999999999991562, 0.3799999999999989497, 0.6940000000000001723 ) ) ;
#1823 =( NAMED_UNIT ( * ) PLANE_ANGLE_UNIT ( ) SI_UNIT ( $, .RADIAN. ) );
#1824 = ORIENTED_EDGE ( 'NONE', *, *, #4686, .F. ) ;
#1825 = FACE_OUTER_BOUND ( 'NONE', #1839, .T. ) ;
#1826 = CARTESIAN_POINT ( 'NONE',  ( -0.8000000000000002665, 0.1499999999999999667, 0.001000000000000000454 ) ) ;
#1827 = AXIS2_PLACEMENT_3D ( 'NONE', #3703, #2440, #4754 ) ;
#1828 =( LENGTH_UNIT ( ) NAMED_UNIT ( * ) SI_UNIT ( .MILLI., .METRE. ) );
#1829 =( LENGTH_UNIT ( ) NAMED_UNIT ( * ) SI_UNIT ( .MILLI., .METRE. ) );
#1830 = ORIENTED_EDGE ( 'NONE', *, *, #2898, .T. ) ;
#1831 = DIRECTION ( 'NONE',  ( 1.000000000000000000, 0.000000000000000000, 0.000000000000000000 ) ) ;
#1832 =( NAMED_UNIT ( * ) SI_UNIT ( $, .STERADIAN. ) SOLID_ANGLE_UNIT ( ) );
#1833 = ORIENTED_EDGE ( 'NONE', *, *, #1433, .T. ) ;
#1834 = CARTESIAN_POINT ( 'NONE',  ( -0.7799999999999990274, -0.3999999999999989120, 0.6940000000000001723 ) ) ;
#1835 = CARTESIAN_POINT ( 'NONE',  ( -0.8000000000000002665, 0.1499999999999999667, 0.000000000000000000 ) ) ;
#1836 = CIRCLE ( 'NONE', #4496, 0.005000000000000013115 ) ;
#1837 = CARTESIAN_POINT ( 'NONE',  ( -0.7949999999999997069, 0.3799999999999990608, 0.6990000000000001767 ) ) ;
#1838 = CARTESIAN_POINT ( 'NONE',  ( 0.7799999999999992495, -0.3949999999999994071, 0.001000000000000013248 ) ) ;
#1839 = EDGE_LOOP ( 'NONE', ( #4663, #1798, #738, #4554 ) ) ;
#1840 =( LENGTH_UNIT ( ) NAMED_UNIT ( * ) SI_UNIT ( .MILLI., .METRE. ) );
#1841 = CARTESIAN_POINT ( 'NONE',  ( -0.3499999999999995892, 0.2050000000000001543, 0.000000000000000000 ) ) ;
#1842 = VERTEX_POINT ( 'NONE', #1620 ) ;
#1843 =( LENGTH_UNIT ( ) NAMED_UNIT ( * ) SI_UNIT ( .MILLI., .METRE. ) );
#1844 = CARTESIAN_POINT ( 'NONE',  ( 0.7949999999999998179, -0.3799999999999989497, 0.6990000000000003988 ) ) ;
#1845 = STYLED_ITEM ( 'NONE', ( #2585 ), #1525 ) ;
#1846 = SURFACE_SIDE_STYLE ('',( #1170 ) ) ;
#1847 = EDGE_CURVE ( 'NONE', #3702, #3397, #372, .T. ) ;
#1848 = EDGE_CURVE ( 'NONE', #211, #3248, #2391, .T. ) ;
#1849 = VERTEX_POINT ( 'NONE', #869 ) ;
#1850 = MECHANICAL_DESIGN_GEOMETRIC_PRESENTATION_REPRESENTATION (  '', ( #2899 ), #1460 ) ;
#1851 = AXIS2_PLACEMENT_3D ( 'NONE', #1127, #4179, #3812 ) ;
#1852 = SURFACE_STYLE_USAGE ( .BOTH. , #1799 ) ;
#1853 = CARTESIAN_POINT ( 'NONE',  ( 0.6000000000000006439, 0.1449999999999998790, 0.000000000000000000 ) ) ;
#1854 = FILL_AREA_STYLE_COLOUR ( '', #4763 ) ;
#1855 = EDGE_LOOP ( 'NONE', ( #1604, #3874, #283, #4077, #4337, #1765 ) ) ;
#1856 =( LENGTH_UNIT ( ) NAMED_UNIT ( * ) SI_UNIT ( .MILLI., .METRE. ) );
#1857 = COLOUR_RGB ( '',0.7490196078431372584, 0.7490196078431372584, 0.7490196078431372584 ) ;
#1858 = PRESENTATION_STYLE_ASSIGNMENT (( #4089 ) ) ;
#1859 = UNCERTAINTY_MEASURE_WITH_UNIT (LENGTH_MEASURE( 1.000000000000000082E-05 ), #4546, 'distance_accuracy_value', 'NONE');
#1860 = CYLINDRICAL_SURFACE ( 'NONE', #1681, 0.005000000000000013115 ) ;
#1861 = DIRECTION ( 'NONE',  ( 0.000000000000000000, 0.000000000000000000, 1.000000000000000000 ) ) ;
#1862 = ORIENTED_EDGE ( 'NONE', *, *, #4356, .T. ) ;
#1863 = CARTESIAN_POINT ( 'NONE',  ( -0.7950000000000000400, 0.1499999999999999667, 0.6940000000000001723 ) ) ;
#1864 =( NAMED_UNIT ( * ) SI_UNIT ( $, .STERADIAN. ) SOLID_ANGLE_UNIT ( ) );
#1865 = ORIENTED_EDGE ( 'NONE', *, *, #2059, .F. ) ;
#1866 = AXIS2_PLACEMENT_3D ( 'NONE', #4282, #2714, #3172 ) ;
#1867 =( GEOMETRIC_REPRESENTATION_CONTEXT ( 3 ) GLOBAL_UNCERTAINTY_ASSIGNED_CONTEXT ( ( #2397 ) ) GLOBAL_UNIT_ASSIGNED_CONTEXT ( ( #1829, #4529, #384 ) ) REPRESENTATION_CONTEXT ( 'NONE', 'WORKASPACE' ) );
#1868 = ORIENTED_EDGE ( 'NONE', *, *, #1320, .F. ) ;
#1869 = DIRECTION ( 'NONE',  ( 1.000000000000000000, 0.000000000000000000, 0.000000000000000000 ) ) ;
#1870 = CARTESIAN_POINT ( 'NONE',  ( 0.7799999999999990274, 0.3949999999999993516, 0.6990000000000001767 ) ) ;
#1871 = AXIS2_PLACEMENT_3D ( 'NONE', #3242, #1393, #4746 ) ;
#1872 =( NAMED_UNIT ( * ) PLANE_ANGLE_UNIT ( ) SI_UNIT ( $, .RADIAN. ) );
#1873 = STYLED_ITEM ( 'NONE', ( #2773 ), #4135 ) ;
#1874 = ORIENTED_EDGE ( 'NONE', *, *, #541, .F. ) ;
#1875 = AXIS2_PLACEMENT_3D ( 'NONE', #4673, #3912, #1968 ) ;
#1876 =( NAMED_UNIT ( * ) PLANE_ANGLE_UNIT ( ) SI_UNIT ( $, .RADIAN. ) );
#1877 = PRESENTATION_STYLE_ASSIGNMENT (( #4553 ) ) ;
#1878 = EDGE_CURVE ( 'NONE', #196, #3377, #2798, .T. ) ;
#1879 = PLANE ( 'NONE',  #3648 ) ;
#1880 = VECTOR ( 'NONE', #3936, 1000.000000000000000 ) ;
#1881 = FILL_AREA_STYLE_COLOUR ( '', #1747 ) ;
#1882 = MECHANICAL_DESIGN_GEOMETRIC_PRESENTATION_REPRESENTATION (  '', ( #538 ), #1029 ) ;
#1883 = PRESENTATION_LAYER_ASSIGNMENT (  '', '', ( #1108 ) ) ;
#1884 = EDGE_CURVE ( 'NONE', #4001, #1132, #3098, .T. ) ;
#1885 = DIRECTION ( 'NONE',  ( -1.000000000000000000, -8.896017825522090571E-17, 0.000000000000000000 ) ) ;
#1886 = DIRECTION ( 'NONE',  ( -1.000000000000000000, -3.652049423109069799E-16, 0.000000000000000000 ) ) ;
#1887 = ORIENTED_EDGE ( 'NONE', *, *, #1734, .F. ) ;
#1888 = PRESENTATION_LAYER_ASSIGNMENT (  '', '', ( #956 ) ) ;
#1889 = CARTESIAN_POINT ( 'NONE',  ( 0.7949999999999997069, -0.3887867965644027368, 0.001000000000000013248 ) ) ;
#1890 = CARTESIAN_POINT ( 'NONE',  ( 0.3499999999999995892, 0.2050000000000001543, 0.6999999999999991784 ) ) ;
#1891 = EDGE_LOOP ( 'NONE', ( #295, #131, #3915, #1202, #1199, #4194 ) ) ;
#1892 =( NAMED_UNIT ( * ) PLANE_ANGLE_UNIT ( ) SI_UNIT ( $, .RADIAN. ) );
#1893 = DIRECTION ( 'NONE',  ( -0.000000000000000000, -0.000000000000000000, -1.000000000000000000 ) ) ;
#1894 = UNCERTAINTY_MEASURE_WITH_UNIT (LENGTH_MEASURE( 1.000000000000000082E-05 ), #477, 'distance_accuracy_value', 'NONE');
#1895 = FACE_OUTER_BOUND ( 'NONE', #4880, .T. ) ;
#1896 = VERTEX_POINT ( 'NONE', #3181 ) ;
#1897 = DIRECTION ( 'NONE',  ( -1.000000000000000000, 0.000000000000000000, 0.000000000000000000 ) ) ;
#1898 = ORIENTED_EDGE ( 'NONE', *, *, #3150, .T. ) ;
#1899 = DIRECTION ( 'NONE',  ( 0.000000000000000000, -1.000000000000000000, 0.000000000000000000 ) ) ;
#1900 = LINE ( 'NONE', #698, #3407 ) ;
#1901 = PLANE ( 'NONE',  #2162 ) ;
#1902 = CARTESIAN_POINT ( 'NONE',  ( 0.7950000000000000400, 0.07499999999999998335, 0.6940000000000001723 ) ) ;
#1903 = EDGE_CURVE ( 'NONE', #141, #2006, #2009, .T. ) ;
#1904 = DIRECTION ( 'NONE',  ( -0.000000000000000000, -0.000000000000000000, -1.000000000000000000 ) ) ;
#1905 = DIRECTION ( 'NONE',  ( 1.000000000000000000, 0.000000000000000000, -0.000000000000000000 ) ) ;
#1906 = AXIS2_PLACEMENT_3D ( 'NONE', #2283, #2171, #3406 ) ;
#1907 = SURFACE_STYLE_FILL_AREA ( #3518 ) ;
#1908 = EDGE_LOOP ( 'NONE', ( #2972, #2820, #3662, #942, #796, #504 ) ) ;
#1909 =( GEOMETRIC_REPRESENTATION_CONTEXT ( 3 ) GLOBAL_UNCERTAINTY_ASSIGNED_CONTEXT ( ( #2686 ) ) GLOBAL_UNIT_ASSIGNED_CONTEXT ( ( #3127, #1748, #4459 ) ) REPRESENTATION_CONTEXT ( 'NONE', 'WORKASPACE' ) );
#1910 = ADVANCED_FACE ( 'NONE', ( #3974 ), #1930, .T. ) ;
#1911 = ADVANCED_FACE ( 'NONE', ( #1373 ), #4400, .T. ) ;
#1912 = CARTESIAN_POINT ( 'NONE',  ( -0.3499999999999995892, 0.1499999999999999944, 0.6999999999999991784 ) ) ;
#1913 =( NAMED_UNIT ( * ) SI_UNIT ( $, .STERADIAN. ) SOLID_ANGLE_UNIT ( ) );
#1914 = VERTEX_POINT ( 'NONE', #1715 ) ;
#1915 = STYLED_ITEM ( 'NONE', ( #711 ), #577 ) ;
#1916 = DIRECTION ( 'NONE',  ( 1.000000000000000000, 0.000000000000000000, 0.000000000000000000 ) ) ;
#1917 = ORIENTED_EDGE ( 'NONE', *, *, #3871, .F. ) ;
#1918 = CARTESIAN_POINT ( 'NONE',  ( 0.6050000000000006484, -0.1449999999999998790, 0.000000000000000000 ) ) ;
#1919 = CARTESIAN_POINT ( 'NONE',  ( -0.7799999999999990274, -0.3999999999999989120, 0.006000000000000002727 ) ) ;
#1920 =( NAMED_UNIT ( * ) SI_UNIT ( $, .STERADIAN. ) SOLID_ANGLE_UNIT ( ) );
#1921 = ORIENTED_EDGE ( 'NONE', *, *, #2109, .F. ) ;
#1922 = DIRECTION ( 'NONE',  ( -0.000000000000000000, -0.000000000000000000, -1.000000000000000000 ) ) ;
#1923 =( NAMED_UNIT ( * ) SI_UNIT ( $, .STERADIAN. ) SOLID_ANGLE_UNIT ( ) );
#1924 = UNCERTAINTY_MEASURE_WITH_UNIT (LENGTH_MEASURE( 1.000000000000000082E-05 ), #1856, 'distance_accuracy_value', 'NONE');
#1925 = SURFACE_STYLE_USAGE ( .BOTH. , #410 ) ;
#1926 = AXIS2_PLACEMENT_3D ( 'NONE', #1293, #608, #3671 ) ;
#1927 = STYLED_ITEM ( 'NONE', ( #2825 ), #1911 ) ;
#1928 = SURFACE_SIDE_STYLE ('',( #4609 ) ) ;
#1929 = VECTOR ( 'NONE', #3003, 1000.000000000000000 ) ;
#1930 = PLANE ( 'NONE',  #2253 ) ;
#1931 = ORIENTED_EDGE ( 'NONE', *, *, #4393, .T. ) ;
#1932 = CARTESIAN_POINT ( 'NONE',  ( 0.7950000000000000400, 0.1499999999999999667, 0.6990000000000005098 ) ) ;
#1933 = EDGE_CURVE ( 'NONE', #211, #3141, #1735, .T. ) ;
#1934 = COLOUR_RGB ( '',0.7490196078431372584, 0.7490196078431372584, 0.7490196078431372584 ) ;
#1935 = UNCERTAINTY_MEASURE_WITH_UNIT (LENGTH_MEASURE( 1.000000000000000082E-05 ), #2024, 'distance_accuracy_value', 'NONE');
#1936 =( NAMED_UNIT ( * ) PLANE_ANGLE_UNIT ( ) SI_UNIT ( $, .RADIAN. ) );
#1937 = ORIENTED_EDGE ( 'NONE', *, *, #2235, .T. ) ;
#1938 = AXIS2_PLACEMENT_3D ( 'NONE', #4314, #890, #183 ) ;
#1939 = FACE_OUTER_BOUND ( 'NONE', #4569, .T. ) ;
#1940 = CARTESIAN_POINT ( 'NONE',  ( -0.7949999999999995959, -0.3799999999999989497, 0.001000000000000013248 ) ) ;
#1941 = SURFACE_SIDE_STYLE ('',( #2739 ) ) ;
#1942 = EDGE_LOOP ( 'NONE', ( #2225, #101, #2261, #217 ) ) ;
#1943 = SURFACE_STYLE_FILL_AREA ( #439 ) ;
#1944 = FILL_AREA_STYLE ('',( #440 ) ) ;
#1945 = COLOUR_RGB ( '',0.2862745098039215508, 0.2862745098039215508, 0.2862745098039215508 ) ;
#1946 = LINE ( 'NONE', #4650, #369 ) ;
#1947 = CARTESIAN_POINT ( 'NONE',  ( 0.7949999999999999289, 0.3799999999999989497, 0.001000000000000006960 ) ) ;
#1948 = DIRECTION ( 'NONE',  ( 3.652049423109069799E-16, -1.000000000000000000, 0.000000000000000000 ) ) ;
#1949 =( LENGTH_UNIT ( ) NAMED_UNIT ( * ) SI_UNIT ( .MILLI., .METRE. ) );
#1950 = CIRCLE ( 'NONE', #3506, 0.005000000000000013115 ) ;
#1951 =( NAMED_UNIT ( * ) SI_UNIT ( $, .STERADIAN. ) SOLID_ANGLE_UNIT ( ) );
#1952 = FILL_AREA_STYLE ('',( #3515 ) ) ;
#1953 = VECTOR ( 'NONE', #3252, 1000.000000000000000 ) ;
#1954 =( GEOMETRIC_REPRESENTATION_CONTEXT ( 3 ) GLOBAL_UNCERTAINTY_ASSIGNED_CONTEXT ( ( #1696 ) ) GLOBAL_UNIT_ASSIGNED_CONTEXT ( ( #4382, #3429, #3810 ) ) REPRESENTATION_CONTEXT ( 'NONE', 'WORKASPACE' ) );
#1955 =( LENGTH_UNIT ( ) NAMED_UNIT ( * ) SI_UNIT ( .MILLI., .METRE. ) );
#1956 = SURFACE_STYLE_USAGE ( .BOTH. , #4639 ) ;
#1957 = VECTOR ( 'NONE', #1905, 1000.000000000000000 ) ;
#1958 = FILL_AREA_STYLE ('',( #449 ) ) ;
#1959 = SURFACE_SIDE_STYLE ('',( #1117 ) ) ;
#1960 = EDGE_LOOP ( 'NONE', ( #338, #3000, #4595, #4128 ) ) ;
#1961 = PRODUCT ( 'Terminals', 'Terminals', '', ( #432 ) ) ;
#1962 = CARTESIAN_POINT ( 'NONE',  ( -0.6050000000000006484, -0.1449999999999998790, 0.6990000000000005098 ) ) ;
#1963 = CIRCLE ( 'NONE', #4785, 0.004999999999999989696 ) ;
#1964 = CIRCLE ( 'NONE', #1110, 0.005000000000000013115 ) ;
#1965 = EDGE_CURVE ( 'NONE', #4550, #709, #3998, .T. ) ;
#1966 = ORIENTED_EDGE ( 'NONE', *, *, #2118, .T. ) ;
#1967 =( NAMED_UNIT ( * ) PLANE_ANGLE_UNIT ( ) SI_UNIT ( $, .RADIAN. ) );
#1968 = DIRECTION ( 'NONE',  ( 1.000000000000000000, 0.000000000000000000, 0.000000000000000000 ) ) ;
#1969 =( LENGTH_UNIT ( ) NAMED_UNIT ( * ) SI_UNIT ( .MILLI., .METRE. ) );
#1970 = ADVANCED_FACE ( 'NONE', ( #4012 ), #2507, .T. ) ;
#1971 = ORIENTED_EDGE ( 'NONE', *, *, #983, .T. ) ;
#1972 = EDGE_CURVE ( 'NONE', #146, #4513, #4830, .T. ) ;
#1973 = LINE ( 'NONE', #3112, #2493 ) ;
#1974 = CARTESIAN_POINT ( 'NONE',  ( 0.8000000000000002665, -0.1499999999999999667, 0.6949999999999988409 ) ) ;
#1975 = FILL_AREA_STYLE ('',( #2744 ) ) ;
#1976 = DIRECTION ( 'NONE',  ( 1.734723475976809806E-16, -1.000000000000000000, 0.000000000000000000 ) ) ;
#1977 = CARTESIAN_POINT ( 'NONE',  ( 0.7950000000000000400, -0.1499999999999999667, 0.000000000000000000 ) ) ;
#1978 =( LENGTH_UNIT ( ) NAMED_UNIT ( * ) SI_UNIT ( .MILLI., .METRE. ) );
#1979 = LINE ( 'NONE', #1355, #2411 ) ;
#1980 = UNCERTAINTY_MEASURE_WITH_UNIT (LENGTH_MEASURE( 1.000000000000000082E-05 ), #4873, 'distance_accuracy_value', 'NONE');
#1981 = PRESENTATION_STYLE_ASSIGNMENT (( #4731 ) ) ;
#1982 = VERTEX_POINT ( 'NONE', #2144 ) ;
#1983 = VECTOR ( 'NONE', #325, 1000.000000000000000 ) ;
#1984 = CARTESIAN_POINT ( 'NONE',  ( 0.1750000000000000167, -0.3999999999999998557, 0.6940000000000001723 ) ) ;
#1985 = UNCERTAINTY_MEASURE_WITH_UNIT (LENGTH_MEASURE( 1.000000000000000082E-05 ), #3580, 'distance_accuracy_value', 'NONE');
#1986 = AXIS2_PLACEMENT_3D ( 'NONE', #1135, #1158, #844 ) ;
#1987 = EDGE_LOOP ( 'NONE', ( #1522, #1159, #4110, #3826 ) ) ;
#1988 = SURFACE_STYLE_FILL_AREA ( #798 ) ;
#1989 = LINE ( 'NONE', #3550, #2600 ) ;
#1990 = EDGE_LOOP ( 'NONE', ( #725, #3258, #4326, #586 ) ) ;
#1991 = FILL_AREA_STYLE_COLOUR ( '', #214 ) ;
#1992 = SURFACE_SIDE_STYLE ('',( #892 ) ) ;
#1993 = DIRECTION ( 'NONE',  ( -1.000000000000000000, -0.000000000000000000, -0.000000000000000000 ) ) ;
#1994 = EDGE_CURVE ( 'NONE', #226, #2006, #3704, .T. ) ;
#1995 = EDGE_CURVE ( 'NONE', #3859, #2111, #3913, .T. ) ;
#1996 = CARTESIAN_POINT ( 'NONE',  ( -0.3499999999999996447, 0.3949999999999997957, 0.004999999999999989696 ) ) ;
#1997 = AXIS2_PLACEMENT_3D ( 'NONE', #4591, #4272, #1161 ) ;
#1998 = APPLICATION_CONTEXT ( 'automotive_design' ) ;
#1999 = LINE ( 'NONE', #3457, #1957 ) ;
#2000 = CARTESIAN_POINT ( 'NONE',  ( 0.3449999999999991962, -0.1999999999999999833, 0.6990000000000005098 ) ) ;
#2001 = VERTEX_POINT ( 'NONE', #2682 ) ;
#2002 = SURFACE_STYLE_FILL_AREA ( #897 ) ;
#2003 = COLOUR_RGB ( '',0.7490196078431372584, 0.7490196078431372584, 0.7490196078431372584 ) ;
#2004 = AXIS2_PLACEMENT_3D ( 'NONE', #865, #1617, #4683 ) ;
#2005 = FACE_OUTER_BOUND ( 'NONE', #3134, .T. ) ;
#2006 = VERTEX_POINT ( 'NONE', #3806 ) ;
#2007 = AXIS2_PLACEMENT_3D ( 'NONE', #927, #2107, #2424 ) ;
#2008 = CIRCLE ( 'NONE', #497, 0.02000000000000005246 ) ;
#2009 = CIRCLE ( 'NONE', #113, 0.005000000000000013115 ) ;
#2010 = ORIENTED_EDGE ( 'NONE', *, *, #1139, .F. ) ;
#2011 = STYLED_ITEM ( 'NONE', ( #4611 ), #2307 ) ;
#2012 = CARTESIAN_POINT ( 'NONE',  ( -0.7799999999999989164, -0.3999999999999989675, 0.003071067811865685164 ) ) ;
#2013 = DIRECTION ( 'NONE',  ( 0.000000000000000000, 0.000000000000000000, 1.000000000000000000 ) ) ;
#2014 = ORIENTED_EDGE ( 'NONE', *, *, #4, .T. ) ;
#2015 = DIRECTION ( 'NONE',  ( -1.000000000000000000, -8.896017825522090571E-17, 0.000000000000000000 ) ) ;
#2016 = DIRECTION ( 'NONE',  ( 0.000000000000000000, 0.000000000000000000, 1.000000000000000000 ) ) ;
#2017 = PLANE ( 'NONE',  #2746 ) ;
#2018 = DIRECTION ( 'NONE',  ( 0.000000000000000000, -1.000000000000000000, -0.000000000000000000 ) ) ;
#2019 = CIRCLE ( 'NONE', #3075, 0.005000000000000013115 ) ;
#2020 = CARTESIAN_POINT ( 'NONE',  ( 0.3499999999999995892, 0.2050000000000001543, 0.000000000000000000 ) ) ;
#2021 = EDGE_CURVE ( 'NONE', #903, #1275, #2499, .T. ) ;
#2022 = EDGE_CURVE ( 'NONE', #2649, #968, #673, .T. ) ;
#2023 = FILL_AREA_STYLE ('',( #4396 ) ) ;
#2024 =( LENGTH_UNIT ( ) NAMED_UNIT ( * ) SI_UNIT ( .MILLI., .METRE. ) );
#2025 = ORIENTED_EDGE ( 'NONE', *, *, #1560, .T. ) ;
#2026 = LINE ( 'NONE', #98, #4511 ) ;
#2027 = CIRCLE ( 'NONE', #4460, 0.005000000000000066891 ) ;
#2028 = LINE ( 'NONE', #2340, #2569 ) ;
#2029 = CARTESIAN_POINT ( 'NONE',  ( 0.7949999999999995959, 0.3887867965644027923, 0.001000000000000013248 ) ) ;
#2030 = MECHANICAL_DESIGN_GEOMETRIC_PRESENTATION_REPRESENTATION (  '', ( #1414 ), #871 ) ;
#2031 = VERTEX_POINT ( 'NONE', #3082 ) ;
#2032 = VECTOR ( 'NONE', #4427, 1000.000000000000000 ) ;
#2033 = ADVANCED_FACE ( 'NONE', ( #4952 ), #3450, .T. ) ;
#2034 =( LENGTH_UNIT ( ) NAMED_UNIT ( * ) SI_UNIT ( .MILLI., .METRE. ) );
#2035 = CARTESIAN_POINT ( 'NONE',  ( -0.3499999999999995892, -0.3949999999999998512, 0.004999999999999989696 ) ) ;
#2036 = VECTOR ( 'NONE', #4943, 1000.000000000000000 ) ;
#2037 = UNCERTAINTY_MEASURE_WITH_UNIT (LENGTH_MEASURE( 1.000000000000000082E-05 ), #2523, 'distance_accuracy_value', 'NONE');
#2038 = VERTEX_POINT ( 'NONE', #3833 ) ;
#2039 = VERTEX_POINT ( 'NONE', #466 ) ;
#2040 = SURFACE_STYLE_USAGE ( .BOTH. , #1673 ) ;
#2041 = DIRECTION ( 'NONE',  ( -0.000000000000000000, -0.000000000000000000, -1.000000000000000000 ) ) ;
#2042 = SURFACE_STYLE_FILL_AREA ( #155 ) ;
#2043 = COLOUR_RGB ( '',1.000000000000000000, 1.000000000000000000, 1.000000000000000000 ) ;
#2044 = CYLINDRICAL_SURFACE ( 'NONE', #434, 0.005000000000000066891 ) ;
#2045 = PRESENTATION_STYLE_ASSIGNMENT (( #2884 ) ) ;
#2046 =( NAMED_UNIT ( * ) SI_UNIT ( $, .STERADIAN. ) SOLID_ANGLE_UNIT ( ) );
#2047 = PRESENTATION_STYLE_ASSIGNMENT (( #1742 ) ) ;
#2048 = CARTESIAN_POINT ( 'NONE',  ( -0.8000000000000000444, 0.1899999999999999467, 0.6940000000000001723 ) ) ;
#2049 = CARTESIAN_POINT ( 'NONE',  ( 0.8000000000000002665, -0.1499999999999999667, 0.000000000000000000 ) ) ;
#2050 = SURFACE_SIDE_STYLE ('',( #3220 ) ) ;
#2051 = VERTEX_POINT ( 'NONE', #828 ) ;
#2052 = CARTESIAN_POINT ( 'NONE',  ( -0.7950000000000000400, 3.469446951953609875E-17, 0.6990000000000005098 ) ) ;
#2053 =( NAMED_UNIT ( * ) PLANE_ANGLE_UNIT ( ) SI_UNIT ( $, .RADIAN. ) );
#2054 = DIRECTION ( 'NONE',  ( 1.000000000000000000, 0.000000000000000000, 0.000000000000000000 ) ) ;
#2055 = ORIENTED_EDGE ( 'NONE', *, *, #2960, .T. ) ;
#2056 = CARTESIAN_POINT ( 'NONE',  ( 0.3499999999999995892, 0.3949999999999998512, 0.6990000000000005098 ) ) ;
#2057 = AXIS2_PLACEMENT_3D ( 'NONE', #926, #2423, #2061 ) ;
#2058 = EDGE_CURVE ( 'NONE', #4513, #211, #850, .T. ) ;
#2059 = EDGE_CURVE ( 'NONE', #4519, #522, #4626, .T. ) ;
#2060 = ORIENTED_EDGE ( 'NONE', *, *, #1458, .T. ) ;
#2061 = DIRECTION ( 'NONE',  ( 0.000000000000000000, -0.000000000000000000, 1.000000000000000000 ) ) ;
#2062 = AXIS2_PLACEMENT_3D ( 'NONE', #4703, #4607, #4653 ) ;
#2063 = SURFACE_STYLE_FILL_AREA ( #532 ) ;
#2064 = DIRECTION ( 'NONE',  ( 1.000000000000000000, 0.000000000000000000, 0.000000000000000000 ) ) ;
#2065 = AXIS2_PLACEMENT_3D ( 'NONE', #2729, #6, #450 ) ;
#2066 = CARTESIAN_POINT ( 'NONE',  ( -0.3449999999999991962, -0.2050000000000001543, 0.6990000000000005098 ) ) ;
#2067 = SURFACE_STYLE_FILL_AREA ( #952 ) ;
#2068 = FILL_AREA_STYLE_COLOUR ( '', #4727 ) ;
#2069 = CARTESIAN_POINT ( 'NONE',  ( -0.3499999999999995892, 0.2050000000000001543, 0.6990000000000005098 ) ) ;
#2070 = CARTESIAN_POINT ( 'NONE',  ( 0.1750000000000000167, -0.3949999999999998512, 0.6940000000000001723 ) ) ;
#2071 = ORIENTED_EDGE ( 'NONE', *, *, #3805, .F. ) ;
#2072 = DIRECTION ( 'NONE',  ( 1.000000000000000000, 0.000000000000000000, 0.000000000000000000 ) ) ;
#2073 = COLOUR_RGB ( '',1.000000000000000000, 1.000000000000000000, 1.000000000000000000 ) ;
#2074 = DIRECTION ( 'NONE',  ( 1.000000000000000000, 0.000000000000000000, 0.000000000000000000 ) ) ;
#2075 =( NAMED_UNIT ( * ) PLANE_ANGLE_UNIT ( ) SI_UNIT ( $, .RADIAN. ) );
#2076 = CARTESIAN_POINT ( 'NONE',  ( 0.8000000000000002665, -0.1499999999999999667, 0.004999999999999989696 ) ) ;
#2077 = ORIENTED_EDGE ( 'NONE', *, *, #2466, .T. ) ;
#2078 = VECTOR ( 'NONE', #4779, 1000.000000000000000 ) ;
#2079 = CARTESIAN_POINT ( 'NONE',  ( 0.3449999999999991962, 0.2000000000000000666, 0.000000000000000000 ) ) ;
#2080 = VERTEX_POINT ( 'NONE', #1142 ) ;
#2081 = LINE ( 'NONE', #2450, #3198 ) ;
#2082 = EDGE_CURVE ( 'NONE', #531, #3164, #907, .T. ) ;
#2083 = PRESENTATION_STYLE_ASSIGNMENT (( #3982 ) ) ;
#2084 = ADVANCED_FACE ( 'NONE', ( #405 ), #2356, .T. ) ;
#2085 = FACE_OUTER_BOUND ( 'NONE', #3819, .T. ) ;
#2086 = STYLED_ITEM ( 'NONE', ( #3522 ), #1910 ) ;
#2087 = ORIENTED_EDGE ( 'NONE', *, *, #1079, .T. ) ;
#2088 = FACE_OUTER_BOUND ( 'NONE', #1043, .T. ) ;
#2089 = FILL_AREA_STYLE ('',( #3945 ) ) ;
#2090 = APPLICATION_CONTEXT ( 'automotive_design' ) ;
#2091 = FILL_AREA_STYLE_COLOUR ( '', #3124 ) ;
#2092 = PRESENTATION_STYLE_ASSIGNMENT (( #4366 ) ) ;
#2093 = CIRCLE ( 'NONE', #4760, 0.005000000000000066891 ) ;
#2094 = SURFACE_SIDE_STYLE ('',( #596 ) ) ;
#2095 = DIRECTION ( 'NONE',  ( 0.000000000000000000, 0.000000000000000000, -1.000000000000000000 ) ) ;
#2096 = VERTEX_POINT ( 'NONE', #4409 ) ;
#2097 = DIRECTION ( 'NONE',  ( 0.000000000000000000, 0.000000000000000000, -1.000000000000000000 ) ) ;
#2098 = COLOUR_RGB ( '',0.7490196078431372584, 0.7490196078431372584, 0.7490196078431372584 ) ;
#2099 = SURFACE_SIDE_STYLE ('',( #4011 ) ) ;
#2100 = FILL_AREA_STYLE ('',( #2145 ) ) ;
#2101 = CARTESIAN_POINT ( 'NONE',  ( -0.7944809940983941221, -0.3894809940983939289, 0.6990000000000005098 ) ) ;
#2102 = ORIENTED_EDGE ( 'NONE', *, *, #2785, .F. ) ;
#2103 = PRESENTATION_LAYER_ASSIGNMENT (  '', '', ( #1482 ) ) ;
#2104 = CARTESIAN_POINT ( 'NONE',  ( -0.7999999999999991562, -0.3917157287525369624, 0.6940000000000001723 ) ) ;
#2105 =( NAMED_UNIT ( * ) PLANE_ANGLE_UNIT ( ) SI_UNIT ( $, .RADIAN. ) );
#2106 = ORIENTED_EDGE ( 'NONE', *, *, #3329, .T. ) ;
#2107 = DIRECTION ( 'NONE',  ( -1.000000000000000000, -3.652049423109069799E-16, 0.000000000000000000 ) ) ;
#2108 =( GEOMETRIC_REPRESENTATION_CONTEXT ( 3 ) GLOBAL_UNCERTAINTY_ASSIGNED_CONTEXT ( ( #4536 ) ) GLOBAL_UNIT_ASSIGNED_CONTEXT ( ( #4788, #554, #3685 ) ) REPRESENTATION_CONTEXT ( 'NONE', 'WORKASPACE' ) );
#2109 = EDGE_CURVE ( 'NONE', #750, #2473, #2427, .T. ) ;
#2110 = LINE ( 'NONE', #3674, #284 ) ;
#2111 = VERTEX_POINT ( 'NONE', #485 ) ;
#2112 = PRESENTATION_LAYER_ASSIGNMENT (  '', '', ( #3094 ) ) ;
#2113 =( NAMED_UNIT ( * ) SI_UNIT ( $, .STERADIAN. ) SOLID_ANGLE_UNIT ( ) );
#2114 = DIRECTION ( 'NONE',  ( 1.000000000000000000, 0.000000000000000000, -0.000000000000000000 ) ) ;
#2115 = PLANE ( 'NONE',  #3581 ) ;
#2116 = STYLED_ITEM ( 'NONE', ( #3110 ), #4805 ) ;
#2117 =( GEOMETRIC_REPRESENTATION_CONTEXT ( 3 ) GLOBAL_UNCERTAINTY_ASSIGNED_CONTEXT ( ( #1184 ) ) GLOBAL_UNIT_ASSIGNED_CONTEXT ( ( #236, #4874, #4086 ) ) REPRESENTATION_CONTEXT ( 'NONE', 'WORKASPACE' ) );
#2118 = EDGE_CURVE ( 'NONE', #1697, #4846, #678, .T. ) ;
#2119 = EDGE_CURVE ( 'NONE', #684, #2559, #3169, .T. ) ;
#2120 = CARTESIAN_POINT ( 'NONE',  ( -0.8000000000000002665, 0.1499999999999999667, 0.000000000000000000 ) ) ;
#2121 = CARTESIAN_POINT ( 'NONE',  ( -0.7799999999999991385, -0.3799999999999989497, 0.000000000000000000 ) ) ;
#2122 = ORIENTED_EDGE ( 'NONE', *, *, #541, .T. ) ;
#2123 = SURFACE_SIDE_STYLE ('',( #2888 ) ) ;
#2124 =( LENGTH_UNIT ( ) NAMED_UNIT ( * ) SI_UNIT ( .MILLI., .METRE. ) );
#2125 = SURFACE_STYLE_USAGE ( .BOTH. , #3296 ) ;
#2126 = DIRECTION ( 'NONE',  ( 1.000000000000000000, 0.000000000000000000, -0.000000000000000000 ) ) ;
#2127 = ORIENTED_EDGE ( 'NONE', *, *, #484, .T. ) ;
#2128 = CARTESIAN_POINT ( 'NONE',  ( -0.7949999999999995959, -0.3799999999999989497, 0.6990000000000001767 ) ) ;
#2129 = CARTESIAN_POINT ( 'NONE',  ( 0.7950000000000000400, 0.1499999999999999667, 0.6999999999999990674 ) ) ;
#2130 = PRESENTATION_STYLE_ASSIGNMENT (( #3767 ) ) ;
#2131 =( NAMED_UNIT ( * ) PLANE_ANGLE_UNIT ( ) SI_UNIT ( $, .RADIAN. ) );
#2132 = ORIENTED_EDGE ( 'NONE', *, *, #1994, .F. ) ;
#2133 = SURFACE_STYLE_USAGE ( .BOTH. , #2599 ) ;
#2134 = LINE ( 'NONE', #3387, #1318 ) ;
#2135 = CARTESIAN_POINT ( 'NONE',  ( 0.8000000000000002665, -0.1499999999999999667, 0.004999999999999989696 ) ) ;
#2136 = ORIENTED_EDGE ( 'NONE', *, *, #257, .T. ) ;
#2137 =( LENGTH_UNIT ( ) NAMED_UNIT ( * ) SI_UNIT ( .MILLI., .METRE. ) );
#2138 = FACE_OUTER_BOUND ( 'NONE', #4420, .T. ) ;
#2139 = EDGE_CURVE ( 'NONE', #1403, #2656, #2164, .T. ) ;
#2140 = EDGE_CURVE ( 'NONE', #4160, #3859, #2576, .T. ) ;
#2141 = ORIENTED_EDGE ( 'NONE', *, *, #1729, .T. ) ;
#2142 = DIRECTION ( 'NONE',  ( 0.000000000000000000, -1.000000000000000000, -0.000000000000000000 ) ) ;
#2143 = CARTESIAN_POINT ( 'NONE',  ( -0.7950000000000000400, 0.1499999999999999667, 0.6990000000000005098 ) ) ;
#2144 = CARTESIAN_POINT ( 'NONE',  ( -0.6000000000000005329, -0.1449999999999998790, 0.001000000000000000454 ) ) ;
#2145 = FILL_AREA_STYLE_COLOUR ( '', #2502 ) ;
#2146 = ORIENTED_EDGE ( 'NONE', *, *, #3614, .T. ) ;
#2147 = LINE ( 'NONE', #4040, #4318 ) ;
#2148 = CARTESIAN_POINT ( 'NONE',  ( -0.7799999999999990274, 0.3949999999999994071, 0.6990000000000001767 ) ) ;
#2149 = CIRCLE ( 'NONE', #1452, 0.005000000000000013115 ) ;
#2150 =( LENGTH_UNIT ( ) NAMED_UNIT ( * ) SI_UNIT ( .MILLI., .METRE. ) );
#2151 = LINE ( 'NONE', #717, #817 ) ;
#2152 = ORIENTED_EDGE ( 'NONE', *, *, #1292, .F. ) ;
#2153 = AXIS2_PLACEMENT_3D ( 'NONE', #2844, #3249, #961 ) ;
#2154 = APPLICATION_CONTEXT ( 'automotive_design' ) ;
#2155 = FILL_AREA_STYLE_COLOUR ( '', #3032 ) ;
#2156 = FILL_AREA_STYLE ('',( #1018 ) ) ;
#2157 = STYLED_ITEM ( 'NONE', ( #1605 ), #1644 ) ;
#2158 = COLOUR_RGB ( '',0.7490196078431372584, 0.7490196078431372584, 0.7490196078431372584 ) ;
#2159 = DIRECTION ( 'NONE',  ( -1.000000000000000000, -0.000000000000000000, 0.000000000000000000 ) ) ;
#2160 = EDGE_LOOP ( 'NONE', ( #1258, #1003, #62, #1588 ) ) ;
#2161 = FILL_AREA_STYLE ('',( #4101 ) ) ;
#2162 = AXIS2_PLACEMENT_3D ( 'NONE', #2384, #3582, #4816 ) ;
#2163 = SURFACE_SIDE_STYLE ('',( #1050 ) ) ;
#2164 = CIRCLE ( 'NONE', #1629, 0.02000000000000005246 ) ;
#2165 = ORIENTED_EDGE ( 'NONE', *, *, #3969, .T. ) ;
#2166 = CARTESIAN_POINT ( 'NONE',  ( 0.6050000000000006484, 0.1449999999999998790, 0.000000000000000000 ) ) ;
#2167 = CIRCLE ( 'NONE', #601, 0.02000000000000005246 ) ;
#2168 = CARTESIAN_POINT ( 'NONE',  ( 0.8000000000000001554, -0.1499999999999999667, 0.6940000000000001723 ) ) ;
#2169 = SURFACE_SIDE_STYLE ('',( #2965 ) ) ;
#2170 = ORIENTED_EDGE ( 'NONE', *, *, #2500, .T. ) ;
#2171 = DIRECTION ( 'NONE',  ( 1.000000000000000000, 0.000000000000000000, 0.000000000000000000 ) ) ;
#2172 = EDGE_CURVE ( 'NONE', #702, #2351, #1778, .T. ) ;
#2173 = COLOUR_RGB ( '',0.5999999999999999778, 0.5999999999999999778, 0.5999999999999999778 ) ;
#2174 = CARTESIAN_POINT ( 'NONE',  ( 2.081668171172168760E-16, -0.2999999999999988787, 0.6999999999999991784 ) ) ;
#2175 = ORIENTED_EDGE ( 'NONE', *, *, #4715, .F. ) ;
#2176 =( BOUNDED_SURFACE ( )  B_SPLINE_SURFACE ( 3, 3, ( 
 ( #2148, #2228, #322, #1837 ),
 ( #4539, #713, #3357, #3689 ),
 ( #3711, #2619, #2951, #245 ),
 ( #4914, #2177, #3738, #1762 ) ),
 .UNSPECIFIED., .F., .F., .F. ) 
 B_SPLINE_SURFACE_WITH_KNOTS ( ( 4, 4 ),
 ( 4, 4 ),
 ( 0.000000000000000000, 1.000000000000000000 ),
 ( 0.000000000000000000, 1.000000000000000000 ),
 .UNSPECIFIED. ) 
 GEOMETRIC_REPRESENTATION_ITEM ( )  RATIONAL_B_SPLINE_SURFACE ( (
 ( 1.000000000000000000, 0.8047378541243633832, 0.8047378541243633832, 1.000000000000000000),
 ( 0.8047378541243905836, 0.6476030138607070663, 0.6476030138607070663, 0.8047378541243905836),
 ( 0.8047378541243905836, 0.6476030138607070663, 0.6476030138607070663, 0.8047378541243905836),
 ( 1.000000000000000000, 0.8047378541243633832, 0.8047378541243633832, 1.000000000000000000) ) ) 
 REPRESENTATION_ITEM ( '' )  SURFACE ( )  );
#2177 = CARTESIAN_POINT ( 'NONE',  ( -0.7917157287525372622, 0.3999999999999989120, 0.6940000000000001723 ) ) ;
#2178 = PRESENTATION_LAYER_ASSIGNMENT (  '', '', ( #4297 ) ) ;
#2179 = ADVANCED_FACE ( 'NONE', ( #509 ), #4336, .F. ) ;
#2180 = DIRECTION ( 'NONE',  ( -0.000000000000000000, 0.000000000000000000, -1.000000000000000000 ) ) ;
#2181 = ORIENTED_EDGE ( 'NONE', *, *, #201, .T. ) ;
#2182 = PRESENTATION_LAYER_ASSIGNMENT (  '', '', ( #2506 ) ) ;
#2183 = FACE_OUTER_BOUND ( 'NONE', #4909, .T. ) ;
#2184 =( LENGTH_UNIT ( ) NAMED_UNIT ( * ) SI_UNIT ( .MILLI., .METRE. ) );
#2185 = DIRECTION ( 'NONE',  ( 3.652049423109069799E-16, -1.000000000000000000, 0.000000000000000000 ) ) ;
#2186 = VECTOR ( 'NONE', #110, 1000.000000000000000 ) ;
#2187 = ORIENTED_EDGE ( 'NONE', *, *, #2680, .F. ) ;
#2188 = CARTESIAN_POINT ( 'NONE',  ( 0.7999999999999991562, 0.3917157287525370735, 0.6969289321881344534 ) ) ;
#2189 = PRESENTATION_LAYER_ASSIGNMENT (  '', '', ( #4852 ) ) ;
#2190 = CARTESIAN_POINT ( 'NONE',  ( -0.8000000000000002665, 0.3799999999999989497, 0.000000000000000000 ) ) ;
#2191 =( GEOMETRIC_REPRESENTATION_CONTEXT ( 3 ) GLOBAL_UNCERTAINTY_ASSIGNED_CONTEXT ( ( #75 ) ) GLOBAL_UNIT_ASSIGNED_CONTEXT ( ( #4181, #4512, #1832 ) ) REPRESENTATION_CONTEXT ( 'NONE', 'WORKASPACE' ) );
#2192 = MECHANICAL_DESIGN_GEOMETRIC_PRESENTATION_REPRESENTATION (  '', ( #3830 ), #4312 ) ;
#2193 = ORIENTED_EDGE ( 'NONE', *, *, #1884, .F. ) ;
#2194 = DIRECTION ( 'NONE',  ( 0.000000000000000000, -0.000000000000000000, -1.000000000000000000 ) ) ;
#2195 = SURFACE_STYLE_USAGE ( .BOTH. , #3062 ) ;
#2196 = STYLED_ITEM ( 'NONE', ( #2950 ), #4013 ) ;
#2197 = ORIENTED_EDGE ( 'NONE', *, *, #2810, .F. ) ;
#2198 = AXIS2_PLACEMENT_3D ( 'NONE', #4411, #1364, #4053 ) ;
#2199 = ORIENTED_EDGE ( 'NONE', *, *, #2022, .F. ) ;
#2200 =( LENGTH_UNIT ( ) NAMED_UNIT ( * ) SI_UNIT ( .MILLI., .METRE. ) );
#2201 = ORIENTED_EDGE ( 'NONE', *, *, #4419, .F. ) ;
#2202 = AXIS2_PLACEMENT_3D ( 'NONE', #1454, #744, #1390 ) ;
#2203 = EDGE_CURVE ( 'NONE', #4217, #347, #2908, .T. ) ;
#2204 = FACE_OUTER_BOUND ( 'NONE', #3769, .T. ) ;
#2205 = CARTESIAN_POINT ( 'NONE',  ( 0.7799999999999992495, -0.3979289321881337438, 0.001000000000000267168 ) ) ;
#2206 = CARTESIAN_POINT ( 'NONE',  ( 0.8000000000000000444, -0.1899999999999999467, 0.6940000000000001723 ) ) ;
#2207 = EDGE_LOOP ( 'NONE', ( #3215, #4118, #4140, #764, #2683, #1122 ) ) ;
#2208 = SURFACE_SIDE_STYLE ('',( #2567 ) ) ;
#2209 = ADVANCED_FACE ( 'NONE', ( #4357 ), #2044, .T. ) ;
#2210 = CARTESIAN_POINT ( 'NONE',  ( -0.7950000000000000400, 0.1899999999999999467, 0.6940000000000001723 ) ) ;
#2211 = ADVANCED_FACE ( 'NONE', ( #1380 ), #294, .T. ) ;
#2212 = FACE_OUTER_BOUND ( 'NONE', #2998, .T. ) ;
#2213 = ORIENTED_EDGE ( 'NONE', *, *, #4075, .T. ) ;
#2214 = CARTESIAN_POINT ( 'NONE',  ( 0.7950000000000000400, -0.1499999999999999667, 0.6990000000000005098 ) ) ;
#2215 = CARTESIAN_POINT ( 'NONE',  ( 0.7944809940983941221, -0.3894809940983939289, 0.6990000000000005098 ) ) ;
#2216 = CARTESIAN_POINT ( 'NONE',  ( -0.6050000000000006484, -0.1499999999999999667, 0.6990000000000005098 ) ) ;
#2217 = VECTOR ( 'NONE', #559, 1000.000000000000000 ) ;
#2218 = EDGE_LOOP ( 'NONE', ( #2325, #1378, #4486, #2979 ) ) ;
#2219 = DIRECTION ( 'NONE',  ( 1.779203565104420086E-16, -1.000000000000000000, 0.000000000000000000 ) ) ;
#2220 = SURFACE_STYLE_FILL_AREA ( #728 ) ;
#2221 = EDGE_LOOP ( 'NONE', ( #639, #2481, #1289, #718 ) ) ;
#2222 =( NAMED_UNIT ( * ) SI_UNIT ( $, .STERADIAN. ) SOLID_ANGLE_UNIT ( ) );
#2223 = AXIS2_PLACEMENT_3D ( 'NONE', #3441, #3463, #3047 ) ;
#2224 = SURFACE_SIDE_STYLE ('',( #4533 ) ) ;
#2225 = ORIENTED_EDGE ( 'NONE', *, *, #2271, .F. ) ;
#2226 = FILL_AREA_STYLE_COLOUR ( '', #655 ) ;
#2227 = CARTESIAN_POINT ( 'NONE',  ( 0.7950000000000000400, 3.469446951953609875E-17, 0.001000000000000000454 ) ) ;
#2228 = CARTESIAN_POINT ( 'NONE',  ( -0.7887867965644030921, 0.3949999999999994627, 0.6990000000000001767 ) ) ;
#2229 = SURFACE_STYLE_FILL_AREA ( #4144 ) ;
#2230 = DIRECTION ( 'NONE',  ( 0.000000000000000000, 0.000000000000000000, 1.000000000000000000 ) ) ;
#2231 = ORIENTED_EDGE ( 'NONE', *, *, #2347, .F. ) ;
#2232 = DIRECTION ( 'NONE',  ( -0.000000000000000000, -0.000000000000000000, -1.000000000000000000 ) ) ;
#2233 = DIRECTION ( 'NONE',  ( 0.000000000000000000, 0.000000000000000000, 1.000000000000000000 ) ) ;
#2234 = PRESENTATION_LAYER_ASSIGNMENT (  '', '', ( #4430 ) ) ;
#2235 = EDGE_CURVE ( 'NONE', #4358, #347, #3690, .T. ) ;
#2236 = ORIENTED_EDGE ( 'NONE', *, *, #93, .F. ) ;
#2237 = ADVANCED_FACE ( 'NONE', ( #4839 ), #985, .T. ) ;
#2238 =( NAMED_UNIT ( * ) SI_UNIT ( $, .STERADIAN. ) SOLID_ANGLE_UNIT ( ) );
#2239 = CARTESIAN_POINT ( 'NONE',  ( 0.7887867965644028700, 0.3949999999999994071, 0.6990000000000001767 ) ) ;
#2240 = CIRCLE ( 'NONE', #4188, 0.005000000000000013115 ) ;
#2241 = CARTESIAN_POINT ( 'NONE',  ( -0.04999999999999989869, -0.1499999999999999667, 0.6999999999999991784 ) ) ;
#2242 = STYLED_ITEM ( 'NONE', ( #3453 ), #803 ) ;
#2243 = SURFACE_SIDE_STYLE ('',( #4176 ) ) ;
#2244 = ORIENTED_EDGE ( 'NONE', *, *, #582, .F. ) ;
#2245 = COLOUR_RGB ( '',1.000000000000000000, 1.000000000000000000, 1.000000000000000000 ) ;
#2246 = MECHANICAL_DESIGN_GEOMETRIC_PRESENTATION_REPRESENTATION (  '', ( #2827 ), #3559 ) ;
#2247 =( LENGTH_UNIT ( ) NAMED_UNIT ( * ) SI_UNIT ( .MILLI., .METRE. ) );
#2248 = FACE_OUTER_BOUND ( 'NONE', #2540, .T. ) ;
#2249 = PLANE ( 'NONE',  #1343 ) ;
#2250 = CARTESIAN_POINT ( 'NONE',  ( 0.7917157287525372622, -0.3999999999999989675, 0.6940000000000001723 ) ) ;
#2251 = FACE_OUTER_BOUND ( 'NONE', #1671, .T. ) ;
#2252 = DIRECTION ( 'NONE',  ( 1.000000000000000000, 0.000000000000000000, 0.000000000000000000 ) ) ;
#2253 = AXIS2_PLACEMENT_3D ( 'NONE', #4784, #2484, #2533 ) ;
#2254 = CARTESIAN_POINT ( 'NONE',  ( -0.04999999999999989869, 0.1499999999999999667, 0.6990000000000005098 ) ) ;
#2255 = PRESENTATION_LAYER_ASSIGNMENT (  '', '', ( #2011 ) ) ;
#2256 = SURFACE_SIDE_STYLE ('',( #1547 ) ) ;
#2257 = FILL_AREA_STYLE ('',( #4559 ) ) ;
#2258 = STYLED_ITEM ( 'NONE', ( #4035 ), #2434 ) ;
#2259 = CARTESIAN_POINT ( 'NONE',  ( 0.7950000000000000400, -0.1499999999999999667, 0.001000000000000000671 ) ) ;
#2260 = CARTESIAN_POINT ( 'NONE',  ( 0.7950000000000000400, -0.07499999999999998335, 0.6999999999999988454 ) ) ;
#2261 = ORIENTED_EDGE ( 'NONE', *, *, #884, .F. ) ;
#2262 = DIRECTION ( 'NONE',  ( 1.000000000000000000, 0.000000000000000000, 0.000000000000000000 ) ) ;
#2263 = CYLINDRICAL_SURFACE ( 'NONE', #4582, 0.02000000000000005246 ) ;
#2264 = CIRCLE ( 'NONE', #2917, 0.004999999999999989696 ) ;
#2265 = CARTESIAN_POINT ( 'NONE',  ( -0.3499999999999995892, -0.3949999999999998512, 0.6990000000000005098 ) ) ;
#2266 = ORIENTED_EDGE ( 'NONE', *, *, #2140, .T. ) ;
#2267 = SHAPE_DEFINITION_REPRESENTATION ( #1389, #1191 ) ;
#2268 = CARTESIAN_POINT ( 'NONE',  ( -0.6000000000000003109, 0.1449999999999998790, 0.001000000000000000454 ) ) ;
#2269 = AXIS2_PLACEMENT_3D ( 'NONE', #2575, #17, #3781 ) ;
#2270 = DIRECTION ( 'NONE',  ( 3.652049423109069799E-16, -1.000000000000000000, 0.000000000000000000 ) ) ;
#2271 = EDGE_CURVE ( 'NONE', #3291, #2608, #3893, .T. ) ;
#2272 = DIRECTION ( 'NONE',  ( 0.000000000000000000, 1.000000000000000000, 0.000000000000000000 ) ) ;
#2273 = AXIS2_PLACEMENT_3D ( 'NONE', #4293, #866, #4751 ) ;
#2274 = ORIENTED_EDGE ( 'NONE', *, *, #267, .T. ) ;
#2275 =( GEOMETRIC_REPRESENTATION_CONTEXT ( 3 ) GLOBAL_UNCERTAINTY_ASSIGNED_CONTEXT ( ( #2704 ) ) GLOBAL_UNIT_ASSIGNED_CONTEXT ( ( #1315, #1674, #2453 ) ) REPRESENTATION_CONTEXT ( 'NONE', 'WORKASPACE' ) );
#2276 = CARTESIAN_POINT ( 'NONE',  ( 0.7950000000000000400, 3.469446951953609875E-17, 0.6990000000000005098 ) ) ;
#2277 = CARTESIAN_POINT ( 'NONE',  ( -0.7799999999999991385, 0.3999999999999991895, 0.6940000000000001723 ) ) ;
#2278 = DIRECTION ( 'NONE',  ( 3.652049423109069799E-16, -1.000000000000000000, 0.000000000000000000 ) ) ;
#2279 =( NAMED_UNIT ( * ) PLANE_ANGLE_UNIT ( ) SI_UNIT ( $, .RADIAN. ) );
#2280 = EDGE_CURVE ( 'NONE', #531, #3360, #1248, .T. ) ;
#2281 = CIRCLE ( 'NONE', #2933, 0.005000000000000066891 ) ;
#2282 = EDGE_CURVE ( 'NONE', #691, #2961, #179, .T. ) ;
#2283 = CARTESIAN_POINT ( 'NONE',  ( -0.04999999999999989869, -0.1499999999999999667, 0.6990000000000005098 ) ) ;
#2284 = UNCERTAINTY_MEASURE_WITH_UNIT (LENGTH_MEASURE( 1.000000000000000082E-05 ), #3380, 'distance_accuracy_value', 'NONE');
#2285 = VECTOR ( 'NONE', #1000, 1000.000000000000000 ) ;
#2286 =( NAMED_UNIT ( * ) PLANE_ANGLE_UNIT ( ) SI_UNIT ( $, .RADIAN. ) );
#2287 = CARTESIAN_POINT ( 'NONE',  ( -0.3499999999999995892, -0.1499999999999999667, 0.6999999999999991784 ) ) ;
#2288 = FILL_AREA_STYLE_COLOUR ( '', #1072 ) ;
#2289 = STYLED_ITEM ( 'NONE', ( #1055 ), #4713 ) ;
#2290 = AXIS2_PLACEMENT_3D ( 'NONE', #2121, #4109, #1711 ) ;
#2291 = LINE ( 'NONE', #2699, #3279 ) ;
#2292 = ORIENTED_EDGE ( 'NONE', *, *, #2555, .T. ) ;
#2293 = FILL_AREA_STYLE_COLOUR ( '', #4735 ) ;
#2294 = UNCERTAINTY_MEASURE_WITH_UNIT (LENGTH_MEASURE( 1.000000000000000082E-05 ), #4227, 'distance_accuracy_value', 'NONE');
#2295 = FILL_AREA_STYLE ('',( #1165 ) ) ;
#2296 = EDGE_LOOP ( 'NONE', ( #315, #598, #2670, #2193 ) ) ;
#2297 = DIRECTION ( 'NONE',  ( -1.000000000000000000, 0.000000000000000000, 0.000000000000000000 ) ) ;
#2298 = CARTESIAN_POINT ( 'NONE',  ( -0.7949999999999999289, -0.3799999999999989497, 0.001000000000000006960 ) ) ;
#2299 = ORIENTED_EDGE ( 'NONE', *, *, #1995, .T. ) ;
#2300 = CARTESIAN_POINT ( 'NONE',  ( 1.387778780781446415E-16, 0.3949999999999998512, 0.001000000000000000454 ) ) ;
#2301 = DIRECTION ( 'NONE',  ( -0.000000000000000000, -0.000000000000000000, -1.000000000000000000 ) ) ;
#2302 = DIRECTION ( 'NONE',  ( 0.000000000000000000, 0.000000000000000000, 1.000000000000000000 ) ) ;
#2303 = COLOUR_RGB ( '',1.000000000000000000, 1.000000000000000000, 1.000000000000000000 ) ;
#2304 =( NAMED_UNIT ( * ) SI_UNIT ( $, .STERADIAN. ) SOLID_ANGLE_UNIT ( ) );
#2305 = PRESENTATION_STYLE_ASSIGNMENT (( #864 ) ) ;
#2306 = AXIS2_PLACEMENT_3D ( 'NONE', #2721, #1976, #3558 ) ;
#2307 = ADVANCED_FACE ( 'NONE', ( #3046 ), #1223, .T. ) ;
#2308 = UNCERTAINTY_MEASURE_WITH_UNIT (LENGTH_MEASURE( 1.000000000000000082E-05 ), #2247, 'distance_accuracy_value', 'NONE');
#2309 = EDGE_CURVE ( 'NONE', #1442, #2473, #4921, .T. ) ;
#2310 = SURFACE_STYLE_FILL_AREA ( #3409 ) ;
#2311 = FILL_AREA_STYLE ('',( #4610 ) ) ;
#2312 = PRESENTATION_STYLE_ASSIGNMENT (( #811 ) ) ;
#2313 = STYLED_ITEM ( 'NONE', ( #3266 ), #514 ) ;
#2314 = DIRECTION ( 'NONE',  ( 0.000000000000000000, -1.000000000000000000, 0.000000000000000000 ) ) ;
#2315 = CARTESIAN_POINT ( 'NONE',  ( 0.7999999999999991562, -0.3917157287525369624, 0.003071067811865685598 ) ) ;
#2316 = FILL_AREA_STYLE_COLOUR ( '', #1677 ) ;
#2317 = VERTEX_POINT ( 'NONE', #2259 ) ;
#2318 = MECHANICAL_DESIGN_GEOMETRIC_PRESENTATION_REPRESENTATION (  '', ( #404 ), #3209 ) ;
#2319 =( LENGTH_UNIT ( ) NAMED_UNIT ( * ) SI_UNIT ( .MILLI., .METRE. ) );
#2320 = UNCERTAINTY_MEASURE_WITH_UNIT (LENGTH_MEASURE( 1.000000000000000082E-05 ), #1150, 'distance_accuracy_value', 'NONE');
#2321 = ORIENTED_EDGE ( 'NONE', *, *, #1965, .F. ) ;
#2322 = DIRECTION ( 'NONE',  ( 7.116814260417670485E-16, -1.000000000000000000, 0.000000000000000000 ) ) ;
#2323 = CARTESIAN_POINT ( 'NONE',  ( -0.04999999999999989869, 0.1499999999999999667, 0.6999999999999991784 ) ) ;
#2324 = DIRECTION ( 'NONE',  ( 0.000000000000000000, 1.000000000000000000, 0.000000000000000000 ) ) ;
#2325 = ORIENTED_EDGE ( 'NONE', *, *, #4534, .F. ) ;
#2326 = CYLINDRICAL_SURFACE ( 'NONE', #4233, 0.005000000000000013115 ) ;
#2327 = DIRECTION ( 'NONE',  ( 0.000000000000000000, 1.000000000000000000, 0.000000000000000000 ) ) ;
#2328 = MECHANICAL_DESIGN_GEOMETRIC_PRESENTATION_REPRESENTATION (  '', ( #2564 ), #1537 ) ;
#2329 = PRESENTATION_LAYER_ASSIGNMENT (  '', '', ( #4745 ) ) ;
#2330 = DIRECTION ( 'NONE',  ( 0.000000000000000000, 0.000000000000000000, -1.000000000000000000 ) ) ;
#2331 = FILL_AREA_STYLE ('',( #832 ) ) ;
#2332 = LINE ( 'NONE', #3892, #2433 ) ;
#2333 = CIRCLE ( 'NONE', #589, 0.005000000000000066891 ) ;
#2334 = PRESENTATION_LAYER_ASSIGNMENT (  '', '', ( #3149 ) ) ;
#2335 = VECTOR ( 'NONE', #2369, 1000.000000000000000 ) ;
#2336 = CARTESIAN_POINT ( 'NONE',  ( 0.3499999999999995892, 0.3949999999999998512, 0.6940000000000001723 ) ) ;
#2337 = VERTEX_POINT ( 'NONE', #1912 ) ;
#2338 =( NAMED_UNIT ( * ) PLANE_ANGLE_UNIT ( ) SI_UNIT ( $, .RADIAN. ) );
#2339 = EDGE_CURVE ( 'NONE', #4643, #4005, #1448, .T. ) ;
#2340 = CARTESIAN_POINT ( 'NONE',  ( 0.3499999999999995892, -0.2050000000000001543, 0.001000000000000000454 ) ) ;
#2341 =( GEOMETRIC_REPRESENTATION_CONTEXT ( 3 ) GLOBAL_UNCERTAINTY_ASSIGNED_CONTEXT ( ( #106 ) ) GLOBAL_UNIT_ASSIGNED_CONTEXT ( ( #1969, #1251, #111 ) ) REPRESENTATION_CONTEXT ( 'NONE', 'WORKASPACE' ) );
#2342 =( NAMED_UNIT ( * ) SI_UNIT ( $, .STERADIAN. ) SOLID_ANGLE_UNIT ( ) );
#2343 = FILL_AREA_STYLE ('',( #815 ) ) ;
#2344 = ORIENTED_EDGE ( 'NONE', *, *, #2989, .T. ) ;
#2345 = CYLINDRICAL_SURFACE ( 'NONE', #710, 0.005000000000000013115 ) ;
#2346 = CARTESIAN_POINT ( 'NONE',  ( -0.6050000000000006484, -0.1499999999999999667, 0.000000000000000000 ) ) ;
#2347 = EDGE_CURVE ( 'NONE', #3898, #4345, #78, .T. ) ;
#2348 = ADVANCED_FACE ( 'NONE', ( #2005 ), #919, .T. ) ;
#2349 = UNCERTAINTY_MEASURE_WITH_UNIT (LENGTH_MEASURE( 1.000000000000000082E-05 ), #433, 'distance_accuracy_value', 'NONE');
#2350 = CARTESIAN_POINT ( 'NONE',  ( 0.8000000000000002665, 0.1499999999999999667, 0.6949999999999988409 ) ) ;
#2351 = VERTEX_POINT ( 'NONE', #2779 ) ;
#2352 = VECTOR ( 'NONE', #4900, 1000.000000000000000 ) ;
#2353 = APPLICATION_PROTOCOL_DEFINITION ( 'draft international standard', 'automotive_design', 1998, #3139 ) ;
#2354 = CARTESIAN_POINT ( 'NONE',  ( -0.3499999999999995892, 0.3949999999999998512, 0.006000000000000002727 ) ) ;
#2355 = CARTESIAN_POINT ( 'NONE',  ( -0.7999999999999996003, -0.3799999999999989497, 0.006000000000000003594 ) ) ;
#2356 = PLANE ( 'NONE',  #2984 ) ;
#2357 = CARTESIAN_POINT ( 'NONE',  ( -0.1999999999999998446, -0.1499999999999999667, 0.6990000000000005098 ) ) ;
#2358 = SURFACE_STYLE_FILL_AREA ( #1944 ) ;
#2359 = COLOUR_RGB ( '',1.000000000000000000, 1.000000000000000000, 1.000000000000000000 ) ;
#2360 = DIRECTION ( 'NONE',  ( 1.000000000000000000, 0.000000000000000000, 0.000000000000000000 ) ) ;
#2361 = DIRECTION ( 'NONE',  ( 1.000000000000000000, 0.000000000000000000, -0.000000000000000000 ) ) ;
#2362 = VECTOR ( 'NONE', #699, 1000.000000000000000 ) ;
#2363 = APPLICATION_CONTEXT ( 'automotive_design' ) ;
#2364 = DIRECTION ( 'NONE',  ( 0.000000000000000000, -0.000000000000000000, 1.000000000000000000 ) ) ;
#2365 = AXIS2_PLACEMENT_3D ( 'NONE', #795, #3825, #3104 ) ;
#2366 = PRESENTATION_STYLE_ASSIGNMENT (( #188 ) ) ;
#2367 = DIRECTION ( 'NONE',  ( 0.000000000000000000, 0.000000000000000000, -1.000000000000000000 ) ) ;
#2368 = PLANE ( 'NONE',  #3877 ) ;
#2369 = DIRECTION ( 'NONE',  ( 0.000000000000000000, -1.000000000000000000, -0.000000000000000000 ) ) ;
#2370 = COLOUR_RGB ( '',0.7490196078431372584, 0.7490196078431372584, 0.7490196078431372584 ) ;
#2371 = PLANE ( 'NONE',  #1325 ) ;
#2372 = ORIENTED_EDGE ( 'NONE', *, *, #4477, .T. ) ;
#2373 = EDGE_CURVE ( 'NONE', #4762, #1388, #2167, .T. ) ;
#2374 = FACE_OUTER_BOUND ( 'NONE', #3783, .T. ) ;
#2375 = LINE ( 'NONE', #4402, #1880 ) ;
#2376 = EDGE_LOOP ( 'NONE', ( #3270, #4947, #1213, #126 ) ) ;
#2377 = DIRECTION ( 'NONE',  ( 0.000000000000000000, 0.000000000000000000, 1.000000000000000000 ) ) ;
#2378 = EDGE_CURVE ( 'NONE', #829, #1275, #3057, .T. ) ;
#2379 = ADVANCED_FACE ( 'NONE', ( #4325 ), #2371, .T. ) ;
#2380 = CARTESIAN_POINT ( 'NONE',  ( 1.387778780781446415E-16, -0.3949999999999998512, 0.6990000000000005098 ) ) ;
#2381 = DIRECTION ( 'NONE',  ( 0.000000000000000000, 0.000000000000000000, -1.000000000000000000 ) ) ;
#2382 = EDGE_LOOP ( 'NONE', ( #4627, #3085, #2811, #3178, #4861, #1498 ) ) ;
#2383 = SURFACE_SIDE_STYLE ('',( #3890 ) ) ;
#2384 = CARTESIAN_POINT ( 'NONE',  ( -0.3499999999999995892, -0.4000000000000001332, 0.000000000000000000 ) ) ;
#2385 = SURFACE_STYLE_USAGE ( .BOTH. , #3536 ) ;
#2386 = FILL_AREA_STYLE_COLOUR ( '', #3774 ) ;
#2387 = DIRECTION ( 'NONE',  ( -7.116814260417670485E-16, 1.000000000000000000, 0.000000000000000000 ) ) ;
#2388 = CARTESIAN_POINT ( 'NONE',  ( 0.3449999999999991962, 0.2000000000000000666, 0.001000000000000000454 ) ) ;
#2389 = EDGE_LOOP ( 'NONE', ( #1437, #3505, #1887, #107 ) ) ;
#2390 = CARTESIAN_POINT ( 'NONE',  ( 0.6000000000000006439, -0.1449999999999998790, 0.000000000000000000 ) ) ;
#2391 = LINE ( 'NONE', #4347, #35 ) ;
#2392 = VECTOR ( 'NONE', #53, 1000.000000000000000 ) ;
#2393 =( NAMED_UNIT ( * ) SI_UNIT ( $, .STERADIAN. ) SOLID_ANGLE_UNIT ( ) );
#2394 = DIRECTION ( 'NONE',  ( -0.000000000000000000, 1.000000000000000000, 0.000000000000000000 ) ) ;
#2395 =( GEOMETRIC_REPRESENTATION_CONTEXT ( 3 ) GLOBAL_UNCERTAINTY_ASSIGNED_CONTEXT ( ( #3039 ) ) GLOBAL_UNIT_ASSIGNED_CONTEXT ( ( #4390, #2886, #2304 ) ) REPRESENTATION_CONTEXT ( 'NONE', 'WORKASPACE' ) );
#2396 = DIRECTION ( 'NONE',  ( 0.000000000000000000, -1.000000000000000000, 0.000000000000000000 ) ) ;
#2397 = UNCERTAINTY_MEASURE_WITH_UNIT (LENGTH_MEASURE( 1.000000000000000082E-05 ), #1829, 'distance_accuracy_value', 'NONE');
#2398 =( GEOMETRIC_REPRESENTATION_CONTEXT ( 3 ) GLOBAL_UNCERTAINTY_ASSIGNED_CONTEXT ( ( #1146 ) ) GLOBAL_UNIT_ASSIGNED_CONTEXT ( ( #1949, #3843, #3455 ) ) REPRESENTATION_CONTEXT ( 'NONE', 'WORKASPACE' ) );
#2399 = ORIENTED_EDGE ( 'NONE', *, *, #3460, .F. ) ;
#2400 = DIRECTION ( 'NONE',  ( -0.000000000000000000, -1.000000000000000000, 0.000000000000000000 ) ) ;
#2401 =( NAMED_UNIT ( * ) SI_UNIT ( $, .STERADIAN. ) SOLID_ANGLE_UNIT ( ) );
#2402 = EDGE_CURVE ( 'NONE', #1252, #2597, #3183, .T. ) ;
#2403 = CARTESIAN_POINT ( 'NONE',  ( -0.7950000000000000400, -0.1499999999999999667, 0.006000000000000002727 ) ) ;
#2404 = ORIENTED_EDGE ( 'NONE', *, *, #4928, .F. ) ;
#2405 = DIRECTION ( 'NONE',  ( 1.000000000000000000, 0.000000000000000000, -0.000000000000000000 ) ) ;
#2406 = CARTESIAN_POINT ( 'NONE',  ( -0.6050000000000006484, 0.1499999999999999667, 0.000000000000000000 ) ) ;
#2407 = MECHANICAL_DESIGN_GEOMETRIC_PRESENTATION_REPRESENTATION (  '', ( #4821 ), #4351 ) ;
#2408 = CARTESIAN_POINT ( 'NONE',  ( 0.7950000000000000400, 3.469446951953609875E-17, 0.6990000000000005098 ) ) ;
#2409 = EDGE_CURVE ( 'NONE', #4711, #986, #4348, .T. ) ;
#2410 = ADVANCED_FACE ( 'NONE', ( #3659 ), #167, .F. ) ;
#2411 = VECTOR ( 'NONE', #1618, 1000.000000000000000 ) ;
#2412 =( LENGTH_UNIT ( ) NAMED_UNIT ( * ) SI_UNIT ( .MILLI., .METRE. ) );
#2413 = PRESENTATION_STYLE_ASSIGNMENT (( #140 ) ) ;
#2414 = EDGE_LOOP ( 'NONE', ( #2829, #1174, #3594, #2949 ) ) ;
#2415 = SURFACE_SIDE_STYLE ('',( #2002 ) ) ;
#2416 = CIRCLE ( 'NONE', #109, 0.02000000000000005246 ) ;
#2417 = CARTESIAN_POINT ( 'NONE',  ( 0.7949999999999999289, 0.3799999999999989497, 0.001000000000000006960 ) ) ;
#2418 = VERTEX_POINT ( 'NONE', #1061 ) ;
#2419 = MECHANICAL_DESIGN_GEOMETRIC_PRESENTATION_REPRESENTATION (  '', ( #758 ), #3714 ) ;
#2420 = CARTESIAN_POINT ( 'NONE',  ( -0.3499999999999995892, 0.1499999999999999667, 0.6990000000000005098 ) ) ;
#2421 = MECHANICAL_DESIGN_GEOMETRIC_PRESENTATION_REPRESENTATION (  '', ( #4676 ), #3718 ) ;
#2422 = EDGE_LOOP ( 'NONE', ( #2443, #510, #3128, #2071 ) ) ;
#2423 = DIRECTION ( 'NONE',  ( 0.000000000000000000, 1.000000000000000000, 0.000000000000000000 ) ) ;
#2424 = DIRECTION ( 'NONE',  ( 3.652049423109069799E-16, -1.000000000000000000, 0.000000000000000000 ) ) ;
#2425 = DIRECTION ( 'NONE',  ( 0.000000000000000000, 0.000000000000000000, -1.000000000000000000 ) ) ;
#2426 = MECHANICAL_DESIGN_GEOMETRIC_PRESENTATION_REPRESENTATION (  '', ( #2258 ), #3233 ) ;
#2427 = LINE ( 'NONE', #1344, #1322 ) ;
#2428 = ORIENTED_EDGE ( 'NONE', *, *, #1702, .F. ) ;
#2429 = CARTESIAN_POINT ( 'NONE',  ( 0.3449999999999991962, -0.2000000000000000944, 0.000000000000000000 ) ) ;
#2430 = FILL_AREA_STYLE ('',( #2909 ) ) ;
#2431 = VECTOR ( 'NONE', #1513, 1000.000000000000000 ) ;
#2432 = CARTESIAN_POINT ( 'NONE',  ( -0.3499999999999995892, 0.2050000000000001543, 0.000000000000000000 ) ) ;
#2433 = VECTOR ( 'NONE', #2816, 1000.000000000000000 ) ;
#2434 = ADVANCED_FACE ( 'NONE', ( #1689 ), #2847, .T. ) ;
#2435 = EDGE_CURVE ( 'NONE', #4174, #1791, #1401, .T. ) ;
#2436 =( NAMED_UNIT ( * ) SI_UNIT ( $, .STERADIAN. ) SOLID_ANGLE_UNIT ( ) );
#2437 = EDGE_LOOP ( 'NONE', ( #2927, #4115, #1070, #4866 ) ) ;
#2438 = FILL_AREA_STYLE_COLOUR ( '', #2003 ) ;
#2439 = STYLED_ITEM ( 'NONE', ( #3034 ), #3336 ) ;
#2440 = DIRECTION ( 'NONE',  ( 0.000000000000000000, 1.000000000000000000, 0.000000000000000000 ) ) ;
#2441 = CARTESIAN_POINT ( 'NONE',  ( 0.6000000000000003109, 0.000000000000000000, 0.000000000000000000 ) ) ;
#2442 = AXIS2_PLACEMENT_3D ( 'NONE', #851, #400, #3444 ) ;
#2443 = ORIENTED_EDGE ( 'NONE', *, *, #1052, .F. ) ;
#2444 = STYLED_ITEM ( 'NONE', ( #3771 ), #3780 ) ;
#2445 = SURFACE_STYLE_USAGE ( .BOTH. , #3596 ) ;
#2446 = STYLED_ITEM ( 'NONE', ( #2636 ), #4455 ) ;
#2447 = AXIS2_PLACEMENT_3D ( 'NONE', #3028, #2232, #1916 ) ;
#2448 = UNCERTAINTY_MEASURE_WITH_UNIT (LENGTH_MEASURE( 1.000000000000000082E-05 ), #706, 'distance_accuracy_value', 'NONE');
#2449 = ORIENTED_EDGE ( 'NONE', *, *, #2548, .F. ) ;
#2450 = CARTESIAN_POINT ( 'NONE',  ( 2.081668171172168760E-16, -0.2000000000000000666, 0.000000000000000000 ) ) ;
#2451 = COLOUR_RGB ( '',0.7490196078431372584, 0.7490196078431372584, 0.7490196078431372584 ) ;
#2452 = COLOUR_RGB ( '',0.5999999999999999778, 0.5999999999999999778, 0.5999999999999999778 ) ;
#2453 =( NAMED_UNIT ( * ) SI_UNIT ( $, .STERADIAN. ) SOLID_ANGLE_UNIT ( ) );
#2454 = CARTESIAN_POINT ( 'NONE',  ( 0.7799999999999991385, -0.3799999999999989497, 0.006000000000000002727 ) ) ;
#2455 = ORIENTED_EDGE ( 'NONE', *, *, #3935, .T. ) ;
#2456 =( NAMED_UNIT ( * ) SI_UNIT ( $, .STERADIAN. ) SOLID_ANGLE_UNIT ( ) );
#2457 = CARTESIAN_POINT ( 'NONE',  ( -0.7799999999999991385, -0.4000000000000001332, 0.000000000000000000 ) ) ;
#2458 = CARTESIAN_POINT ( 'NONE',  ( 0.7999999999999991562, 0.3917157287525370180, 0.003071067811865685598 ) ) ;
#2459 = MANIFOLD_SOLID_BREP ( 'Imported2', #86 ) ;
#2460 = SURFACE_STYLE_FILL_AREA ( #2023 ) ;
#2461 = SURFACE_STYLE_USAGE ( .BOTH. , #3351 ) ;
#2462 = ORIENTED_EDGE ( 'NONE', *, *, #2489, .T. ) ;
#2463 = DIRECTION ( 'NONE',  ( 0.000000000000000000, 0.000000000000000000, 1.000000000000000000 ) ) ;
#2464 = CARTESIAN_POINT ( 'NONE',  ( -0.7950000000000000400, 0.1499999999999999667, 0.6949999999999988409 ) ) ;
#2465 = DIRECTION ( 'NONE',  ( 0.000000000000000000, 0.000000000000000000, 1.000000000000000000 ) ) ;
#2466 = EDGE_CURVE ( 'NONE', #1442, #3189, #3251, .T. ) ;
#2467 = SURFACE_STYLE_FILL_AREA ( #2100 ) ;
#2468 = LINE ( 'NONE', #3633, #1953 ) ;
#2469 = VERTEX_POINT ( 'NONE', #3142 ) ;
#2470 = PLANE ( 'NONE',  #4625 ) ;
#2471 = LINE ( 'NONE', #1359, #1687 ) ;
#2472 = ORIENTED_EDGE ( 'NONE', *, *, #4, .F. ) ;
#2473 = VERTEX_POINT ( 'NONE', #3476 ) ;
#2474 = MECHANICAL_DESIGN_GEOMETRIC_PRESENTATION_REPRESENTATION (  '', ( #3609 ), #4491 ) ;
#2475 = DIRECTION ( 'NONE',  ( 1.000000000000000000, 0.000000000000000000, 0.000000000000000000 ) ) ;
#2476 = DIRECTION ( 'NONE',  ( -3.652049423109069799E-16, 1.000000000000000000, -0.000000000000000000 ) ) ;
#2477 = FILL_AREA_STYLE ('',( #587 ) ) ;
#2478 = SURFACE_STYLE_USAGE ( .BOTH. , #2163 ) ;
#2479 = CARTESIAN_POINT ( 'NONE',  ( 0.7999999999999991562, 0.3799999999999989497, 0.006000000000000002727 ) ) ;
#2480 = CARTESIAN_POINT ( 'NONE',  ( 0.6050000000000006484, 0.1499999999999999389, 0.6999999999999991784 ) ) ;
#2481 = ORIENTED_EDGE ( 'NONE', *, *, #966, .F. ) ;
#2482 = FILL_AREA_STYLE_COLOUR ( '', #1386 ) ;
#2483 = CIRCLE ( 'NONE', #3381, 0.005000000000000013115 ) ;
#2484 = DIRECTION ( 'NONE',  ( 1.000000000000000000, 0.000000000000000000, 0.000000000000000000 ) ) ;
#2485 =( NAMED_UNIT ( * ) PLANE_ANGLE_UNIT ( ) SI_UNIT ( $, .RADIAN. ) );
#2486 = LINE ( 'NONE', #4015, #1187 ) ;
#2487 = ORIENTED_EDGE ( 'NONE', *, *, #3160, .F. ) ;
#2488 = MECHANICAL_DESIGN_GEOMETRIC_PRESENTATION_REPRESENTATION (  '', ( #1845 ), #1619 ) ;
#2489 = EDGE_CURVE ( 'NONE', #141, #2850, #2892, .T. ) ;
#2490 = CARTESIAN_POINT ( 'NONE',  ( -0.7799999999999990274, 0.3949999999999989631, 0.6940000000000001723 ) ) ;
#2491 = STYLED_ITEM ( 'NONE', ( #2083 ), #1669 ) ;
#2492 =( NAMED_UNIT ( * ) PLANE_ANGLE_UNIT ( ) SI_UNIT ( $, .RADIAN. ) );
#2493 = VECTOR ( 'NONE', #91, 1000.000000000000000 ) ;
#2494 = ORIENTED_EDGE ( 'NONE', *, *, #2722, .T. ) ;
#2495 = DIRECTION ( 'NONE',  ( 0.000000000000000000, 0.000000000000000000, 1.000000000000000000 ) ) ;
#2496 = DIRECTION ( 'NONE',  ( -0.000000000000000000, 0.000000000000000000, 1.000000000000000000 ) ) ;
#2497 = FILL_AREA_STYLE_COLOUR ( '', #620 ) ;
#2498 = EDGE_CURVE ( 'NONE', #375, #903, #4230, .T. ) ;
#2499 = CIRCLE ( 'NONE', #3475, 0.005000000000000013115 ) ;
#2500 = EDGE_CURVE ( 'NONE', #4470, #329, #1900, .T. ) ;
#2501 =( NAMED_UNIT ( * ) PLANE_ANGLE_UNIT ( ) SI_UNIT ( $, .RADIAN. ) );
#2502 = COLOUR_RGB ( '',1.000000000000000000, 1.000000000000000000, 1.000000000000000000 ) ;
#2503 = AXIS2_PLACEMENT_3D ( 'NONE', #1324, #996, #205 ) ;
#2504 =( LENGTH_UNIT ( ) NAMED_UNIT ( * ) SI_UNIT ( .MILLI., .METRE. ) );
#2505 = VERTEX_POINT ( 'NONE', #4872 ) ;
#2506 = STYLED_ITEM ( 'NONE', ( #1489 ), #2930 ) ;
#2507 = PLANE ( 'NONE',  #1776 ) ;
#2508 = SURFACE_STYLE_FILL_AREA ( #1376 ) ;
#2509 = FILL_AREA_STYLE_COLOUR ( '', #134 ) ;
#2510 = EDGE_LOOP ( 'NONE', ( #1725, #4792, #3425, #3668 ) ) ;
#2511 = MECHANICAL_DESIGN_GEOMETRIC_PRESENTATION_REPRESENTATION (  '', ( #2765 ), #1020 ) ;
#2512 = CARTESIAN_POINT ( 'NONE',  ( -0.7999999999999991562, -0.3917157287525370735, 0.6969289321881344534 ) ) ;
#2513 = MECHANICAL_DESIGN_GEOMETRIC_PRESENTATION_REPRESENTATION (  '', ( #4060 ), #2275 ) ;
#2514 = VERTEX_POINT ( 'NONE', #4955 ) ;
#2515 = CARTESIAN_POINT ( 'NONE',  ( 0.7950000000000000400, 0.1499999999999999667, 0.6940000000000001723 ) ) ;
#2516 = CYLINDRICAL_SURFACE ( 'NONE', #1105, 0.005000000000000013115 ) ;
#2517 = CARTESIAN_POINT ( 'NONE',  ( -0.3499999999999995892, 0.3949999999999998512, 0.6990000000000005098 ) ) ;
#2518 = MECHANICAL_DESIGN_GEOMETRIC_PRESENTATION_REPRESENTATION (  '', ( #2444 ), #3587 ) ;
#2519 =( GEOMETRIC_REPRESENTATION_CONTEXT ( 3 ) GLOBAL_UNCERTAINTY_ASSIGNED_CONTEXT ( ( #4933 ) ) GLOBAL_UNIT_ASSIGNED_CONTEXT ( ( #3947, #1638, #3092 ) ) REPRESENTATION_CONTEXT ( 'NONE', 'WORKASPACE' ) );
#2520 = EDGE_CURVE ( 'NONE', #2031, #4160, #1800, .T. ) ;
#2521 = CARTESIAN_POINT ( 'NONE',  ( -0.8000000000000002665, -0.1499999999999999944, 0.000000000000000000 ) ) ;
#2522 = EDGE_CURVE ( 'NONE', #1218, #4410, #3061, .T. ) ;
#2523 =( LENGTH_UNIT ( ) NAMED_UNIT ( * ) SI_UNIT ( .MILLI., .METRE. ) );
#2524 = MECHANICAL_DESIGN_GEOMETRIC_PRESENTATION_REPRESENTATION (  '', ( #956 ), #4405 ) ;
#2525 = AXIS2_PLACEMENT_3D ( 'NONE', #4436, #4849, #2944 ) ;
#2526 = ADVANCED_BREP_SHAPE_REPRESENTATION ( '', ( #4103, #302 ), #2862 ) ;
#2527 = CARTESIAN_POINT ( 'NONE',  ( 0.7905025253169406518, 0.3979289321881337993, 0.001000000000000267168 ) ) ;
#2528 = SURFACE_STYLE_FILL_AREA ( #3346 ) ;
#2529 = CIRCLE ( 'NONE', #2202, 0.005000000000000066891 ) ;
#2530 = DIRECTION ( 'NONE',  ( 0.000000000000000000, 0.000000000000000000, 1.000000000000000000 ) ) ;
#2531 = CYLINDRICAL_SURFACE ( 'NONE', #2290, 0.02000000000000005246 ) ;
#2532 = ORIENTED_EDGE ( 'NONE', *, *, #1269, .F. ) ;
#2533 = DIRECTION ( 'NONE',  ( 0.000000000000000000, 0.000000000000000000, -1.000000000000000000 ) ) ;
#2534 =( NAMED_UNIT ( * ) SI_UNIT ( $, .STERADIAN. ) SOLID_ANGLE_UNIT ( ) );
#2535 = SURFACE_SIDE_STYLE ('',( #4063 ) ) ;
#2536 = ORIENTED_EDGE ( 'NONE', *, *, #4075, .F. ) ;
#2537 = CARTESIAN_POINT ( 'NONE',  ( -0.7917157287525370402, -0.3999999999999989120, 0.6940000000000001723 ) ) ;
#2538 =( BOUNDED_SURFACE ( )  B_SPLINE_SURFACE ( 3, 3, ( 
 ( #403, #435, #4278, #1919 ),
 ( #3575, #482, #3531, #2012 ),
 ( #1657, #3191, #1201, #1249 ),
 ( #1940, #3884, #2762, #856 ) ),
 .UNSPECIFIED., .F., .F., .F. ) 
 B_SPLINE_SURFACE_WITH_KNOTS ( ( 4, 4 ),
 ( 4, 4 ),
 ( 0.000000000000000000, 1.000000000000000000 ),
 ( 0.000000000000000000, 1.000000000000000000 ),
 .UNSPECIFIED. ) 
 GEOMETRIC_REPRESENTATION_ITEM ( )  RATIONAL_B_SPLINE_SURFACE ( (
 ( 1.000000000000000000, 0.8047378541243649375, 0.8047378541243649375, 1.000000000000000000),
 ( 0.8047378541243853656, 0.6476030138607040687, 0.6476030138607040687, 0.8047378541243853656),
 ( 0.8047378541243853656, 0.6476030138607040687, 0.6476030138607040687, 0.8047378541243853656),
 ( 1.000000000000000000, 0.8047378541243649375, 0.8047378541243649375, 1.000000000000000000) ) ) 
 REPRESENTATION_ITEM ( '' )  SURFACE ( )  );
#2539 = SURFACE_SIDE_STYLE ('',( #734 ) ) ;
#2540 = EDGE_LOOP ( 'NONE', ( #537, #2945, #4825, #4324, #3957, #4641 ) ) ;
#2541 =( LENGTH_UNIT ( ) NAMED_UNIT ( * ) SI_UNIT ( .MILLI., .METRE. ) );
#2542 =( NAMED_UNIT ( * ) SI_UNIT ( $, .STERADIAN. ) SOLID_ANGLE_UNIT ( ) );
#2543 = CARTESIAN_POINT ( 'NONE',  ( -0.3499999999999995892, 0.3949999999999998512, 0.6940000000000001723 ) ) ;
#2544 = COLOUR_RGB ( '',0.7490196078431372584, 0.7490196078431372584, 0.7490196078431372584 ) ;
#2545 = SURFACE_SIDE_STYLE ('',( #4099 ) ) ;
#2546 = ORIENTED_EDGE ( 'NONE', *, *, #1026, .F. ) ;
#2547 = SURFACE_SIDE_STYLE ('',( #746 ) ) ;
#2548 = EDGE_CURVE ( 'NONE', #2876, #41, #383, .T. ) ;
#2549 = EDGE_CURVE ( 'NONE', #1218, #3474, #776, .T. ) ;
#2550 = VERTEX_POINT ( 'NONE', #752 ) ;
#2551 =( GEOMETRIC_REPRESENTATION_CONTEXT ( 3 ) GLOBAL_UNCERTAINTY_ASSIGNED_CONTEXT ( ( #4231 ) ) GLOBAL_UNIT_ASSIGNED_CONTEXT ( ( #2200, #2591, #4882 ) ) REPRESENTATION_CONTEXT ( 'NONE', 'WORKASPACE' ) );
#2552 =( NAMED_UNIT ( * ) SI_UNIT ( $, .STERADIAN. ) SOLID_ANGLE_UNIT ( ) );
#2553 = ORIENTED_EDGE ( 'NONE', *, *, #3613, .T. ) ;
#2554 = FACE_OUTER_BOUND ( 'NONE', #1502, .T. ) ;
#2555 = EDGE_CURVE ( 'NONE', #4449, #3164, #1254, .T. ) ;
#2556 = CARTESIAN_POINT ( 'NONE',  ( -0.8000000000000002665, 0.1499999999999999667, 0.6949999999999988409 ) ) ;
#2557 = SURFACE_SIDE_STYLE ('',( #2508 ) ) ;
#2558 = DIRECTION ( 'NONE',  ( 1.000000000000000000, 0.000000000000000000, 0.000000000000000000 ) ) ;
#2559 = VERTEX_POINT ( 'NONE', #2277 ) ;
#2560 = FILL_AREA_STYLE ('',( #2970 ) ) ;
#2561 =( GEOMETRIC_REPRESENTATION_CONTEXT ( 3 ) GLOBAL_UNCERTAINTY_ASSIGNED_CONTEXT ( ( #2284 ) ) GLOBAL_UNIT_ASSIGNED_CONTEXT ( ( #3380, #2923, #681 ) ) REPRESENTATION_CONTEXT ( 'NONE', 'WORKASPACE' ) );
#2562 = DIRECTION ( 'NONE',  ( -1.000000000000000000, -0.000000000000000000, -0.000000000000000000 ) ) ;
#2563 = ORIENTED_EDGE ( 'NONE', *, *, #1965, .T. ) ;
#2564 = STYLED_ITEM ( 'NONE', ( #2312 ), #1352 ) ;
#2565 = PRESENTATION_LAYER_ASSIGNMENT (  '', '', ( #1311 ) ) ;
#2566 = LINE ( 'NONE', #4095, #2625 ) ;
#2567 = SURFACE_STYLE_FILL_AREA ( #2156 ) ;
#2568 = DIRECTION ( 'NONE',  ( 0.000000000000000000, 0.000000000000000000, 1.000000000000000000 ) ) ;
#2569 = VECTOR ( 'NONE', #1214, 1000.000000000000000 ) ;
#2570 = MECHANICAL_DESIGN_GEOMETRIC_PRESENTATION_REPRESENTATION (  '', ( #4745 ), #3219 ) ;
#2571 = CYLINDRICAL_SURFACE ( 'NONE', #3655, 0.005000000000000013115 ) ;
#2572 = VERTEX_POINT ( 'NONE', #1439 ) ;
#2573 = CARTESIAN_POINT ( 'NONE',  ( 0.7979289321881340991, 0.3905025253169407962, 0.6989999999999999547 ) ) ;
#2574 = VECTOR ( 'NONE', #4574, 1000.000000000000000 ) ;
#2575 = CARTESIAN_POINT ( 'NONE',  ( 0.3449999999999991962, -0.2050000000000001543, 0.6999999999999991784 ) ) ;
#2576 = CIRCLE ( 'NONE', #3804, 0.005000000000000066891 ) ;
#2577 = ORIENTED_EDGE ( 'NONE', *, *, #4083, .T. ) ;
#2578 = DIRECTION ( 'NONE',  ( 0.000000000000000000, 0.000000000000000000, 1.000000000000000000 ) ) ;
#2579 = PRODUCT_RELATED_PRODUCT_CATEGORY ( 'part', '', ( #1428 ) ) ;
#2580 = CARTESIAN_POINT ( 'NONE',  ( -0.8000000000000002665, 0.1499999999999999667, 0.004999999999999989696 ) ) ;
#2581 = DIRECTION ( 'NONE',  ( 1.000000000000000000, 0.000000000000000000, 0.000000000000000000 ) ) ;
#2582 = CARTESIAN_POINT ( 'NONE',  ( 0.7799999999999992495, -0.3999999999999990230, 0.6969289321881343424 ) ) ;
#2583 = CARTESIAN_POINT ( 'NONE',  ( 0.6050000000000006484, 0.1499999999999999667, 0.001000000000000000454 ) ) ;
#2584 = ORIENTED_EDGE ( 'NONE', *, *, #3051, .F. ) ;
#2585 = PRESENTATION_STYLE_ASSIGNMENT (( #4134 ) ) ;
#2586 = SURFACE_STYLE_FILL_AREA ( #2615 ) ;
#2587 = PRESENTATION_LAYER_ASSIGNMENT (  '', '', ( #4456 ) ) ;
#2588 = EDGE_CURVE ( 'NONE', #3141, #4841, #356, .T. ) ;
#2589 = ORIENTED_EDGE ( 'NONE', *, *, #2812, .F. ) ;
#2590 = EDGE_CURVE ( 'NONE', #2001, #375, #442, .T. ) ;
#2591 =( NAMED_UNIT ( * ) PLANE_ANGLE_UNIT ( ) SI_UNIT ( $, .RADIAN. ) );
#2592 = ORIENTED_EDGE ( 'NONE', *, *, #3778, .F. ) ;
#2593 = CARTESIAN_POINT ( 'NONE',  ( -0.6050000000000006484, 0.1499999999999999667, 0.6999999999999991784 ) ) ;
#2594 = STYLED_ITEM ( 'NONE', ( #3007 ), #2897 ) ;
#2595 = CARTESIAN_POINT ( 'NONE',  ( 0.8000000000000002665, 0.1499999999999999667, 0.6999999999999991784 ) ) ;
#2596 = DIRECTION ( 'NONE',  ( 1.000000000000000000, 8.896017825522091804E-17, 0.000000000000000000 ) ) ;
#2597 = VERTEX_POINT ( 'NONE', #2658 ) ;
#2598 = COLOUR_RGB ( '',0.7490196078431372584, 0.7490196078431372584, 0.7490196078431372584 ) ;
#2599 = SURFACE_SIDE_STYLE ('',( #2928 ) ) ;
#2600 = VECTOR ( 'NONE', #1630, 1000.000000000000000 ) ;
#2601 = DIRECTION ( 'NONE',  ( 0.000000000000000000, 0.000000000000000000, 1.000000000000000000 ) ) ;
#2602 = ORIENTED_EDGE ( 'NONE', *, *, #4446, .T. ) ;
#2603 = DIRECTION ( 'NONE',  ( 1.000000000000000000, 0.000000000000000000, 0.000000000000000000 ) ) ;
#2604 = FACE_OUTER_BOUND ( 'NONE', #729, .T. ) ;
#2605 = VECTOR ( 'NONE', #2041, 1000.000000000000000 ) ;
#2606 = PRESENTATION_LAYER_ASSIGNMENT (  '', '', ( #792 ) ) ;
#2607 = STYLED_ITEM ( 'NONE', ( #765 ), #3940 ) ;
#2608 = VERTEX_POINT ( 'NONE', #2580 ) ;
#2609 = DIRECTION ( 'NONE',  ( 0.000000000000000000, 0.000000000000000000, 1.000000000000000000 ) ) ;
#2610 = COLOUR_RGB ( '',0.7490196078431372584, 0.7490196078431372584, 0.7490196078431372584 ) ;
#2611 = MECHANICAL_DESIGN_GEOMETRIC_PRESENTATION_REPRESENTATION (  '', ( #1803 ), #3667 ) ;
#2612 = FILL_AREA_STYLE ('',( #3014 ) ) ;
#2613 = VERTEX_POINT ( 'NONE', #3757 ) ;
#2614 = FILL_AREA_STYLE_COLOUR ( '', #4888 ) ;
#2615 = FILL_AREA_STYLE ('',( #1424 ) ) ;
#2616 = AXIS2_PLACEMENT_3D ( 'NONE', #4670, #2735, #3827 ) ;
#2617 = ORIENTED_EDGE ( 'NONE', *, *, #3677, .F. ) ;
#2618 = FACE_OUTER_BOUND ( 'NONE', #3691, .T. ) ;
#2619 = CARTESIAN_POINT ( 'NONE',  ( -0.7917157287525372622, 0.3999999999999989120, 0.6969289321881343424 ) ) ;
#2620 = EDGE_CURVE ( 'NONE', #1275, #3962, #800, .T. ) ;
#2621 = DIRECTION ( 'NONE',  ( 1.000000000000000000, 0.000000000000000000, 0.000000000000000000 ) ) ;
#2622 = ORIENTED_EDGE ( 'NONE', *, *, #327, .F. ) ;
#2623 = SURFACE_SIDE_STYLE ('',( #1121 ) ) ;
#2624 = VERTEX_POINT ( 'NONE', #1077 ) ;
#2625 = VECTOR ( 'NONE', #3692, 1000.000000000000000 ) ;
#2626 = LINE ( 'NONE', #2268, #4383 ) ;
#2627 = PLANE ( 'NONE',  #4138 ) ;
#2628 = PRESENTATION_LAYER_ASSIGNMENT (  '', '', ( #974 ) ) ;
#2629 = CARTESIAN_POINT ( 'NONE',  ( 0.7950000000000000400, -0.07499999999999998335, 0.004999999999999989696 ) ) ;
#2630 = ORIENTED_EDGE ( 'NONE', *, *, #1433, .F. ) ;
#2631 = VECTOR ( 'NONE', #445, 1000.000000000000000 ) ;
#2632 = CARTESIAN_POINT ( 'NONE',  ( 0.3499999999999992562, 0.2050000000000001543, 0.000000000000000000 ) ) ;
#2633 = CYLINDRICAL_SURFACE ( 'NONE', #197, 0.005000000000000066891 ) ;
#2634 = PLANE ( 'NONE',  #2882 ) ;
#2635 = CARTESIAN_POINT ( 'NONE',  ( -0.3499999999999995892, -0.4000000000000001332, 0.006000000000000002727 ) ) ;
#2636 = PRESENTATION_STYLE_ASSIGNMENT (( #1443 ) ) ;
#2637 = DIRECTION ( 'NONE',  ( 3.652049423109069799E-16, -1.000000000000000000, 0.000000000000000000 ) ) ;
#2638 = FILL_AREA_STYLE_COLOUR ( '', #2936 ) ;
#2639 = EDGE_LOOP ( 'NONE', ( #4936, #4913, #2993, #2907 ) ) ;
#2640 = CARTESIAN_POINT ( 'NONE',  ( 0.7979289321881337660, -0.3799999999999988387, 0.001000000000000267168 ) ) ;
#2641 = LINE ( 'NONE', #2260, #4096 ) ;
#2642 = EDGE_LOOP ( 'NONE', ( #2858, #3264, #4522, #3931 ) ) ;
#2643 = EDGE_CURVE ( 'NONE', #2624, #4841, #2987, .T. ) ;
#2644 = VECTOR ( 'NONE', #4665, 1000.000000000000000 ) ;
#2645 = DIRECTION ( 'NONE',  ( 0.000000000000000000, 1.000000000000000000, 0.000000000000000000 ) ) ;
#2646 = COLOUR_RGB ( '',1.000000000000000000, 1.000000000000000000, 1.000000000000000000 ) ;
#2647 = UNCERTAINTY_MEASURE_WITH_UNIT (LENGTH_MEASURE( 1.000000000000000082E-05 ), #4755, 'distance_accuracy_value', 'NONE');
#2648 = FILL_AREA_STYLE_COLOUR ( '', #1417 ) ;
#2649 = VERTEX_POINT ( 'NONE', #4552 ) ;
#2650 = ADVANCED_FACE ( 'NONE', ( #2248 ), #3809, .T. ) ;
#2651 = CARTESIAN_POINT ( 'NONE',  ( -0.7999999999999989342, 0.3917157287525370735, 0.006000000000000003594 ) ) ;
#2652 = EDGE_CURVE ( 'NONE', #1577, #1896, #3479, .T. ) ;
#2653 = VECTOR ( 'NONE', #2142, 1000.000000000000000 ) ;
#2654 = FILL_AREA_STYLE ('',( #3421 ) ) ;
#2655 = DIRECTION ( 'NONE',  ( 0.000000000000000000, -1.000000000000000000, 0.000000000000000000 ) ) ;
#2656 = VERTEX_POINT ( 'NONE', #4629 ) ;
#2657 = PRESENTATION_LAYER_ASSIGNMENT (  '', '', ( #846 ) ) ;
#2658 = CARTESIAN_POINT ( 'NONE',  ( 0.3499999999999995892, -0.2050000000000001543, 0.001000000000000000454 ) ) ;
#2659 = UNCERTAINTY_MEASURE_WITH_UNIT (LENGTH_MEASURE( 1.000000000000000082E-05 ), #2412, 'distance_accuracy_value', 'NONE');
#2660 = FILL_AREA_STYLE_COLOUR ( '', #3742 ) ;
#2661 = CARTESIAN_POINT ( 'NONE',  ( 0.7999999999999991562, -0.3917157287525368514, 0.6940000000000001723 ) ) ;
#2662 = FILL_AREA_STYLE_COLOUR ( '', #51 ) ;
#2663 = SURFACE_SIDE_STYLE ('',( #4581 ) ) ;
#2664 = VECTOR ( 'NONE', #2873, 1000.000000000000000 ) ;
#2665 = AXIS2_PLACEMENT_3D ( 'NONE', #4766, #3600, #1296 ) ;
#2666 = PLANE ( 'NONE',  #3473 ) ;
#2667 = FACE_OUTER_BOUND ( 'NONE', #1809, .T. ) ;
#2668 = CARTESIAN_POINT ( 'NONE',  ( 0.6050000000000006484, 0.1499999999999999667, 0.001000000000000000454 ) ) ;
#2669 = CARTESIAN_POINT ( 'NONE',  ( 0.7887867965644030921, -0.3949999999999993516, 0.001000000000000013248 ) ) ;
#2670 = ORIENTED_EDGE ( 'NONE', *, *, #649, .F. ) ;
#2671 = VECTOR ( 'NONE', #4386, 1000.000000000000000 ) ;
#2672 = LINE ( 'NONE', #847, #4149 ) ;
#2673 = FACE_OUTER_BOUND ( 'NONE', #3552, .T. ) ;
#2674 = PRESENTATION_LAYER_ASSIGNMENT (  '', '', ( #2594 ) ) ;
#2675 = SURFACE_SIDE_STYLE ('',( #1198 ) ) ;
#2676 = ORIENTED_EDGE ( 'NONE', *, *, #1702, .T. ) ;
#2677 = SHAPE_DEFINITION_REPRESENTATION ( #1771, #4638 ) ;
#2678 = FILL_AREA_STYLE_COLOUR ( '', #4672 ) ;
#2679 =( LENGTH_UNIT ( ) NAMED_UNIT ( * ) SI_UNIT ( .MILLI., .METRE. ) );
#2680 = EDGE_CURVE ( 'NONE', #1252, #3068, #4699, .T. ) ;
#2681 = EDGE_CURVE ( 'NONE', #4217, #3548, #4648, .T. ) ;
#2682 = CARTESIAN_POINT ( 'NONE',  ( 0.7999999999999993783, 0.3799999999999989497, 0.6940000000000001723 ) ) ;
#2683 = ORIENTED_EDGE ( 'NONE', *, *, #4868, .T. ) ;
#2684 = AXIS2_PLACEMENT_3D ( 'NONE', #970, #2475, #3087 ) ;
#2685 = CARTESIAN_POINT ( 'NONE',  ( 0.7799999999999992495, -0.3999999999999991895, 0.6940000000000001723 ) ) ;
#2686 = UNCERTAINTY_MEASURE_WITH_UNIT (LENGTH_MEASURE( 1.000000000000000082E-05 ), #3127, 'distance_accuracy_value', 'NONE');
#2687 = DIRECTION ( 'NONE',  ( 0.000000000000000000, 0.000000000000000000, 1.000000000000000000 ) ) ;
#2688 =( NAMED_UNIT ( * ) SI_UNIT ( $, .STERADIAN. ) SOLID_ANGLE_UNIT ( ) );
#2689 = CARTESIAN_POINT ( 'NONE',  ( -0.7950000000000000400, 3.469446951953609875E-17, 0.001000000000000000454 ) ) ;
#2690 = VECTOR ( 'NONE', #4557, 1000.000000000000000 ) ;
#2691 = LINE ( 'NONE', #365, #4259 ) ;
#2692 =( GEOMETRIC_REPRESENTATION_CONTEXT ( 3 ) GLOBAL_UNCERTAINTY_ASSIGNED_CONTEXT ( ( #2757 ) ) GLOBAL_UNIT_ASSIGNED_CONTEXT ( ( #3525, #874, #2755 ) ) REPRESENTATION_CONTEXT ( 'NONE', 'WORKASPACE' ) );
#2693 = PRESENTATION_STYLE_ASSIGNMENT (( #1568 ) ) ;
#2694 =( GEOMETRIC_REPRESENTATION_CONTEXT ( 3 ) GLOBAL_UNCERTAINTY_ASSIGNED_CONTEXT ( ( #11 ) ) GLOBAL_UNIT_ASSIGNED_CONTEXT ( ( #2034, #3595, #4758 ) ) REPRESENTATION_CONTEXT ( 'NONE', 'WORKASPACE' ) );
#2695 = LINE ( 'NONE', #3044, #3864 ) ;
#2696 =( NAMED_UNIT ( * ) SI_UNIT ( $, .STERADIAN. ) SOLID_ANGLE_UNIT ( ) );
#2697 =( NAMED_UNIT ( * ) PLANE_ANGLE_UNIT ( ) SI_UNIT ( $, .RADIAN. ) );
#2698 = LINE ( 'NONE', #1665, #928 ) ;
#2699 = CARTESIAN_POINT ( 'NONE',  ( 0.6000000000000006439, 0.1449999999999998790, 0.000000000000000000 ) ) ;
#2700 = ORIENTED_EDGE ( 'NONE', *, *, #521, .F. ) ;
#2701 = VECTOR ( 'NONE', #1745, 1000.000000000000000 ) ;
#2702 = FILL_AREA_STYLE_COLOUR ( '', #2855 ) ;
#2703 = SURFACE_SIDE_STYLE ('',( #3074 ) ) ;
#2704 = UNCERTAINTY_MEASURE_WITH_UNIT (LENGTH_MEASURE( 1.000000000000000082E-05 ), #1315, 'distance_accuracy_value', 'NONE');
#2705 =( NAMED_UNIT ( * ) PLANE_ANGLE_UNIT ( ) SI_UNIT ( $, .RADIAN. ) );
#2706 = VERTEX_POINT ( 'NONE', #1277 ) ;
#2707 = CARTESIAN_POINT ( 'NONE',  ( 0.000000000000000000, 0.000000000000000000, 0.000000000000000000 ) ) ;
#2708 = CARTESIAN_POINT ( 'NONE',  ( 0.3449999999999991962, 0.2050000000000001543, 0.6990000000000005098 ) ) ;
#2709 = DIRECTION ( 'NONE',  ( 1.000000000000000000, 0.000000000000000000, 0.000000000000000000 ) ) ;
#2710 = SHAPE_REPRESENTATION ( 'Terminals', ( #302 ), #3347 ) ;
#2711 = CARTESIAN_POINT ( 'NONE',  ( 0.7799999999999991385, 0.3949999999999999067, 0.006000000000000002727 ) ) ;
#2712 = VERTEX_POINT ( 'NONE', #2406 ) ;
#2713 = CYLINDRICAL_SURFACE ( 'NONE', #1728, 0.005000000000000066891 ) ;
#2714 = DIRECTION ( 'NONE',  ( 0.000000000000000000, 0.000000000000000000, 1.000000000000000000 ) ) ;
#2715 = SURFACE_STYLE_USAGE ( .BOTH. , #3234 ) ;
#2716 = EDGE_CURVE ( 'NONE', #2706, #2051, #2814, .T. ) ;
#2717 = EDGE_CURVE ( 'NONE', #4643, #2038, #1710, .T. ) ;
#2718 = CARTESIAN_POINT ( 'NONE',  ( 0.7999999999999990452, -0.3799999999999988387, 0.6940000000000001723 ) ) ;
#2719 = DIRECTION ( 'NONE',  ( -1.000000000000000000, 7.116814260417670485E-16, 0.000000000000000000 ) ) ;
#2720 = DIRECTION ( 'NONE',  ( 0.000000000000000000, -0.000000000000000000, -1.000000000000000000 ) ) ;
#2721 = CARTESIAN_POINT ( 'NONE',  ( -0.3499999999999995892, -0.1499999999999999667, 0.6990000000000005098 ) ) ;
#2722 = EDGE_CURVE ( 'NONE', #2968, #2001, #931, .T. ) ;
#2723 = ADVANCED_FACE ( 'NONE', ( #488 ), #1299, .T. ) ;
#2724 = EDGE_LOOP ( 'NONE', ( #1921, #845, #2014, #881 ) ) ;
#2725 =( NAMED_UNIT ( * ) SI_UNIT ( $, .STERADIAN. ) SOLID_ANGLE_UNIT ( ) );
#2726 = MECHANICAL_DESIGN_GEOMETRIC_PRESENTATION_REPRESENTATION (  '', ( #739 ), #489 ) ;
#2727 = DIRECTION ( 'NONE',  ( 1.000000000000000000, 0.000000000000000000, -0.000000000000000000 ) ) ;
#2728 = CARTESIAN_POINT ( 'NONE',  ( 0.7799999999999990274, 0.3949999999999997402, 0.001000000000000006960 ) ) ;
#2729 = CARTESIAN_POINT ( 'NONE',  ( 0.7950000000000000400, 0.1499999999999999667, 0.006000000000000002727 ) ) ;
#2730 = B_SPLINE_CURVE_WITH_KNOTS ( 'NONE', 3,
 ( #1740, #2932, #1476, #1044 ),
 .UNSPECIFIED., .F., .F.,
 ( 4, 4 ),
 ( 0.000000000000000000, 1.000000000000000000 ),
 .UNSPECIFIED. ) ;
#2731 = ORIENTED_EDGE ( 'NONE', *, *, #484, .F. ) ;
#2732 = UNCERTAINTY_MEASURE_WITH_UNIT (LENGTH_MEASURE( 1.000000000000000082E-05 ), #2541, 'distance_accuracy_value', 'NONE');
#2733 =( NAMED_UNIT ( * ) SI_UNIT ( $, .STERADIAN. ) SOLID_ANGLE_UNIT ( ) );
#2734 = ORIENTED_EDGE ( 'NONE', *, *, #4356, .F. ) ;
#2735 = DIRECTION ( 'NONE',  ( 0.000000000000000000, 0.000000000000000000, 1.000000000000000000 ) ) ;
#2736 = PLANE ( 'NONE',  #2745 ) ;
#2737 = DIRECTION ( 'NONE',  ( 1.000000000000000000, -1.734723475976809806E-16, -0.000000000000000000 ) ) ;
#2738 = PRESENTATION_LAYER_ASSIGNMENT (  '', '', ( #4821 ) ) ;
#2739 = SURFACE_STYLE_FILL_AREA ( #3858 ) ;
#2740 = AXIS2_PLACEMENT_3D ( 'NONE', #316, #1831, #4801 ) ;
#2741 = PRESENTATION_LAYER_ASSIGNMENT (  '', '', ( #2242 ) ) ;
#2742 = DIRECTION ( 'NONE',  ( -0.000000000000000000, -1.000000000000000000, -0.000000000000000000 ) ) ;
#2743 = LINE ( 'NONE', #3988, #275 ) ;
#2744 = FILL_AREA_STYLE_COLOUR ( '', #913 ) ;
#2745 = AXIS2_PLACEMENT_3D ( 'NONE', #4620, #4333, #1200 ) ;
#2746 = AXIS2_PLACEMENT_3D ( 'NONE', #249, #2568, #1432 ) ;
#2747 = FACE_OUTER_BOUND ( 'NONE', #2724, .T. ) ;
#2748 = COLOUR_RGB ( '',1.000000000000000000, 1.000000000000000000, 1.000000000000000000 ) ;
#2749 = DIRECTION ( 'NONE',  ( -1.000000000000000000, 0.000000000000000000, 0.000000000000000000 ) ) ;
#2750 = CARTESIAN_POINT ( 'NONE',  ( 0.3499999999999995892, 0.4000000000000001332, 0.001000000000000000454 ) ) ;
#2751 = DIRECTION ( 'NONE',  ( -0.000000000000000000, 1.000000000000000000, 0.000000000000000000 ) ) ;
#2752 = EDGE_CURVE ( 'NONE', #3164, #1842, #1773, .T. ) ;
#2753 = AXIS2_PLACEMENT_3D ( 'NONE', #4915, #374, #4940 ) ;
#2754 = ORIENTED_EDGE ( 'NONE', *, *, #3269, .F. ) ;
#2755 =( NAMED_UNIT ( * ) SI_UNIT ( $, .STERADIAN. ) SOLID_ANGLE_UNIT ( ) );
#2756 = VECTOR ( 'NONE', #4640, 1000.000000000000000 ) ;
#2757 = UNCERTAINTY_MEASURE_WITH_UNIT (LENGTH_MEASURE( 1.000000000000000082E-05 ), #3525, 'distance_accuracy_value', 'NONE');
#2758 = SURFACE_SIDE_STYLE ('',( #1245 ) ) ;
#2759 = ORIENTED_EDGE ( 'NONE', *, *, #1757, .F. ) ;
#2760 = MECHANICAL_DESIGN_GEOMETRIC_PRESENTATION_REPRESENTATION (  '', ( #4297 ), #1475 ) ;
#2761 = FILL_AREA_STYLE_COLOUR ( '', #2245 ) ;
#2762 = CARTESIAN_POINT ( 'NONE',  ( -0.7887867965644028700, -0.3949999999999994071, 0.001000000000000013248 ) ) ;
#2763 = CARTESIAN_POINT ( 'NONE',  ( -0.1749999999999997946, 0.3999999999999998557, 0.6940000000000001723 ) ) ;
#2764 = DIRECTION ( 'NONE',  ( 1.000000000000000000, 0.000000000000000000, 0.000000000000000000 ) ) ;
#2765 = STYLED_ITEM ( 'NONE', ( #4198 ), #3243 ) ;
#2766 = PRESENTATION_STYLE_ASSIGNMENT (( #3088 ) ) ;
#2767 = CARTESIAN_POINT ( 'NONE',  ( -0.8000000000000001554, -0.1499999999999999667, 0.000000000000000000 ) ) ;
#2768 = AXIS2_PLACEMENT_3D ( 'NONE', #4765, #3891, #1565 ) ;
#2769 = CARTESIAN_POINT ( 'NONE',  ( 0.3449999999999991962, 0.2000000000000000944, 0.000000000000000000 ) ) ;
#2770 = CARTESIAN_POINT ( 'NONE',  ( -0.6050000000000006484, -0.1499999999999999667, 0.001000000000000000454 ) ) ;
#2771 =( BOUNDED_SURFACE ( )  B_SPLINE_SURFACE ( 3, 3, ( 
 ( #2479, #870, #3678, #3244 ),
 ( #644, #2458, #231, #4027 ),
 ( #975, #1030, #2527, #4662 ),
 ( #3623, #1240, #566, #2911 ) ),
 .UNSPECIFIED., .F., .F., .F. ) 
 B_SPLINE_SURFACE_WITH_KNOTS ( ( 4, 4 ),
 ( 4, 4 ),
 ( 0.000000000000000000, 1.000000000000000000 ),
 ( 0.000000000000000000, 1.000000000000000000 ),
 .UNSPECIFIED. ) 
 GEOMETRIC_REPRESENTATION_ITEM ( )  RATIONAL_B_SPLINE_SURFACE ( (
 ( 1.000000000000000000, 0.8047378541243649375, 0.8047378541243649375, 1.000000000000000000),
 ( 0.8047378541243853656, 0.6476030138607040687, 0.6476030138607040687, 0.8047378541243853656),
 ( 0.8047378541243853656, 0.6476030138607040687, 0.6476030138607040687, 0.8047378541243853656),
 ( 1.000000000000000000, 0.8047378541243649375, 0.8047378541243649375, 1.000000000000000000) ) ) 
 REPRESENTATION_ITEM ( '' )  SURFACE ( )  );
#2772 = AXIS2_PLACEMENT_3D ( 'NONE', #3932, #2852, #1625 ) ;
#2773 = PRESENTATION_STYLE_ASSIGNMENT (( #3605 ) ) ;
#2774 = ORIENTED_EDGE ( 'NONE', *, *, #3436, .F. ) ;
#2775 = FACE_OUTER_BOUND ( 'NONE', #4044, .T. ) ;
#2776 = FILL_AREA_STYLE_COLOUR ( '', #4365 ) ;
#2777 = AXIS2_PLACEMENT_3D ( 'NONE', #2020, #567, #1302 ) ;
#2778 = AXIS2_PLACEMENT_3D ( 'NONE', #1835, #1886, #4636 ) ;
#2779 = CARTESIAN_POINT ( 'NONE',  ( -0.8000000000000002665, -0.1499999999999999667, 0.006000000000000002727 ) ) ;
#2780 = EDGE_LOOP ( 'NONE', ( #1608, #3640, #4137, #3222, #2199, #1360 ) ) ;
#2781 = CARTESIAN_POINT ( 'NONE',  ( 0.8000000000000002665, -0.3799999999999989497, 0.006000000000000002727 ) ) ;
#2782 = EDGE_CURVE ( 'NONE', #1331, #578, #689, .T. ) ;
#2783 = SURFACE_STYLE_FILL_AREA ( #1288 ) ;
#2784 = COLOUR_RGB ( '',1.000000000000000000, 1.000000000000000000, 1.000000000000000000 ) ;
#2785 = EDGE_CURVE ( 'NONE', #2790, #4449, #3315, .T. ) ;
#2786 = ORIENTED_EDGE ( 'NONE', *, *, #3532, .T. ) ;
#2787 = DIRECTION ( 'NONE',  ( 1.000000000000000000, 0.000000000000000000, 0.000000000000000000 ) ) ;
#2788 = EDGE_CURVE ( 'NONE', #709, #1252, #2093, .T. ) ;
#2789 = FACE_OUTER_BOUND ( 'NONE', #4349, .T. ) ;
#2790 = VERTEX_POINT ( 'NONE', #1365 ) ;
#2791 =( LENGTH_UNIT ( ) NAMED_UNIT ( * ) SI_UNIT ( .MILLI., .METRE. ) );
#2792 = DIRECTION ( 'NONE',  ( -0.000000000000000000, 1.000000000000000000, 0.000000000000000000 ) ) ;
#2793 = SURFACE_STYLE_USAGE ( .BOTH. , #3118 ) ;
#2794 = SURFACE_STYLE_FILL_AREA ( #4320 ) ;
#2795 = SURFACE_SIDE_STYLE ('',( #4705 ) ) ;
#2796 = ORIENTED_EDGE ( 'NONE', *, *, #2785, .T. ) ;
#2797 = SURFACE_STYLE_USAGE ( .BOTH. , #2415 ) ;
#2798 = LINE ( 'NONE', #1284, #428 ) ;
#2799 =( GEOMETRIC_REPRESENTATION_CONTEXT ( 3 ) GLOBAL_UNCERTAINTY_ASSIGNED_CONTEXT ( ( #2732 ) ) GLOBAL_UNIT_ASSIGNED_CONTEXT ( ( #2541, #3683, #1399 ) ) REPRESENTATION_CONTEXT ( 'NONE', 'WORKASPACE' ) );
#2800 = ORIENTED_EDGE ( 'NONE', *, *, #4807, .T. ) ;
#2801 = VECTOR ( 'NONE', #1217, 1000.000000000000000 ) ;
#2802 = DIRECTION ( 'NONE',  ( 0.000000000000000000, -0.000000000000000000, -1.000000000000000000 ) ) ;
#2803 = UNCERTAINTY_MEASURE_WITH_UNIT (LENGTH_MEASURE( 1.000000000000000082E-05 ), #276, 'distance_accuracy_value', 'NONE');
#2804 = AXIS2_PLACEMENT_3D ( 'NONE', #3736, #3300, #290 ) ;
#2805 = ADVANCED_FACE ( 'NONE', ( #3675 ), #3285, .T. ) ;
#2806 = ORIENTED_EDGE ( 'NONE', *, *, #1750, .T. ) ;
#2807 = ORIENTED_EDGE ( 'NONE', *, *, #1326, .T. ) ;
#2808 = CARTESIAN_POINT ( 'NONE',  ( 0.3449999999999991962, 0.2050000000000001543, 0.001000000000000000454 ) ) ;
#2809 = DIRECTION ( 'NONE',  ( 1.000000000000000000, 0.000000000000000000, 0.000000000000000000 ) ) ;
#2810 = EDGE_CURVE ( 'NONE', #2469, #146, #588, .T. ) ;
#2811 = ORIENTED_EDGE ( 'NONE', *, *, #420, .T. ) ;
#2812 = EDGE_CURVE ( 'NONE', #661, #4403, #4743, .T. ) ;
#2813 = LINE ( 'NONE', #4795, #3430 ) ;
#2814 = LINE ( 'NONE', #1253, #3644 ) ;
#2815 = CIRCLE ( 'NONE', #1614, 0.005000000000000013115 ) ;
#2816 = DIRECTION ( 'NONE',  ( -0.000000000000000000, -0.000000000000000000, -1.000000000000000000 ) ) ;
#2817 = VECTOR ( 'NONE', #496, 1000.000000000000000 ) ;
#2818 = CARTESIAN_POINT ( 'NONE',  ( 0.3499999999999995892, 0.4000000000000000777, 0.006000000000000002727 ) ) ;
#2819 = FILL_AREA_STYLE_COLOUR ( '', #1501 ) ;
#2820 = ORIENTED_EDGE ( 'NONE', *, *, #3969, .F. ) ;
#2821 = PLANE ( 'NONE',  #2740 ) ;
#2822 = AXIS2_PLACEMENT_3D ( 'NONE', #2967, #4851, #2322 ) ;
#2823 = MECHANICAL_DESIGN_GEOMETRIC_PRESENTATION_REPRESENTATION (  '', ( #1543 ), #3385 ) ;
#2824 = SURFACE_SIDE_STYLE ('',( #625 ) ) ;
#2825 = PRESENTATION_STYLE_ASSIGNMENT (( #4803 ) ) ;
#2826 = ORIENTED_EDGE ( 'NONE', *, *, #1411, .T. ) ;
#2827 = STYLED_ITEM ( 'NONE', ( #4890 ), #964 ) ;
#2828 = STYLED_ITEM ( 'NONE', ( #585 ), #2209 ) ;
#2829 = ORIENTED_EDGE ( 'NONE', *, *, #2280, .F. ) ;
#2830 = FACE_OUTER_BOUND ( 'NONE', #4408, .T. ) ;
#2831 = COLOUR_RGB ( '',1.000000000000000000, 1.000000000000000000, 1.000000000000000000 ) ;
#2832 = SURFACE_STYLE_USAGE ( .BOTH. , #4739 ) ;
#2833 = ORIENTED_EDGE ( 'NONE', *, *, #2021, .T. ) ;
#2834 = SURFACE_STYLE_USAGE ( .BOTH. , #4385 ) ;
#2835 = DIRECTION ( 'NONE',  ( -0.000000000000000000, 1.000000000000000000, 0.000000000000000000 ) ) ;
#2836 = VECTOR ( 'NONE', #2114, 1000.000000000000000 ) ;
#2837 = CARTESIAN_POINT ( 'NONE',  ( -0.3499999999999995892, -0.2050000000000001543, 0.000000000000000000 ) ) ;
#2838 = ADVANCED_FACE ( 'NONE', ( #2088 ), #4295, .T. ) ;
#2839 = AXIS2_PLACEMENT_3D ( 'NONE', #1902, #4902, #701 ) ;
#2840 = CARTESIAN_POINT ( 'NONE',  ( -0.3499999999999995892, -0.4000000000000001332, 0.000000000000000000 ) ) ;
#2841 =( NAMED_UNIT ( * ) PLANE_ANGLE_UNIT ( ) SI_UNIT ( $, .RADIAN. ) );
#2842 = SURFACE_STYLE_FILL_AREA ( #494 ) ;
#2843 = ORIENTED_EDGE ( 'NONE', *, *, #3871, .T. ) ;
#2844 = CARTESIAN_POINT ( 'NONE',  ( 1.387778780781446415E-16, 3.469446951953609875E-17, 0.001000000000000000454 ) ) ;
#2845 = VECTOR ( 'NONE', #1294, 1000.000000000000000 ) ;
#2846 =( NAMED_UNIT ( * ) PLANE_ANGLE_UNIT ( ) SI_UNIT ( $, .RADIAN. ) );
#2847 = CYLINDRICAL_SURFACE ( 'NONE', #1556, 0.005000000000000013115 ) ;
#2848 = CARTESIAN_POINT ( 'NONE',  ( 0.3449999999999991962, 0.2000000000000000666, 0.001000000000000000454 ) ) ;
#2849 = STYLED_ITEM ( 'NONE', ( #3226 ), #4355 ) ;
#2850 = VERTEX_POINT ( 'NONE', #1071 ) ;
#2851 = AXIS2_PLACEMENT_3D ( 'NONE', #1700, #2064, #2330 ) ;
#2852 = DIRECTION ( 'NONE',  ( 1.000000000000000000, 0.000000000000000000, 0.000000000000000000 ) ) ;
#2853 = FILL_AREA_STYLE_COLOUR ( '', #3699 ) ;
#2854 = COLOUR_RGB ( '',1.000000000000000000, 1.000000000000000000, 1.000000000000000000 ) ;
#2855 = COLOUR_RGB ( '',0.7490196078431372584, 0.7490196078431372584, 0.7490196078431372584 ) ;
#2856 = DIRECTION ( 'NONE',  ( 1.000000000000000000, 0.000000000000000000, 0.000000000000000000 ) ) ;
#2857 = UNCERTAINTY_MEASURE_WITH_UNIT (LENGTH_MEASURE( 1.000000000000000082E-05 ), #409, 'distance_accuracy_value', 'NONE');
#2858 = ORIENTED_EDGE ( 'NONE', *, *, #3185, .T. ) ;
#2859 =( GEOMETRIC_REPRESENTATION_CONTEXT ( 3 ) GLOBAL_UNCERTAINTY_ASSIGNED_CONTEXT ( ( #368 ) ) GLOBAL_UNIT_ASSIGNED_CONTEXT ( ( #1229, #467, #1609 ) ) REPRESENTATION_CONTEXT ( 'NONE', 'WORKASPACE' ) );
#2860 = PRESENTATION_STYLE_ASSIGNMENT (( #2040 ) ) ;
#2861 =( GEOMETRIC_REPRESENTATION_CONTEXT ( 3 ) GLOBAL_UNCERTAINTY_ASSIGNED_CONTEXT ( ( #1163 ) ) GLOBAL_UNIT_ASSIGNED_CONTEXT ( ( #50, #3866, #2696 ) ) REPRESENTATION_CONTEXT ( 'NONE', 'WORKASPACE' ) );
#2862 =( GEOMETRIC_REPRESENTATION_CONTEXT ( 3 ) GLOBAL_UNCERTAINTY_ASSIGNED_CONTEXT ( ( #1129 ) ) GLOBAL_UNIT_ASSIGNED_CONTEXT ( ( #3391, #1481, #306 ) ) REPRESENTATION_CONTEXT ( 'NONE', 'WORKASPACE' ) );
#2863 = SURFACE_STYLE_FILL_AREA ( #1678 ) ;
#2864 = ORIENTED_EDGE ( 'NONE', *, *, #843, .F. ) ;
#2865 = DIRECTION ( 'NONE',  ( 0.000000000000000000, 0.000000000000000000, 1.000000000000000000 ) ) ;
#2866 = PRESENTATION_STYLE_ASSIGNMENT (( #3286 ) ) ;
#2867 = CARTESIAN_POINT ( 'NONE',  ( 0.7950000000000000400, -0.1499999999999999667, 0.6999999999999990674 ) ) ;
#2868 = FILL_AREA_STYLE_COLOUR ( '', #63 ) ;
#2869 = EDGE_CURVE ( 'NONE', #3141, #1982, #2626, .T. ) ;
#2870 = VERTEX_POINT ( 'NONE', #3392 ) ;
#2871 = CARTESIAN_POINT ( 'NONE',  ( -0.6000000000000006439, -0.1449999999999998790, 0.000000000000000000 ) ) ;
#2872 =( NAMED_UNIT ( * ) SI_UNIT ( $, .STERADIAN. ) SOLID_ANGLE_UNIT ( ) );
#2873 = DIRECTION ( 'NONE',  ( -0.000000000000000000, -0.000000000000000000, -1.000000000000000000 ) ) ;
#2874 = PRESENTATION_STYLE_ASSIGNMENT (( #1356 ) ) ;
#2875 = DIRECTION ( 'NONE',  ( -1.000000000000000000, -8.896017825522090571E-17, 0.000000000000000000 ) ) ;
#2876 = VERTEX_POINT ( 'NONE', #3829 ) ;
#2877 =( LENGTH_UNIT ( ) NAMED_UNIT ( * ) SI_UNIT ( .MILLI., .METRE. ) );
#2878 = CLOSED_SHELL ( 'NONE', ( #4019, #143, #3499, #301, #804, #3212, #2805, #934, #614, #1520 ) ) ;
#2879 = ORIENTED_EDGE ( 'NONE', *, *, #2643, .T. ) ;
#2880 = LINE ( 'NONE', #3280, #3388 ) ;
#2881 = LINE ( 'NONE', #561, #4775 ) ;
#2882 = AXIS2_PLACEMENT_3D ( 'NONE', #1207, #3512, #4555 ) ;
#2883 = VERTEX_POINT ( 'NONE', #3420 ) ;
#2884 = SURFACE_STYLE_USAGE ( .BOTH. , #1276 ) ;
#2885 = PRESENTATION_STYLE_ASSIGNMENT (( #1366 ) ) ;
#2886 =( NAMED_UNIT ( * ) PLANE_ANGLE_UNIT ( ) SI_UNIT ( $, .RADIAN. ) );
#2887 = ORIENTED_EDGE ( 'NONE', *, *, #2590, .F. ) ;
#2888 = SURFACE_STYLE_FILL_AREA ( #1753 ) ;
#2889 = MECHANICAL_DESIGN_GEOMETRIC_PRESENTATION_REPRESENTATION (  '', ( #102 ), #2561 ) ;
#2890 =( NAMED_UNIT ( * ) PLANE_ANGLE_UNIT ( ) SI_UNIT ( $, .RADIAN. ) );
#2891 = DIRECTION ( 'NONE',  ( 0.000000000000000000, 0.000000000000000000, 1.000000000000000000 ) ) ;
#2892 = LINE ( 'NONE', #1758, #1406 ) ;
#2893 = ORIENTED_EDGE ( 'NONE', *, *, #429, .F. ) ;
#2894 = CARTESIAN_POINT ( 'NONE',  ( -0.7799999999999990274, -0.3949999999999993516, 0.6990000000000001767 ) ) ;
#2895 = AXIS2_PLACEMENT_3D ( 'NONE', #45, #4261, #1566 ) ;
#2896 = DIRECTION ( 'NONE',  ( 1.000000000000000000, 0.000000000000000000, 0.000000000000000000 ) ) ;
#2897 = ADVANCED_FACE ( 'NONE', ( #353 ), #4482, .T. ) ;
#2898 = EDGE_CURVE ( 'NONE', #1095, #4493, #462, .T. ) ;
#2899 = STYLED_ITEM ( 'NONE', ( #64 ), #1616 ) ;
#2900 = FILL_AREA_STYLE_COLOUR ( '', #3638 ) ;
#2901 = COLOUR_RGB ( '',1.000000000000000000, 1.000000000000000000, 1.000000000000000000 ) ;
#2902 = ORIENTED_EDGE ( 'NONE', *, *, #3026, .F. ) ;
#2903 = PLANE ( 'NONE',  #2057 ) ;
#2904 = PRESENTATION_STYLE_ASSIGNMENT (( #270 ) ) ;
#2905 = MECHANICAL_DESIGN_GEOMETRIC_PRESENTATION_REPRESENTATION (  '', ( #1927 ), #4833 ) ;
#2906 = FILL_AREA_STYLE ('',( #1412 ) ) ;
#2907 = ORIENTED_EDGE ( 'NONE', *, *, #2119, .T. ) ;
#2908 = CIRCLE ( 'NONE', #38, 0.005000000000000013115 ) ;
#2909 = FILL_AREA_STYLE_COLOUR ( '', #772 ) ;
#2910 = DIRECTION ( 'NONE',  ( -0.000000000000000000, -0.000000000000000000, 1.000000000000000000 ) ) ;
#2911 = CARTESIAN_POINT ( 'NONE',  ( 0.7799999999999990274, 0.3949999999999993516, 0.001000000000000013248 ) ) ;
#2912 = VECTOR ( 'NONE', #2327, 1000.000000000000000 ) ;
#2913 = SURFACE_STYLE_USAGE ( .BOTH. , #1732 ) ;
#2914 = SURFACE_STYLE_FILL_AREA ( #1002 ) ;
#2915 = ORIENTED_EDGE ( 'NONE', *, *, #4453, .F. ) ;
#2916 =( NAMED_UNIT ( * ) PLANE_ANGLE_UNIT ( ) SI_UNIT ( $, .RADIAN. ) );
#2917 = AXIS2_PLACEMENT_3D ( 'NONE', #491, #3174, #160 ) ;
#2918 = DIRECTION ( 'NONE',  ( 0.000000000000000000, 0.000000000000000000, 1.000000000000000000 ) ) ;
#2919 = SURFACE_STYLE_FILL_AREA ( #239 ) ;
#2920 = FACE_OUTER_BOUND ( 'NONE', #4800, .T. ) ;
#2921 = ORIENTED_EDGE ( 'NONE', *, *, #2235, .F. ) ;
#2922 = PRESENTATION_LAYER_ASSIGNMENT (  '', '', ( #1097 ) ) ;
#2923 =( NAMED_UNIT ( * ) PLANE_ANGLE_UNIT ( ) SI_UNIT ( $, .RADIAN. ) );
#2924 = PRESENTATION_LAYER_ASSIGNMENT (  '', '', ( #1873 ) ) ;
#2925 = COLOUR_RGB ( '',0.7490196078431372584, 0.7490196078431372584, 0.7490196078431372584 ) ;
#2926 = DIRECTION ( 'NONE',  ( 8.896017825522091804E-17, -1.000000000000000000, 0.000000000000000000 ) ) ;
#2927 = ORIENTED_EDGE ( 'NONE', *, *, #1106, .F. ) ;
#2928 = SURFACE_STYLE_FILL_AREA ( #4520 ) ;
#2929 = SHAPE_REPRESENTATION ( 'Body', ( #302 ), #2862 ) ;
#2930 = ADVANCED_FACE ( 'NONE', ( #2604 ), #3481, .T. ) ;
#2931 = EDGE_CURVE ( 'NONE', #653, #2001, #2019, .T. ) ;
#2932 = CARTESIAN_POINT ( 'NONE',  ( -0.7894809940983937846, 0.3944809940983942664, 0.6990000000000005098 ) ) ;
#2933 = AXIS2_PLACEMENT_3D ( 'NONE', #900, #3976, #4374 ) ;
#2934 = MECHANICAL_DESIGN_GEOMETRIC_PRESENTATION_REPRESENTATION (  '', ( #792 ), #2519 ) ;
#2935 = ORIENTED_EDGE ( 'NONE', *, *, #3466, .T. ) ;
#2936 = COLOUR_RGB ( '',0.5999999999999999778, 0.5999999999999999778, 0.5999999999999999778 ) ;
#2937 = DIRECTION ( 'NONE',  ( 1.000000000000000000, 0.000000000000000000, 0.000000000000000000 ) ) ;
#2938 = EDGE_CURVE ( 'NONE', #1331, #1397, #3813, .T. ) ;
#2939 = LINE ( 'NONE', #3649, #278 ) ;
#2940 = COLOUR_RGB ( '',0.7490196078431372584, 0.7490196078431372584, 0.7490196078431372584 ) ;
#2941 = EDGE_LOOP ( 'NONE', ( #2864, #84, #4479, #1313 ) ) ;
#2942 = DIRECTION ( 'NONE',  ( 0.000000000000000000, 0.000000000000000000, 1.000000000000000000 ) ) ;
#2943 = CARTESIAN_POINT ( 'NONE',  ( 0.7949999999999994849, -0.3799999999999988387, 0.6990000000000001767 ) ) ;
#2944 = DIRECTION ( 'NONE',  ( 0.000000000000000000, -1.000000000000000000, 0.000000000000000000 ) ) ;
#2945 = ORIENTED_EDGE ( 'NONE', *, *, #3770, .F. ) ;
#2946 = LINE ( 'NONE', #2556, #1056 ) ;
#2947 = DIRECTION ( 'NONE',  ( 0.000000000000000000, 1.000000000000000000, -0.000000000000000000 ) ) ;
#2948 = DIRECTION ( 'NONE',  ( 0.000000000000000000, 0.000000000000000000, 1.000000000000000000 ) ) ;
#2949 = ORIENTED_EDGE ( 'NONE', *, *, #1550, .F. ) ;
#2950 = PRESENTATION_STYLE_ASSIGNMENT (( #4809 ) ) ;
#2951 = CARTESIAN_POINT ( 'NONE',  ( -0.7999999999999990452, 0.3917157287525371845, 0.6969289321881343424 ) ) ;
#2952 = ORIENTED_EDGE ( 'NONE', *, *, #2588, .F. ) ;
#2953 =( LENGTH_UNIT ( ) NAMED_UNIT ( * ) SI_UNIT ( .MILLI., .METRE. ) );
#2954 = DIRECTION ( 'NONE',  ( -1.000000000000000000, -8.896017825522090571E-17, 0.000000000000000000 ) ) ;
#2955 =( GEOMETRIC_REPRESENTATION_CONTEXT ( 3 ) GLOBAL_UNCERTAINTY_ASSIGNED_CONTEXT ( ( #43 ) ) GLOBAL_UNIT_ASSIGNED_CONTEXT ( ( #1527, #2492, #1381 ) ) REPRESENTATION_CONTEXT ( 'NONE', 'WORKASPACE' ) );
#2956 = FILL_AREA_STYLE_COLOUR ( '', #3989 ) ;
#2957 = ORIENTED_EDGE ( 'NONE', *, *, #3438, .F. ) ;
#2958 =( NAMED_UNIT ( * ) PLANE_ANGLE_UNIT ( ) SI_UNIT ( $, .RADIAN. ) );
#2959 = DIRECTION ( 'NONE',  ( 0.000000000000000000, 0.000000000000000000, 1.000000000000000000 ) ) ;
#2960 = EDGE_CURVE ( 'NONE', #3397, #2624, #1101, .T. ) ;
#2961 = VERTEX_POINT ( 'NONE', #4159 ) ;
#2962 = AXIS2_PLACEMENT_3D ( 'NONE', #2336, #1885, #1130 ) ;
#2963 = DIRECTION ( 'NONE',  ( -0.000000000000000000, 1.000000000000000000, 0.000000000000000000 ) ) ;
#2964 = FILL_AREA_STYLE ('',( #2660 ) ) ;
#2965 = SURFACE_STYLE_FILL_AREA ( #3247 ) ;
#2966 = ORIENTED_EDGE ( 'NONE', *, *, #387, .T. ) ;
#2967 = CARTESIAN_POINT ( 'NONE',  ( -0.3499999999999995892, -0.2050000000000001543, 0.000000000000000000 ) ) ;
#2968 = VERTEX_POINT ( 'NONE', #806 ) ;
#2969 = PRODUCT_DEFINITION_CONTEXT ( 'detailed design', #2154, 'design' ) ;
#2970 = FILL_AREA_STYLE_COLOUR ( '', #4573 ) ;
#2971 = CIRCLE ( 'NONE', #579, 0.005000000000000013115 ) ;
#2972 = ORIENTED_EDGE ( 'NONE', *, *, #2716, .F. ) ;
#2973 = PRESENTATION_LAYER_ASSIGNMENT (  '', '', ( #178 ) ) ;
#2974 = COLOUR_RGB ( '',1.000000000000000000, 1.000000000000000000, 1.000000000000000000 ) ;
#2975 = SURFACE_SIDE_STYLE ('',( #1091 ) ) ;
#2976 = LINE ( 'NONE', #3745, #3086 ) ;
#2977 = CIRCLE ( 'NONE', #3477, 0.005000000000000013115 ) ;
#2978 = FILL_AREA_STYLE ('',( #2956 ) ) ;
#2979 = ORIENTED_EDGE ( 'NONE', *, *, #1016, .F. ) ;
#2980 = SHAPE_REPRESENTATION_RELATIONSHIP ( 'NONE' , 'NONE' ,  #2929, #2526 ) ;
#2981 = CARTESIAN_POINT ( 'NONE',  ( -0.7979289321881337660, 0.3905025253169407407, 0.001000000000000267168 ) ) ;
#2982 =( GEOMETRIC_REPRESENTATION_CONTEXT ( 3 ) GLOBAL_UNCERTAINTY_ASSIGNED_CONTEXT ( ( #2294 ) ) GLOBAL_UNIT_ASSIGNED_CONTEXT ( ( #4227, #1872, #1920 ) ) REPRESENTATION_CONTEXT ( 'NONE', 'WORKASPACE' ) );
#2983 = SURFACE_STYLE_USAGE ( .BOTH. , #1846 ) ;
#2984 = AXIS2_PLACEMENT_3D ( 'NONE', #3192, #887, #2381 ) ;
#2985 = ORIENTED_EDGE ( 'NONE', *, *, #1320, .T. ) ;
#2986 = CARTESIAN_POINT ( 'NONE',  ( 0.6000000000000003109, 0.1449999999999998790, 0.000000000000000000 ) ) ;
#2987 = LINE ( 'NONE', #1826, #3165 ) ;
#2988 =( NAMED_UNIT ( * ) SI_UNIT ( $, .STERADIAN. ) SOLID_ANGLE_UNIT ( ) );
#2989 = EDGE_CURVE ( 'NONE', #899, #1086, #3241, .T. ) ;
#2990 =( GEOMETRIC_REPRESENTATION_CONTEXT ( 3 ) GLOBAL_UNCERTAINTY_ASSIGNED_CONTEXT ( ( #4566 ) ) GLOBAL_UNIT_ASSIGNED_CONTEXT ( ( #145, #3203, #2393 ) ) REPRESENTATION_CONTEXT ( 'NONE', 'WORKASPACE' ) );
#2991 = ADVANCED_FACE ( 'NONE', ( #46 ), #2633, .T. ) ;
#2992 = DIRECTION ( 'NONE',  ( 1.000000000000000000, 0.000000000000000000, 0.000000000000000000 ) ) ;
#2993 = ORIENTED_EDGE ( 'NONE', *, *, #935, .T. ) ;
#2994 = VECTOR ( 'NONE', #4258, 1000.000000000000000 ) ;
#2995 = ORIENTED_EDGE ( 'NONE', *, *, #1815, .T. ) ;
#2996 =( LENGTH_UNIT ( ) NAMED_UNIT ( * ) SI_UNIT ( .MILLI., .METRE. ) );
#2997 = CARTESIAN_POINT ( 'NONE',  ( -0.3499999999999995892, -0.3949999999999998512, 0.6940000000000001723 ) ) ;
#2998 = EDGE_LOOP ( 'NONE', ( #2602, #2055, #937, #80 ) ) ;
#2999 = DIRECTION ( 'NONE',  ( -0.000000000000000000, -1.000000000000000000, -0.000000000000000000 ) ) ;
#3000 = ORIENTED_EDGE ( 'NONE', *, *, #4055, .T. ) ;
#3001 = MECHANICAL_DESIGN_GEOMETRIC_PRESENTATION_REPRESENTATION (  '', ( #1097 ), #4532 ) ;
#3002 = DIRECTION ( 'NONE',  ( 1.000000000000000000, -1.779203565104420086E-16, -0.000000000000000000 ) ) ;
#3003 = DIRECTION ( 'NONE',  ( -0.000000000000000000, -0.000000000000000000, -1.000000000000000000 ) ) ;
#3004 = VECTOR ( 'NONE', #3472, 1000.000000000000000 ) ;
#3005 = ORIENTED_EDGE ( 'NONE', *, *, #4534, .T. ) ;
#3006 = COLOUR_RGB ( '',0.2862745098039215508, 0.2862745098039215508, 0.2862745098039215508 ) ;
#3007 = PRESENTATION_STYLE_ASSIGNMENT (( #3752 ) ) ;
#3008 = PRESENTATION_LAYER_ASSIGNMENT (  '', '', ( #3830 ) ) ;
#3009 = MECHANICAL_DESIGN_GEOMETRIC_PRESENTATION_REPRESENTATION (  '', ( #1032 ), #2861 ) ;
#3010 = ORIENTED_EDGE ( 'NONE', *, *, #2172, .F. ) ;
#3011 = DIRECTION ( 'NONE',  ( -0.000000000000000000, -0.000000000000000000, 1.000000000000000000 ) ) ;
#3012 = CARTESIAN_POINT ( 'NONE',  ( 0.7799999999999991385, 0.3799999999999989497, 0.6940000000000001723 ) ) ;
#3013 = SURFACE_SIDE_STYLE ('',( #1488 ) ) ;
#3014 = FILL_AREA_STYLE_COLOUR ( '', #840 ) ;
#3015 = DIRECTION ( 'NONE',  ( 0.000000000000000000, 1.000000000000000000, 0.000000000000000000 ) ) ;
#3016 = CYLINDRICAL_SURFACE ( 'NONE', #3948, 0.005000000000000066891 ) ;
#3017 = CARTESIAN_POINT ( 'NONE',  ( 0.3499999999999995337, -0.3949999999999998512, 0.000000000000000000 ) ) ;
#3018 = ADVANCED_FACE ( 'NONE', ( #2251 ), #1879, .T. ) ;
#3019 = FILL_AREA_STYLE ('',( #3376 ) ) ;
#3020 = UNCERTAINTY_MEASURE_WITH_UNIT (LENGTH_MEASURE( 1.000000000000000082E-05 ), #430, 'distance_accuracy_value', 'NONE');
#3021 = CARTESIAN_POINT ( 'NONE',  ( -0.7950000000000000400, -0.07500000000000021927, 0.006000000000000002727 ) ) ;
#3022 =( LENGTH_UNIT ( ) NAMED_UNIT ( * ) SI_UNIT ( .MILLI., .METRE. ) );
#3023 = ORIENTED_EDGE ( 'NONE', *, *, #3151, .T. ) ;
#3024 = DIRECTION ( 'NONE',  ( -1.000000000000000000, 0.000000000000000000, 0.000000000000000000 ) ) ;
#3025 = EDGE_CURVE ( 'NONE', #2514, #4217, #3197, .T. ) ;
#3026 = EDGE_CURVE ( 'NONE', #291, #4669, #1636, .T. ) ;
#3027 = ORIENTED_EDGE ( 'NONE', *, *, #3084, .T. ) ;
#3028 = CARTESIAN_POINT ( 'NONE',  ( 0.3449999999999991962, 0.2050000000000001543, 0.6999999999999991784 ) ) ;
#3029 = SURFACE_STYLE_USAGE ( .BOTH. , #1767 ) ;
#3030 = EDGE_LOOP ( 'NONE', ( #4416, #1464, #1641, #4789 ) ) ;
#3031 = PRODUCT_CONTEXT ( 'NONE', #3139, 'mechanical' ) ;
#3032 = COLOUR_RGB ( '',0.7490196078431372584, 0.7490196078431372584, 0.7490196078431372584 ) ;
#3033 = CARTESIAN_POINT ( 'NONE',  ( -0.7999999999999990452, 0.3799999999999990052, 0.003071067811865685164 ) ) ;
#3034 = PRESENTATION_STYLE_ASSIGNMENT (( #2983 ) ) ;
#3035 = CIRCLE ( 'NONE', #3120, 0.004999999999999989696 ) ;
#3036 = ORIENTED_EDGE ( 'NONE', *, *, #1526, .F. ) ;
#3037 =( NAMED_UNIT ( * ) SI_UNIT ( $, .STERADIAN. ) SOLID_ANGLE_UNIT ( ) );
#3038 = CARTESIAN_POINT ( 'NONE',  ( 0.6000000000000003109, 3.469446951953609875E-17, 0.6990000000000005098 ) ) ;
#3039 = UNCERTAINTY_MEASURE_WITH_UNIT (LENGTH_MEASURE( 1.000000000000000082E-05 ), #4390, 'distance_accuracy_value', 'NONE');
#3040 = SURFACE_STYLE_USAGE ( .BOTH. , #364 ) ;
#3041 = FACE_OUTER_BOUND ( 'NONE', #1908, .T. ) ;
#3042 = SURFACE_STYLE_USAGE ( .BOTH. , #730 ) ;
#3043 = STYLED_ITEM ( 'NONE', ( #49 ), #614 ) ;
#3044 = CARTESIAN_POINT ( 'NONE',  ( -0.3449999999999991962, -0.2000000000000000666, 0.001000000000000000454 ) ) ;
#3045 = DIRECTION ( 'NONE',  ( 1.000000000000000000, 0.000000000000000000, 0.000000000000000000 ) ) ;
#3046 = FACE_OUTER_BOUND ( 'NONE', #2941, .T. ) ;
#3047 = DIRECTION ( 'NONE',  ( 0.000000000000000000, -0.000000000000000000, -1.000000000000000000 ) ) ;
#3048 = ORIENTED_EDGE ( 'NONE', *, *, #4956, .F. ) ;
#3049 = VECTOR ( 'NONE', #4759, 1000.000000000000000 ) ;
#3050 = SURFACE_STYLE_FILL_AREA ( #4249 ) ;
#3051 = EDGE_CURVE ( 'NONE', #2559, #3354, #2332, .T. ) ;
#3052 = CARTESIAN_POINT ( 'NONE',  ( 0.6050000000000006484, 0.1449999999999998790, 0.6990000000000005098 ) ) ;
#3053 = UNCERTAINTY_MEASURE_WITH_UNIT (LENGTH_MEASURE( 1.000000000000000082E-05 ), #1445, 'distance_accuracy_value', 'NONE');
#3054 = ORIENTED_EDGE ( 'NONE', *, *, #3778, .T. ) ;
#3055 =( LENGTH_UNIT ( ) NAMED_UNIT ( * ) SI_UNIT ( .MILLI., .METRE. ) );
#3056 = CARTESIAN_POINT ( 'NONE',  ( 0.7949999999999995959, 0.3799999999999989497, 0.6990000000000001767 ) ) ;
#3057 =( BOUNDED_CURVE ( )  B_SPLINE_CURVE ( 3, ( #2417, #2029, #4661, #2728 ),
 .UNSPECIFIED., .F., .F. ) 
 B_SPLINE_CURVE_WITH_KNOTS ( ( 4, 4 ),
 ( 0.000000000000000000, 1.000000000000000000 ),
 .UNSPECIFIED. ) 
 CURVE ( )  GEOMETRIC_REPRESENTATION_ITEM ( )  RATIONAL_B_SPLINE_CURVE ( ( 1.000000000000000000, 0.8047378541243632721, 0.8047378541243632721, 1.000000000000000000 ) ) 
 REPRESENTATION_ITEM ( '' )  );
#3058 = DIRECTION ( 'NONE',  ( 1.000000000000000000, 0.000000000000000000, 0.000000000000000000 ) ) ;
#3059 = AXIS2_PLACEMENT_3D ( 'NONE', #525, #3125, #3566 ) ;
#3060 =( NAMED_UNIT ( * ) SI_UNIT ( $, .STERADIAN. ) SOLID_ANGLE_UNIT ( ) );
#3061 = LINE ( 'NONE', #4925, #2431 ) ;
#3062 = SURFACE_SIDE_STYLE ('',( #19 ) ) ;
#3063 = SURFACE_STYLE_FILL_AREA ( #2331 ) ;
#3064 = FILL_AREA_STYLE ('',( #1854 ) ) ;
#3065 = PRESENTATION_LAYER_ASSIGNMENT (  '', '', ( #4038 ) ) ;
#3066 = FACE_OUTER_BOUND ( 'NONE', #635, .T. ) ;
#3067 = FACE_OUTER_BOUND ( 'NONE', #3030, .T. ) ;
#3068 = VERTEX_POINT ( 'NONE', #933 ) ;
#3069 = FACE_OUTER_BOUND ( 'NONE', #613, .T. ) ;
#3070 = CARTESIAN_POINT ( 'NONE',  ( 0.7799999999999991385, -0.3949999999999997402, 0.001000000000000006960 ) ) ;
#3071 = ORIENTED_EDGE ( 'NONE', *, *, #4742, .T. ) ;
#3072 = PRESENTATION_LAYER_ASSIGNMENT (  '', '', ( #123 ) ) ;
#3073 = CARTESIAN_POINT ( 'NONE',  ( -0.6050000000000006484, -0.1499999999999999389, 0.000000000000000000 ) ) ;
#3074 = SURFACE_STYLE_FILL_AREA ( #1552 ) ;
#3075 = AXIS2_PLACEMENT_3D ( 'NONE', #1463, #3015, #4580 ) ;
#3076 = ORIENTED_EDGE ( 'NONE', *, *, #3436, .T. ) ;
#3077 = EDGE_CURVE ( 'NONE', #2712, #3291, #2743, .T. ) ;
#3078 = CONTEXT_DEPENDENT_SHAPE_REPRESENTATION ( #222, #723 ) ;
#3079 = SURFACE_SIDE_STYLE ('',( #3106 ) ) ;
#3080 = MECHANICAL_DESIGN_GEOMETRIC_PRESENTATION_REPRESENTATION (  '', ( #2439 ), #3735 ) ;
#3081 = CARTESIAN_POINT ( 'NONE',  ( 0.8000000000000002665, 0.1499999999999999667, 0.006000000000000002727 ) ) ;
#3082 = CARTESIAN_POINT ( 'NONE',  ( -0.3499999999999995337, -0.2050000000000001543, 0.001000000000000000454 ) ) ;
#3083 = STYLED_ITEM ( 'NONE', ( #3880 ), #4266 ) ;
#3084 = EDGE_CURVE ( 'NONE', #2572, #3534, #2264, .T. ) ;
#3085 = ORIENTED_EDGE ( 'NONE', *, *, #2938, .T. ) ;
#3086 = VECTOR ( 'NONE', #4452, 1000.000000000000000 ) ;
#3087 = DIRECTION ( 'NONE',  ( 0.000000000000000000, 0.000000000000000000, -1.000000000000000000 ) ) ;
#3088 = SURFACE_STYLE_USAGE ( .BOTH. , #20 ) ;
#3089 = VECTOR ( 'NONE', #2387, 1000.000000000000000 ) ;
#3090 = CIRCLE ( 'NONE', #2447, 0.005000000000000066891 ) ;
#3091 =( NAMED_UNIT ( * ) PLANE_ANGLE_UNIT ( ) SI_UNIT ( $, .RADIAN. ) );
#3092 =( NAMED_UNIT ( * ) SI_UNIT ( $, .STERADIAN. ) SOLID_ANGLE_UNIT ( ) );
#3093 = AXIS2_PLACEMENT_3D ( 'NONE', #2174, #4136, #707 ) ;
#3094 = STYLED_ITEM ( 'NONE', ( #1287 ), #3992 ) ;
#3095 = SURFACE_SIDE_STYLE ('',( #1907 ) ) ;
#3096 = SURFACE_STYLE_FILL_AREA ( #2257 ) ;
#3097 =( GEOMETRIC_REPRESENTATION_CONTEXT ( 3 ) GLOBAL_UNCERTAINTY_ASSIGNED_CONTEXT ( ( #2308 ) ) GLOBAL_UNIT_ASSIGNED_CONTEXT ( ( #2247, #3808, #3060 ) ) REPRESENTATION_CONTEXT ( 'NONE', 'WORKASPACE' ) );
#3098 = LINE ( 'NONE', #421, #1545 ) ;
#3099 = DIRECTION ( 'NONE',  ( -0.000000000000000000, 0.000000000000000000, -1.000000000000000000 ) ) ;
#3100 = EDGE_LOOP ( 'NONE', ( #2734, #3439, #4729, #4256 ) ) ;
#3101 = CARTESIAN_POINT ( 'NONE',  ( 0.3499999999999995892, -0.3949999999999998512, 0.6940000000000001723 ) ) ;
#3102 = CARTESIAN_POINT ( 'NONE',  ( -0.3449999999999991962, 0.2000000000000000944, 0.000000000000000000 ) ) ;
#3103 = UNCERTAINTY_MEASURE_WITH_UNIT (LENGTH_MEASURE( 1.000000000000000082E-05 ), #1699, 'distance_accuracy_value', 'NONE');
#3104 = DIRECTION ( 'NONE',  ( 1.000000000000000000, 0.000000000000000000, 0.000000000000000000 ) ) ;
#3105 = ORIENTED_EDGE ( 'NONE', *, *, #808, .T. ) ;
#3106 = SURFACE_STYLE_FILL_AREA ( #4308 ) ;
#3107 = CARTESIAN_POINT ( 'NONE',  ( 0.6050000000000006484, 0.1499999999999999389, 0.000000000000000000 ) ) ;
#3108 = CARTESIAN_POINT ( 'NONE',  ( -0.6050000000000006484, 0.1449999999999998790, 0.6990000000000005098 ) ) ;
#3109 = VERTEX_POINT ( 'NONE', #4285 ) ;
#3110 = PRESENTATION_STYLE_ASSIGNMENT (( #70 ) ) ;
#3111 = CARTESIAN_POINT ( 'NONE',  ( -0.7799999999999990274, 0.3949999999999997402, 0.001000000000000006960 ) ) ;
#3112 = CARTESIAN_POINT ( 'NONE',  ( -0.8000000000000002665, -0.1499999999999999667, 0.6999999999999991784 ) ) ;
#3113 =( NAMED_UNIT ( * ) SI_UNIT ( $, .STERADIAN. ) SOLID_ANGLE_UNIT ( ) );
#3114 = VECTOR ( 'NONE', #3598, 1000.000000000000000 ) ;
#3115 = FILL_AREA_STYLE ('',( #2614 ) ) ;
#3116 = EDGE_CURVE ( 'NONE', #4299, #4160, #4363, .T. ) ;
#3117 = EDGE_CURVE ( 'NONE', #1480, #1331, #72, .T. ) ;
#3118 = SURFACE_SIDE_STYLE ('',( #1592 ) ) ;
#3119 = SURFACE_SIDE_STYLE ('',( #894 ) ) ;
#3120 = AXIS2_PLACEMENT_3D ( 'NONE', #1613, #4288, #4319 ) ;
#3121 = UNCERTAINTY_MEASURE_WITH_UNIT (LENGTH_MEASURE( 1.000000000000000082E-05 ), #645, 'distance_accuracy_value', 'NONE');
#3122 = SURFACE_SIDE_STYLE ('',( #3950 ) ) ;
#3123 = VERTEX_POINT ( 'NONE', #1612 ) ;
#3124 = COLOUR_RGB ( '',1.000000000000000000, 1.000000000000000000, 1.000000000000000000 ) ;
#3125 = DIRECTION ( 'NONE',  ( 0.000000000000000000, 1.000000000000000000, 0.000000000000000000 ) ) ;
#3126 = PRESENTATION_STYLE_ASSIGNMENT (( #526 ) ) ;
#3127 =( LENGTH_UNIT ( ) NAMED_UNIT ( * ) SI_UNIT ( .MILLI., .METRE. ) );
#3128 = ORIENTED_EDGE ( 'NONE', *, *, #1208, .T. ) ;
#3129 = UNCERTAINTY_MEASURE_WITH_UNIT (LENGTH_MEASURE( 1.000000000000000082E-05 ), #1427, 'distance_accuracy_value', 'NONE');
#3130 = VECTOR ( 'NONE', #341, 1000.000000000000000 ) ;
#3131 = FACE_OUTER_BOUND ( 'NONE', #1444, .T. ) ;
#3132 = LINE ( 'NONE', #2346, #659 ) ;
#3133 = FILL_AREA_STYLE_COLOUR ( '', #3006 ) ;
#3134 = EDGE_LOOP ( 'NONE', ( #2532, #3312, #3027, #4368, #3853, #1691 ) ) ;
#3135 =( LENGTH_UNIT ( ) NAMED_UNIT ( * ) SI_UNIT ( .MILLI., .METRE. ) );
#3136 = PRODUCT_DEFINITION_SHAPE ( 'NONE', 'NONE',  #3865 ) ;
#3137 = DIRECTION ( 'NONE',  ( -7.116814260417670485E-16, 1.000000000000000000, -0.000000000000000000 ) ) ;
#3138 = VECTOR ( 'NONE', #556, 1000.000000000000000 ) ;
#3139 = APPLICATION_CONTEXT ( 'automotive_design' ) ;
#3140 = DIRECTION ( 'NONE',  ( -1.000000000000000000, -0.000000000000000000, 0.000000000000000000 ) ) ;
#3141 = VERTEX_POINT ( 'NONE', #3146 ) ;
#3142 = CARTESIAN_POINT ( 'NONE',  ( -0.7950000000000000400, 0.3799999999999989497, 0.6990000000000002878 ) ) ;
#3143 = SURFACE_SIDE_STYLE ('',( #2358 ) ) ;
#3144 = VECTOR ( 'NONE', #3246, 1000.000000000000000 ) ;
#3145 = DIRECTION ( 'NONE',  ( -1.000000000000000000, -0.000000000000000000, -0.000000000000000000 ) ) ;
#3146 = CARTESIAN_POINT ( 'NONE',  ( -0.6000000000000003109, 0.1449999999999998790, 0.001000000000000000454 ) ) ;
#3147 = SURFACE_SIDE_STYLE ('',( #92 ) ) ;
#3148 = LINE ( 'NONE', #3894, #2631 ) ;
#3149 = STYLED_ITEM ( 'NONE', ( #2047 ), #821 ) ;
#3150 = EDGE_CURVE ( 'NONE', #4526, #4306, #914, .T. ) ;
#3151 = EDGE_CURVE ( 'NONE', #4493, #4942, #3511, .T. ) ;
#3152 = PRESENTATION_LAYER_ASSIGNMENT (  '', '', ( #1927 ) ) ;
#3153 = FACE_OUTER_BOUND ( 'NONE', #3184, .T. ) ;
#3154 = ORIENTED_EDGE ( 'NONE', *, *, #4897, .F. ) ;
#3155 = SURFACE_SIDE_STYLE ('',( #3223 ) ) ;
#3156 = CARTESIAN_POINT ( 'NONE',  ( -0.7949999999999999289, 0.3799999999999989497, 0.001000000000000006960 ) ) ;
#3157 = COLOUR_RGB ( '',1.000000000000000000, 1.000000000000000000, 1.000000000000000000 ) ;
#3158 = FILL_AREA_STYLE ('',( #1621 ) ) ;
#3159 = ORIENTED_EDGE ( 'NONE', *, *, #1458, .F. ) ;
#3160 = EDGE_CURVE ( 'NONE', #1102, #2790, #4844, .T. ) ;
#3161 = CARTESIAN_POINT ( 'NONE',  ( 0.3499999999999995892, 0.3949999999999998512, 0.001000000000000000671 ) ) ;
#3162 = FILL_AREA_STYLE ('',( #4615 ) ) ;
#3163 = UNCERTAINTY_MEASURE_WITH_UNIT (LENGTH_MEASURE( 1.000000000000000082E-05 ), #4467, 'distance_accuracy_value', 'NONE');
#3164 = VERTEX_POINT ( 'NONE', #3919 ) ;
#3165 = VECTOR ( 'NONE', #3371, 1000.000000000000000 ) ;
#3166 = DIRECTION ( 'NONE',  ( 0.000000000000000000, 0.000000000000000000, 1.000000000000000000 ) ) ;
#3167 = CARTESIAN_POINT ( 'NONE',  ( 0.6000000000000005329, 0.1449999999999998790, 0.6990000000000005098 ) ) ;
#3168 = PRESENTATION_LAYER_ASSIGNMENT (  '', '', ( #362 ) ) ;
#3169 = LINE ( 'NONE', #2763, #1162 ) ;
#3170 = ORIENTED_EDGE ( 'NONE', *, *, #419, .T. ) ;
#3171 =( NAMED_UNIT ( * ) PLANE_ANGLE_UNIT ( ) SI_UNIT ( $, .RADIAN. ) );
#3172 = DIRECTION ( 'NONE',  ( 1.000000000000000000, 0.000000000000000000, -0.000000000000000000 ) ) ;
#3173 = CARTESIAN_POINT ( 'NONE',  ( 0.7799999999999991385, 0.3999999999999998002, 0.006000000000000003594 ) ) ;
#3174 = DIRECTION ( 'NONE',  ( 1.000000000000000000, 0.000000000000000000, 0.000000000000000000 ) ) ;
#3175 = PLANE ( 'NONE',  #1031 ) ;
#3176 = CIRCLE ( 'NONE', #4469, 0.005000000000000013115 ) ;
#3177 = FILL_AREA_STYLE ('',( #2819 ) ) ;
#3178 = ORIENTED_EDGE ( 'NONE', *, *, #3645, .T. ) ;
#3179 =( NAMED_UNIT ( * ) PLANE_ANGLE_UNIT ( ) SI_UNIT ( $, .RADIAN. ) );
#3180 = EDGE_CURVE ( 'NONE', #769, #4693, #1256, .T. ) ;
#3181 = CARTESIAN_POINT ( 'NONE',  ( 0.3499999999999995337, -0.4000000000000000777, 0.6940000000000001723 ) ) ;
#3182 = VECTOR ( 'NONE', #2394, 1000.000000000000000 ) ;
#3183 = LINE ( 'NONE', #1263, #39 ) ;
#3184 = EDGE_LOOP ( 'NONE', ( #3597, #3543, #18, #2175, #3937, #1865 ) ) ;
#3185 = EDGE_CURVE ( 'NONE', #4253, #2883, #470, .T. ) ;
#3186 = ADVANCED_FACE ( 'NONE', ( #4316 ), #893, .T. ) ;
#3187 =( LENGTH_UNIT ( ) NAMED_UNIT ( * ) SI_UNIT ( .MILLI., .METRE. ) );
#3188 = AXIS2_PLACEMENT_3D ( 'NONE', #1530, #2377, #1582 ) ;
#3189 = VERTEX_POINT ( 'NONE', #2837 ) ;
#3190 = SURFACE_STYLE_FILL_AREA ( #175 ) ;
#3191 = CARTESIAN_POINT ( 'NONE',  ( -0.7979289321881338770, -0.3905025253169407407, 0.001000000000000267168 ) ) ;
#3192 = CARTESIAN_POINT ( 'NONE',  ( 0.8000000000000002665, 0.1499999999999999667, 0.000000000000000000 ) ) ;
#3193 = ORIENTED_EDGE ( 'NONE', *, *, #2022, .T. ) ;
#3194 = FILL_AREA_STYLE_COLOUR ( '', #2610 ) ;
#3195 = DIRECTION ( 'NONE',  ( 0.000000000000000000, 0.000000000000000000, 1.000000000000000000 ) ) ;
#3196 = FILL_AREA_STYLE ('',( #1661 ) ) ;
#3197 = LINE ( 'NONE', #3603, #1478 ) ;
#3198 = VECTOR ( 'NONE', #3278, 1000.000000000000000 ) ;
#3199 = SURFACE_STYLE_USAGE ( .BOTH. , #4397 ) ;
#3200 = ORIENTED_EDGE ( 'NONE', *, *, #1017, .T. ) ;
#3201 = CARTESIAN_POINT ( 'NONE',  ( -0.6000000000000003109, 0.000000000000000000, 0.000000000000000000 ) ) ;
#3202 = CARTESIAN_POINT ( 'NONE',  ( 0.8000000000000002665, 0.1499999999999999667, 0.004999999999999989696 ) ) ;
#3203 =( NAMED_UNIT ( * ) PLANE_ANGLE_UNIT ( ) SI_UNIT ( $, .RADIAN. ) );
#3204 = ORIENTED_EDGE ( 'NONE', *, *, #966, .T. ) ;
#3205 = EDGE_CURVE ( 'NONE', #1914, #684, #2939, .T. ) ;
#3206 = SURFACE_STYLE_USAGE ( .BOTH. , #1267 ) ;
#3207 =( NAMED_UNIT ( * ) PLANE_ANGLE_UNIT ( ) SI_UNIT ( $, .RADIAN. ) );
#3208 = UNCERTAINTY_MEASURE_WITH_UNIT (LENGTH_MEASURE( 1.000000000000000082E-05 ), #3929, 'distance_accuracy_value', 'NONE');
#3209 =( GEOMETRIC_REPRESENTATION_CONTEXT ( 3 ) GLOBAL_UNCERTAINTY_ASSIGNED_CONTEXT ( ( #361 ) ) GLOBAL_UNIT_ASSIGNED_CONTEXT ( ( #2996, #3709, #4066 ) ) REPRESENTATION_CONTEXT ( 'NONE', 'WORKASPACE' ) );
#3210 = EDGE_LOOP ( 'NONE', ( #486, #3755, #4032, #4618 ) ) ;
#3211 = LINE ( 'NONE', #3618, #2217 ) ;
#3212 = ADVANCED_FACE ( 'NONE', ( #4388 ), #2115, .F. ) ;
#3213 = PRESENTATION_STYLE_ASSIGNMENT (( #1317 ) ) ;
#3214 = DIRECTION ( 'NONE',  ( 1.000000000000000000, 0.000000000000000000, 0.000000000000000000 ) ) ;
#3215 = ORIENTED_EDGE ( 'NONE', *, *, #2548, .T. ) ;
#3216 = SURFACE_STYLE_FILL_AREA ( #4025 ) ;
#3217 = STYLED_ITEM ( 'NONE', ( #1268 ), #1138 ) ;
#3218 = LINE ( 'NONE', #2049, #4494 ) ;
#3219 =( GEOMETRIC_REPRESENTATION_CONTEXT ( 3 ) GLOBAL_UNCERTAINTY_ASSIGNED_CONTEXT ( ( #4578 ) ) GLOBAL_UNIT_ASSIGNED_CONTEXT ( ( #1978, #2841, #493 ) ) REPRESENTATION_CONTEXT ( 'NONE', 'WORKASPACE' ) );
#3220 = SURFACE_STYLE_FILL_AREA ( #543 ) ;
#3221 =( NAMED_UNIT ( * ) PLANE_ANGLE_UNIT ( ) SI_UNIT ( $, .RADIAN. ) );
#3222 = ORIENTED_EDGE ( 'NONE', *, *, #4226, .T. ) ;
#3223 = SURFACE_STYLE_FILL_AREA ( #938 ) ;
#3224 = VECTOR ( 'NONE', #2727, 1000.000000000000000 ) ;
#3225 = CIRCLE ( 'NONE', #590, 0.005000000000000013115 ) ;
#3226 = PRESENTATION_STYLE_ASSIGNMENT (( #880 ) ) ;
#3227 = ORIENTED_EDGE ( 'NONE', *, *, #4656, .T. ) ;
#3228 = CARTESIAN_POINT ( 'NONE',  ( -0.04999999999999988481, 0.000000000000000000, 0.6990000000000005098 ) ) ;
#3229 = AXIS2_PLACEMENT_3D ( 'NONE', #3848, #3382, #4542 ) ;
#3230 = ORIENTED_EDGE ( 'NONE', *, *, #4395, .T. ) ;
#3231 = PRESENTATION_STYLE_ASSIGNMENT (( #1698 ) ) ;
#3232 = DIRECTION ( 'NONE',  ( 1.000000000000000000, 0.000000000000000000, 0.000000000000000000 ) ) ;
#3233 =( GEOMETRIC_REPRESENTATION_CONTEXT ( 3 ) GLOBAL_UNCERTAINTY_ASSIGNED_CONTEXT ( ( #3163 ) ) GLOBAL_UNIT_ASSIGNED_CONTEXT ( ( #4467, #4062, #1335 ) ) REPRESENTATION_CONTEXT ( 'NONE', 'WORKASPACE' ) );
#3234 = SURFACE_SIDE_STYLE ('',( #4630 ) ) ;
#3235 = ADVANCED_FACE ( 'NONE', ( #3622 ), #207, .T. ) ;
#3236 = MECHANICAL_DESIGN_GEOMETRIC_PRESENTATION_REPRESENTATION (  '', ( #44 ), #1789 ) ;
#3237 =( NAMED_UNIT ( * ) SI_UNIT ( $, .STERADIAN. ) SOLID_ANGLE_UNIT ( ) );
#3238 = ORIENTED_EDGE ( 'NONE', *, *, #740, .T. ) ;
#3239 = CARTESIAN_POINT ( 'NONE',  ( -0.3499999999999995892, -0.3949999999999998512, 0.006000000000000002727 ) ) ;
#3240 = CARTESIAN_POINT ( 'NONE',  ( -0.3499999999999995892, 0.2050000000000001543, 0.001000000000000000454 ) ) ;
#3241 = CIRCLE ( 'NONE', #3732, 0.005000000000000066891 ) ;
#3242 = CARTESIAN_POINT ( 'NONE',  ( -0.1749999999999997946, 0.3949999999999998512, 0.6940000000000001723 ) ) ;
#3243 = ADVANCED_FACE ( 'NONE', ( #748 ), #2627, .T. ) ;
#3244 = CARTESIAN_POINT ( 'NONE',  ( 0.7799999999999990274, 0.3999999999999989120, 0.006000000000000002727 ) ) ;
#3245 = FACE_OUTER_BOUND ( 'NONE', #202, .T. ) ;
#3246 = DIRECTION ( 'NONE',  ( -1.000000000000000000, -1.779203565104420086E-16, 0.000000000000000000 ) ) ;
#3247 = FILL_AREA_STYLE ('',( #3701 ) ) ;
#3248 = VERTEX_POINT ( 'NONE', #4548 ) ;
#3249 = DIRECTION ( 'NONE',  ( 0.000000000000000000, 0.000000000000000000, 1.000000000000000000 ) ) ;
#3250 = MECHANICAL_DESIGN_GEOMETRIC_PRESENTATION_REPRESENTATION (  '', ( #206 ), #1954 ) ;
#3251 = LINE ( 'NONE', #385, #3488 ) ;
#3252 = DIRECTION ( 'NONE',  ( -0.000000000000000000, -0.000000000000000000, -1.000000000000000000 ) ) ;
#3253 = PRESENTATION_LAYER_ASSIGNMENT (  '', '', ( #3083 ) ) ;
#3254 = ORIENTED_EDGE ( 'NONE', *, *, #4334, .F. ) ;
#3255 = COLOUR_RGB ( '',1.000000000000000000, 1.000000000000000000, 1.000000000000000000 ) ;
#3256 = COLOUR_RGB ( '',0.7490196078431372584, 0.7490196078431372584, 0.7490196078431372584 ) ;
#3257 = SURFACE_SIDE_STYLE ('',( #4473 ) ) ;
#3258 = ORIENTED_EDGE ( 'NONE', *, *, #2140, .F. ) ;
#3259 = CARTESIAN_POINT ( 'NONE',  ( 0.8000000000000002665, -0.1499999999999999667, 0.001000000000000000454 ) ) ;
#3260 = FILL_AREA_STYLE ('',( #2761 ) ) ;
#3261 = MECHANICAL_DESIGN_GEOMETRIC_PRESENTATION_REPRESENTATION (  '', ( #2196 ), #3922 ) ;
#3262 =( NAMED_UNIT ( * ) PLANE_ANGLE_UNIT ( ) SI_UNIT ( $, .RADIAN. ) );
#3263 = AXIS2_PLACEMENT_3D ( 'NONE', #3418, #4596, #1869 ) ;
#3264 = ORIENTED_EDGE ( 'NONE', *, *, #1816, .T. ) ;
#3265 = FILL_AREA_STYLE_COLOUR ( '', #3493 ) ;
#3266 = PRESENTATION_STYLE_ASSIGNMENT (( #1730 ) ) ;
#3267 =( NAMED_UNIT ( * ) PLANE_ANGLE_UNIT ( ) SI_UNIT ( $, .RADIAN. ) );
#3268 = EDGE_CURVE ( 'NONE', #3548, #2572, #331, .T. ) ;
#3269 = EDGE_CURVE ( 'NONE', #2505, #1102, #3820, .T. ) ;
#3270 = ORIENTED_EDGE ( 'NONE', *, *, #957, .F. ) ;
#3271 = DIRECTION ( 'NONE',  ( -1.000000000000000000, -8.896017825522091804E-17, 0.000000000000000000 ) ) ;
#3272 = CARTESIAN_POINT ( 'NONE',  ( -0.6050000000000006484, -0.1449999999999998790, 0.000000000000000000 ) ) ;
#3273 = CARTESIAN_POINT ( 'NONE',  ( -0.7949999999999998179, -0.3799999999999989497, 0.6990000000000002878 ) ) ;
#3274 = ORIENTED_EDGE ( 'NONE', *, *, #2280, .T. ) ;
#3275 = SURFACE_STYLE_FILL_AREA ( #680 ) ;
#3276 = PRESENTATION_LAYER_ASSIGNMENT (  '', '', ( #4341 ) ) ;
#3277 = ORIENTED_EDGE ( 'NONE', *, *, #60, .T. ) ;
#3278 = DIRECTION ( 'NONE',  ( -1.000000000000000000, -0.000000000000000000, 0.000000000000000000 ) ) ;
#3279 = VECTOR ( 'NONE', #3902, 1000.000000000000000 ) ;
#3280 = CARTESIAN_POINT ( 'NONE',  ( 0.3499999999999997002, -0.2050000000000001543, 0.000000000000000000 ) ) ;
#3281 = CARTESIAN_POINT ( 'NONE',  ( 0.6050000000000006484, -0.1499999999999999667, 0.6999999999999991784 ) ) ;
#3282 =( GEOMETRIC_REPRESENTATION_CONTEXT ( 3 ) GLOBAL_UNCERTAINTY_ASSIGNED_CONTEXT ( ( #801 ) ) GLOBAL_UNIT_ASSIGNED_CONTEXT ( ( #1394, #1777, #3930 ) ) REPRESENTATION_CONTEXT ( 'NONE', 'WORKASPACE' ) );
#3283 = DIRECTION ( 'NONE',  ( 0.000000000000000000, 0.000000000000000000, 1.000000000000000000 ) ) ;
#3284 = VERTEX_POINT ( 'NONE', #2216 ) ;
#3285 = CYLINDRICAL_SURFACE ( 'NONE', #524, 0.005000000000000013115 ) ;
#3286 = SURFACE_STYLE_USAGE ( .BOTH. , #4845 ) ;
#3287 = SURFACE_STYLE_USAGE ( .BOTH. , #4822 ) ;
#3288 = CARTESIAN_POINT ( 'NONE',  ( -0.8000000000000002665, -0.1499999999999999667, 0.006000000000000002727 ) ) ;
#3289 = CARTESIAN_POINT ( 'NONE',  ( 0.7799999999999992495, -0.3949999999999994071, 0.6990000000000001767 ) ) ;
#3290 = FILL_AREA_STYLE_COLOUR ( '', #4220 ) ;
#3291 = VERTEX_POINT ( 'NONE', #771 ) ;
#3292 = FACE_OUTER_BOUND ( 'NONE', #3520, .T. ) ;
#3293 = AXIS2_PLACEMENT_3D ( 'NONE', #4329, #2396, #2802 ) ;
#3294 = PLANE ( 'NONE',  #565 ) ;
#3295 = EDGE_CURVE ( 'NONE', #2111, #2031, #2027, .T. ) ;
#3296 = SURFACE_SIDE_STYLE ('',( #2467 ) ) ;
#3297 = DIRECTION ( 'NONE',  ( 0.000000000000000000, 0.000000000000000000, 1.000000000000000000 ) ) ;
#3298 = ORIENTED_EDGE ( 'NONE', *, *, #4107, .F. ) ;
#3299 = COLOUR_RGB ( '',1.000000000000000000, 1.000000000000000000, 1.000000000000000000 ) ;
#3300 = DIRECTION ( 'NONE',  ( 0.000000000000000000, 0.000000000000000000, 1.000000000000000000 ) ) ;
#3301 = MECHANICAL_DESIGN_GEOMETRIC_PRESENTATION_REPRESENTATION (  '', ( #4823 ), #3885 ) ;
#3302 = DIRECTION ( 'NONE',  ( -1.000000000000000000, -0.000000000000000000, 0.000000000000000000 ) ) ;
#3303 = ORIENTED_EDGE ( 'NONE', *, *, #1790, .F. ) ;
#3304 = DIRECTION ( 'NONE',  ( 3.652049423109069799E-16, -1.000000000000000000, 0.000000000000000000 ) ) ;
#3305 = EDGE_CURVE ( 'NONE', #2039, #3377, #694, .T. ) ;
#3306 = CARTESIAN_POINT ( 'NONE',  ( -0.1749999999999997946, -0.3949999999999998512, 0.6999999999999988454 ) ) ;
#3307 =( GEOMETRIC_REPRESENTATION_CONTEXT ( 3 ) GLOBAL_UNCERTAINTY_ASSIGNED_CONTEXT ( ( #1772 ) ) GLOBAL_UNIT_ASSIGNED_CONTEXT ( ( #3987, #3944, #3918 ) ) REPRESENTATION_CONTEXT ( 'NONE', 'WORKASPACE' ) );
#3308 = VERTEX_POINT ( 'NONE', #3366 ) ;
#3309 = CARTESIAN_POINT ( 'NONE',  ( 0.8000000000000002665, 0.1499999999999999667, 0.000000000000000000 ) ) ;
#3310 =( NAMED_UNIT ( * ) PLANE_ANGLE_UNIT ( ) SI_UNIT ( $, .RADIAN. ) );
#3311 = SURFACE_SIDE_STYLE ('',( #721 ) ) ;
#3312 = ORIENTED_EDGE ( 'NONE', *, *, #679, .F. ) ;
#3313 =( GEOMETRIC_REPRESENTATION_CONTEXT ( 3 ) GLOBAL_UNCERTAINTY_ASSIGNED_CONTEXT ( ( #3527 ) ) GLOBAL_UNIT_ASSIGNED_CONTEXT ( ( #2150, #2131, #4406 ) ) REPRESENTATION_CONTEXT ( 'NONE', 'WORKASPACE' ) );
#3314 = SHAPE_REPRESENTATION_RELATIONSHIP ( 'NONE' , 'NONE' ,  #4638, #3686 ) ;
#3315 = LINE ( 'NONE', #2457, #1634 ) ;
#3316 = ORIENTED_EDGE ( 'NONE', *, *, #2960, .F. ) ;
#3317 = PLANE ( 'NONE',  #1500 ) ;
#3318 = AXIS2_PLACEMENT_3D ( 'NONE', #3012, #1145, #311 ) ;
#3319 = PRESENTATION_STYLE_ASSIGNMENT (( #2913 ) ) ;
#3320 = ORIENTED_EDGE ( 'NONE', *, *, #4107, .T. ) ;
#3321 = MECHANICAL_DESIGN_GEOMETRIC_PRESENTATION_REPRESENTATION (  '', ( #2506 ), #1867 ) ;
#3322 = FACE_OUTER_BOUND ( 'NONE', #4505, .T. ) ;
#3323 = CARTESIAN_POINT ( 'NONE',  ( -0.3499999999999995892, 0.4000000000000001332, 0.6999999999999991784 ) ) ;
#3324 = DIRECTION ( 'NONE',  ( 0.000000000000000000, -1.000000000000000000, -0.000000000000000000 ) ) ;
#3325 = ORIENTED_EDGE ( 'NONE', *, *, #4870, .F. ) ;
#3326 = COLOUR_RGB ( '',1.000000000000000000, 1.000000000000000000, 1.000000000000000000 ) ;
#3327 = CARTESIAN_POINT ( 'NONE',  ( -0.7949999999999994849, -0.3887867965644027923, 0.6990000000000001767 ) ) ;
#3328 = PRESENTATION_STYLE_ASSIGNMENT (( #1787 ) ) ;
#3329 = EDGE_CURVE ( 'NONE', #1282, #750, #3986, .T. ) ;
#3330 = FILL_AREA_STYLE ('',( #2853 ) ) ;
#3331 = STYLED_ITEM ( 'NONE', ( #2413 ), #4143 ) ;
#3332 = VECTOR ( 'NONE', #2737, 1000.000000000000000 ) ;
#3333 = ORIENTED_EDGE ( 'NONE', *, *, #4687, .F. ) ;
#3334 = FACE_OUTER_BOUND ( 'NONE', #1987, .T. ) ;
#3335 =( GEOMETRIC_REPRESENTATION_CONTEXT ( 3 ) GLOBAL_UNCERTAINTY_ASSIGNED_CONTEXT ( ( #1859 ) ) GLOBAL_UNIT_ASSIGNED_CONTEXT ( ( #4546, #1936, #2733 ) ) REPRESENTATION_CONTEXT ( 'NONE', 'WORKASPACE' ) );
#3336 = ADVANCED_FACE ( 'NONE', ( #4895 ), #2538, .T. ) ;
#3337 = CYLINDRICAL_SURFACE ( 'NONE', #1546, 0.005000000000000013115 ) ;
#3338 = EDGE_CURVE ( 'NONE', #4345, #3528, #3502, .T. ) ;
#3339 = COLOUR_RGB ( '',0.7490196078431372584, 0.7490196078431372584, 0.7490196078431372584 ) ;
#3340 = EDGE_LOOP ( 'NONE', ( #446, #4721, #390, #30 ) ) ;
#3341 = AXIS2_PLACEMENT_3D ( 'NONE', #2997, #3519, #2367 ) ;
#3342 =( NAMED_UNIT ( * ) SI_UNIT ( $, .STERADIAN. ) SOLID_ANGLE_UNIT ( ) );
#3343 = CARTESIAN_POINT ( 'NONE',  ( -0.7917157287525371512, 0.3999999999999990230, 0.003071067811865685598 ) ) ;
#3344 = STYLED_ITEM ( 'NONE', ( #3917 ), #4799 ) ;
#3345 = ORIENTED_EDGE ( 'NONE', *, *, #3295, .T. ) ;
#3346 = FILL_AREA_STYLE ('',( #667 ) ) ;
#3347 =( GEOMETRIC_REPRESENTATION_CONTEXT ( 3 ) GLOBAL_UNCERTAINTY_ASSIGNED_CONTEXT ( ( #731 ) ) GLOBAL_UNIT_ASSIGNED_CONTEXT ( ( #1820, #2958, #2238 ) ) REPRESENTATION_CONTEXT ( 'NONE', 'WORKASPACE' ) );
#3348 = DIRECTION ( 'NONE',  ( -3.652049423109069799E-16, 1.000000000000000000, -0.000000000000000000 ) ) ;
#3349 = CARTESIAN_POINT ( 'NONE',  ( -0.7950000000000000400, 0.1499999999999999667, 0.006000000000000002727 ) ) ;
#3350 = FACE_OUTER_BOUND ( 'NONE', #3340, .T. ) ;
#3351 = SURFACE_SIDE_STYLE ('',( #2914 ) ) ;
#3352 = ORIENTED_EDGE ( 'NONE', *, *, #2119, .F. ) ;
#3353 = CARTESIAN_POINT ( 'NONE',  ( -0.7799999999999991385, -0.3999999999999997446, 0.006000000000000003594 ) ) ;
#3354 = VERTEX_POINT ( 'NONE', #133 ) ;
#3355 = CARTESIAN_POINT ( 'NONE',  ( -0.7979289321881340991, -0.3905025253169407962, 0.6989999999999999547 ) ) ;
#3356 = SURFACE_SIDE_STYLE ('',( #263 ) ) ;
#3357 = CARTESIAN_POINT ( 'NONE',  ( -0.7979289321881338770, 0.3905025253169409072, 0.6989999999999999547 ) ) ;
#3358 =( LENGTH_UNIT ( ) NAMED_UNIT ( * ) SI_UNIT ( .MILLI., .METRE. ) );
#3359 = CARTESIAN_POINT ( 'NONE',  ( -0.7950000000000001510, 0.1499999999999999667, 0.6999999999999990674 ) ) ;
#3360 = VERTEX_POINT ( 'NONE', #2355 ) ;
#3361 = CARTESIAN_POINT ( 'NONE',  ( -0.3499999999999995892, 0.4000000000000000777, 0.000000000000000000 ) ) ;
#3362 = EDGE_CURVE ( 'NONE', #3308, #4767, #4254, .T. ) ;
#3363 =( LENGTH_UNIT ( ) NAMED_UNIT ( * ) SI_UNIT ( .MILLI., .METRE. ) );
#3364 = ORIENTED_EDGE ( 'NONE', *, *, #3116, .F. ) ;
#3365 = CARTESIAN_POINT ( 'NONE',  ( 0.7999999999999991562, 0.3917157287525369624, 0.6940000000000001723 ) ) ;
#3366 = CARTESIAN_POINT ( 'NONE',  ( -0.7949999999999999289, -0.1499999999999999667, 0.000000000000000000 ) ) ;
#3367 = PRESENTATION_LAYER_ASSIGNMENT (  '', '', ( #2313 ) ) ;
#3368 = ORIENTED_EDGE ( 'NONE', *, *, #3180, .F. ) ;
#3369 = CYLINDRICAL_SURFACE ( 'NONE', #4631, 0.005000000000000013115 ) ;
#3370 = MECHANICAL_DESIGN_GEOMETRIC_PRESENTATION_REPRESENTATION (  '', ( #1915 ), #2551 ) ;
#3371 = DIRECTION ( 'NONE',  ( 1.000000000000000000, -1.779203565104420086E-16, 0.000000000000000000 ) ) ;
#3372 = CARTESIAN_POINT ( 'NONE',  ( -0.3499999999999995892, -0.4000000000000001332, 0.004999999999999989696 ) ) ;
#3373 =( LENGTH_UNIT ( ) NAMED_UNIT ( * ) SI_UNIT ( .MILLI., .METRE. ) );
#3374 = ORIENTED_EDGE ( 'NONE', *, *, #3338, .T. ) ;
#3375 =( NAMED_UNIT ( * ) SI_UNIT ( $, .STERADIAN. ) SOLID_ANGLE_UNIT ( ) );
#3376 = FILL_AREA_STYLE_COLOUR ( '', #4619 ) ;
#3377 = VERTEX_POINT ( 'NONE', #3503 ) ;
#3378 = CARTESIAN_POINT ( 'NONE',  ( 0.6000000000000005329, 0.1449999999999998790, 0.001000000000000000454 ) ) ;
#3379 = DIRECTION ( 'NONE',  ( 1.000000000000000000, 0.000000000000000000, 0.000000000000000000 ) ) ;
#3380 =( LENGTH_UNIT ( ) NAMED_UNIT ( * ) SI_UNIT ( .MILLI., .METRE. ) );
#3381 = AXIS2_PLACEMENT_3D ( 'NONE', #3977, #530, #4041 ) ;
#3382 = DIRECTION ( 'NONE',  ( -8.896017825522091804E-17, 1.000000000000000000, 0.000000000000000000 ) ) ;
#3383 = ORIENTED_EDGE ( 'NONE', *, *, #3025, .F. ) ;
#3384 =( GEOMETRIC_REPRESENTATION_CONTEXT ( 3 ) GLOBAL_UNCERTAINTY_ASSIGNED_CONTEXT ( ( #3129 ) ) GLOBAL_UNIT_ASSIGNED_CONTEXT ( ( #1427, #4516, #4937 ) ) REPRESENTATION_CONTEXT ( 'NONE', 'WORKASPACE' ) );
#3385 =( GEOMETRIC_REPRESENTATION_CONTEXT ( 3 ) GLOBAL_UNCERTAINTY_ASSIGNED_CONTEXT ( ( #1980 ) ) GLOBAL_UNIT_ASSIGNED_CONTEXT ( ( #4873, #1368, #3700 ) ) REPRESENTATION_CONTEXT ( 'NONE', 'WORKASPACE' ) );
#3386 = LINE ( 'NONE', #3694, #787 ) ;
#3387 = CARTESIAN_POINT ( 'NONE',  ( 1.387778780781446415E-16, -0.1499999999999999667, 0.6990000000000005098 ) ) ;
#3388 = VECTOR ( 'NONE', #2496, 1000.000000000000000 ) ;
#3389 = CARTESIAN_POINT ( 'NONE',  ( -0.3449999999999991962, 0.2050000000000001543, 0.000000000000000000 ) ) ;
#3390 = EDGE_LOOP ( 'NONE', ( #4832, #3491, #2428, #2952 ) ) ;
#3391 =( LENGTH_UNIT ( ) NAMED_UNIT ( * ) SI_UNIT ( .MILLI., .METRE. ) );
#3392 = CARTESIAN_POINT ( 'NONE',  ( 0.6050000000000006484, -0.1499999999999999667, 0.6990000000000005098 ) ) ;
#3393 = PRESENTATION_LAYER_ASSIGNMENT (  '', '', ( #592 ) ) ;
#3394 =( NAMED_UNIT ( * ) SI_UNIT ( $, .STERADIAN. ) SOLID_ANGLE_UNIT ( ) );
#3395 = EDGE_CURVE ( 'NONE', #458, #1304, #3959, .T. ) ;
#3396 =( GEOMETRIC_REPRESENTATION_CONTEXT ( 3 ) GLOBAL_UNCERTAINTY_ASSIGNED_CONTEXT ( ( #1505 ) ) GLOBAL_UNIT_ASSIGNED_CONTEXT ( ( #3358, #2105, #1473 ) ) REPRESENTATION_CONTEXT ( 'NONE', 'WORKASPACE' ) );
#3397 = VERTEX_POINT ( 'NONE', #65 ) ;
#3398 = DIRECTION ( 'NONE',  ( -1.000000000000000000, 0.000000000000000000, 0.000000000000000000 ) ) ;
#3399 = VECTOR ( 'NONE', #3099, 1000.000000000000000 ) ;
#3400 = SURFACE_SIDE_STYLE ('',( #3063 ) ) ;
#3401 = PRESENTATION_STYLE_ASSIGNMENT (( #1925 ) ) ;
#3402 = VERTEX_POINT ( 'NONE', #3107 ) ;
#3403 = SURFACE_STYLE_USAGE ( .BOTH. , #2663 ) ;
#3404 = EDGE_CURVE ( 'NONE', #2006, #2080, #4720, .T. ) ;
#3405 = EDGE_CURVE ( 'NONE', #347, #1442, #4353, .T. ) ;
#3406 = DIRECTION ( 'NONE',  ( 0.000000000000000000, 0.000000000000000000, -1.000000000000000000 ) ) ;
#3407 = VECTOR ( 'NONE', #3348, 1000.000000000000000 ) ;
#3408 = DIRECTION ( 'NONE',  ( 3.652049423109069799E-16, -1.000000000000000000, 0.000000000000000000 ) ) ;
#3409 = FILL_AREA_STYLE ('',( #3458 ) ) ;
#3410 = DIRECTION ( 'NONE',  ( 0.000000000000000000, 1.000000000000000000, 0.000000000000000000 ) ) ;
#3411 = DIRECTION ( 'NONE',  ( 3.652049423109069799E-16, -1.000000000000000000, 0.000000000000000000 ) ) ;
#3412 = VERTEX_POINT ( 'NONE', #929 ) ;
#3413 = SURFACE_SIDE_STYLE ('',( #3875 ) ) ;
#3414 = AXIS2_PLACEMENT_3D ( 'NONE', #3389, #2601, #3775 ) ;
#3415 = PRESENTATION_LAYER_ASSIGNMENT (  '', '', ( #534 ) ) ;
#3416 =( NAMED_UNIT ( * ) SI_UNIT ( $, .STERADIAN. ) SOLID_ANGLE_UNIT ( ) );
#3417 = ORIENTED_EDGE ( 'NONE', *, *, #2203, .T. ) ;
#3418 = CARTESIAN_POINT ( 'NONE',  ( 0.000000000000000000, 0.000000000000000000, 0.000000000000000000 ) ) ;
#3419 = VECTOR ( 'NONE', #660, 1000.000000000000000 ) ;
#3420 = CARTESIAN_POINT ( 'NONE',  ( 0.8000000000000002665, -0.1499999999999999667, 0.6949999999999988409 ) ) ;
#3421 = FILL_AREA_STYLE_COLOUR ( '', #1793 ) ;
#3422 = AXIS2_PLACEMENT_3D ( 'NONE', #2986, #3398, #2942 ) ;
#3423 = MECHANICAL_DESIGN_GEOMETRIC_PRESENTATION_REPRESENTATION (  '', ( #4945 ), #4702 ) ;
#3424 = PRESENTATION_STYLE_ASSIGNMENT (( #1533 ) ) ;
#3425 = ORIENTED_EDGE ( 'NONE', *, *, #1046, .T. ) ;
#3426 = CARTESIAN_POINT ( 'NONE',  ( 0.6050000000000006484, -0.1449999999999998790, 0.000000000000000000 ) ) ;
#3427 = PRODUCT_DEFINITION ( 'UNKNOWN', '', #891, #2969 ) ;
#3428 = UNCERTAINTY_MEASURE_WITH_UNIT (LENGTH_MEASURE( 1.000000000000000082E-05 ), #810, 'distance_accuracy_value', 'NONE');
#3429 =( NAMED_UNIT ( * ) PLANE_ANGLE_UNIT ( ) SI_UNIT ( $, .RADIAN. ) );
#3430 = VECTOR ( 'NONE', #2405, 1000.000000000000000 ) ;
#3431 = VECTOR ( 'NONE', #3589, 1000.000000000000000 ) ;
#3432 = DIRECTION ( 'NONE',  ( 0.000000000000000000, 0.000000000000000000, 1.000000000000000000 ) ) ;
#3433 = DIRECTION ( 'NONE',  ( 0.000000000000000000, -1.000000000000000000, -0.000000000000000000 ) ) ;
#3434 = PRESENTATION_STYLE_ASSIGNMENT (( #4208 ) ) ;
#3435 = PLANE ( 'NONE',  #1906 ) ;
#3436 = EDGE_CURVE ( 'NONE', #1118, #2790, #1950, .T. ) ;
#3437 = UNCERTAINTY_MEASURE_WITH_UNIT (LENGTH_MEASURE( 1.000000000000000082E-05 ), #158, 'distance_accuracy_value', 'NONE');
#3438 = EDGE_CURVE ( 'NONE', #3534, #1697, #885, .T. ) ;
#3439 = ORIENTED_EDGE ( 'NONE', *, *, #2378, .T. ) ;
#3440 =( LENGTH_UNIT ( ) NAMED_UNIT ( * ) SI_UNIT ( .MILLI., .METRE. ) );
#3441 = CARTESIAN_POINT ( 'NONE',  ( -0.3449999999999991962, -0.2000000000000000666, 0.000000000000000000 ) ) ;
#3442 = ORIENTED_EDGE ( 'NONE', *, *, #3907, .T. ) ;
#3443 =( NAMED_UNIT ( * ) SI_UNIT ( $, .STERADIAN. ) SOLID_ANGLE_UNIT ( ) );
#3444 = DIRECTION ( 'NONE',  ( 1.000000000000000000, 0.000000000000000000, -0.000000000000000000 ) ) ;
#3445 = ORIENTED_EDGE ( 'NONE', *, *, #4296, .T. ) ;
#3446 = APPLICATION_PROTOCOL_DEFINITION ( 'draft international standard', 'automotive_design', 1998, #2154 ) ;
#3447 = AXIS2_PLACEMENT_3D ( 'NONE', #2515, #152, #1361 ) ;
#3448 = DIRECTION ( 'NONE',  ( 0.000000000000000000, 0.000000000000000000, 1.000000000000000000 ) ) ;
#3449 = PRESENTATION_LAYER_ASSIGNMENT (  '', '', ( #1291 ) ) ;
#3450 = CYLINDRICAL_SURFACE ( 'NONE', #3635, 0.004999999999999989696 ) ;
#3451 = CIRCLE ( 'NONE', #1602, 0.005000000000000066891 ) ;
#3452 = CARTESIAN_POINT ( 'NONE',  ( -0.6050000000000006484, -0.1499999999999999389, 0.6999999999999991784 ) ) ;
#3453 = PRESENTATION_STYLE_ASSIGNMENT (( #3040 ) ) ;
#3454 =( NAMED_UNIT ( * ) PLANE_ANGLE_UNIT ( ) SI_UNIT ( $, .RADIAN. ) );
#3455 =( NAMED_UNIT ( * ) SI_UNIT ( $, .STERADIAN. ) SOLID_ANGLE_UNIT ( ) );
#3456 = MECHANICAL_DESIGN_GEOMETRIC_PRESENTATION_REPRESENTATION (  '', ( #3043 ), #1300 ) ;
#3457 = CARTESIAN_POINT ( 'NONE',  ( 6.938893903907219749E-17, 0.2000000000000000666, 0.6999999999999991784 ) ) ;
#3458 = FILL_AREA_STYLE_COLOUR ( '', #827 ) ;
#3459 = CARTESIAN_POINT ( 'NONE',  ( 0.6050000000000006484, 0.1449999999999998790, 0.000000000000000000 ) ) ;
#3460 = EDGE_CURVE ( 'NONE', #2337, #2039, #4622, .T. ) ;
#3461 = EDGE_CURVE ( 'NONE', #4767, #2096, #452, .T. ) ;
#3462 = SURFACE_STYLE_USAGE ( .BOTH. , #3794 ) ;
#3463 = DIRECTION ( 'NONE',  ( 0.000000000000000000, -1.000000000000000000, 0.000000000000000000 ) ) ;
#3464 = ORIENTED_EDGE ( 'NONE', *, *, #4084, .F. ) ;
#3465 = DIRECTION ( 'NONE',  ( 1.000000000000000000, 0.000000000000000000, 0.000000000000000000 ) ) ;
#3466 = EDGE_CURVE ( 'NONE', #1118, #4299, #1606, .T. ) ;
#3467 = EDGE_CURVE ( 'NONE', #3402, #4643, #1989, .T. ) ;
#3468 = VECTOR ( 'NONE', #1259, 1000.000000000000000 ) ;
#3469 = UNCERTAINTY_MEASURE_WITH_UNIT (LENGTH_MEASURE( 1.000000000000000082E-05 ), #2184, 'distance_accuracy_value', 'NONE');
#3470 = PRESENTATION_STYLE_ASSIGNMENT (( #4223 ) ) ;
#3471 = ORIENTED_EDGE ( 'NONE', *, *, #2373, .F. ) ;
#3472 = DIRECTION ( 'NONE',  ( 7.116814260417670485E-16, 1.000000000000000000, 0.000000000000000000 ) ) ;
#3473 = AXIS2_PLACEMENT_3D ( 'NONE', #4750, #2749, #1281 ) ;
#3474 = VERTEX_POINT ( 'NONE', #3167 ) ;
#3475 = AXIS2_PLACEMENT_3D ( 'NONE', #2711, #4853, #2655 ) ;
#3476 = CARTESIAN_POINT ( 'NONE',  ( -0.3449999999999991962, -0.2000000000000000944, 0.6999999999999991784 ) ) ;
#3477 = AXIS2_PLACEMENT_3D ( 'NONE', #1019, #2742, #1255 ) ;
#3478 = CARTESIAN_POINT ( 'NONE',  ( 0.1750000000000000167, 0.3949999999999998512, 0.6949999999999988409 ) ) ;
#3479 = LINE ( 'NONE', #1564, #4127 ) ;
#3480 = LINE ( 'NONE', #4260, #2605 ) ;
#3481 = CYLINDRICAL_SURFACE ( 'NONE', #2839, 0.005000000000000013115 ) ;
#3482 = LINE ( 'NONE', #444, #1222 ) ;
#3483 = COLOUR_RGB ( '',1.000000000000000000, 1.000000000000000000, 1.000000000000000000 ) ;
#3484 = CARTESIAN_POINT ( 'NONE',  ( 0.7950000000000000400, 3.469446951953609875E-17, 0.001000000000000000454 ) ) ;
#3485 = DIRECTION ( 'NONE',  ( 0.000000000000000000, 0.000000000000000000, 1.000000000000000000 ) ) ;
#3486 = DIRECTION ( 'NONE',  ( 1.000000000000000000, 0.000000000000000000, 0.000000000000000000 ) ) ;
#3487 = DIRECTION ( 'NONE',  ( -0.000000000000000000, 0.000000000000000000, -1.000000000000000000 ) ) ;
#3488 = VECTOR ( 'NONE', #1904, 1000.000000000000000 ) ;
#3489 = FILL_AREA_STYLE ('',( #2776 ) ) ;
#3490 = CARTESIAN_POINT ( 'NONE',  ( 0.7979289321881338770, -0.3905025253169406851, 0.001000000000000267168 ) ) ;
#3491 = ORIENTED_EDGE ( 'NONE', *, *, #2058, .F. ) ;
#3492 = PRODUCT_DEFINITION ( 'UNKNOWN', '', #3756, #412 ) ;
#3493 = COLOUR_RGB ( '',1.000000000000000000, 1.000000000000000000, 1.000000000000000000 ) ;
#3494 = DIRECTION ( 'NONE',  ( -1.000000000000000000, -0.000000000000000000, 0.000000000000000000 ) ) ;
#3495 = UNCERTAINTY_MEASURE_WITH_UNIT (LENGTH_MEASURE( 1.000000000000000082E-05 ), #4813, 'distance_accuracy_value', 'NONE');
#3496 = VECTOR ( 'NONE', #3433, 1000.000000000000000 ) ;
#3497 = FILL_AREA_STYLE ('',( #2648 ) ) ;
#3498 = ORIENTED_EDGE ( 'NONE', *, *, #3160, .T. ) ;
#3499 = ADVANCED_FACE ( 'NONE', ( #2789 ), #4335, .T. ) ;
#3500 = CARTESIAN_POINT ( 'NONE',  ( 0.3499999999999995337, -0.3949999999999998512, 0.001000000000000000671 ) ) ;
#3501 = EDGE_CURVE ( 'NONE', #4711, #2038, #1147, .T. ) ;
#3502 = CIRCLE ( 'NONE', #4387, 0.005000000000000066891 ) ;
#3503 = CARTESIAN_POINT ( 'NONE',  ( -0.04999999999999991257, -0.1499999999999999112, 0.6999999999999991784 ) ) ;
#3504 = CIRCLE ( 'NONE', #786, 0.004999999999999990563 ) ;
#3505 = ORIENTED_EDGE ( 'NONE', *, *, #330, .T. ) ;
#3506 = AXIS2_PLACEMENT_3D ( 'NONE', #1584, #463, #2425 ) ;
#3507 = SURFACE_SIDE_STYLE ('',( #1943 ) ) ;
#3508 = DIRECTION ( 'NONE',  ( 1.000000000000000000, 0.000000000000000000, 0.000000000000000000 ) ) ;
#3509 = DIRECTION ( 'NONE',  ( 0.000000000000000000, 0.000000000000000000, -1.000000000000000000 ) ) ;
#3510 =( NAMED_UNIT ( * ) PLANE_ANGLE_UNIT ( ) SI_UNIT ( $, .RADIAN. ) );
#3511 = LINE ( 'NONE', #2408, #4214 ) ;
#3512 = DIRECTION ( 'NONE',  ( -1.779203565104420086E-16, -1.000000000000000000, 0.000000000000000000 ) ) ;
#3513 = VECTOR ( 'NONE', #3465, 1000.000000000000000 ) ;
#3514 = FILL_AREA_STYLE_COLOUR ( '', #2544 ) ;
#3515 = FILL_AREA_STYLE_COLOUR ( '', #376 ) ;
#3516 = PRESENTATION_LAYER_ASSIGNMENT (  '', '', ( #3344 ) ) ;
#3517 = COLOUR_RGB ( '',0.7490196078431372584, 0.7490196078431372584, 0.7490196078431372584 ) ;
#3518 = FILL_AREA_STYLE ('',( #2226 ) ) ;
#3519 = DIRECTION ( 'NONE',  ( 1.000000000000000000, 0.000000000000000000, 0.000000000000000000 ) ) ;
#3520 = EDGE_LOOP ( 'NONE', ( #2077, #221, #3764, #4228, #3417, #1507 ) ) ;
#3521 = SURFACE_SIDE_STYLE ('',( #4659 ) ) ;
#3522 = PRESENTATION_STYLE_ASSIGNMENT (( #1956 ) ) ;
#3523 = CARTESIAN_POINT ( 'NONE',  ( 0.8000000000000002665, 0.1499999999999999667, 0.006000000000000002727 ) ) ;
#3524 = VERTEX_POINT ( 'NONE', #3452 ) ;
#3525 =( LENGTH_UNIT ( ) NAMED_UNIT ( * ) SI_UNIT ( .MILLI., .METRE. ) );
#3526 = DIRECTION ( 'NONE',  ( 1.000000000000000000, 0.000000000000000000, 0.000000000000000000 ) ) ;
#3527 = UNCERTAINTY_MEASURE_WITH_UNIT (LENGTH_MEASURE( 1.000000000000000082E-05 ), #2150, 'distance_accuracy_value', 'NONE');
#3528 = VERTEX_POINT ( 'NONE', #281 ) ;
#3529 = CONTEXT_DEPENDENT_SHAPE_REPRESENTATION ( #3571, #305 ) ;
#3530 = FACE_OUTER_BOUND ( 'NONE', #4575, .T. ) ;
#3531 = CARTESIAN_POINT ( 'NONE',  ( -0.7917157287525370402, -0.3999999999999990230, 0.003071067811865685598 ) ) ;
#3532 = EDGE_CURVE ( 'NONE', #3123, #2624, #4538, .T. ) ;
#3533 = CARTESIAN_POINT ( 'NONE',  ( 0.3449999999999991962, -0.2050000000000001543, 0.000000000000000000 ) ) ;
#3534 = VERTEX_POINT ( 'NONE', #3017 ) ;
#3535 = CARTESIAN_POINT ( 'NONE',  ( 0.3499999999999995892, 0.3949999999999998512, 0.004999999999999989696 ) ) ;
#3536 = SURFACE_SIDE_STYLE ('',( #3842 ) ) ;
#3537 = DIRECTION ( 'NONE',  ( 0.000000000000000000, 0.000000000000000000, 1.000000000000000000 ) ) ;
#3538 = EDGE_CURVE ( 'NONE', #3528, #2550, #1126, .T. ) ;
#3539 = CARTESIAN_POINT ( 'NONE',  ( 0.7799999999999991385, 0.4000000000000001332, 0.000000000000000000 ) ) ;
#3540 = CIRCLE ( 'NONE', #2062, 0.005000000000000013115 ) ;
#3541 = CARTESIAN_POINT ( 'NONE',  ( 0.3499999999999995892, -0.4000000000000001332, 0.000000000000000000 ) ) ;
#3542 = FACE_OUTER_BOUND ( 'NONE', #930, .T. ) ;
#3543 = ORIENTED_EDGE ( 'NONE', *, *, #4656, .F. ) ;
#3544 = CARTESIAN_POINT ( 'NONE',  ( 0.3499999999999995892, -0.4000000000000001332, 0.000000000000000000 ) ) ;
#3545 = ORIENTED_EDGE ( 'NONE', *, *, #4048, .T. ) ;
#3546 = PRESENTATION_STYLE_ASSIGNMENT (( #3206 ) ) ;
#3547 = DIRECTION ( 'NONE',  ( -0.000000000000000000, -0.000000000000000000, -1.000000000000000000 ) ) ;
#3548 = VERTEX_POINT ( 'NONE', #3372 ) ;
#3549 = LINE ( 'NONE', #4671, #4277 ) ;
#3550 = CARTESIAN_POINT ( 'NONE',  ( 0.6050000000000006484, 0.1499999999999999389, 0.000000000000000000 ) ) ;
#3551 = SURFACE_STYLE_USAGE ( .BOTH. , #180 ) ;
#3552 = EDGE_LOOP ( 'NONE', ( #1666, #3788, #3320, #4378 ) ) ;
#3553 = FILL_AREA_STYLE ('',( #1991 ) ) ;
#3554 = FILL_AREA_STYLE_COLOUR ( '', #4050 ) ;
#3555 = EDGE_CURVE ( 'NONE', #1581, #691, #4232, .T. ) ;
#3556 = DIRECTION ( 'NONE',  ( -0.000000000000000000, 1.000000000000000000, 0.000000000000000000 ) ) ;
#3557 = MECHANICAL_DESIGN_GEOMETRIC_PRESENTATION_REPRESENTATION (  '', ( #2491 ), #4744 ) ;
#3558 = DIRECTION ( 'NONE',  ( 1.000000000000000000, 1.734723475976809806E-16, 0.000000000000000000 ) ) ;
#3559 =( GEOMETRIC_REPRESENTATION_CONTEXT ( 3 ) GLOBAL_UNCERTAINTY_ASSIGNED_CONTEXT ( ( #127 ) ) GLOBAL_UNIT_ASSIGNED_CONTEXT ( ( #1840, #4842, #3717 ) ) REPRESENTATION_CONTEXT ( 'NONE', 'WORKASPACE' ) );
#3560 =( LENGTH_UNIT ( ) NAMED_UNIT ( * ) SI_UNIT ( .MILLI., .METRE. ) );
#3561 = EDGE_CURVE ( 'NONE', #2656, #2961, #705, .T. ) ;
#3562 = ADVANCED_FACE ( 'NONE', ( #312 ), #2249, .T. ) ;
#3563 = SURFACE_STYLE_FILL_AREA ( #915 ) ;
#3564 = CYLINDRICAL_SURFACE ( 'NONE', #2273, 0.005000000000000066891 ) ;
#3565 = VERTEX_POINT ( 'NONE', #4604 ) ;
#3566 = DIRECTION ( 'NONE',  ( 0.000000000000000000, 0.000000000000000000, 1.000000000000000000 ) ) ;
#3567 = STYLED_ITEM ( 'NONE', ( #195 ), #2237 ) ;
#3568 = CARTESIAN_POINT ( 'NONE',  ( 6.938893903907219749E-17, 0.2999999999999988787, 0.6999999999999991784 ) ) ;
#3569 = EDGE_LOOP ( 'NONE', ( #4647, #3498, #2774, #2201 ) ) ;
#3570 = DIRECTION ( 'NONE',  ( 3.652049423109069799E-16, -1.000000000000000000, 0.000000000000000000 ) ) ;
#3571 =( REPRESENTATION_RELATIONSHIP ('NONE','NONE', #1191, #2710 ) REPRESENTATION_RELATIONSHIP_WITH_TRANSFORMATION ( #797 )SHAPE_REPRESENTATION_RELATIONSHIP( ) );
#3572 = UNCERTAINTY_MEASURE_WITH_UNIT (LENGTH_MEASURE( 1.000000000000000082E-05 ), #3440, 'distance_accuracy_value', 'NONE');
#3573 = ORIENTED_EDGE ( 'NONE', *, *, #4598, .T. ) ;
#3574 = CARTESIAN_POINT ( 'NONE',  ( -0.3449999999999991962, 0.2050000000000001543, 0.001000000000000000454 ) ) ;
#3575 = CARTESIAN_POINT ( 'NONE',  ( -0.7999999999999991562, -0.3799999999999988387, 0.003071067811865685164 ) ) ;
#3576 = MECHANICAL_DESIGN_GEOMETRIC_PRESENTATION_REPRESENTATION (  '', ( #362 ), #863 ) ;
#3577 = PRESENTATION_STYLE_ASSIGNMENT (( #3551 ) ) ;
#3578 = ORIENTED_EDGE ( 'NONE', *, *, #1271, .F. ) ;
#3579 = DIRECTION ( 'NONE',  ( 0.000000000000000000, 0.000000000000000000, -1.000000000000000000 ) ) ;
#3580 =( LENGTH_UNIT ( ) NAMED_UNIT ( * ) SI_UNIT ( .MILLI., .METRE. ) );
#3581 = AXIS2_PLACEMENT_3D ( 'NONE', #185, #1707, #663 ) ;
#3582 = DIRECTION ( 'NONE',  ( 1.000000000000000000, 7.116814260417670485E-16, 0.000000000000000000 ) ) ;
#3583 = MECHANICAL_DESIGN_GEOMETRIC_PRESENTATION_REPRESENTATION (  '', ( #4309 ), #2117 ) ;
#3584 = VECTOR ( 'NONE', #1539, 1000.000000000000000 ) ;
#3585 = PRODUCT_RELATED_PRODUCT_CATEGORY ( 'part', '', ( #1083 ) ) ;
#3586 = FACE_OUTER_BOUND ( 'NONE', #54, .T. ) ;
#3587 =( GEOMETRIC_REPRESENTATION_CONTEXT ( 3 ) GLOBAL_UNCERTAINTY_ASSIGNED_CONTEXT ( ( #768 ) ) GLOBAL_UNIT_ASSIGNED_CONTEXT ( ( #4146, #609, #4815 ) ) REPRESENTATION_CONTEXT ( 'NONE', 'WORKASPACE' ) );
#3588 = SURFACE_SIDE_STYLE ('',( #3563 ) ) ;
#3589 = DIRECTION ( 'NONE',  ( -1.000000000000000000, -0.000000000000000000, 0.000000000000000000 ) ) ;
#3590 = VERTEX_POINT ( 'NONE', #3837 ) ;
#3591 = DIRECTION ( 'NONE',  ( 0.000000000000000000, 0.000000000000000000, 1.000000000000000000 ) ) ;
#3592 = ADVANCED_FACE ( 'NONE', ( #336 ), #1176, .T. ) ;
#3593 = STYLED_ITEM ( 'NONE', ( #545 ), #4103 ) ;
#3594 = ORIENTED_EDGE ( 'NONE', *, *, #2555, .F. ) ;
#3595 =( NAMED_UNIT ( * ) PLANE_ANGLE_UNIT ( ) SI_UNIT ( $, .RADIAN. ) );
#3596 = SURFACE_SIDE_STYLE ('',( #2783 ) ) ;
#3597 = ORIENTED_EDGE ( 'NONE', *, *, #3706, .F. ) ;
#3598 = DIRECTION ( 'NONE',  ( -1.000000000000000000, -0.000000000000000000, 0.000000000000000000 ) ) ;
#3599 = FILL_AREA_STYLE_COLOUR ( '', #2925 ) ;
#3600 = DIRECTION ( 'NONE',  ( 0.000000000000000000, 0.000000000000000000, 1.000000000000000000 ) ) ;
#3601 = ORIENTED_EDGE ( 'NONE', *, *, #34, .F. ) ;
#3602 = CARTESIAN_POINT ( 'NONE',  ( -0.3499999999999996447, 0.3949999999999997957, 0.000000000000000000 ) ) ;
#3603 = CARTESIAN_POINT ( 'NONE',  ( -0.3499999999999995892, -0.4000000000000001332, 0.6949999999999988409 ) ) ;
#3604 = FILL_AREA_STYLE ('',( #2068 ) ) ;
#3605 = SURFACE_STYLE_USAGE ( .BOTH. , #3122 ) ;
#3606 = ORIENTED_EDGE ( 'NONE', *, *, #2378, .F. ) ;
#3607 =( LENGTH_UNIT ( ) NAMED_UNIT ( * ) SI_UNIT ( .MILLI., .METRE. ) );
#3608 = FILL_AREA_STYLE ('',( #1005 ) ) ;
#3609 = STYLED_ITEM ( 'NONE', ( #2693 ), #299 ) ;
#3610 = CARTESIAN_POINT ( 'NONE',  ( 0.7950000000000000400, 0.3799999999999989497, 0.006000000000000002727 ) ) ;
#3611 = ORIENTED_EDGE ( 'NONE', *, *, #149, .F. ) ;
#3612 =( GEOMETRIC_REPRESENTATION_CONTEXT ( 3 ) GLOBAL_UNCERTAINTY_ASSIGNED_CONTEXT ( ( #1538 ) ) GLOBAL_UNIT_ASSIGNED_CONTEXT ( ( #1189, #4216, #1913 ) ) REPRESENTATION_CONTEXT ( 'NONE', 'WORKASPACE' ) );
#3613 = EDGE_CURVE ( 'NONE', #2850, #2080, #4142, .T. ) ;
#3614 = EDGE_CURVE ( 'NONE', #401, #2706, #2881, .T. ) ;
#3615 = UNCERTAINTY_MEASURE_WITH_UNIT (LENGTH_MEASURE( 1.000000000000000082E-05 ), #4904, 'distance_accuracy_value', 'NONE');
#3616 = STYLED_ITEM ( 'NONE', ( #837 ), #668 ) ;
#3617 = ORIENTED_EDGE ( 'NONE', *, *, #4170, .F. ) ;
#3618 = CARTESIAN_POINT ( 'NONE',  ( -0.3449999999999991962, 0.2000000000000000944, 0.000000000000000000 ) ) ;
#3619 = ORIENTED_EDGE ( 'NONE', *, *, #1495, .T. ) ;
#3620 = CYLINDRICAL_SURFACE ( 'NONE', #4240, 0.004999999999999989696 ) ;
#3621 = CIRCLE ( 'NONE', #3960, 0.005000000000000013115 ) ;
#3622 = FACE_OUTER_BOUND ( 'NONE', #1033, .T. ) ;
#3623 = CARTESIAN_POINT ( 'NONE',  ( 0.7949999999999995959, 0.3799999999999989497, 0.001000000000000013248 ) ) ;
#3624 = PRESENTATION_LAYER_ASSIGNMENT (  '', '', ( #4433 ) ) ;
#3625 = VECTOR ( 'NONE', #3994, 1000.000000000000000 ) ;
#3626 = FILL_AREA_STYLE_COLOUR ( '', #4114 ) ;
#3627 = DIRECTION ( 'NONE',  ( 1.000000000000000000, 0.000000000000000000, 0.000000000000000000 ) ) ;
#3628 = ORIENTED_EDGE ( 'NONE', *, *, #4624, .F. ) ;
#3629 = LINE ( 'NONE', #2390, #4354 ) ;
#3630 = AXIS2_PLACEMENT_3D ( 'NONE', #2354, #1583, #854 ) ;
#3631 =( GEOMETRIC_REPRESENTATION_CONTEXT ( 3 ) GLOBAL_UNCERTAINTY_ASSIGNED_CONTEXT ( ( #528 ) ) GLOBAL_UNIT_ASSIGNED_CONTEXT ( ( #349, #1410, #4476 ) ) REPRESENTATION_CONTEXT ( 'NONE', 'WORKASPACE' ) );
#3632 =( NAMED_UNIT ( * ) SI_UNIT ( $, .STERADIAN. ) SOLID_ANGLE_UNIT ( ) );
#3633 = CARTESIAN_POINT ( 'NONE',  ( -0.7999999999999991562, -0.3799999999999989497, 0.000000000000000000 ) ) ;
#3634 = ORIENTED_EDGE ( 'NONE', *, *, #5, .F. ) ;
#3635 = AXIS2_PLACEMENT_3D ( 'NONE', #2629, #2272, #4279 ) ;
#3636 = FILL_AREA_STYLE ('',( #4300 ) ) ;
#3637 = CARTESIAN_POINT ( 'NONE',  ( 0.3499999999999995892, 0.4000000000000001332, 0.000000000000000000 ) ) ;
#3638 = COLOUR_RGB ( '',1.000000000000000000, 1.000000000000000000, 1.000000000000000000 ) ;
#3639 = DIRECTION ( 'NONE',  ( 0.000000000000000000, -1.000000000000000000, 0.000000000000000000 ) ) ;
#3640 = ORIENTED_EDGE ( 'NONE', *, *, #4334, .T. ) ;
#3641 = ORIENTED_EDGE ( 'NONE', *, *, #2643, .F. ) ;
#3642 = LINE ( 'NONE', #199, #31 ) ;
#3643 = CYLINDRICAL_SURFACE ( 'NONE', #2684, 0.005000000000000013115 ) ;
#3644 = VECTOR ( 'NONE', #3964, 1000.000000000000000 ) ;
#3645 = EDGE_CURVE ( 'NONE', #458, #2968, #861, .T. ) ;
#3646 = ORIENTED_EDGE ( 'NONE', *, *, #902, .T. ) ;
#3647 = EDGE_CURVE ( 'NONE', #4306, #3123, #3480, .T. ) ;
#3648 = AXIS2_PLACEMENT_3D ( 'NONE', #136, #2719, #4340 ) ;
#3649 = CARTESIAN_POINT ( 'NONE',  ( -0.3499999999999995892, 0.4000000000000001332, 0.000000000000000000 ) ) ;
#3650 = MECHANICAL_DESIGN_GEOMETRIC_PRESENTATION_REPRESENTATION (  '', ( #868 ), #4057 ) ;
#3651 = SURFACE_STYLE_FILL_AREA ( #386 ) ;
#3652 = PRESENTATION_STYLE_ASSIGNMENT (( #1804 ) ) ;
#3653 = FACE_OUTER_BOUND ( 'NONE', #1228, .T. ) ;
#3654 = ORIENTED_EDGE ( 'NONE', *, *, #2309, .F. ) ;
#3655 = AXIS2_PLACEMENT_3D ( 'NONE', #1021, #1069, #993 ) ;
#3656 = COLOUR_RGB ( '',1.000000000000000000, 1.000000000000000000, 1.000000000000000000 ) ;
#3657 = APPLICATION_CONTEXT ( 'automotive_design' ) ;
#3658 = DIRECTION ( 'NONE',  ( -8.896017825522091804E-17, 1.000000000000000000, 0.000000000000000000 ) ) ;
#3659 = FACE_OUTER_BOUND ( 'NONE', #2437, .T. ) ;
#3660 = DIRECTION ( 'NONE',  ( 0.000000000000000000, -1.000000000000000000, -0.000000000000000000 ) ) ;
#3661 = AXIS2_PLACEMENT_3D ( 'NONE', #4668, #1336, #2891 ) ;
#3662 = ORIENTED_EDGE ( 'NONE', *, *, #4303, .F. ) ;
#3663 = CARTESIAN_POINT ( 'NONE',  ( -0.6050000000000006484, -0.1449999999999998790, 0.6999999999999991784 ) ) ;
#3664 = DIRECTION ( 'NONE',  ( 0.000000000000000000, -1.000000000000000000, 0.000000000000000000 ) ) ;
#3665 = DIRECTION ( 'NONE',  ( 0.000000000000000000, 1.000000000000000000, 0.000000000000000000 ) ) ;
#3666 = STYLED_ITEM ( 'NONE', ( #2092 ), #4597 ) ;
#3667 =( GEOMETRIC_REPRESENTATION_CONTEXT ( 3 ) GLOBAL_UNCERTAINTY_ASSIGNED_CONTEXT ( ( #3053 ) ) GLOBAL_UNIT_ASSIGNED_CONTEXT ( ( #1445, #1088, #759 ) ) REPRESENTATION_CONTEXT ( 'NONE', 'WORKASPACE' ) );
#3668 = ORIENTED_EDGE ( 'NONE', *, *, #4332, .F. ) ;
#3669 =( NAMED_UNIT ( * ) SI_UNIT ( $, .STERADIAN. ) SOLID_ANGLE_UNIT ( ) );
#3670 = CIRCLE ( 'NONE', #4070, 0.005000000000000013115 ) ;
#3671 = DIRECTION ( 'NONE',  ( 0.000000000000000000, 0.000000000000000000, -1.000000000000000000 ) ) ;
#3672 = FILL_AREA_STYLE ('',( #2497 ) ) ;
#3673 = DIRECTION ( 'NONE',  ( 1.000000000000000000, 0.000000000000000000, 0.000000000000000000 ) ) ;
#3674 = CARTESIAN_POINT ( 'NONE',  ( 1.387778780781446415E-16, 0.2000000000000000666, 0.6990000000000005098 ) ) ;
#3675 = FACE_OUTER_BOUND ( 'NONE', #4898, .T. ) ;
#3676 = FILL_AREA_STYLE ('',( #591 ) ) ;
#3677 = EDGE_CURVE ( 'NONE', #2337, #1125, #1946, .T. ) ;
#3678 = CARTESIAN_POINT ( 'NONE',  ( 0.7917157287525370402, 0.3999999999999989120, 0.006000000000000003594 ) ) ;
#3679 = LINE ( 'NONE', #3288, #4392 ) ;
#3680 = SURFACE_STYLE_FILL_AREA ( #4848 ) ;
#3681 = VERTEX_POINT ( 'NONE', #4283 ) ;
#3682 = CARTESIAN_POINT ( 'NONE',  ( -0.7799999999999991385, -0.3799999999999989497, 0.006000000000000002727 ) ) ;
#3683 =( NAMED_UNIT ( * ) PLANE_ANGLE_UNIT ( ) SI_UNIT ( $, .RADIAN. ) );
#3684 = FILL_AREA_STYLE_COLOUR ( '', #2173 ) ;
#3685 =( NAMED_UNIT ( * ) SI_UNIT ( $, .STERADIAN. ) SOLID_ANGLE_UNIT ( ) );
#3686 = ADVANCED_BREP_SHAPE_REPRESENTATION ( '', ( #720, #302 ), #1585 ) ;
#3687 = ORIENTED_EDGE ( 'NONE', *, *, #355, .F. ) ;
#3688 =( LENGTH_UNIT ( ) NAMED_UNIT ( * ) SI_UNIT ( .MILLI., .METRE. ) );
#3689 = CARTESIAN_POINT ( 'NONE',  ( -0.7979289321881338770, 0.3799999999999990608, 0.6989999999999998437 ) ) ;
#3690 = LINE ( 'NONE', #3306, #4371 ) ;
#3691 = EDGE_LOOP ( 'NONE', ( #2244, #163, #960, #3204 ) ) ;
#3692 = DIRECTION ( 'NONE',  ( -0.000000000000000000, 1.000000000000000000, 0.000000000000000000 ) ) ;
#3693 = AXIS2_PLACEMENT_3D ( 'NONE', #4432, #542, #4007 ) ;
#3694 = CARTESIAN_POINT ( 'NONE',  ( -0.6050000000000006484, 0.1499999999999999667, 0.6999999999999991784 ) ) ;
#3695 = DIRECTION ( 'NONE',  ( 0.000000000000000000, -1.000000000000000000, 0.000000000000000000 ) ) ;
#3696 = PRESENTATION_LAYER_ASSIGNMENT (  '', '', ( #3043 ) ) ;
#3697 = VERTEX_POINT ( 'NONE', #154 ) ;
#3698 =( NAMED_UNIT ( * ) PLANE_ANGLE_UNIT ( ) SI_UNIT ( $, .RADIAN. ) );
#3699 = COLOUR_RGB ( '',1.000000000000000000, 1.000000000000000000, 1.000000000000000000 ) ;
#3700 =( NAMED_UNIT ( * ) SI_UNIT ( $, .STERADIAN. ) SOLID_ANGLE_UNIT ( ) );
#3701 = FILL_AREA_STYLE_COLOUR ( '', #4694 ) ;
#3702 = VERTEX_POINT ( 'NONE', #3111 ) ;
#3703 = CARTESIAN_POINT ( 'NONE',  ( 0.7950000000000000400, -0.1899999999999999467, 0.006000000000000002727 ) ) ;
#3704 = LINE ( 'NONE', #3323, #4747 ) ;
#3705 = CARTESIAN_POINT ( 'NONE',  ( -0.1999999999999998446, 0.000000000000000000, 0.6999999999999991784 ) ) ;
#3706 = EDGE_CURVE ( 'NONE', #41, #4519, #1342, .T. ) ;
#3707 = ORIENTED_EDGE ( 'NONE', *, *, #3467, .T. ) ;
#3708 = ADVANCED_FACE ( 'NONE', ( #2085 ), #3643, .T. ) ;
#3709 =( NAMED_UNIT ( * ) PLANE_ANGLE_UNIT ( ) SI_UNIT ( $, .RADIAN. ) );
#3710 = STYLED_ITEM ( 'NONE', ( #2366 ), #720 ) ;
#3711 = CARTESIAN_POINT ( 'NONE',  ( -0.7799999999999990274, 0.3999999999999989120, 0.6969289321881343424 ) ) ;
#3712 = MECHANICAL_DESIGN_GEOMETRIC_PRESENTATION_REPRESENTATION (  '', ( #4038 ), #2982 ) ;
#3713 = LINE ( 'NONE', #2206, #1983 ) ;
#3714 =( GEOMETRIC_REPRESENTATION_CONTEXT ( 3 ) GLOBAL_UNCERTAINTY_ASSIGNED_CONTEXT ( ( #640 ) ) GLOBAL_UNIT_ASSIGNED_CONTEXT ( ( #4315, #3510, #1232 ) ) REPRESENTATION_CONTEXT ( 'NONE', 'WORKASPACE' ) );
#3715 = ORIENTED_EDGE ( 'NONE', *, *, #4807, .F. ) ;
#3716 = PLANE ( 'NONE',  #3916 ) ;
#3717 =( NAMED_UNIT ( * ) SI_UNIT ( $, .STERADIAN. ) SOLID_ANGLE_UNIT ( ) );
#3718 =( GEOMETRIC_REPRESENTATION_CONTEXT ( 3 ) GLOBAL_UNCERTAINTY_ASSIGNED_CONTEXT ( ( #924 ) ) GLOBAL_UNIT_ASSIGNED_CONTEXT ( ( #1688, #2075, #3632 ) ) REPRESENTATION_CONTEXT ( 'NONE', 'WORKASPACE' ) );
#3719 = PRESENTATION_STYLE_ASSIGNMENT (( #3750 ) ) ;
#3720 = ORIENTED_EDGE ( 'NONE', *, *, #1847, .F. ) ;
#3721 = MECHANICAL_DESIGN_GEOMETRIC_PRESENTATION_REPRESENTATION (  '', ( #2828 ), #855 ) ;
#3722 = CARTESIAN_POINT ( 'NONE',  ( 0.000000000000000000, 0.000000000000000000, 0.000000000000000000 ) ) ;
#3723 = CARTESIAN_POINT ( 'NONE',  ( -0.7949999999999994849, 0.3799999999999990608, 0.001000000000000013248 ) ) ;
#3724 = VECTOR ( 'NONE', #1716, 1000.000000000000000 ) ;
#3725 = EDGE_LOOP ( 'NONE', ( #4021, #3995, #3975, #4373 ) ) ;
#3726 = FILL_AREA_STYLE_COLOUR ( '', #2940 ) ;
#3727 = AXIS2_PLACEMENT_3D ( 'NONE', #860, #2016, #3508 ) ;
#3728 = CARTESIAN_POINT ( 'NONE',  ( 0.7950000000000000400, -0.3799999999999989497, 0.006000000000000002727 ) ) ;
#3729 = CARTESIAN_POINT ( 'NONE',  ( 0.3899999999999995692, 0.3999999999999998557, 0.6940000000000001723 ) ) ;
#3730 = EDGE_LOOP ( 'NONE', ( #3654, #1813, #2921, #2893, #2106, #358 ) ) ;
#3731 = PRODUCT_RELATED_PRODUCT_CATEGORY ( 'part', '', ( #1961 ) ) ;
#3732 = AXIS2_PLACEMENT_3D ( 'NONE', #4930, #2302, #2992 ) ;
#3733 = CARTESIAN_POINT ( 'NONE',  ( -0.3899999999999995692, -0.3949999999999998512, 0.6940000000000001723 ) ) ;
#3734 = ORIENTED_EDGE ( 'NONE', *, *, #1994, .T. ) ;
#3735 =( GEOMETRIC_REPRESENTATION_CONTEXT ( 3 ) GLOBAL_UNCERTAINTY_ASSIGNED_CONTEXT ( ( #4667 ) ) GLOBAL_UNIT_ASSIGNED_CONTEXT ( ( #2679, #4153, #2401 ) ) REPRESENTATION_CONTEXT ( 'NONE', 'WORKASPACE' ) );
#3736 = CARTESIAN_POINT ( 'NONE',  ( -0.3449999999999991962, -0.2050000000000001543, 0.000000000000000000 ) ) ;
#3737 = CARTESIAN_POINT ( 'NONE',  ( 0.7799999999999990274, 0.3949999999999997402, 0.6990000000000002878 ) ) ;
#3738 = CARTESIAN_POINT ( 'NONE',  ( -0.7999999999999989342, 0.3917157287525371290, 0.6940000000000001723 ) ) ;
#3739 = EDGE_CURVE ( 'NONE', #1914, #3354, #4022, .T. ) ;
#3740 = EDGE_CURVE ( 'NONE', #3565, #3123, #2976, .T. ) ;
#3741 = AXIS2_PLACEMENT_3D ( 'NONE', #83, #4594, #1506 ) ;
#3742 = COLOUR_RGB ( '',1.000000000000000000, 1.000000000000000000, 1.000000000000000000 ) ;
#3743 = EDGE_LOOP ( 'NONE', ( #4087, #1824, #916, #4052, #3707, #624 ) ) ;
#3744 = CYLINDRICAL_SURFACE ( 'NONE', #1516, 0.02000000000000005246 ) ;
#3745 = CARTESIAN_POINT ( 'NONE',  ( -0.8000000000000002665, 0.3799999999999989497, 0.006000000000000002727 ) ) ;
#3746 = AXIS2_PLACEMENT_3D ( 'NONE', #1749, #4798, #936 ) ;
#3747 = CARTESIAN_POINT ( 'NONE',  ( -0.6000000000000006439, -0.1449999999999998790, 0.000000000000000000 ) ) ;
#3748 = PRESENTATION_LAYER_ASSIGNMENT (  '', '', ( #1188 ) ) ;
#3749 = VECTOR ( 'NONE', #487, 1000.000000000000000 ) ;
#3750 = SURFACE_STYLE_USAGE ( .BOTH. , #2545 ) ;
#3751 = DIRECTION ( 'NONE',  ( 3.652049423109069799E-16, -1.000000000000000000, 0.000000000000000000 ) ) ;
#3752 = SURFACE_STYLE_USAGE ( .BOTH. , #2547 ) ;
#3753 = CARTESIAN_POINT ( 'NONE',  ( -0.3449999999999991962, -0.2050000000000001543, 0.001000000000000000454 ) ) ;
#3754 = VECTOR ( 'NONE', #4313, 1000.000000000000000 ) ;
#3755 = ORIENTED_EDGE ( 'NONE', *, *, #2681, .T. ) ;
#3756 = PRODUCT_DEFINITION_FORMATION_WITH_SPECIFIED_SOURCE ( 'ANY', '', #500, .NOT_KNOWN. ) ;
#3757 = CARTESIAN_POINT ( 'NONE',  ( -0.3449999999999991962, 0.2000000000000000944, 0.6990000000000005098 ) ) ;
#3758 = DIRECTION ( 'NONE',  ( 0.000000000000000000, 1.000000000000000000, 0.000000000000000000 ) ) ;
#3759 = CYLINDRICAL_SURFACE ( 'NONE', #1387, 0.004999999999999990563 ) ;
#3760 =( NAMED_UNIT ( * ) SI_UNIT ( $, .STERADIAN. ) SOLID_ANGLE_UNIT ( ) );
#3761 = EDGE_LOOP ( 'NONE', ( #2231, #4113, #1098, #4133 ) ) ;
#3762 = PLANE ( 'NONE',  #105 ) ;
#3763 = CARTESIAN_POINT ( 'NONE',  ( -0.7949999999999999289, -0.1499999999999999667, 0.6999999999999990674 ) ) ;
#3764 = ORIENTED_EDGE ( 'NONE', *, *, #1173, .T. ) ;
#3765 = CARTESIAN_POINT ( 'NONE',  ( -0.7799999999999990274, -0.3999999999999989675, 0.6969289321881343424 ) ) ;
#3766 = VERTEX_POINT ( 'NONE', #4521 ) ;
#3767 = SURFACE_STYLE_USAGE ( .BOTH. , #633 ) ;
#3768 = CARTESIAN_POINT ( 'NONE',  ( 0.7799999999999992495, -0.3999999999999990230, 0.003071067811865685164 ) ) ;
#3769 = EDGE_LOOP ( 'NONE', ( #2292, #4698, #3715, #4530 ) ) ;
#3770 = EDGE_CURVE ( 'NONE', #476, #2876, #1431, .T. ) ;
#3771 = PRESENTATION_STYLE_ASSIGNMENT (( #990 ) ) ;
#3772 = CIRCLE ( 'NONE', #3447, 0.005000000000000013115 ) ;
#3773 = FILL_AREA_STYLE_COLOUR ( '', #4439 ) ;
#3774 = COLOUR_RGB ( '',0.2862745098039215508, 0.2862745098039215508, 0.2862745098039215508 ) ;
#3775 = DIRECTION ( 'NONE',  ( 1.000000000000000000, 0.000000000000000000, 0.000000000000000000 ) ) ;
#3776 = ORIENTED_EDGE ( 'NONE', *, *, #1972, .T. ) ;
#3777 = SHAPE_REPRESENTATION_RELATIONSHIP ( 'NONE' , 'NONE' ,  #2710, #3869 ) ;
#3778 = EDGE_CURVE ( 'NONE', #4384, #2469, #2730, .T. ) ;
#3779 = CARTESIAN_POINT ( 'NONE',  ( 0.7799999999999991385, -0.3949999999999996292, 0.6990000000000002878 ) ) ;
#3780 = ADVANCED_FACE ( 'NONE', ( #3334 ), #2516, .F. ) ;
#3781 = DIRECTION ( 'NONE',  ( 1.000000000000000000, 0.000000000000000000, 0.000000000000000000 ) ) ;
#3782 = PRESENTATION_LAYER_ASSIGNMENT (  '', '', ( #4649 ) ) ;
#3783 = EDGE_LOOP ( 'NONE', ( #1354, #2807, #2800, #4903, #1468, #3364 ) ) ;
#3784 =( GEOMETRIC_REPRESENTATION_CONTEXT ( 3 ) GLOBAL_UNCERTAINTY_ASSIGNED_CONTEXT ( ( #3428 ) ) GLOBAL_UNIT_ASSIGNED_CONTEXT ( ( #810, #2286, #3790 ) ) REPRESENTATION_CONTEXT ( 'NONE', 'WORKASPACE' ) );
#3785 = DIRECTION ( 'NONE',  ( 1.000000000000000000, 1.779203565104420086E-16, 0.000000000000000000 ) ) ;
#3786 = PRESENTATION_STYLE_ASSIGNMENT (( #313 ) ) ;
#3787 = DIRECTION ( 'NONE',  ( 1.000000000000000000, 0.000000000000000000, 0.000000000000000000 ) ) ;
#3788 = ORIENTED_EDGE ( 'NONE', *, *, #2347, .T. ) ;
#3789 = CARTESIAN_POINT ( 'NONE',  ( 0.7949999999999998179, -0.3799999999999989497, 0.6990000000000003988 ) ) ;
#3790 =( NAMED_UNIT ( * ) SI_UNIT ( $, .STERADIAN. ) SOLID_ANGLE_UNIT ( ) );
#3791 = SURFACE_STYLE_USAGE ( .BOTH. , #2256 ) ;
#3792 = ORIENTED_EDGE ( 'NONE', *, *, #2522, .T. ) ;
#3793 = VECTOR ( 'NONE', #1447, 1000.000000000000000 ) ;
#3794 = SURFACE_SIDE_STYLE ('',( #2229 ) ) ;
#3795 = SURFACE_STYLE_USAGE ( .BOTH. , #1959 ) ;
#3796 = ORIENTED_EDGE ( 'NONE', *, *, #4598, .F. ) ;
#3797 = CARTESIAN_POINT ( 'NONE',  ( -0.7799999999999991385, 0.3949999999999997957, 0.006000000000000002727 ) ) ;
#3798 = MECHANICAL_DESIGN_GEOMETRIC_PRESENTATION_REPRESENTATION (  '', ( #846 ), #3631 ) ;
#3799 = EDGE_LOOP ( 'NONE', ( #775, #1647, #1966, #2826 ) ) ;
#3800 = CARTESIAN_POINT ( 'NONE',  ( 0.000000000000000000, 0.000000000000000000, 0.000000000000000000 ) ) ;
#3801 = CARTESIAN_POINT ( 'NONE',  ( 0.7917157287525370402, 0.3999999999999989675, 0.6969289321881344534 ) ) ;
#3802 = SURFACE_SIDE_STYLE ('',( #1124 ) ) ;
#3803 = EDGE_CURVE ( 'NONE', #329, #1241, #3386, .T. ) ;
#3804 = AXIS2_PLACEMENT_3D ( 'NONE', #2066, #1659, #2809 ) ;
#3805 = EDGE_CURVE ( 'NONE', #4762, #1403, #4889, .T. ) ;
#3806 = CARTESIAN_POINT ( 'NONE',  ( -0.3499999999999996447, 0.3949999999999998512, 0.6999999999999990674 ) ) ;
#3807 = ORIENTED_EDGE ( 'NONE', *, *, #983, .F. ) ;
#3808 =( NAMED_UNIT ( * ) PLANE_ANGLE_UNIT ( ) SI_UNIT ( $, .RADIAN. ) );
#3809 = PLANE ( 'NONE',  #1866 ) ;
#3810 =( NAMED_UNIT ( * ) SI_UNIT ( $, .STERADIAN. ) SOLID_ANGLE_UNIT ( ) );
#3811 = VECTOR ( 'NONE', #3324, 1000.000000000000000 ) ;
#3812 = DIRECTION ( 'NONE',  ( 1.000000000000000000, 0.000000000000000000, 0.000000000000000000 ) ) ;
#3813 = LINE ( 'NONE', #2583, #4926 ) ;
#3814 = LINE ( 'NONE', #4263, #4017 ) ;
#3815 = SURFACE_STYLE_FILL_AREA ( #321 ) ;
#3816 = PRESENTATION_LAYER_ASSIGNMENT (  '', '', ( #1093 ) ) ;
#3817 = DIRECTION ( 'NONE',  ( -3.652049423109069799E-16, 1.000000000000000000, -0.000000000000000000 ) ) ;
#3818 = CARTESIAN_POINT ( 'NONE',  ( 0.7799999999999990274, 0.3999999999999997446, 0.6940000000000001723 ) ) ;
#3819 = EDGE_LOOP ( 'NONE', ( #4100, #3383, #3925, #1937 ) ) ;
#3820 = CIRCLE ( 'NONE', #1642, 0.005000000000000013115 ) ;
#3821 = CARTESIAN_POINT ( 'NONE',  ( 0.7799999999999991385, -0.3949999999999996292, 0.6990000000000002878 ) ) ;
#3822 = PRESENTATION_LAYER_ASSIGNMENT (  '', '', ( #4309 ) ) ;
#3823 = PRESENTATION_LAYER_ASSIGNMENT (  '', '', ( #4060 ) ) ;
#3824 = UNCERTAINTY_MEASURE_WITH_UNIT (LENGTH_MEASURE( 1.000000000000000082E-05 ), #535, 'distance_accuracy_value', 'NONE');
#3825 = DIRECTION ( 'NONE',  ( -0.000000000000000000, -0.000000000000000000, -1.000000000000000000 ) ) ;
#3826 = ORIENTED_EDGE ( 'NONE', *, *, #2782, .F. ) ;
#3827 = DIRECTION ( 'NONE',  ( 1.000000000000000000, 0.000000000000000000, 0.000000000000000000 ) ) ;
#3828 = PRESENTATION_LAYER_ASSIGNMENT (  '', '', ( #3914 ) ) ;
#3829 = CARTESIAN_POINT ( 'NONE',  ( 0.6050000000000006484, -0.1499999999999999667, 0.6999999999999991784 ) ) ;
#3830 = STYLED_ITEM ( 'NONE', ( #1160 ), #3911 ) ;
#3831 =( GEOMETRIC_REPRESENTATION_CONTEXT ( 3 ) GLOBAL_UNCERTAINTY_ASSIGNED_CONTEXT ( ( #118 ) ) GLOBAL_UNIT_ASSIGNED_CONTEXT ( ( #1684, #1662, #4461 ) ) REPRESENTATION_CONTEXT ( 'NONE', 'WORKASPACE' ) );
#3832 = PRESENTATION_LAYER_ASSIGNMENT (  '', '', ( #1803 ) ) ;
#3833 = CARTESIAN_POINT ( 'NONE',  ( 0.6000000000000005329, 0.1449999999999998790, 0.6999999999999991784 ) ) ;
#3834 = ORIENTED_EDGE ( 'NONE', *, *, #875, .T. ) ;
#3835 = CARTESIAN_POINT ( 'NONE',  ( 0.6050000000000006484, -0.1499999999999999667, 0.000000000000000000 ) ) ;
#3836 = UNCERTAINTY_MEASURE_WITH_UNIT (LENGTH_MEASURE( 1.000000000000000082E-05 ), #1955, 'distance_accuracy_value', 'NONE');
#3837 = CARTESIAN_POINT ( 'NONE',  ( 0.6050000000000006484, -0.1499999999999999667, 0.001000000000000000454 ) ) ;
#3838 = MECHANICAL_DESIGN_GEOMETRIC_PRESENTATION_REPRESENTATION (  '', ( #2289 ), #1579 ) ;
#3839 = ADVANCED_FACE ( 'NONE', ( #687 ), #3716, .T. ) ;
#3840 = PRESENTATION_LAYER_ASSIGNMENT (  '', '', ( #3331 ) ) ;
#3841 = EDGE_CURVE ( 'NONE', #4449, #246, #4168, .T. ) ;
#3842 = SURFACE_STYLE_FILL_AREA ( #4207 ) ;
#3843 =( NAMED_UNIT ( * ) PLANE_ANGLE_UNIT ( ) SI_UNIT ( $, .RADIAN. ) );
#3844 = DIRECTION ( 'NONE',  ( 0.000000000000000000, 1.000000000000000000, 0.000000000000000000 ) ) ;
#3845 = EDGE_CURVE ( 'NONE', #401, #304, #3090, .T. ) ;
#3846 = EDGE_CURVE ( 'NONE', #3109, #2337, #2672, .T. ) ;
#3847 = SURFACE_STYLE_USAGE ( .BOTH. , #1928 ) ;
#3848 = CARTESIAN_POINT ( 'NONE',  ( -0.3499999999999995892, 0.4000000000000001332, 0.000000000000000000 ) ) ;
#3849 = VERTEX_POINT ( 'NONE', #1932 ) ;
#3850 = CARTESIAN_POINT ( 'NONE',  ( 0.3449999999999991962, 0.2000000000000000666, 0.6990000000000005098 ) ) ;
#3851 = LINE ( 'NONE', #1984, #23 ) ;
#3852 = UNCERTAINTY_MEASURE_WITH_UNIT (LENGTH_MEASURE( 1.000000000000000082E-05 ), #2124, 'distance_accuracy_value', 'NONE');
#3853 = ORIENTED_EDGE ( 'NONE', *, *, #1704, .T. ) ;
#3854 = APPLICATION_PROTOCOL_DEFINITION ( 'draft international standard', 'automotive_design', 1998, #4772 ) ;
#3855 = MECHANICAL_DESIGN_GEOMETRIC_PRESENTATION_REPRESENTATION (  '', ( #1595 ), #4169 ) ;
#3856 = CARTESIAN_POINT ( 'NONE',  ( -0.3499999999999995892, -0.4000000000000001332, 0.004999999999999989696 ) ) ;
#3857 = PRESENTATION_LAYER_ASSIGNMENT (  '', '', ( #3609 ) ) ;
#3858 = FILL_AREA_STYLE ('',( #1227 ) ) ;
#3859 = VERTEX_POINT ( 'NONE', #4271 ) ;
#3860 = FACE_OUTER_BOUND ( 'NONE', #3761, .T. ) ;
#3861 = PRESENTATION_LAYER_ASSIGNMENT (  '', '', ( #739 ) ) ;
#3862 = CARTESIAN_POINT ( 'NONE',  ( 0.7999999999999990452, -0.3917157287525366294, 0.6969289321881345645 ) ) ;
#3863 = CARTESIAN_POINT ( 'NONE',  ( 0.3499999999999995892, 0.4000000000000001332, 0.004999999999999989696 ) ) ;
#3864 = VECTOR ( 'NONE', #1185, 1000.000000000000000 ) ;
#3865 = PRODUCT_DEFINITION ( 'UNKNOWN', '', #219, #4290 ) ;
#3866 =( NAMED_UNIT ( * ) PLANE_ANGLE_UNIT ( ) SI_UNIT ( $, .RADIAN. ) );
#3867 =( LENGTH_UNIT ( ) NAMED_UNIT ( * ) SI_UNIT ( .MILLI., .METRE. ) );
#3868 = DIRECTION ( 'NONE',  ( 0.000000000000000000, 0.000000000000000000, -1.000000000000000000 ) ) ;
#3869 = ADVANCED_BREP_SHAPE_REPRESENTATION ( '', ( #821, #2459, #4013, #4082, #302 ), #3347 ) ;
#3870 = EDGE_CURVE ( 'NONE', #3248, #3284, #1650, .T. ) ;
#3871 = EDGE_CURVE ( 'NONE', #3068, #1896, #878, .T. ) ;
#3872 = DIRECTION ( 'NONE',  ( -0.000000000000000000, -0.000000000000000000, -1.000000000000000000 ) ) ;
#3873 = FACE_OUTER_BOUND ( 'NONE', #332, .T. ) ;
#3874 = ORIENTED_EDGE ( 'NONE', *, *, #3803, .F. ) ;
#3875 = SURFACE_STYLE_FILL_AREA ( #3905 ) ;
#3876 = SURFACE_STYLE_FILL_AREA ( #3162 ) ;
#3877 = AXIS2_PLACEMENT_3D ( 'NONE', #4213, #3024, #3926 ) ;
#3878 = MECHANICAL_DESIGN_GEOMETRIC_PRESENTATION_REPRESENTATION (  '', ( #1311 ), #4907 ) ;
#3879 = UNCERTAINTY_MEASURE_WITH_UNIT (LENGTH_MEASURE( 1.000000000000000082E-05 ), #307, 'distance_accuracy_value', 'NONE');
#3880 = PRESENTATION_STYLE_ASSIGNMENT (( #4173 ) ) ;
#3881 = ORIENTED_EDGE ( 'NONE', *, *, #4956, .T. ) ;
#3882 = SURFACE_STYLE_USAGE ( .BOTH. , #1169 ) ;
#3883 = MECHANICAL_DESIGN_GEOMETRIC_PRESENTATION_REPRESENTATION (  '', ( #1075 ), #4033 ) ;
#3884 = CARTESIAN_POINT ( 'NONE',  ( -0.7949999999999994849, -0.3887867965644027923, 0.001000000000000013248 ) ) ;
#3885 =( GEOMETRIC_REPRESENTATION_CONTEXT ( 3 ) GLOBAL_UNCERTAINTY_ASSIGNED_CONTEXT ( ( #4161 ) ) GLOBAL_UNIT_ASSIGNED_CONTEXT ( ( #778, #2279, #2688 ) ) REPRESENTATION_CONTEXT ( 'NONE', 'WORKASPACE' ) );
#3886 = DIRECTION ( 'NONE',  ( 3.652049423109069799E-16, -1.000000000000000000, 0.000000000000000000 ) ) ;
#3887 = EDGE_LOOP ( 'NONE', ( #1686, #2759, #499, #2731 ) ) ;
#3888 = AXIS2_PLACEMENT_3D ( 'NONE', #4441, #166, #1400 ) ;
#3889 = FILL_AREA_STYLE_COLOUR ( '', #297 ) ;
#3890 = SURFACE_STYLE_FILL_AREA ( #1660 ) ;
#3891 = DIRECTION ( 'NONE',  ( 1.000000000000000000, 8.896017825522090571E-17, -0.000000000000000000 ) ) ;
#3892 = CARTESIAN_POINT ( 'NONE',  ( -0.7799999999999991385, 0.3999999999999989120, 0.000000000000000000 ) ) ;
#3893 = CIRCLE ( 'NONE', #2753, 0.005000000000000013115 ) ;
#3894 = CARTESIAN_POINT ( 'NONE',  ( 1.387778780781446415E-16, 0.3949999999999998512, 0.6990000000000005098 ) ) ;
#3895 = PLANE ( 'NONE',  #4147 ) ;
#3896 = UNCERTAINTY_MEASURE_WITH_UNIT (LENGTH_MEASURE( 1.000000000000000082E-05 ), #3055, 'distance_accuracy_value', 'NONE');
#3897 = LINE ( 'NONE', #2388, #3431 ) ;
#3898 = VERTEX_POINT ( 'NONE', #3850 ) ;
#3899 = SURFACE_SIDE_STYLE ('',( #3096 ) ) ;
#3900 = CARTESIAN_POINT ( 'NONE',  ( 1.387778780781446415E-16, -0.3949999999999998512, 0.6990000000000005098 ) ) ;
#3901 = SURFACE_STYLE_FILL_AREA ( #3158 ) ;
#3902 = DIRECTION ( 'NONE',  ( 0.000000000000000000, 0.000000000000000000, 1.000000000000000000 ) ) ;
#3903 = ORIENTED_EDGE ( 'NONE', *, *, #4203, .F. ) ;
#3904 = PRESENTATION_LAYER_ASSIGNMENT (  '', '', ( #4056 ) ) ;
#3905 = FILL_AREA_STYLE ('',( #2702 ) ) ;
#3906 = EDGE_CURVE ( 'NONE', #2559, #4526, #4394, .T. ) ;
#3907 = EDGE_CURVE ( 'NONE', #4767, #3524, #741, .T. ) ;
#3908 = ORIENTED_EDGE ( 'NONE', *, *, #984, .T. ) ;
#3909 = ITEM_DEFINED_TRANSFORMATION ( 'NONE', 'NONE', #2616,  #302 ) ;
#3910 = AXIS2_PLACEMENT_3D ( 'NONE', #363, #2278, #2581 ) ;
#3911 = ADVANCED_FACE ( 'NONE', ( #1523 ), #2345, .T. ) ;
#3912 = DIRECTION ( 'NONE',  ( 0.000000000000000000, 0.000000000000000000, 1.000000000000000000 ) ) ;
#3913 = LINE ( 'NONE', #4200, #2574 ) ;
#3914 = STYLED_ITEM ( 'NONE', ( #4252 ), #4238 ) ;
#3915 = ORIENTED_EDGE ( 'NONE', *, *, #1375, .F. ) ;
#3916 = AXIS2_PLACEMENT_3D ( 'NONE', #1792, #4495, #1066 ) ;
#3917 = PRESENTATION_STYLE_ASSIGNMENT (( #1633 ) ) ;
#3918 =( NAMED_UNIT ( * ) SI_UNIT ( $, .STERADIAN. ) SOLID_ANGLE_UNIT ( ) );
#3919 = CARTESIAN_POINT ( 'NONE',  ( -0.7799999999999991385, -0.3949999999999997402, 0.001000000000000006960 ) ) ;
#3920 = PRESENTATION_LAYER_ASSIGNMENT (  '', '', ( #4068 ) ) ;
#3921 = FACE_OUTER_BOUND ( 'NONE', #3569, .T. ) ;
#3922 =( GEOMETRIC_REPRESENTATION_CONTEXT ( 3 ) GLOBAL_UNCERTAINTY_ASSIGNED_CONTEXT ( ( #879 ) ) GLOBAL_UNIT_ASSIGNED_CONTEXT ( ( #3688, #1010, #4471 ) ) REPRESENTATION_CONTEXT ( 'NONE', 'WORKASPACE' ) );
#3923 = CIRCLE ( 'NONE', #67, 0.005000000000000013115 ) ;
#3924 = SURFACE_STYLE_USAGE ( .BOTH. , #1685 ) ;
#3925 = ORIENTED_EDGE ( 'NONE', *, *, #1269, .T. ) ;
#3926 = DIRECTION ( 'NONE',  ( 0.000000000000000000, 0.000000000000000000, 1.000000000000000000 ) ) ;
#3927 = UNCERTAINTY_MEASURE_WITH_UNIT (LENGTH_MEASURE( 1.000000000000000082E-05 ), #895, 'distance_accuracy_value', 'NONE');
#3928 =( LENGTH_UNIT ( ) NAMED_UNIT ( * ) SI_UNIT ( .MILLI., .METRE. ) );
#3929 =( LENGTH_UNIT ( ) NAMED_UNIT ( * ) SI_UNIT ( .MILLI., .METRE. ) );
#3930 =( NAMED_UNIT ( * ) SI_UNIT ( $, .STERADIAN. ) SOLID_ANGLE_UNIT ( ) );
#3931 = ORIENTED_EDGE ( 'NONE', *, *, #4686, .T. ) ;
#3932 = CARTESIAN_POINT ( 'NONE',  ( -0.1749999999999997946, -0.3949999999999998512, 0.004999999999999989696 ) ) ;
#3933 = CARTESIAN_POINT ( 'NONE',  ( -0.1999999999999998446, 0.1499999999999999667, 0.6990000000000005098 ) ) ;
#3934 = UNCERTAINTY_MEASURE_WITH_UNIT (LENGTH_MEASURE( 1.000000000000000082E-05 ), #599, 'distance_accuracy_value', 'NONE');
#3935 = EDGE_CURVE ( 'NONE', #226, #1109, #1270, .T. ) ;
#3936 = DIRECTION ( 'NONE',  ( -0.000000000000000000, -0.000000000000000000, -1.000000000000000000 ) ) ;
#3937 = ORIENTED_EDGE ( 'NONE', *, *, #745, .F. ) ;
#3938 = DIRECTION ( 'NONE',  ( 1.000000000000000000, 0.000000000000000000, -0.000000000000000000 ) ) ;
#3939 = MECHANICAL_DESIGN_GEOMETRIC_PRESENTATION_REPRESENTATION (  '', ( #478 ), #2799 ) ;
#3940 = ADVANCED_FACE ( 'NONE', ( #8 ), #1192, .T. ) ;
#3941 = ORIENTED_EDGE ( 'NONE', *, *, #1878, .F. ) ;
#3942 = ADVANCED_FACE ( 'NONE', ( #3131 ), #4002, .T. ) ;
#3943 = DIRECTION ( 'NONE',  ( 0.000000000000000000, -0.000000000000000000, -1.000000000000000000 ) ) ;
#3944 =( NAMED_UNIT ( * ) PLANE_ANGLE_UNIT ( ) SI_UNIT ( $, .RADIAN. ) );
#3945 = FILL_AREA_STYLE_COLOUR ( '', #3326 ) ;
#3946 = SURFACE_SIDE_STYLE ('',( #47 ) ) ;
#3947 =( LENGTH_UNIT ( ) NAMED_UNIT ( * ) SI_UNIT ( .MILLI., .METRE. ) );
#3948 = AXIS2_PLACEMENT_3D ( 'NONE', #4180, #754, #2252 ) ;
#3949 =( NAMED_UNIT ( * ) PLANE_ANGLE_UNIT ( ) SI_UNIT ( $, .RADIAN. ) );
#3950 = SURFACE_STYLE_FILL_AREA ( #4728 ) ;
#3951 = ORIENTED_EDGE ( 'NONE', *, *, #642, .T. ) ;
#3952 = CARTESIAN_POINT ( 'NONE',  ( 0.7999999999999993783, -0.3799999999999989497, 0.6940000000000001723 ) ) ;
#3953 = SURFACE_SIDE_STYLE ('',( #100 ) ) ;
#3954 = ORIENTED_EDGE ( 'NONE', *, *, #4419, .T. ) ;
#3955 = CARTESIAN_POINT ( 'NONE',  ( 0.3499999999999995892, 0.3949999999999998512, 0.006000000000000002727 ) ) ;
#3956 = FACE_OUTER_BOUND ( 'NONE', #2422, .T. ) ;
#3957 = ORIENTED_EDGE ( 'NONE', *, *, #2717, .T. ) ;
#3958 = PRESENTATION_LAYER_ASSIGNMENT (  '', '', ( #1766 ) ) ;
#3959 = LINE ( 'NONE', #3081, #55 ) ;
#3960 = AXIS2_PLACEMENT_3D ( 'NONE', #292, #2999, #2896 ) ;
#3961 = DIRECTION ( 'NONE',  ( -1.000000000000000000, -0.000000000000000000, -0.000000000000000000 ) ) ;
#3962 = VERTEX_POINT ( 'NONE', #3161 ) ;
#3963 = PRESENTATION_STYLE_ASSIGNMENT (( #2834 ) ) ;
#3964 = DIRECTION ( 'NONE',  ( -0.000000000000000000, 1.000000000000000000, 0.000000000000000000 ) ) ;
#3965 = AXIS2_PLACEMENT_3D ( 'NONE', #1548, #1155, #760 ) ;
#3966 = PRESENTATION_LAYER_ASSIGNMENT (  '', '', ( #1543 ) ) ;
#3967 = FILL_AREA_STYLE ('',( #4362 ) ) ;
#3968 = DIRECTION ( 'NONE',  ( 0.000000000000000000, 0.000000000000000000, 1.000000000000000000 ) ) ;
#3969 = EDGE_CURVE ( 'NONE', #260, #2706, #2281, .T. ) ;
#3970 = EDGE_CURVE ( 'NONE', #2656, #4613, #4690, .T. ) ;
#3971 = VECTOR ( 'NONE', #1635, 1000.000000000000000 ) ;
#3972 = PRESENTATION_LAYER_ASSIGNMENT (  '', '', ( #4676 ) ) ;
#3973 = EDGE_LOOP ( 'NONE', ( #2487, #3230, #1794, #2102 ) ) ;
#3974 = FACE_OUTER_BOUND ( 'NONE', #1062, .T. ) ;
#3975 = ORIENTED_EDGE ( 'NONE', *, *, #3084, .F. ) ;
#3976 = DIRECTION ( 'NONE',  ( 0.000000000000000000, 0.000000000000000000, 1.000000000000000000 ) ) ;
#3977 = CARTESIAN_POINT ( 'NONE',  ( 0.6050000000000006484, -0.1449999999999998790, 0.6990000000000005098 ) ) ;
#3978 = STYLED_ITEM ( 'NONE', ( #3126 ), #2379 ) ;
#3979 =( NAMED_UNIT ( * ) PLANE_ANGLE_UNIT ( ) SI_UNIT ( $, .RADIAN. ) );
#3980 = UNCERTAINTY_MEASURE_WITH_UNIT (LENGTH_MEASURE( 1.000000000000000082E-05 ), #3187, 'distance_accuracy_value', 'NONE');
#3981 = ORIENTED_EDGE ( 'NONE', *, *, #2810, .T. ) ;
#3982 = SURFACE_STYLE_USAGE ( .BOTH. , #560 ) ;
#3983 = SURFACE_STYLE_FILL_AREA ( #4311 ) ;
#3984 = EDGE_LOOP ( 'NONE', ( #3352, #309, #1511, #2584 ) ) ;
#3985 = SURFACE_STYLE_FILL_AREA ( #2477 ) ;
#3986 = CIRCLE ( 'NONE', #2269, 0.005000000000000066891 ) ;
#3987 =( LENGTH_UNIT ( ) NAMED_UNIT ( * ) SI_UNIT ( .MILLI., .METRE. ) );
#3988 = CARTESIAN_POINT ( 'NONE',  ( -0.6050000000000006484, 0.1499999999999999667, 0.000000000000000000 ) ) ;
#3989 = COLOUR_RGB ( '',1.000000000000000000, 1.000000000000000000, 1.000000000000000000 ) ;
#3990 = FILL_AREA_STYLE_COLOUR ( '', #3256 ) ;
#3991 = EDGE_CURVE ( 'NONE', #677, #3962, #1964, .T. ) ;
#3992 = ADVANCED_FACE ( 'NONE', ( #529 ), #2470, .T. ) ;
#3993 = COLOUR_RGB ( '',0.7490196078431372584, 0.7490196078431372584, 0.7490196078431372584 ) ;
#3994 = DIRECTION ( 'NONE',  ( -0.000000000000000000, 0.000000000000000000, 1.000000000000000000 ) ) ;
#3995 = ORIENTED_EDGE ( 'NONE', *, *, #551, .T. ) ;
#3996 = CARTESIAN_POINT ( 'NONE',  ( 0.7799999999999991385, -0.3999999999999994671, 0.006000000000000003594 ) ) ;
#3997 = CARTESIAN_POINT ( 'NONE',  ( -0.3499999999999996447, 0.4000000000000000777, 0.6949999999999988409 ) ) ;
#3998 = LINE ( 'NONE', #256, #511 ) ;
#3999 = CIRCLE ( 'NONE', #1274, 0.005000000000000013115 ) ;
#4000 = EDGE_CURVE ( 'NONE', #695, #661, #2147, .T. ) ;
#4001 = VERTEX_POINT ( 'NONE', #3737 ) ;
#4002 = CYLINDRICAL_SURFACE ( 'NONE', #135, 0.005000000000000013115 ) ;
#4003 = PRESENTATION_LAYER_ASSIGNMENT (  '', '', ( #4401 ) ) ;
#4004 = DIRECTION ( 'NONE',  ( -1.000000000000000000, -0.000000000000000000, -0.000000000000000000 ) ) ;
#4005 = VERTEX_POINT ( 'NONE', #2129 ) ;
#4006 =( NAMED_UNIT ( * ) PLANE_ANGLE_UNIT ( ) SI_UNIT ( $, .RADIAN. ) );
#4007 = DIRECTION ( 'NONE',  ( 1.000000000000000000, 0.000000000000000000, 0.000000000000000000 ) ) ;
#4008 =( NAMED_UNIT ( * ) SI_UNIT ( $, .STERADIAN. ) SOLID_ANGLE_UNIT ( ) );
#4009 = PRESENTATION_LAYER_ASSIGNMENT (  '', '', ( #1595 ) ) ;
#4010 = ORIENTED_EDGE ( 'NONE', *, *, #611, .F. ) ;
#4011 = SURFACE_STYLE_FILL_AREA ( #1664 ) ;
#4012 = FACE_OUTER_BOUND ( 'NONE', #1449, .T. ) ;
#4013 = MANIFOLD_SOLID_BREP ( 'Imported3', #392 ) ;
#4014 = CARTESIAN_POINT ( 'NONE',  ( 0.3899999999999995692, 0.3949999999999998512, 0.006000000000000002727 ) ) ;
#4015 = CARTESIAN_POINT ( 'NONE',  ( 6.938893903907219749E-17, 0.2000000000000000666, 0.000000000000000000 ) ) ;
#4016 = EDGE_LOOP ( 'NONE', ( #2181, #3573, #3619, #1013 ) ) ;
#4017 = VECTOR ( 'NONE', #548, 1000.000000000000000 ) ;
#4018 = EDGE_CURVE ( 'NONE', #3284, #2649, #1761, .T. ) ;
#4019 = ADVANCED_FACE ( 'NONE', ( #1810 ), #218, .T. ) ;
#4020 = PRESENTATION_STYLE_ASSIGNMENT (( #4448 ) ) ;
#4021 = ORIENTED_EDGE ( 'NONE', *, *, #1173, .F. ) ;
#4022 = LINE ( 'NONE', #581, #1797 ) ;
#4023 =( NAMED_UNIT ( * ) PLANE_ANGLE_UNIT ( ) SI_UNIT ( $, .RADIAN. ) );
#4024 = ORIENTED_EDGE ( 'NONE', *, *, #2752, .F. ) ;
#4025 = FILL_AREA_STYLE ('',( #3194 ) ) ;
#4026 =( NAMED_UNIT ( * ) PLANE_ANGLE_UNIT ( ) SI_UNIT ( $, .RADIAN. ) );
#4027 = CARTESIAN_POINT ( 'NONE',  ( 0.7799999999999989164, 0.3999999999999989675, 0.003071067811865685164 ) ) ;
#4028 = PLANE ( 'NONE',  #3422 ) ;
#4029 = UNCERTAINTY_MEASURE_WITH_UNIT (LENGTH_MEASURE( 1.000000000000000082E-05 ), #454, 'distance_accuracy_value', 'NONE');
#4030 = CARTESIAN_POINT ( 'NONE',  ( 0.8000000000000002665, 0.1499999999999999667, 0.000000000000000000 ) ) ;
#4031 = CARTESIAN_POINT ( 'NONE',  ( -0.3499999999999994227, -0.2050000000000001543, 0.6990000000000005098 ) ) ;
#4032 = ORIENTED_EDGE ( 'NONE', *, *, #3268, .T. ) ;
#4033 =( GEOMETRIC_REPRESENTATION_CONTEXT ( 3 ) GLOBAL_UNCERTAINTY_ASSIGNED_CONTEXT ( ( #3934 ) ) GLOBAL_UNIT_ASSIGNED_CONTEXT ( ( #599, #1004, #648 ) ) REPRESENTATION_CONTEXT ( 'NONE', 'WORKASPACE' ) );
#4034 = CIRCLE ( 'NONE', #4912, 0.005000000000000013115 ) ;
#4035 = PRESENTATION_STYLE_ASSIGNMENT (( #4442 ) ) ;
#4036 = CYLINDRICAL_SURFACE ( 'NONE', #4697, 0.005000000000000013115 ) ;
#4037 = ORIENTED_EDGE ( 'NONE', *, *, #3841, .T. ) ;
#4038 = STYLED_ITEM ( 'NONE', ( #4549 ), #2033 ) ;
#4039 = CARTESIAN_POINT ( 'NONE',  ( -0.7905025253169408739, -0.3979289321881338548, 0.6989999999999999547 ) ) ;
#4040 = CARTESIAN_POINT ( 'NONE',  ( -0.3499999999999995892, 0.2050000000000001543, 0.000000000000000000 ) ) ;
#4041 = DIRECTION ( 'NONE',  ( 1.000000000000000000, 0.000000000000000000, 0.000000000000000000 ) ) ;
#4042 = STYLED_ITEM ( 'NONE', ( #3577 ), #2179 ) ;
#4043 = FILL_AREA_STYLE_COLOUR ( '', #3483 ) ;
#4044 = EDGE_LOOP ( 'NONE', ( #852, #3170, #4331, #3345, #925, #4024, #251, #3303, #3254, #888, #1382, #4563, #3641, #3316, #3720, #1471, #2589, #1752, #3298, #3374, #1868, #4924, #3606, #1363, #1273, #4806, #712, #1534, #3601, #1679, #1054, #978 ) ) ;
#4045 = FILL_AREA_STYLE_COLOUR ( '', #813 ) ;
#4046 = ADVANCED_FACE ( 'NONE', ( #2667 ), #342, .T. ) ;
#4047 = FILL_AREA_STYLE_COLOUR ( '', #1542 ) ;
#4048 = EDGE_CURVE ( 'NONE', #4613, #2317, #465, .T. ) ;
#4049 = DIRECTION ( 'NONE',  ( 1.000000000000000000, 0.000000000000000000, 0.000000000000000000 ) ) ;
#4050 = COLOUR_RGB ( '',0.7490196078431372584, 0.7490196078431372584, 0.7490196078431372584 ) ;
#4051 =( NAMED_UNIT ( * ) PLANE_ANGLE_UNIT ( ) SI_UNIT ( $, .RADIAN. ) );
#4052 = ORIENTED_EDGE ( 'NONE', *, *, #745, .T. ) ;
#4053 = DIRECTION ( 'NONE',  ( 0.000000000000000000, 0.000000000000000000, 1.000000000000000000 ) ) ;
#4054 = DIRECTION ( 'NONE',  ( 0.000000000000000000, 0.000000000000000000, 1.000000000000000000 ) ) ;
#4055 = EDGE_CURVE ( 'NONE', #2961, #2317, #414, .T. ) ;
#4056 = STYLED_ITEM ( 'NONE', ( #641 ), #2838 ) ;
#4057 =( GEOMETRIC_REPRESENTATION_CONTEXT ( 3 ) GLOBAL_UNCERTAINTY_ASSIGNED_CONTEXT ( ( #2803 ) ) GLOBAL_UNIT_ASSIGNED_CONTEXT ( ( #276, #4102, #1027 ) ) REPRESENTATION_CONTEXT ( 'NONE', 'WORKASPACE' ) );
#4058 = PRESENTATION_STYLE_ASSIGNMENT (( #2461 ) ) ;
#4059 = ORIENTED_EDGE ( 'NONE', *, *, #3645, .F. ) ;
#4060 = STYLED_ITEM ( 'NONE', ( #1231 ), #3708 ) ;
#4061 = CARTESIAN_POINT ( 'NONE',  ( -0.6000000000000003109, 0.1449999999999998790, 0.000000000000000000 ) ) ;
#4062 =( NAMED_UNIT ( * ) PLANE_ANGLE_UNIT ( ) SI_UNIT ( $, .RADIAN. ) );
#4063 = SURFACE_STYLE_FILL_AREA ( #1008 ) ;
#4064 = ORIENTED_EDGE ( 'NONE', *, *, #1052, .T. ) ;
#4065 = PRESENTATION_LAYER_ASSIGNMENT (  '', '', ( #538 ) ) ;
#4066 =( NAMED_UNIT ( * ) SI_UNIT ( $, .STERADIAN. ) SOLID_ANGLE_UNIT ( ) );
#4067 = SURFACE_STYLE_FILL_AREA ( #3330 ) ;
#4068 = STYLED_ITEM ( 'NONE', ( #4749 ), #4651 ) ;
#4069 = ORIENTED_EDGE ( 'NONE', *, *, #1208, .F. ) ;
#4070 = AXIS2_PLACEMENT_3D ( 'NONE', #1144, #1922, #2764 ) ;
#4071 =( GEOMETRIC_REPRESENTATION_CONTEXT ( 3 ) GLOBAL_UNCERTAINTY_ASSIGNED_CONTEXT ( ( #1935 ) ) GLOBAL_UNIT_ASSIGNED_CONTEXT ( ( #2024, #570, #670 ) ) REPRESENTATION_CONTEXT ( 'NONE', 'WORKASPACE' ) );
#4072 = DIRECTION ( 'NONE',  ( 0.000000000000000000, 0.000000000000000000, 1.000000000000000000 ) ) ;
#4073 = SURFACE_STYLE_USAGE ( .BOTH. , #1301 ) ;
#4074 = PRODUCT_DEFINITION_FORMATION_WITH_SPECIFIED_SOURCE ( 'ANY', '', #1961, .NOT_KNOWN. ) ;
#4075 = EDGE_CURVE ( 'NONE', #4693, #4470, #3923, .T. ) ;
#4076 =( NAMED_UNIT ( * ) SI_UNIT ( $, .STERADIAN. ) SOLID_ANGLE_UNIT ( ) );
#4077 = ORIENTED_EDGE ( 'NONE', *, *, #875, .F. ) ;
#4078 = CARTESIAN_POINT ( 'NONE',  ( 0.7799999999999991385, 0.4000000000000001332, 0.006000000000000002727 ) ) ;
#4079 = SURFACE_STYLE_USAGE ( .BOTH. , #1391 ) ;
#4080 = SURFACE_STYLE_FILL_AREA ( #2089 ) ;
#4081 =( REPRESENTATION_RELATIONSHIP ('NONE','NONE', #1191, #2929 ) REPRESENTATION_RELATIONSHIP_WITH_TRANSFORMATION ( #3909 )SHAPE_REPRESENTATION_RELATIONSHIP( ) );
#4082 = MANIFOLD_SOLID_BREP ( 'Imported4', #643 ) ;
#4083 = EDGE_CURVE ( 'NONE', #3377, #3109, #784, .T. ) ;
#4084 = EDGE_CURVE ( 'NONE', #4299, #3681, #794, .T. ) ;
#4085 = LINE ( 'NONE', #751, #4623 ) ;
#4086 =( NAMED_UNIT ( * ) SI_UNIT ( $, .STERADIAN. ) SOLID_ANGLE_UNIT ( ) );
#4087 = ORIENTED_EDGE ( 'NONE', *, *, #909, .F. ) ;
#4088 = SURFACE_STYLE_FILL_AREA ( #1006 ) ;
#4089 = SURFACE_STYLE_USAGE ( .BOTH. , #2535 ) ;
#4090 = CLOSED_SHELL ( 'NONE', ( #4238, #299, #3243, #1327, #176, #4355 ) ) ;
#4091 = ORIENTED_EDGE ( 'NONE', *, *, #3991, .T. ) ;
#4092 = SURFACE_SIDE_STYLE ('',( #1038 ) ) ;
#4093 = MECHANICAL_DESIGN_GEOMETRIC_PRESENTATION_REPRESENTATION (  '', ( #1291 ), #1128 ) ;
#4094 = ORIENTED_EDGE ( 'NONE', *, *, #1757, .T. ) ;
#4095 = CARTESIAN_POINT ( 'NONE',  ( -0.6000000000000003109, 0.000000000000000000, 0.6999999999999991784 ) ) ;
#4096 = VECTOR ( 'NONE', #4941, 1000.000000000000000 ) ;
#4097 = FACE_OUTER_BOUND ( 'NONE', #4248, .T. ) ;
#4098 = PRESENTATION_LAYER_ASSIGNMENT (  '', '', ( #1915 ) ) ;
#4099 = SURFACE_STYLE_FILL_AREA ( #2978 ) ;
#4100 = ORIENTED_EDGE ( 'NONE', *, *, #2203, .F. ) ;
#4101 = FILL_AREA_STYLE_COLOUR ( '', #4458 ) ;
#4102 =( NAMED_UNIT ( * ) PLANE_ANGLE_UNIT ( ) SI_UNIT ( $, .RADIAN. ) );
#4103 = MANIFOLD_SOLID_BREP ( 'Imported1', #4797 ) ;
#4104 = ORIENTED_EDGE ( 'NONE', *, *, #2931, .T. ) ;
#4105 = DIRECTION ( 'NONE',  ( 1.000000000000000000, 0.000000000000000000, -0.000000000000000000 ) ) ;
#4106 =( GEOMETRIC_REPRESENTATION_CONTEXT ( 3 ) GLOBAL_UNCERTAINTY_ASSIGNED_CONTEXT ( ( #4500 ) ) GLOBAL_UNIT_ASSIGNED_CONTEXT ( ( #2877, #3207, #194 ) ) REPRESENTATION_CONTEXT ( 'NONE', 'WORKASPACE' ) );
#4107 = EDGE_CURVE ( 'NONE', #4345, #1849, #3897, .T. ) ;
#4108 = CARTESIAN_POINT ( 'NONE',  ( 0.7979289321881338770, -0.3905025253169404076, 0.6989999999999998437 ) ) ;
#4109 = DIRECTION ( 'NONE',  ( 0.000000000000000000, 0.000000000000000000, 1.000000000000000000 ) ) ;
#4110 = ORIENTED_EDGE ( 'NONE', *, *, #387, .F. ) ;
#4111 = FILL_AREA_STYLE_COLOUR ( '', #1768 ) ;
#4112 = DIRECTION ( 'NONE',  ( 0.000000000000000000, 0.000000000000000000, -1.000000000000000000 ) ) ;
#4113 = ORIENTED_EDGE ( 'NONE', *, *, #1667, .F. ) ;
#4114 = COLOUR_RGB ( '',0.7921568627450980005, 0.8196078431372548767, 0.9333333333333333481 ) ;
#4115 = ORIENTED_EDGE ( 'NONE', *, *, #3870, .F. ) ;
#4116 = LINE ( 'NONE', #4884, #3793 ) ;
#4117 = AXIS2_PLACEMENT_3D ( 'NONE', #3797, #4944, #3695 ) ;
#4118 = ORIENTED_EDGE ( 'NONE', *, *, #3706, .T. ) ;
#4119 = DIRECTION ( 'NONE',  ( -1.000000000000000000, -1.779203565104420086E-16, 0.000000000000000000 ) ) ;
#4120 = CARTESIAN_POINT ( 'NONE',  ( 0.6050000000000006484, 0.1449999999999998790, 0.000000000000000000 ) ) ;
#4121 = CARTESIAN_POINT ( 'NONE',  ( 0.7950000000000000400, -0.1499999999999999667, 0.004999999999999989696 ) ) ;
#4122 = MECHANICAL_DESIGN_GEOMETRIC_PRESENTATION_REPRESENTATION (  '', ( #4042 ), #1553 ) ;
#4123 = ORIENTED_EDGE ( 'NONE', *, *, #2118, .F. ) ;
#4124 = LINE ( 'NONE', #4078, #2701 ) ;
#4125 = CARTESIAN_POINT ( 'NONE',  ( 0.7799999999999990274, 0.3979289321881337438, 0.6989999999999999547 ) ) ;
#4126 = DIRECTION ( 'NONE',  ( -1.000000000000000000, -3.652049423109069799E-16, 0.000000000000000000 ) ) ;
#4127 = VECTOR ( 'NONE', #3195, 1000.000000000000000 ) ;
#4128 = ORIENTED_EDGE ( 'NONE', *, *, #3970, .F. ) ;
#4129 = CARTESIAN_POINT ( 'NONE',  ( -0.3499999999999996447, 0.4000000000000000777, 0.004999999999999989696 ) ) ;
#4130 = DIRECTION ( 'NONE',  ( 1.000000000000000000, 8.896017825522091804E-17, -0.000000000000000000 ) ) ;
#4131 = DIRECTION ( 'NONE',  ( 1.000000000000000000, 0.000000000000000000, 0.000000000000000000 ) ) ;
#4132 = CARTESIAN_POINT ( 'NONE',  ( 0.7917157287525373732, -0.3999999999999988565, 0.6969289321881345645 ) ) ;
#4133 = ORIENTED_EDGE ( 'NONE', *, *, #3338, .F. ) ;
#4134 = SURFACE_STYLE_USAGE ( .BOTH. , #2123 ) ;
#4135 = ADVANCED_FACE ( 'NONE', ( #3542 ), #3564, .F. ) ;
#4136 = DIRECTION ( 'NONE',  ( 0.000000000000000000, 0.000000000000000000, 1.000000000000000000 ) ) ;
#4137 = ORIENTED_EDGE ( 'NONE', *, *, #2172, .T. ) ;
#4138 = AXIS2_PLACEMENT_3D ( 'NONE', #4951, #2297, #2959 ) ;
#4139 = PRESENTATION_STYLE_ASSIGNMENT (( #4911 ) ) ;
#4140 = ORIENTED_EDGE ( 'NONE', *, *, #957, .T. ) ;
#4141 =( GEOMETRIC_REPRESENTATION_CONTEXT ( 3 ) GLOBAL_UNCERTAINTY_ASSIGNED_CONTEXT ( ( #4634 ) ) GLOBAL_UNIT_ASSIGNED_CONTEXT ( ( #822, #2705, #3416 ) ) REPRESENTATION_CONTEXT ( 'NONE', 'WORKASPACE' ) );
#4142 = CIRCLE ( 'NONE', #2768, 0.005000000000000013115 ) ;
#4143 = ADVANCED_FACE ( 'NONE', ( #120 ), #1640, .T. ) ;
#4144 = FILL_AREA_STYLE ('',( #4185 ) ) ;
#4145 = ORIENTED_EDGE ( 'NONE', *, *, #4332, .T. ) ;
#4146 =( LENGTH_UNIT ( ) NAMED_UNIT ( * ) SI_UNIT ( .MILLI., .METRE. ) );
#4147 = AXIS2_PLACEMENT_3D ( 'NONE', #3539, #4704, #1569 ) ;
#4148 = DIRECTION ( 'NONE',  ( 1.000000000000000000, 0.000000000000000000, 0.000000000000000000 ) ) ;
#4149 = VECTOR ( 'NONE', #1578, 1000.000000000000000 ) ;
#4150 = ORIENTED_EDGE ( 'NONE', *, *, #2549, .F. ) ;
#4151 = MECHANICAL_DESIGN_GEOMETRIC_PRESENTATION_REPRESENTATION (  '', ( #3094 ), #2694 ) ;
#4152 = CARTESIAN_POINT ( 'NONE',  ( 0.7894809940983937846, -0.3944809940983942664, 0.6990000000000005098 ) ) ;
#4153 =( NAMED_UNIT ( * ) PLANE_ANGLE_UNIT ( ) SI_UNIT ( $, .RADIAN. ) );
#4154 = ORIENTED_EDGE ( 'NONE', *, *, #3501, .T. ) ;
#4155 =( NAMED_UNIT ( * ) SI_UNIT ( $, .STERADIAN. ) SOLID_ANGLE_UNIT ( ) );
#4156 = CARTESIAN_POINT ( 'NONE',  ( -0.3499999999999992562, -0.2050000000000001543, 0.000000000000000000 ) ) ;
#4157 = CARTESIAN_POINT ( 'NONE',  ( 0.6050000000000006484, 0.1499999999999999667, 0.000000000000000000 ) ) ;
#4158 = DIRECTION ( 'NONE',  ( 1.000000000000000000, 0.000000000000000000, 0.000000000000000000 ) ) ;
#4159 = CARTESIAN_POINT ( 'NONE',  ( 0.7949999999999999289, -0.3799999999999989497, 0.001000000000000006960 ) ) ;
#4160 = VERTEX_POINT ( 'NONE', #4031 ) ;
#4161 = UNCERTAINTY_MEASURE_WITH_UNIT (LENGTH_MEASURE( 1.000000000000000082E-05 ), #778, 'distance_accuracy_value', 'NONE');
#4162 =( NAMED_UNIT ( * ) PLANE_ANGLE_UNIT ( ) SI_UNIT ( $, .RADIAN. ) );
#4163 = ADVANCED_FACE ( 'NONE', ( #1058 ), #2531, .T. ) ;
#4164 = FILL_AREA_STYLE ('',( #1405 ) ) ;
#4165 = CARTESIAN_POINT ( 'NONE',  ( 0.3449999999999991962, -0.2050000000000001543, 0.001000000000000000454 ) ) ;
#4166 = ORIENTED_EDGE ( 'NONE', *, *, #4624, .T. ) ;
#4167 = UNCERTAINTY_MEASURE_WITH_UNIT (LENGTH_MEASURE( 1.000000000000000082E-05 ), #426, 'distance_accuracy_value', 'NONE');
#4168 = LINE ( 'NONE', #425, #3513 ) ;
#4169 =( GEOMETRIC_REPRESENTATION_CONTEXT ( 3 ) GLOBAL_UNCERTAINTY_ASSIGNED_CONTEXT ( ( #1195 ) ) GLOBAL_UNIT_ASSIGNED_CONTEXT ( ( #2953, #296, #1065 ) ) REPRESENTATION_CONTEXT ( 'NONE', 'WORKASPACE' ) );
#4170 = EDGE_CURVE ( 'NONE', #375, #1733, #597, .T. ) ;
#4171 = LINE ( 'NONE', #3747, #4192 ) ;
#4172 = ADVANCED_FACE ( 'NONE', ( #3653 ), #1780, .T. ) ;
#4173 = SURFACE_STYLE_USAGE ( .BOTH. , #2623 ) ;
#4174 = VERTEX_POINT ( 'NONE', #2135 ) ;
#4175 = CARTESIAN_POINT ( 'NONE',  ( 0.7905025253169408739, 0.3979289321881338548, 0.6989999999999999547 ) ) ;
#4176 = SURFACE_STYLE_FILL_AREA ( #1510 ) ;
#4177 = ORIENTED_EDGE ( 'NONE', *, *, #2498, .F. ) ;
#4178 = CARTESIAN_POINT ( 'NONE',  ( 0.6050000000000006484, -0.1499999999999999389, 0.000000000000000000 ) ) ;
#4179 = DIRECTION ( 'NONE',  ( 3.652049423109069799E-16, -1.000000000000000000, 0.000000000000000000 ) ) ;
#4180 = CARTESIAN_POINT ( 'NONE',  ( 0.3449999999999991962, -0.2050000000000001543, 0.000000000000000000 ) ) ;
#4181 =( LENGTH_UNIT ( ) NAMED_UNIT ( * ) SI_UNIT ( .MILLI., .METRE. ) );
#4182 = SURFACE_STYLE_USAGE ( .BOTH. , #3095 ) ;
#4183 = DIRECTION ( 'NONE',  ( -0.000000000000000000, -1.000000000000000000, 0.000000000000000000 ) ) ;
#4184 = CIRCLE ( 'NONE', #1997, 0.02000000000000005246 ) ;
#4185 = FILL_AREA_STYLE_COLOUR ( '', #3157 ) ;
#4186 = CARTESIAN_POINT ( 'NONE',  ( -0.7950000000000000400, 0.07499999999999998335, 0.000000000000000000 ) ) ;
#4187 = ORIENTED_EDGE ( 'NONE', *, *, #3991, .F. ) ;
#4188 = AXIS2_PLACEMENT_3D ( 'NONE', #1863, #3411, #2072 ) ;
#4189 = COLOUR_RGB ( '',0.7490196078431372584, 0.7490196078431372584, 0.7490196078431372584 ) ;
#4190 = LINE ( 'NONE', #766, #2644 ) ;
#4191 = AXIS2_PLACEMENT_3D ( 'NONE', #1918, #460, #2787 ) ;
#4192 = VECTOR ( 'NONE', #742, 1000.000000000000000 ) ;
#4193 = ADVANCED_FACE ( 'NONE', ( #2212 ), #2571, .T. ) ;
#4194 = ORIENTED_EDGE ( 'NONE', *, *, #333, .F. ) ;
#4195 = PRODUCT_CONTEXT ( 'NONE', #1998, 'mechanical' ) ;
#4196 = CARTESIAN_POINT ( 'NONE',  ( -0.7949999999999994849, 0.3887867965644028478, 0.001000000000000013248 ) ) ;
#4197 = VECTOR ( 'NONE', #651, 1000.000000000000000 ) ;
#4198 = PRESENTATION_STYLE_ASSIGNMENT (( #308 ) ) ;
#4199 = MECHANICAL_DESIGN_GEOMETRIC_PRESENTATION_REPRESENTATION (  '', ( #3567 ), #3396 ) ;
#4200 = CARTESIAN_POINT ( 'NONE',  ( -0.3449999999999991962, -0.2000000000000000666, 0.000000000000000000 ) ) ;
#4201 = ADVANCED_FACE ( 'NONE', ( #1818 ), #612, .F. ) ;
#4202 = ORIENTED_EDGE ( 'NONE', *, *, #3305, .F. ) ;
#4203 = EDGE_CURVE ( 'NONE', #899, #226, #328, .T. ) ;
#4204 = CARTESIAN_POINT ( 'NONE',  ( -0.3499999999999995337, -0.3949999999999998512, 0.000000000000000000 ) ) ;
#4205 = MECHANICAL_DESIGN_GEOMETRIC_PRESENTATION_REPRESENTATION (  '', ( #4291 ), #519 ) ;
#4206 = CARTESIAN_POINT ( 'NONE',  ( 0.7799999999999992495, -0.3999999999999989675, 0.6940000000000001723 ) ) ;
#4207 = FILL_AREA_STYLE ('',( #2662 ) ) ;
#4208 = SURFACE_STYLE_USAGE ( .BOTH. , #73 ) ;
#4209 =( GEOMETRIC_REPRESENTATION_CONTEXT ( 3 ) GLOBAL_UNCERTAINTY_ASSIGNED_CONTEXT ( ( #4330 ) ) GLOBAL_UNIT_ASSIGNED_CONTEXT ( ( #1347, #4006, #2046 ) ) REPRESENTATION_CONTEXT ( 'NONE', 'WORKASPACE' ) );
#4210 = CARTESIAN_POINT ( 'NONE',  ( 0.7949999999999998179, 0.3799999999999989497, 0.6990000000000002878 ) ) ;
#4211 = DIRECTION ( 'NONE',  ( -3.652049423109069799E-16, 1.000000000000000000, -0.000000000000000000 ) ) ;
#4212 = ORIENTED_EDGE ( 'NONE', *, *, #4393, .F. ) ;
#4213 = CARTESIAN_POINT ( 'NONE',  ( 0.3499999999999995892, 0.4000000000000001332, 0.000000000000000000 ) ) ;
#4214 = VECTOR ( 'NONE', #2792, 1000.000000000000000 ) ;
#4215 = DIRECTION ( 'NONE',  ( 1.000000000000000000, 0.000000000000000000, 0.000000000000000000 ) ) ;
#4216 =( NAMED_UNIT ( * ) PLANE_ANGLE_UNIT ( ) SI_UNIT ( $, .RADIAN. ) );
#4217 = VERTEX_POINT ( 'NONE', #1047 ) ;
#4218 = AXIS2_PLACEMENT_3D ( 'NONE', #2190, #4126, #2270 ) ;
#4219 = SURFACE_STYLE_USAGE ( .BOTH. , #793 ) ;
#4220 = COLOUR_RGB ( '',0.7490196078431372584, 0.7490196078431372584, 0.7490196078431372584 ) ;
#4221 = VECTOR ( 'NONE', #298, 1000.000000000000000 ) ;
#4222 = UNCERTAINTY_MEASURE_WITH_UNIT (LENGTH_MEASURE( 1.000000000000000082E-05 ), #3022, 'distance_accuracy_value', 'NONE');
#4223 = SURFACE_STYLE_USAGE ( .BOTH. , #2675 ) ;
#4224 = EDGE_LOOP ( 'NONE', ( #1321, #2617, #268, #1622 ) ) ;
#4225 = STYLED_ITEM ( 'NONE', ( #1858 ), #4422 ) ;
#4226 = EDGE_CURVE ( 'NONE', #2351, #968, #1479, .T. ) ;
#4227 =( LENGTH_UNIT ( ) NAMED_UNIT ( * ) SI_UNIT ( .MILLI., .METRE. ) );
#4228 = ORIENTED_EDGE ( 'NONE', *, *, #2681, .F. ) ;
#4229 = DIRECTION ( 'NONE',  ( 1.000000000000000000, 0.000000000000000000, 0.000000000000000000 ) ) ;
#4230 = LINE ( 'NONE', #4527, #2352 ) ;
#4231 = UNCERTAINTY_MEASURE_WITH_UNIT (LENGTH_MEASURE( 1.000000000000000082E-05 ), #2200, 'distance_accuracy_value', 'NONE');
#4232 = LINE ( 'NONE', #726, #2362 ) ;
#4233 = AXIS2_PLACEMENT_3D ( 'NONE', #512, #2015, #203 ) ;
#4234 = SURFACE_STYLE_FILL_AREA ( #2612 ) ;
#4235 = SURFACE_STYLE_FILL_AREA ( #3064 ) ;
#4236 = PLANE ( 'NONE',  #4654 ) ;
#4237 = EDGE_CURVE ( 'NONE', #3898, #2613, #2110, .T. ) ;
#4238 = ADVANCED_FACE ( 'NONE', ( #272 ), #1434, .F. ) ;
#4239 = PLANE ( 'NONE',  #87 ) ;
#4240 = AXIS2_PLACEMENT_3D ( 'NONE', #182, #1705, #1346 ) ;
#4241 =( NAMED_UNIT ( * ) SI_UNIT ( $, .STERADIAN. ) SOLID_ANGLE_UNIT ( ) );
#4242 = UNCERTAINTY_MEASURE_WITH_UNIT (LENGTH_MEASURE( 1.000000000000000082E-05 ), #3560, 'distance_accuracy_value', 'NONE');
#4243 = CARTESIAN_POINT ( 'NONE',  ( -0.3499999999999995892, 0.2050000000000001543, 0.001000000000000000454 ) ) ;
#4244 =( NAMED_UNIT ( * ) SI_UNIT ( $, .STERADIAN. ) SOLID_ANGLE_UNIT ( ) );
#4245 = CARTESIAN_POINT ( 'NONE',  ( -0.7949999999999995959, 0.3887867965644027923, 0.001000000000000013248 ) ) ;
#4246 = CARTESIAN_POINT ( 'NONE',  ( 0.7917157287525373732, -0.3999999999999989120, 0.006000000000000003594 ) ) ;
#4247 = LINE ( 'NONE', #4587, #2801 ) ;
#4248 = EDGE_LOOP ( 'NONE', ( #277, #1898, #816, #2197 ) ) ;
#4249 = FILL_AREA_STYLE ('',( #348 ) ) ;
#4250 =( NAMED_UNIT ( * ) PLANE_ANGLE_UNIT ( ) SI_UNIT ( $, .RADIAN. ) );
#4251 = UNCERTAINTY_MEASURE_WITH_UNIT (LENGTH_MEASURE( 1.000000000000000082E-05 ), #650, 'distance_accuracy_value', 'NONE');
#4252 = PRESENTATION_STYLE_ASSIGNMENT (( #4818 ) ) ;
#4253 = VERTEX_POINT ( 'NONE', #2350 ) ;
#4254 = LINE ( 'NONE', #906, #2186 ) ;
#4255 = CIRCLE ( 'NONE', #9, 0.005000000000000013115 ) ;
#4256 = ORIENTED_EDGE ( 'NONE', *, *, #808, .F. ) ;
#4257 = CARTESIAN_POINT ( 'NONE',  ( 0.3449999999999991962, 0.2050000000000001543, 0.000000000000000000 ) ) ;
#4258 = DIRECTION ( 'NONE',  ( 0.000000000000000000, -1.000000000000000000, -0.000000000000000000 ) ) ;
#4259 = VECTOR ( 'NONE', #2720, 1000.000000000000000 ) ;
#4260 = CARTESIAN_POINT ( 'NONE',  ( -0.8000000000000002665, 0.1499999999999999667, 0.000000000000000000 ) ) ;
#4261 = DIRECTION ( 'NONE',  ( 0.000000000000000000, 0.000000000000000000, 1.000000000000000000 ) ) ;
#4262 =( LENGTH_UNIT ( ) NAMED_UNIT ( * ) SI_UNIT ( .MILLI., .METRE. ) );
#4263 = CARTESIAN_POINT ( 'NONE',  ( -0.1749999999999997946, -0.3949999999999998512, 0.000000000000000000 ) ) ;
#4264 = FACE_OUTER_BOUND ( 'NONE', #1074, .T. ) ;
#4265 = CARTESIAN_POINT ( 'NONE',  ( 0.3449999999999991962, -0.2000000000000000944, 0.001000000000000000454 ) ) ;
#4266 = ADVANCED_FACE ( 'NONE', ( #61 ), #13, .T. ) ;
#4267 = SURFACE_SIDE_STYLE ('',( #2310 ) ) ;
#4268 = CARTESIAN_POINT ( 'NONE',  ( 0.7799999999999991385, 0.3949999999999999067, 0.6940000000000001723 ) ) ;
#4269 = ORIENTED_EDGE ( 'NONE', *, *, #3404, .F. ) ;
#4270 = AXIS2_PLACEMENT_3D ( 'NONE', #4472, #3304, #344 ) ;
#4271 = CARTESIAN_POINT ( 'NONE',  ( -0.3449999999999991962, -0.1999999999999999556, 0.6990000000000005098 ) ) ;
#4272 = DIRECTION ( 'NONE',  ( 0.000000000000000000, 0.000000000000000000, 1.000000000000000000 ) ) ;
#4273 = UNCERTAINTY_MEASURE_WITH_UNIT (LENGTH_MEASURE( 1.000000000000000082E-05 ), #3867, 'distance_accuracy_value', 'NONE');
#4274 = ORIENTED_EDGE ( 'NONE', *, *, #3205, .T. ) ;
#4275 =( NAMED_UNIT ( * ) SI_UNIT ( $, .STERADIAN. ) SOLID_ANGLE_UNIT ( ) );
#4276 = DIRECTION ( 'NONE',  ( -0.000000000000000000, -0.000000000000000000, -1.000000000000000000 ) ) ;
#4277 = VECTOR ( 'NONE', #2400, 1000.000000000000000 ) ;
#4278 = CARTESIAN_POINT ( 'NONE',  ( -0.7917157287525370402, -0.3999999999999989120, 0.006000000000000003594 ) ) ;
#4279 = DIRECTION ( 'NONE',  ( 0.000000000000000000, 0.000000000000000000, 1.000000000000000000 ) ) ;
#4280 = ORIENTED_EDGE ( 'NONE', *, *, #4504, .T. ) ;
#4281 = VECTOR ( 'NONE', #2324, 1000.000000000000000 ) ;
#4282 = CARTESIAN_POINT ( 'NONE',  ( 0.6999999999999991784, 0.000000000000000000, 0.6999999999999991784 ) ) ;
#4283 = CARTESIAN_POINT ( 'NONE',  ( -0.3499999999999995892, -0.3999999999999999667, 0.6940000000000001723 ) ) ;
#4284 = FACE_OUTER_BOUND ( 'NONE', #1855, .T. ) ;
#4285 = CARTESIAN_POINT ( 'NONE',  ( -0.3499999999999995892, -0.1499999999999999667, 0.6999999999999991784 ) ) ;
#4286 = SURFACE_STYLE_USAGE ( .BOTH. , #3147 ) ;
#4287 = AXIS2_PLACEMENT_3D ( 'NONE', #2403, #2476, #562 ) ;
#4288 = DIRECTION ( 'NONE',  ( 0.000000000000000000, 1.000000000000000000, 0.000000000000000000 ) ) ;
#4289 = CARTESIAN_POINT ( 'NONE',  ( 0.3449999999999991962, -0.2000000000000000666, 0.000000000000000000 ) ) ;
#4290 = PRODUCT_DEFINITION_CONTEXT ( 'detailed design', #3657, 'design' ) ;
#4291 = STYLED_ITEM ( 'NONE', ( #1981 ), #2348 ) ;
#4292 = PRESENTATION_STYLE_ASSIGNMENT (( #3924 ) ) ;
#4293 = CARTESIAN_POINT ( 'NONE',  ( 0.3449999999999991962, -0.2050000000000001543, 0.000000000000000000 ) ) ;
#4294 = PLANE ( 'NONE',  #3965 ) ;
#4295 =( BOUNDED_SURFACE ( )  B_SPLINE_SURFACE ( 3, 3, ( 
 ( #4429, #274, #2651, #4894 ),
 ( #724, #3343, #4869, #3033 ),
 ( #4922, #1796, #2981, #1531 ),
 ( #1508, #4950, #4196, #3723 ) ),
 .UNSPECIFIED., .F., .F., .T. ) 
 B_SPLINE_SURFACE_WITH_KNOTS ( ( 4, 4 ),
 ( 4, 4 ),
 ( 0.000000000000000000, 1.000000000000000000 ),
 ( 0.000000000000000000, 1.000000000000000000 ),
 .UNSPECIFIED. ) 
 GEOMETRIC_REPRESENTATION_ITEM ( )  RATIONAL_B_SPLINE_SURFACE ( (
 ( 1.000000000000000000, 0.8047378541243649375, 0.8047378541243649375, 1.000000000000000000),
 ( 0.8047378541243853656, 0.6476030138607040687, 0.6476030138607040687, 0.8047378541243853656),
 ( 0.8047378541243853656, 0.6476030138607040687, 0.6476030138607040687, 0.8047378541243853656),
 ( 1.000000000000000000, 0.8047378541243649375, 0.8047378541243649375, 1.000000000000000000) ) ) 
 REPRESENTATION_ITEM ( '' )  SURFACE ( )  );
#4296 = EDGE_CURVE ( 'NONE', #1241, #77, #1571, .T. ) ;
#4297 = STYLED_ITEM ( 'NONE', ( #1230 ), #2723 ) ;
#4298 = DIRECTION ( 'NONE',  ( 0.000000000000000000, -1.000000000000000000, -0.000000000000000000 ) ) ;
#4299 = VERTEX_POINT ( 'NONE', #2265 ) ;
#4300 = FILL_AREA_STYLE_COLOUR ( '', #3255 ) ;
#4301 = DIRECTION ( 'NONE',  ( 0.000000000000000000, 0.000000000000000000, 1.000000000000000000 ) ) ;
#4302 = ADVANCED_FACE ( 'NONE', ( #1895 ), #1528, .T. ) ;
#4303 = EDGE_CURVE ( 'NONE', #1086, #260, #2486, .T. ) ;
#4304 = PRESENTATION_LAYER_ASSIGNMENT (  '', '', ( #868 ) ) ;
#4305 = DIRECTION ( 'NONE',  ( -1.000000000000000000, -8.896017825522091804E-17, 0.000000000000000000 ) ) ;
#4306 = VERTEX_POINT ( 'NONE', #630 ) ;
#4307 =( NAMED_UNIT ( * ) PLANE_ANGLE_UNIT ( ) SI_UNIT ( $, .RADIAN. ) );
#4308 = FILL_AREA_STYLE ('',( #1628 ) ) ;
#4309 = STYLED_ITEM ( 'NONE', ( #4058 ), #4172 ) ;
#4310 = MECHANICAL_DESIGN_GEOMETRIC_PRESENTATION_REPRESENTATION (  '', ( #4852 ), #58 ) ;
#4311 = FILL_AREA_STYLE ('',( #4696 ) ) ;
#4312 =( GEOMETRIC_REPRESENTATION_CONTEXT ( 3 ) GLOBAL_UNCERTAINTY_ASSIGNED_CONTEXT ( ( #1554 ) ) GLOBAL_UNIT_ASSIGNED_CONTEXT ( ( #2319, #1892, #1599 ) ) REPRESENTATION_CONTEXT ( 'NONE', 'WORKASPACE' ) );
#4313 = DIRECTION ( 'NONE',  ( 1.000000000000000000, 0.000000000000000000, -0.000000000000000000 ) ) ;
#4314 = CARTESIAN_POINT ( 'NONE',  ( 1.387778780781446415E-16, 3.469446951953609875E-17, 0.6990000000000005098 ) ) ;
#4315 =( LENGTH_UNIT ( ) NAMED_UNIT ( * ) SI_UNIT ( .MILLI., .METRE. ) );
#4316 = FACE_OUTER_BOUND ( 'NONE', #2639, .T. ) ;
#4317 = CIRCLE ( 'NONE', #3746, 0.005000000000000013115 ) ;
#4318 = VECTOR ( 'NONE', #4883, 1000.000000000000000 ) ;
#4319 = DIRECTION ( 'NONE',  ( 0.000000000000000000, 0.000000000000000000, 1.000000000000000000 ) ) ;
#4320 = FILL_AREA_STYLE ('',( #95 ) ) ;
#4321 =( GEOMETRIC_REPRESENTATION_CONTEXT ( 3 ) GLOBAL_UNCERTAINTY_ASSIGNED_CONTEXT ( ( #25 ) ) GLOBAL_UNIT_ASSIGNED_CONTEXT ( ( #4602, #4628, #4677 ) ) REPRESENTATION_CONTEXT ( 'NONE', 'WORKASPACE' ) );
#4322 = PRESENTATION_LAYER_ASSIGNMENT (  '', '', ( #132 ) ) ;
#4323 = PLANE ( 'NONE',  #2004 ) ;
#4324 = ORIENTED_EDGE ( 'NONE', *, *, #2339, .F. ) ;
#4325 = FACE_OUTER_BOUND ( 'NONE', #4463, .T. ) ;
#4326 = ORIENTED_EDGE ( 'NONE', *, *, #2520, .F. ) ;
#4327 = SURFACE_STYLE_FILL_AREA ( #3636 ) ;
#4328 =( BOUNDED_SURFACE ( )  B_SPLINE_SURFACE ( 3, 3, ( 
 ( #3289, #1779, #1422, #2943 ),
 ( #4485, #1057, #4108, #1080 ),
 ( #2582, #4132, #3862, #1205 ),
 ( #4206, #2250, #2661, #2718 ) ),
 .UNSPECIFIED., .F., .F., .T. ) 
 B_SPLINE_SURFACE_WITH_KNOTS ( ( 4, 4 ),
 ( 4, 4 ),
 ( 0.000000000000000000, 1.000000000000000000 ),
 ( 0.000000000000000000, 1.000000000000000000 ),
 .UNSPECIFIED. ) 
 GEOMETRIC_REPRESENTATION_ITEM ( )  RATIONAL_B_SPLINE_SURFACE ( (
 ( 1.000000000000000000, 0.8047378541243667138, 0.8047378541243667138, 1.000000000000000000),
 ( 0.8047378541243854766, 0.6476030138607056230, 0.6476030138607056230, 0.8047378541243854766),
 ( 0.8047378541243854766, 0.6476030138607056230, 0.6476030138607056230, 0.8047378541243854766),
 ( 1.000000000000000000, 0.8047378541243667138, 0.8047378541243667138, 1.000000000000000000) ) ) 
 REPRESENTATION_ITEM ( '' )  SURFACE ( )  );
#4329 = CARTESIAN_POINT ( 'NONE',  ( 0.3499999999999995892, -0.4000000000000001332, 0.000000000000000000 ) ) ;
#4330 = UNCERTAINTY_MEASURE_WITH_UNIT (LENGTH_MEASURE( 1.000000000000000082E-05 ), #1347, 'distance_accuracy_value', 'NONE');
#4331 = ORIENTED_EDGE ( 'NONE', *, *, #642, .F. ) ;
#4332 = EDGE_CURVE ( 'NONE', #4526, #3565, #2375, .T. ) ;
#4333 = DIRECTION ( 'NONE',  ( -8.896017825522091804E-17, 1.000000000000000000, 0.000000000000000000 ) ) ;
#4334 = EDGE_CURVE ( 'NONE', #4498, #702, #575, .T. ) ;
#4335 = CYLINDRICAL_SURFACE ( 'NONE', #3910, 0.005000000000000013115 ) ;
#4336 = CYLINDRICAL_SURFACE ( 'NONE', #2665, 0.005000000000000013115 ) ;
#4337 = ORIENTED_EDGE ( 'NONE', *, *, #582, .T. ) ;
#4338 =( NAMED_UNIT ( * ) PLANE_ANGLE_UNIT ( ) SI_UNIT ( $, .RADIAN. ) );
#4339 = CARTESIAN_POINT ( 'NONE',  ( -0.3499999999999995892, 0.000000000000000000, 0.6990000000000005098 ) ) ;
#4340 = DIRECTION ( 'NONE',  ( -7.116814260417670485E-16, -1.000000000000000000, 0.000000000000000000 ) ) ;
#4341 = STYLED_ITEM ( 'NONE', ( #1035 ), #143 ) ;
#4342 = PRESENTATION_STYLE_ASSIGNMENT (( #2793 ) ) ;
#4343 =( NAMED_UNIT ( * ) PLANE_ANGLE_UNIT ( ) SI_UNIT ( $, .RADIAN. ) );
#4344 = CIRCLE ( 'NONE', #1986, 0.005000000000000013115 ) ;
#4345 = VERTEX_POINT ( 'NONE', #2848 ) ;
#4346 = LINE ( 'NONE', #1713, #4666 ) ;
#4347 = CARTESIAN_POINT ( 'NONE',  ( -0.6000000000000003109, 3.469446951953609875E-17, 0.6990000000000005098 ) ) ;
#4348 = LINE ( 'NONE', #2441, #3811 ) ;
#4349 = EDGE_LOOP ( 'NONE', ( #3611, #4953, #2213, #2170 ) ) ;
#4350 = ORIENTED_EDGE ( 'NONE', *, *, #4237, .T. ) ;
#4351 =( GEOMETRIC_REPRESENTATION_CONTEXT ( 3 ) GLOBAL_UNCERTAINTY_ASSIGNED_CONTEXT ( ( #4167 ) ) GLOBAL_UNIT_ASSIGNED_CONTEXT ( ( #426, #4642, #1720 ) ) REPRESENTATION_CONTEXT ( 'NONE', 'WORKASPACE' ) );
#4352 =( NAMED_UNIT ( * ) PLANE_ANGLE_UNIT ( ) SI_UNIT ( $, .RADIAN. ) );
#4353 = LINE ( 'NONE', #4646, #1339 ) ;
#4354 = VECTOR ( 'NONE', #190, 1000.000000000000000 ) ;
#4355 = ADVANCED_FACE ( 'NONE', ( #1603 ), #241, .T. ) ;
#4356 = EDGE_CURVE ( 'NONE', #829, #1304, #3504, .T. ) ;
#4357 = FACE_OUTER_BOUND ( 'NONE', #558, .T. ) ;
#4358 = VERTEX_POINT ( 'NONE', #963 ) ;
#4359 = FACE_OUTER_BOUND ( 'NONE', #631, .T. ) ;
#4360 =( LENGTH_UNIT ( ) NAMED_UNIT ( * ) SI_UNIT ( .MILLI., .METRE. ) );
#4361 = AXIS2_PLACEMENT_3D ( 'NONE', #3574, #3166, #108 ) ;
#4362 = FILL_AREA_STYLE_COLOUR ( '', #4515 ) ;
#4363 = LINE ( 'NONE', #4700, #777 ) ;
#4364 = EDGE_CURVE ( 'NONE', #2051, #4812, #4831, .T. ) ;
#4365 = COLOUR_RGB ( '',1.000000000000000000, 1.000000000000000000, 1.000000000000000000 ) ;
#4366 = SURFACE_STYLE_USAGE ( .BOTH. , #1395 ) ;
#4367 = LINE ( 'NONE', #3541, #3625 ) ;
#4368 = ORIENTED_EDGE ( 'NONE', *, *, #3438, .T. ) ;
#4369 =( NAMED_UNIT ( * ) PLANE_ANGLE_UNIT ( ) SI_UNIT ( $, .RADIAN. ) );
#4370 = DIRECTION ( 'NONE',  ( -1.000000000000000000, 1.779203565104420086E-16, 0.000000000000000000 ) ) ;
#4371 = VECTOR ( 'NONE', #2562, 1000.000000000000000 ) ;
#4372 = DIRECTION ( 'NONE',  ( 0.000000000000000000, 0.000000000000000000, 1.000000000000000000 ) ) ;
#4373 = ORIENTED_EDGE ( 'NONE', *, *, #3268, .F. ) ;
#4374 = DIRECTION ( 'NONE',  ( 1.000000000000000000, 0.000000000000000000, 0.000000000000000000 ) ) ;
#4375 = CARTESIAN_POINT ( 'NONE',  ( 0.3499999999999995892, -0.4000000000000001332, 0.006000000000000002727 ) ) ;
#4376 = PRESENTATION_LAYER_ASSIGNMENT (  '', '', ( #2258 ) ) ;
#4377 = UNCERTAINTY_MEASURE_WITH_UNIT (LENGTH_MEASURE( 1.000000000000000082E-05 ), #1509, 'distance_accuracy_value', 'NONE');
#4378 = ORIENTED_EDGE ( 'NONE', *, *, #68, .T. ) ;
#4379 = VECTOR ( 'NONE', #2194, 1000.000000000000000 ) ;
#4380 = CARTESIAN_POINT ( 'NONE',  ( -0.6000000000000005329, -0.1449999999999998790, 0.6999999999999991784 ) ) ;
#4381 = FILL_AREA_STYLE ('',( #1591 ) ) ;
#4382 =( LENGTH_UNIT ( ) NAMED_UNIT ( * ) SI_UNIT ( .MILLI., .METRE. ) );
#4383 = VECTOR ( 'NONE', #1049, 1000.000000000000000 ) ;
#4384 = VERTEX_POINT ( 'NONE', #1690 ) ;
#4385 = SURFACE_SIDE_STYLE ('',( #3985 ) ) ;
#4386 = DIRECTION ( 'NONE',  ( 0.000000000000000000, -1.000000000000000000, -0.000000000000000000 ) ) ;
#4387 = AXIS2_PLACEMENT_3D ( 'NONE', #2808, #4695, #2709 ) ;
#4388 = FACE_OUTER_BOUND ( 'NONE', #1891, .T. ) ;
#4389 = MECHANICAL_DESIGN_GEOMETRIC_PRESENTATION_REPRESENTATION (  '', ( #373 ), #3335 ) ;
#4390 =( LENGTH_UNIT ( ) NAMED_UNIT ( * ) SI_UNIT ( .MILLI., .METRE. ) );
#4391 = DIRECTION ( 'NONE',  ( 0.000000000000000000, -0.000000000000000000, -1.000000000000000000 ) ) ;
#4392 = VECTOR ( 'NONE', #1709, 1000.000000000000000 ) ;
#4393 = EDGE_CURVE ( 'NONE', #2080, #401, #4756, .T. ) ;
#4394 = CIRCLE ( 'NONE', #1491, 0.02000000000000005246 ) ;
#4395 = EDGE_CURVE ( 'NONE', #1102, #3360, #2468, .T. ) ;
#4396 = FILL_AREA_STYLE_COLOUR ( '', #2158 ) ;
#4397 = SURFACE_SIDE_STYLE ('',( #2842 ) ) ;
#4398 = ORIENTED_EDGE ( 'NONE', *, *, #2680, .T. ) ;
#4399 =( NAMED_UNIT ( * ) SI_UNIT ( $, .STERADIAN. ) SOLID_ANGLE_UNIT ( ) );
#4400 = PLANE ( 'NONE',  #3888 ) ;
#4401 = STYLED_ITEM ( 'NONE', ( #1462 ), #4719 ) ;
#4402 = CARTESIAN_POINT ( 'NONE',  ( -0.8000000000000002665, 0.3799999999999989497, 0.000000000000000000 ) ) ;
#4403 = VERTEX_POINT ( 'NONE', #191 ) ;
#4404 = FILL_AREA_STYLE_COLOUR ( '', #4786 ) ;
#4405 =( GEOMETRIC_REPRESENTATION_CONTEXT ( 3 ) GLOBAL_UNCERTAINTY_ASSIGNED_CONTEXT ( ( #3437 ) ) GLOBAL_UNIT_ASSIGNED_CONTEXT ( ( #158, #3171, #2456 ) ) REPRESENTATION_CONTEXT ( 'NONE', 'WORKASPACE' ) );
#4406 =( NAMED_UNIT ( * ) SI_UNIT ( $, .STERADIAN. ) SOLID_ANGLE_UNIT ( ) );
#4407 = VECTOR ( 'NONE', #4893, 1000.000000000000000 ) ;
#4408 = EDGE_LOOP ( 'NONE', ( #1770, #2127, #3545, #1806, #4717, #1485 ) ) ;
#4409 = CARTESIAN_POINT ( 'NONE',  ( -0.6000000000000005329, -0.1449999999999998790, 0.000000000000000000 ) ) ;
#4410 = VERTEX_POINT ( 'NONE', #1717 ) ;
#4411 = CARTESIAN_POINT ( 'NONE',  ( 0.7950000000000000400, -0.1499999999999999667, 0.6949999999999988409 ) ) ;
#4412 =( LENGTH_UNIT ( ) NAMED_UNIT ( * ) SI_UNIT ( .MILLI., .METRE. ) );
#4413 = DIRECTION ( 'NONE',  ( -0.000000000000000000, 0.000000000000000000, -1.000000000000000000 ) ) ;
#4414 = SURFACE_STYLE_FILL_AREA ( #162 ) ;
#4415 =( NAMED_UNIT ( * ) PLANE_ANGLE_UNIT ( ) SI_UNIT ( $, .RADIAN. ) );
#4416 = ORIENTED_EDGE ( 'NONE', *, *, #1848, .F. ) ;
#4417 = CARTESIAN_POINT ( 'NONE',  ( -0.3499999999999995892, -0.2050000000000001543, 0.6999999999999991784 ) ) ;
#4418 = PRESENTATION_LAYER_ASSIGNMENT (  '', '', ( #323 ) ) ;
#4419 = EDGE_CURVE ( 'NONE', #2505, #1118, #1701, .T. ) ;
#4420 = EDGE_LOOP ( 'NONE', ( #555, #181, #2165, #1407 ) ) ;
#4421 = SURFACE_SIDE_STYLE ('',( #3275 ) ) ;
#4422 = ADVANCED_FACE ( 'NONE', ( #2920 ), #4036, .T. ) ;
#4423 = DIRECTION ( 'NONE',  ( -1.000000000000000000, -8.896017825522090571E-17, 0.000000000000000000 ) ) ;
#4424 = ORIENTED_EDGE ( 'NONE', *, *, #3677, .T. ) ;
#4425 = CARTESIAN_POINT ( 'NONE',  ( 0.7799999999999990274, 0.3949999999999997402, 0.6990000000000002878 ) ) ;
#4426 = SURFACE_STYLE_FILL_AREA ( #3260 ) ;
#4427 = DIRECTION ( 'NONE',  ( -0.000000000000000000, 0.000000000000000000, 1.000000000000000000 ) ) ;
#4428 = ORIENTED_EDGE ( 'NONE', *, *, #2812, .T. ) ;
#4429 = CARTESIAN_POINT ( 'NONE',  ( -0.7799999999999990274, 0.3999999999999989675, 0.006000000000000002727 ) ) ;
#4430 = STYLED_ITEM ( 'NONE', ( #1524 ), #1053 ) ;
#4431 = APPLICATION_CONTEXT ( 'automotive_design' ) ;
#4432 = CARTESIAN_POINT ( 'NONE',  ( 0.3449999999999991962, 0.2050000000000001543, 0.000000000000000000 ) ) ;
#4433 = STYLED_ITEM ( 'NONE', ( #1499 ), #1327 ) ;
#4434 = COLOUR_RGB ( '',1.000000000000000000, 1.000000000000000000, 1.000000000000000000 ) ;
#4435 = SURFACE_SIDE_STYLE ('',( #3651 ) ) ;
#4436 = CARTESIAN_POINT ( 'NONE',  ( 0.1750000000000000167, 0.3949999999999998512, 0.004999999999999989696 ) ) ;
#4437 = ORIENTED_EDGE ( 'NONE', *, *, #2058, .T. ) ;
#4438 = PRESENTATION_LAYER_ASSIGNMENT (  '', '', ( #2157 ) ) ;
#4439 = COLOUR_RGB ( '',1.000000000000000000, 1.000000000000000000, 1.000000000000000000 ) ;
#4440 = PRESENTATION_STYLE_ASSIGNMENT (( #549 ) ) ;
#4441 = CARTESIAN_POINT ( 'NONE',  ( 0.8000000000000002665, -0.1499999999999999667, 0.000000000000000000 ) ) ;
#4442 = SURFACE_STYLE_USAGE ( .BOTH. , #2557 ) ;
#4443 = CARTESIAN_POINT ( 'NONE',  ( 0.3499999999999995892, 0.2050000000000001543, 0.6999999999999991784 ) ) ;
#4444 = ORIENTED_EDGE ( 'NONE', *, *, #3501, .F. ) ;
#4445 =( GEOMETRIC_REPRESENTATION_CONTEXT ( 3 ) GLOBAL_UNCERTAINTY_ASSIGNED_CONTEXT ( ( #150 ) ) GLOBAL_UNIT_ASSIGNED_CONTEXT ( ( #3928, #898, #124 ) ) REPRESENTATION_CONTEXT ( 'NONE', 'WORKASPACE' ) );
#4446 = EDGE_CURVE ( 'NONE', #3565, #3397, #3176, .T. ) ;
#4447 = CARTESIAN_POINT ( 'NONE',  ( 0.3499999999999995337, -0.3949999999999998512, 0.6949999999999988409 ) ) ;
#4448 = SURFACE_STYLE_USAGE ( .BOTH. , #4492 ) ;
#4449 = VERTEX_POINT ( 'NONE', #3353 ) ;
#4450 = ORIENTED_EDGE ( 'NONE', *, *, #843, .T. ) ;
#4451 = MECHANICAL_DESIGN_GEOMETRIC_PRESENTATION_REPRESENTATION (  '', ( #1631 ), #1784 ) ;
#4452 = DIRECTION ( 'NONE',  ( 3.652049423109069799E-16, -1.000000000000000000, 0.000000000000000000 ) ) ;
#4453 = EDGE_CURVE ( 'NONE', #2039, #1781, #1493, .T. ) ;
#4454 = LINE ( 'NONE', #115, #3971 ) ;
#4455 = ADVANCED_FACE ( 'NONE', ( #675 ), #1107, .T. ) ;
#4456 = STYLED_ITEM ( 'NONE', ( #1680 ), #2805 ) ;
#4457 = CARTESIAN_POINT ( 'NONE',  ( 1.387778780781446415E-16, -0.3949999999999998512, 0.001000000000000000454 ) ) ;
#4458 = COLOUR_RGB ( '',1.000000000000000000, 1.000000000000000000, 1.000000000000000000 ) ;
#4459 =( NAMED_UNIT ( * ) SI_UNIT ( $, .STERADIAN. ) SOLID_ANGLE_UNIT ( ) );
#4460 = AXIS2_PLACEMENT_3D ( 'NONE', #3753, #3448, #1483 ) ;
#4461 =( NAMED_UNIT ( * ) SI_UNIT ( $, .STERADIAN. ) SOLID_ANGLE_UNIT ( ) );
#4462 = FILL_AREA_STYLE_COLOUR ( '', #992 ) ;
#4463 = EDGE_LOOP ( 'NONE', ( #1627, #4212, #4269, #2132, #2455, #3005 ) ) ;
#4464 = CARTESIAN_POINT ( 'NONE',  ( 0.6000000000000003109, 0.000000000000000000, 0.6999999999999991784 ) ) ;
#4465 = SURFACE_STYLE_USAGE ( .BOTH. , #2824 ) ;
#4466 = CARTESIAN_POINT ( 'NONE',  ( 1.387778780781446415E-16, 0.1499999999999999667, 0.6990000000000005098 ) ) ;
#4467 =( LENGTH_UNIT ( ) NAMED_UNIT ( * ) SI_UNIT ( .MILLI., .METRE. ) );
#4468 = FILL_AREA_STYLE ('',( #3133 ) ) ;
#4469 = AXIS2_PLACEMENT_3D ( 'NONE', #1808, #3408, #4855 ) ;
#4470 = VERTEX_POINT ( 'NONE', #3763 ) ;
#4471 =( NAMED_UNIT ( * ) SI_UNIT ( $, .STERADIAN. ) SOLID_ANGLE_UNIT ( ) );
#4472 = CARTESIAN_POINT ( 'NONE',  ( -0.7950000000000001510, 0.3799999999999989497, 0.6940000000000001723 ) ) ;
#4473 = SURFACE_STYLE_FILL_AREA ( #605 ) ;
#4474 = ORIENTED_EDGE ( 'NONE', *, *, #3647, .F. ) ;
#4475 = STYLED_ITEM ( 'NONE', ( #2045 ), #4837 ) ;
#4476 =( NAMED_UNIT ( * ) SI_UNIT ( $, .STERADIAN. ) SOLID_ANGLE_UNIT ( ) );
#4477 = EDGE_CURVE ( 'NONE', #1086, #1109, #317, .T. ) ;
#4478 =( LENGTH_UNIT ( ) NAMED_UNIT ( * ) SI_UNIT ( .MILLI., .METRE. ) );
#4479 = ORIENTED_EDGE ( 'NONE', *, *, #3561, .F. ) ;
#4480 = DIRECTION ( 'NONE',  ( 0.000000000000000000, 0.000000000000000000, 1.000000000000000000 ) ) ;
#4481 =( NAMED_UNIT ( * ) SI_UNIT ( $, .STERADIAN. ) SOLID_ANGLE_UNIT ( ) );
#4482 =( BOUNDED_SURFACE ( )  B_SPLINE_SURFACE ( 3, 3, ( 
 ( #3056, #1123, #2239, #1870 ),
 ( #4501, #2573, #4175, #4125 ),
 ( #692, #2188, #3801, #4571 ),
 ( #1822, #3365, #1455, #1096 ) ),
 .UNSPECIFIED., .F., .F., .T. ) 
 B_SPLINE_SURFACE_WITH_KNOTS ( ( 4, 4 ),
 ( 4, 4 ),
 ( 0.000000000000000000, 1.000000000000000000 ),
 ( 0.000000000000000000, 1.000000000000000000 ),
 .UNSPECIFIED. ) 
 GEOMETRIC_REPRESENTATION_ITEM ( )  RATIONAL_B_SPLINE_SURFACE ( (
 ( 1.000000000000000000, 0.8047378541243649375, 0.8047378541243649375, 1.000000000000000000),
 ( 0.8047378541243854766, 0.6476030138607041797, 0.6476030138607041797, 0.8047378541243854766),
 ( 0.8047378541243854766, 0.6476030138607041797, 0.6476030138607041797, 0.8047378541243854766),
 ( 1.000000000000000000, 0.8047378541243649375, 0.8047378541243649375, 1.000000000000000000) ) ) 
 REPRESENTATION_ITEM ( '' )  SURFACE ( )  );
#4483 = ORIENTED_EDGE ( 'NONE', *, *, #2402, .F. ) ;
#4484 = DIRECTION ( 'NONE',  ( 0.000000000000000000, 0.000000000000000000, 1.000000000000000000 ) ) ;
#4485 = CARTESIAN_POINT ( 'NONE',  ( 0.7799999999999992495, -0.3979289321881337438, 0.6989999999999999547 ) ) ;
#4486 = ORIENTED_EDGE ( 'NONE', *, *, #4303, .T. ) ;
#4487 = PRESENTATION_STYLE_ASSIGNMENT (( #2125 ) ) ;
#4488 = CIRCLE ( 'NONE', #3, 0.005000000000000013115 ) ;
#4489 = ORIENTED_EDGE ( 'NONE', *, *, #1404, .F. ) ;
#4490 = CARTESIAN_POINT ( 'NONE',  ( -0.7887867965644028700, -0.3949999999999994071, 0.6990000000000001767 ) ) ;
#4491 =( GEOMETRIC_REPRESENTATION_CONTEXT ( 3 ) GLOBAL_UNCERTAINTY_ASSIGNED_CONTEXT ( ( #849 ) ) GLOBAL_UNIT_ASSIGNED_CONTEXT ( ( #1279, #3091, #1951 ) ) REPRESENTATION_CONTEXT ( 'NONE', 'WORKASPACE' ) );
#4492 = SURFACE_SIDE_STYLE ('',( #683 ) ) ;
#4493 = VERTEX_POINT ( 'NONE', #3789 ) ;
#4494 = VECTOR ( 'NONE', #4413, 1000.000000000000000 ) ;
#4495 = DIRECTION ( 'NONE',  ( 0.000000000000000000, -1.000000000000000000, 0.000000000000000000 ) ) ;
#4496 = AXIS2_PLACEMENT_3D ( 'NONE', #3663, #1087, #632 ) ;
#4497 = SURFACE_STYLE_FILL_AREA ( #1743 ) ;
#4498 = VERTEX_POINT ( 'NONE', #2770 ) ;
#4499 = CARTESIAN_POINT ( 'NONE',  ( -0.3449999999999991962, -0.2050000000000001543, 0.000000000000000000 ) ) ;
#4500 = UNCERTAINTY_MEASURE_WITH_UNIT (LENGTH_MEASURE( 1.000000000000000082E-05 ), #2877, 'distance_accuracy_value', 'NONE');
#4501 = CARTESIAN_POINT ( 'NONE',  ( 0.7979289321881339880, 0.3799999999999988387, 0.6989999999999999547 ) ) ;
#4502 = DIRECTION ( 'NONE',  ( 1.000000000000000000, 0.000000000000000000, 0.000000000000000000 ) ) ;
#4503 = EDGE_CURVE ( 'NONE', #1842, #2031, #1183, .T. ) ;
#4504 = EDGE_CURVE ( 'NONE', #1397, #829, #1210, .T. ) ;
#4505 = EDGE_LOOP ( 'NONE', ( #4856, #2915, #26, #3941 ) ) ;
#4506 = SURFACE_SIDE_STYLE ('',( #2528 ) ) ;
#4507 = DIRECTION ( 'NONE',  ( 1.000000000000000000, 0.000000000000000000, 0.000000000000000000 ) ) ;
#4508 =( NAMED_UNIT ( * ) PLANE_ANGLE_UNIT ( ) SI_UNIT ( $, .RADIAN. ) );
#4509 =( NAMED_UNIT ( * ) PLANE_ANGLE_UNIT ( ) SI_UNIT ( $, .RADIAN. ) );
#4510 = ORIENTED_EDGE ( 'NONE', *, *, #3362, .T. ) ;
#4511 = VECTOR ( 'NONE', #2463, 1000.000000000000000 ) ;
#4512 =( NAMED_UNIT ( * ) PLANE_ANGLE_UNIT ( ) SI_UNIT ( $, .RADIAN. ) );
#4513 = VERTEX_POINT ( 'NONE', #807 ) ;
#4514 = LINE ( 'NONE', #262, #3130 ) ;
#4515 = COLOUR_RGB ( '',0.5999999999999999778, 0.5999999999999999778, 0.5999999999999999778 ) ;
#4516 =( NAMED_UNIT ( * ) PLANE_ANGLE_UNIT ( ) SI_UNIT ( $, .RADIAN. ) );
#4517 = PRODUCT_DEFINITION_SHAPE ( 'NONE', 'NONE',  #4958 ) ;
#4518 = AXIS2_PLACEMENT_3D ( 'NONE', #4268, #812, #2314 ) ;
#4519 = VERTEX_POINT ( 'NONE', #1977 ) ;
#4520 = FILL_AREA_STYLE ('',( #1450 ) ) ;
#4521 = CARTESIAN_POINT ( 'NONE',  ( -0.6000000000000005329, 0.1449999999999998790, 0.000000000000000000 ) ) ;
#4522 = ORIENTED_EDGE ( 'NONE', *, *, #2435, .T. ) ;
#4523 = COLOUR_RGB ( '',0.7490196078431372584, 0.7490196078431372584, 0.7490196078431372584 ) ;
#4524 =( NAMED_UNIT ( * ) PLANE_ANGLE_UNIT ( ) SI_UNIT ( $, .RADIAN. ) );
#4525 = PRESENTATION_LAYER_ASSIGNMENT (  '', '', ( #44 ) ) ;
#4526 = VERTEX_POINT ( 'NONE', #1544 ) ;
#4527 = CARTESIAN_POINT ( 'NONE',  ( 0.7799999999999991385, 0.4000000000000001332, 0.000000000000000000 ) ) ;
#4528 = CYLINDRICAL_SURFACE ( 'NONE', #1851, 0.005000000000000013115 ) ;
#4529 =( NAMED_UNIT ( * ) PLANE_ANGLE_UNIT ( ) SI_UNIT ( $, .RADIAN. ) );
#4530 = ORIENTED_EDGE ( 'NONE', *, *, #3841, .F. ) ;
#4531 = LINE ( 'NONE', #4464, #2653 ) ;
#4532 =( GEOMETRIC_REPRESENTATION_CONTEXT ( 3 ) GLOBAL_UNCERTAINTY_ASSIGNED_CONTEXT ( ( #1651 ) ) GLOBAL_UNIT_ASSIGNED_CONTEXT ( ( #4412, #4026, #253 ) ) REPRESENTATION_CONTEXT ( 'NONE', 'WORKASPACE' ) );
#4533 = SURFACE_STYLE_FILL_AREA ( #3019 ) ;
#4534 = EDGE_CURVE ( 'NONE', #1109, #304, #1999, .T. ) ;
#4535 = ORIENTED_EDGE ( 'NONE', *, *, #3555, .T. ) ;
#4536 = UNCERTAINTY_MEASURE_WITH_UNIT (LENGTH_MEASURE( 1.000000000000000082E-05 ), #4788, 'distance_accuracy_value', 'NONE');
#4537 = ADVANCED_FACE ( 'NONE', ( #492 ), #3895, .T. ) ;
#4538 = CIRCLE ( 'NONE', #618, 0.005000000000000013115 ) ;
#4539 = CARTESIAN_POINT ( 'NONE',  ( -0.7799999999999990274, 0.3979289321881336328, 0.6989999999999998437 ) ) ;
#4540 = MECHANICAL_DESIGN_GEOMETRIC_PRESENTATION_REPRESENTATION (  '', ( #3914 ), #4141 ) ;
#4541 = MECHANICAL_DESIGN_GEOMETRIC_PRESENTATION_REPRESENTATION (  '', ( #2607 ), #2692 ) ;
#4542 = DIRECTION ( 'NONE',  ( -1.000000000000000000, -8.896017825522091804E-17, 0.000000000000000000 ) ) ;
#4543 = ORIENTED_EDGE ( 'NONE', *, *, #2402, .T. ) ;
#4544 = SURFACE_SIDE_STYLE ('',( #3050 ) ) ;
#4545 = AXIS2_PLACEMENT_3D ( 'NONE', #2166, #310, #334 ) ;
#4546 =( LENGTH_UNIT ( ) NAMED_UNIT ( * ) SI_UNIT ( .MILLI., .METRE. ) );
#4547 = AXIS2_PLACEMENT_3D ( 'NONE', #2070, #3627, #2095 ) ;
#4548 = CARTESIAN_POINT ( 'NONE',  ( -0.6000000000000005329, -0.1449999999999998790, 0.6990000000000005098 ) ) ;
#4549 = PRESENTATION_STYLE_ASSIGNMENT (( #749 ) ) ;
#4550 = VERTEX_POINT ( 'NONE', #4265 ) ;
#4551 = CARTESIAN_POINT ( 'NONE',  ( 0.6000000000000005329, 0.1449999999999998790, 0.000000000000000000 ) ) ;
#4552 = CARTESIAN_POINT ( 'NONE',  ( -0.7950000000000000400, -0.1499999999999999667, 0.6990000000000005098 ) ) ;
#4553 = SURFACE_STYLE_USAGE ( .BOTH. , #3013 ) ;
#4554 = ORIENTED_EDGE ( 'NONE', *, *, #3404, .T. ) ;
#4555 = DIRECTION ( 'NONE',  ( 1.000000000000000000, -1.779203565104420086E-16, 0.000000000000000000 ) ) ;
#4556 = DIRECTION ( 'NONE',  ( -1.000000000000000000, -0.000000000000000000, 0.000000000000000000 ) ) ;
#4557 = DIRECTION ( 'NONE',  ( -0.000000000000000000, 0.000000000000000000, -1.000000000000000000 ) ) ;
#4558 = CARTESIAN_POINT ( 'NONE',  ( 0.7950000000000000400, -0.1499999999999999667, 0.006000000000000002727 ) ) ;
#4559 = FILL_AREA_STYLE_COLOUR ( '', #3299 ) ;
#4560 = ADVANCED_FACE ( 'NONE', ( #2747 ), #4655, .T. ) ;
#4561 = ADVANCED_FACE ( 'NONE', ( #471 ), #3175, .T. ) ;
#4562 = PLANE ( 'NONE',  #2223 ) ;
#4563 = ORIENTED_EDGE ( 'NONE', *, *, #2588, .T. ) ;
#4564 = DIRECTION ( 'NONE',  ( 0.000000000000000000, 0.000000000000000000, 1.000000000000000000 ) ) ;
#4565 = MECHANICAL_DESIGN_GEOMETRIC_PRESENTATION_REPRESENTATION (  '', ( #974 ), #233 ) ;
#4566 = UNCERTAINTY_MEASURE_WITH_UNIT (LENGTH_MEASURE( 1.000000000000000082E-05 ), #145, 'distance_accuracy_value', 'NONE');
#4567 = STYLED_ITEM ( 'NONE', ( #346 ), #427 ) ;
#4568 =( NAMED_UNIT ( * ) PLANE_ANGLE_UNIT ( ) SI_UNIT ( $, .RADIAN. ) );
#4569 = EDGE_LOOP ( 'NONE', ( #4871, #1833, #3227, #2449 ) ) ;
#4570 = APPLICATION_PROTOCOL_DEFINITION ( 'draft international standard', 'automotive_design', 1998, #2090 ) ;
#4571 = CARTESIAN_POINT ( 'NONE',  ( 0.7799999999999990274, 0.3999999999999989675, 0.6969289321881343424 ) ) ;
#4572 = FILL_AREA_STYLE ('',( #4923 ) ) ;
#4573 = COLOUR_RGB ( '',1.000000000000000000, 1.000000000000000000, 1.000000000000000000 ) ;
#4574 = DIRECTION ( 'NONE',  ( 0.000000000000000000, -0.000000000000000000, -1.000000000000000000 ) ) ;
#4575 = EDGE_LOOP ( 'NONE', ( #2404, #380, #4166, #606 ) ) ;
#4576 = CARTESIAN_POINT ( 'NONE',  ( -0.6050000000000006484, -0.1499999999999999389, 0.000000000000000000 ) ) ;
#4577 = DIRECTION ( 'NONE',  ( 0.000000000000000000, 0.000000000000000000, -1.000000000000000000 ) ) ;
#4578 = UNCERTAINTY_MEASURE_WITH_UNIT (LENGTH_MEASURE( 1.000000000000000082E-05 ), #1978, 'distance_accuracy_value', 'NONE');
#4579 = SURFACE_STYLE_FILL_AREA ( #1514 ) ;
#4580 = DIRECTION ( 'NONE',  ( 1.000000000000000000, 0.000000000000000000, 0.000000000000000000 ) ) ;
#4581 = SURFACE_STYLE_FILL_AREA ( #3115 ) ;
#4582 = AXIS2_PLACEMENT_3D ( 'NONE', #1220, #4301, #10 ) ;
#4583 = PRODUCT_DEFINITION_CONTEXT ( 'detailed design', #4431, 'design' ) ;
#4584 = ORIENTED_EDGE ( 'NONE', *, *, #4446, .F. ) ;
#4585 = LINE ( 'NONE', #1186, #839 ) ;
#4586 =( GEOMETRIC_REPRESENTATION_CONTEXT ( 3 ) GLOBAL_UNCERTAINTY_ASSIGNED_CONTEXT ( ( #503 ) ) GLOBAL_UNIT_ASSIGNED_CONTEXT ( ( #3607, #3179, #1332 ) ) REPRESENTATION_CONTEXT ( 'NONE', 'WORKASPACE' ) );
#4587 = CARTESIAN_POINT ( 'NONE',  ( 0.3499999999999995892, -0.4000000000000001332, 0.6999999999999991784 ) ) ;
#4588 = ORIENTED_EDGE ( 'NONE', *, *, #911, .T. ) ;
#4589 = EDGE_CURVE ( 'NONE', #3766, #2712, #4317, .T. ) ;
#4590 = DIRECTION ( 'NONE',  ( 1.000000000000000000, 0.000000000000000000, 0.000000000000000000 ) ) ;
#4591 = CARTESIAN_POINT ( 'NONE',  ( -0.7799999999999991385, 0.3799999999999989497, 0.006000000000000002727 ) ) ;
#4592 = CIRCLE ( 'NONE', #3059, 0.005000000000000013115 ) ;
#4593 = CIRCLE ( 'NONE', #998, 0.005000000000000013115 ) ;
#4594 = DIRECTION ( 'NONE',  ( 0.000000000000000000, -1.000000000000000000, 0.000000000000000000 ) ) ;
#4595 = ORIENTED_EDGE ( 'NONE', *, *, #4048, .F. ) ;
#4596 = DIRECTION ( 'NONE',  ( 0.000000000000000000, 0.000000000000000000, 1.000000000000000000 ) ) ;
#4597 = ADVANCED_FACE ( 'NONE', ( #3245 ), #621, .T. ) ;
#4598 = EDGE_CURVE ( 'NONE', #3697, #2608, #518, .T. ) ;
#4599 = COLOUR_RGB ( '',1.000000000000000000, 1.000000000000000000, 1.000000000000000000 ) ;
#4600 = CARTESIAN_POINT ( 'NONE',  ( -0.7949999999999997069, -0.3887867965644027368, 0.001000000000000013248 ) ) ;
#4601 = ORIENTED_EDGE ( 'NONE', *, *, #4740, .T. ) ;
#4602 =( LENGTH_UNIT ( ) NAMED_UNIT ( * ) SI_UNIT ( .MILLI., .METRE. ) );
#4603 = CARTESIAN_POINT ( 'NONE',  ( -0.7799999999999991385, -0.3949999999999998512, 0.006000000000000002727 ) ) ;
#4604 = CARTESIAN_POINT ( 'NONE',  ( -0.7999999999999999334, 0.3799999999999989497, 0.006000000000000003594 ) ) ;
#4605 = COLOUR_RGB ( '',1.000000000000000000, 1.000000000000000000, 1.000000000000000000 ) ;
#4606 = CARTESIAN_POINT ( 'NONE',  ( -0.7949999999999999289, -0.3799999999999989497, 0.001000000000000006960 ) ) ;
#4607 = DIRECTION ( 'NONE',  ( 0.000000000000000000, 0.000000000000000000, 1.000000000000000000 ) ) ;
#4608 = VECTOR ( 'NONE', #1536, 1000.000000000000000 ) ;
#4609 = SURFACE_STYLE_FILL_AREA ( #783 ) ;
#4610 = FILL_AREA_STYLE_COLOUR ( '', #2370 ) ;
#4611 = PRESENTATION_STYLE_ASSIGNMENT (( #3462 ) ) ;
#4612 = SURFACE_SIDE_STYLE ('',( #394 ) ) ;
#4613 = VERTEX_POINT ( 'NONE', #187 ) ;
#4614 = DIRECTION ( 'NONE',  ( 0.000000000000000000, 0.000000000000000000, 1.000000000000000000 ) ) ;
#4615 = FILL_AREA_STYLE_COLOUR ( '', #753 ) ;
#4616 = COLOUR_RGB ( '',1.000000000000000000, 1.000000000000000000, 1.000000000000000000 ) ;
#4617 = UNCERTAINTY_MEASURE_WITH_UNIT (LENGTH_MEASURE( 1.000000000000000082E-05 ), #3135, 'distance_accuracy_value', 'NONE');
#4618 = ORIENTED_EDGE ( 'NONE', *, *, #679, .T. ) ;
#4619 = COLOUR_RGB ( '',0.7490196078431372584, 0.7490196078431372584, 0.7490196078431372584 ) ;
#4620 = CARTESIAN_POINT ( 'NONE',  ( -0.6050000000000006484, -0.1499999999999999667, 0.000000000000000000 ) ) ;
#4621 = VECTOR ( 'NONE', #1384, 1000.000000000000000 ) ;
#4622 = LINE ( 'NONE', #2323, #3332 ) ;
#4623 = VECTOR ( 'NONE', #3011, 1000.000000000000000 ) ;
#4624 = EDGE_CURVE ( 'NONE', #2351, #3360, #3679, .T. ) ;
#4625 = AXIS2_PLACEMENT_3D ( 'NONE', #1648, #3664, #1358 ) ;
#4626 = LINE ( 'NONE', #357, #4281 ) ;
#4627 = ORIENTED_EDGE ( 'NONE', *, *, #3117, .T. ) ;
#4628 =( NAMED_UNIT ( * ) PLANE_ANGLE_UNIT ( ) SI_UNIT ( $, .RADIAN. ) );
#4629 = CARTESIAN_POINT ( 'NONE',  ( 0.7999999999999996003, -0.3799999999999989497, 0.006000000000000002727 ) ) ;
#4630 = SURFACE_STYLE_FILL_AREA ( #4381 ) ;
#4631 = AXIS2_PLACEMENT_3D ( 'NONE', #3478, #42, #1899 ) ;
#4632 = DIRECTION ( 'NONE',  ( 1.000000000000000000, 0.000000000000000000, 0.000000000000000000 ) ) ;
#4633 = CARTESIAN_POINT ( 'NONE',  ( 0.7950000000000000400, 0.1499999999999999667, 0.000000000000000000 ) ) ;
#4634 = UNCERTAINTY_MEASURE_WITH_UNIT (LENGTH_MEASURE( 1.000000000000000082E-05 ), #822, 'distance_accuracy_value', 'NONE');
#4635 = FACE_OUTER_BOUND ( 'NONE', #1718, .T. ) ;
#4636 = DIRECTION ( 'NONE',  ( 3.652049423109069799E-16, -1.000000000000000000, 0.000000000000000000 ) ) ;
#4637 =( LENGTH_UNIT ( ) NAMED_UNIT ( * ) SI_UNIT ( .MILLI., .METRE. ) );
#4638 = SHAPE_REPRESENTATION ( 'Markiing', ( #302 ), #1585 ) ;
#4639 = SURFACE_SIDE_STYLE ('',( #498 ) ) ;
#4640 = DIRECTION ( 'NONE',  ( 1.000000000000000000, 1.779203565104420086E-16, -0.000000000000000000 ) ) ;
#4641 = ORIENTED_EDGE ( 'NONE', *, *, #1526, .T. ) ;
#4642 =( NAMED_UNIT ( * ) PLANE_ANGLE_UNIT ( ) SI_UNIT ( $, .RADIAN. ) );
#4643 = VERTEX_POINT ( 'NONE', #2480 ) ;
#4644 = APPLICATION_PROTOCOL_DEFINITION ( 'draft international standard', 'automotive_design', 1998, #3657 ) ;
#4645 =( NAMED_UNIT ( * ) SI_UNIT ( $, .STERADIAN. ) SOLID_ANGLE_UNIT ( ) );
#4646 = CARTESIAN_POINT ( 'NONE',  ( -0.3499999999999995892, -0.2050000000000001543, 0.6999999999999991784 ) ) ;
#4647 = ORIENTED_EDGE ( 'NONE', *, *, #3269, .T. ) ;
#4648 = LINE ( 'NONE', #912, #1171 ) ;
#4649 = STYLED_ITEM ( 'NONE', ( #3434 ), #552 ) ;
#4650 = CARTESIAN_POINT ( 'NONE',  ( -0.3499999999999995892, 0.1499999999999999667, 0.6990000000000005098 ) ) ;
#4651 = ADVANCED_FACE ( 'NONE', ( #3586 ), #4028, .T. ) ;
#4652 =( NAMED_UNIT ( * ) PLANE_ANGLE_UNIT ( ) SI_UNIT ( $, .RADIAN. ) );
#4653 = DIRECTION ( 'NONE',  ( 1.000000000000000000, 0.000000000000000000, 0.000000000000000000 ) ) ;
#4654 = AXIS2_PLACEMENT_3D ( 'NONE', #862, #3537, #2361 ) ;
#4655 = PLANE ( 'NONE',  #209 ) ;
#4656 = EDGE_CURVE ( 'NONE', #986, #41, #3999, .T. ) ;
#4657 = CARTESIAN_POINT ( 'NONE',  ( -0.3499999999999995892, 0.3999999999999999667, 0.6940000000000001723 ) ) ;
#4658 =( LENGTH_UNIT ( ) NAMED_UNIT ( * ) SI_UNIT ( .MILLI., .METRE. ) );
#4659 = SURFACE_STYLE_FILL_AREA ( #27 ) ;
#4660 = LINE ( 'NONE', #1594, #424 ) ;
#4661 = CARTESIAN_POINT ( 'NONE',  ( 0.7887867965644032031, 0.3949999999999994627, 0.001000000000000013248 ) ) ;
#4662 = CARTESIAN_POINT ( 'NONE',  ( 0.7799999999999989164, 0.3979289321881336883, 0.001000000000000267168 ) ) ;
#4663 = ORIENTED_EDGE ( 'NONE', *, *, #3613, .F. ) ;
#4664 = MECHANICAL_DESIGN_GEOMETRIC_PRESENTATION_REPRESENTATION (  '', ( #3217 ), #4106 ) ;
#4665 = DIRECTION ( 'NONE',  ( -0.000000000000000000, -0.000000000000000000, -1.000000000000000000 ) ) ;
#4666 = VECTOR ( 'NONE', #4707, 1000.000000000000000 ) ;
#4667 = UNCERTAINTY_MEASURE_WITH_UNIT (LENGTH_MEASURE( 1.000000000000000082E-05 ), #2679, 'distance_accuracy_value', 'NONE');
#4668 = CARTESIAN_POINT ( 'NONE',  ( -0.3499999999999995892, 0.4000000000000001332, 0.000000000000000000 ) ) ;
#4669 = VERTEX_POINT ( 'NONE', #4129 ) ;
#4670 = CARTESIAN_POINT ( 'NONE',  ( 0.000000000000000000, 0.000000000000000000, 0.000000000000000000 ) ) ;
#4671 = CARTESIAN_POINT ( 'NONE',  ( -0.3499999999999995892, 0.4000000000000001332, 0.000000000000000000 ) ) ;
#4672 = COLOUR_RGB ( '',1.000000000000000000, 1.000000000000000000, 1.000000000000000000 ) ;
#4673 = CARTESIAN_POINT ( 'NONE',  ( -0.6050000000000006484, -0.1449999999999998790, 0.000000000000000000 ) ) ;
#4674 = DIRECTION ( 'NONE',  ( -1.000000000000000000, -8.896017825522090571E-17, 0.000000000000000000 ) ) ;
#4675 = EDGE_LOOP ( 'NONE', ( #4202, #2399, #438, #4734 ) ) ;
#4676 = STYLED_ITEM ( 'NONE', ( #550 ), #1970 ) ;
#4677 =( NAMED_UNIT ( * ) SI_UNIT ( $, .STERADIAN. ) SOLID_ANGLE_UNIT ( ) );
#4678 =( NAMED_UNIT ( * ) PLANE_ANGLE_UNIT ( ) SI_UNIT ( $, .RADIAN. ) );
#4679 = CARTESIAN_POINT ( 'NONE',  ( -0.7949999999999999289, -0.1499999999999999667, 0.004999999999999989696 ) ) ;
#4680 = DIRECTION ( 'NONE',  ( -1.000000000000000000, 1.779203565104420086E-16, 0.000000000000000000 ) ) ;
#4681 = PRESENTATION_LAYER_ASSIGNMENT (  '', '', ( #2828 ) ) ;
#4682 = FILL_AREA_STYLE ('',( #2386 ) ) ;
#4683 = DIRECTION ( 'NONE',  ( 1.000000000000000000, 0.000000000000000000, -0.000000000000000000 ) ) ;
#4684 = LINE ( 'NONE', #3201, #252 ) ;
#4685 = CARTESIAN_POINT ( 'NONE',  ( -0.7887867965644032031, 0.3949999999999994627, 0.001000000000000013248 ) ) ;
#4686 = EDGE_CURVE ( 'NONE', #1791, #4253, #4085, .T. ) ;
#4687 = EDGE_CURVE ( 'NONE', #3590, #2870, #1420, .T. ) ;
#4688 = EDGE_LOOP ( 'NONE', ( #121, #4059, #169, #3325 ) ) ;
#4689 = MECHANICAL_DESIGN_GEOMETRIC_PRESENTATION_REPRESENTATION (  '', ( #2594 ), #693 ) ;
#4690 = LINE ( 'NONE', #2781, #3182 ) ;
#4691 = PLANE ( 'NONE',  #3293 ) ;
#4692 = AXIS2_PLACEMENT_3D ( 'NONE', #1682, #3968, #4632 ) ;
#4693 = VERTEX_POINT ( 'NONE', #1438 ) ;
#4694 = COLOUR_RGB ( '',1.000000000000000000, 1.000000000000000000, 1.000000000000000000 ) ;
#4695 = DIRECTION ( 'NONE',  ( 0.000000000000000000, 0.000000000000000000, 1.000000000000000000 ) ) ;
#4696 = FILL_AREA_STYLE_COLOUR ( '', #4599 ) ;
#4697 = AXIS2_PLACEMENT_3D ( 'NONE', #3733, #2558, #4112 ) ;
#4698 = ORIENTED_EDGE ( 'NONE', *, *, #2752, .T. ) ;
#4699 = LINE ( 'NONE', #513, #2994 ) ;
#4700 = CARTESIAN_POINT ( 'NONE',  ( -0.3499999999999995892, 3.469446951953609875E-17, 0.6990000000000005098 ) ) ;
#4701 = VECTOR ( 'NONE', #4484, 1000.000000000000000 ) ;
#4702 =( GEOMETRIC_REPRESENTATION_CONTEXT ( 3 ) GLOBAL_UNCERTAINTY_ASSIGNED_CONTEXT ( ( #4222 ) ) GLOBAL_UNIT_ASSIGNED_CONTEXT ( ( #3022, #371, #2 ) ) REPRESENTATION_CONTEXT ( 'NONE', 'WORKASPACE' ) );
#4703 = CARTESIAN_POINT ( 'NONE',  ( -0.6050000000000006484, -0.1449999999999998790, 0.001000000000000000454 ) ) ;
#4704 = DIRECTION ( 'NONE',  ( -8.896017825522091804E-17, 1.000000000000000000, 0.000000000000000000 ) ) ;
#4705 = SURFACE_STYLE_FILL_AREA ( #3177 ) ;
#4706 = ORIENTED_EDGE ( 'NONE', *, *, #1878, .T. ) ;
#4707 = DIRECTION ( 'NONE',  ( 1.000000000000000000, 0.000000000000000000, -0.000000000000000000 ) ) ;
#4708 = VECTOR ( 'NONE', #3751, 1000.000000000000000 ) ;
#4709 = LINE ( 'NONE', #918, #999 ) ;
#4710 = DIRECTION ( 'NONE',  ( 1.000000000000000000, -7.116814260417670485E-16, 0.000000000000000000 ) ) ;
#4711 = VERTEX_POINT ( 'NONE', #4551 ) ;
#4712 = FILL_AREA_STYLE ('',( #4404 ) ) ;
#4713 = ADVANCED_FACE ( 'NONE', ( #4899 ), #3317, .F. ) ;
#4714 = DIRECTION ( 'NONE',  ( -0.000000000000000000, -0.000000000000000000, -1.000000000000000000 ) ) ;
#4715 = EDGE_CURVE ( 'NONE', #3402, #4711, #886, .T. ) ;
#4716 = UNCERTAINTY_MEASURE_WITH_UNIT (LENGTH_MEASURE( 1.000000000000000082E-05 ), #4737, 'distance_accuracy_value', 'NONE');
#4717 = ORIENTED_EDGE ( 'NONE', *, *, #4687, .T. ) ;
#4718 = CARTESIAN_POINT ( 'NONE',  ( -0.7799999999999991385, 0.3799999999999989497, 0.000000000000000000 ) ) ;
#4719 = ADVANCED_FACE ( 'NONE', ( #1825 ), #3369, .T. ) ;
#4720 = LINE ( 'NONE', #1561, #2845 ) ;
#4721 = ORIENTED_EDGE ( 'NONE', *, *, #2373, .T. ) ;
#4722 = FACE_OUTER_BOUND ( 'NONE', #326, .T. ) ;
#4723 = SURFACE_STYLE_FILL_AREA ( #3196 ) ;
#4724 = DIRECTION ( 'NONE',  ( -1.000000000000000000, -8.896017825522091804E-17, 0.000000000000000000 ) ) ;
#4725 = COLOUR_RGB ( '',0.7490196078431372584, 0.7490196078431372584, 0.7490196078431372584 ) ;
#4726 =( LENGTH_UNIT ( ) NAMED_UNIT ( * ) SI_UNIT ( .MILLI., .METRE. ) );
#4727 = COLOUR_RGB ( '',0.7490196078431372584, 0.7490196078431372584, 0.7490196078431372584 ) ;
#4728 = FILL_AREA_STYLE ('',( #97 ) ) ;
#4729 = ORIENTED_EDGE ( 'NONE', *, *, #2021, .F. ) ;
#4730 = PLANE ( 'NONE',  #2153 ) ;
#4731 = SURFACE_STYLE_USAGE ( .BOTH. , #3953 ) ;
#4732 = VERTEX_POINT ( 'NONE', #4204 ) ;
#4733 = SURFACE_STYLE_FILL_AREA ( #4712 ) ;
#4734 = ORIENTED_EDGE ( 'NONE', *, *, #4083, .F. ) ;
#4735 = COLOUR_RGB ( '',1.000000000000000000, 1.000000000000000000, 1.000000000000000000 ) ;
#4736 = CARTESIAN_POINT ( 'NONE',  ( -0.6000000000000005329, 0.1449999999999998790, 0.6999999999999991784 ) ) ;
#4737 =( LENGTH_UNIT ( ) NAMED_UNIT ( * ) SI_UNIT ( .MILLI., .METRE. ) );
#4738 = STYLED_ITEM ( 'NONE', ( #523 ), #1409 ) ;
#4739 = SURFACE_SIDE_STYLE ('',( #2863 ) ) ;
#4740 = EDGE_CURVE ( 'NONE', #3849, #653, #1589, .T. ) ;
#4741 = ORIENTED_EDGE ( 'NONE', *, *, #4864, .T. ) ;
#4742 = EDGE_CURVE ( 'NONE', #4794, #196, #407, .T. ) ;
#4743 = LINE ( 'NONE', #3240, #128 ) ;
#4744 =( GEOMETRIC_REPRESENTATION_CONTEXT ( 3 ) GLOBAL_UNCERTAINTY_ASSIGNED_CONTEXT ( ( #3103 ) ) GLOBAL_UNIT_ASSIGNED_CONTEXT ( ( #1699, #153, #989 ) ) REPRESENTATION_CONTEXT ( 'NONE', 'WORKASPACE' ) );
#4745 = STYLED_ITEM ( 'NONE', ( #388 ), #676 ) ;
#4746 = DIRECTION ( 'NONE',  ( 0.000000000000000000, -1.000000000000000000, 0.000000000000000000 ) ) ;
#4747 = VECTOR ( 'NONE', #2947, 1000.000000000000000 ) ;
#4748 = SURFACE_STYLE_FILL_AREA ( #3604 ) ;
#4749 = PRESENTATION_STYLE_ASSIGNMENT (( #594 ) ) ;
#4750 = CARTESIAN_POINT ( 'NONE',  ( -0.6000000000000003109, 0.1449999999999998790, 0.000000000000000000 ) ) ;
#4751 = DIRECTION ( 'NONE',  ( 1.000000000000000000, 0.000000000000000000, 0.000000000000000000 ) ) ;
#4752 = ORIENTED_EDGE ( 'NONE', *, *, #4000, .T. ) ;
#4753 = CARTESIAN_POINT ( 'NONE',  ( 0.7950000000000000400, 0.1499999999999999667, 0.001000000000000000671 ) ) ;
#4754 = DIRECTION ( 'NONE',  ( 0.000000000000000000, 0.000000000000000000, 1.000000000000000000 ) ) ;
#4755 =( LENGTH_UNIT ( ) NAMED_UNIT ( * ) SI_UNIT ( .MILLI., .METRE. ) );
#4756 = LINE ( 'NONE', #4443, #1103 ) ;
#4757 = ORIENTED_EDGE ( 'NONE', *, *, #4364, .T. ) ;
#4758 =( NAMED_UNIT ( * ) SI_UNIT ( $, .STERADIAN. ) SOLID_ANGLE_UNIT ( ) );
#4759 = DIRECTION ( 'NONE',  ( -0.000000000000000000, 1.000000000000000000, 0.000000000000000000 ) ) ;
#4760 = AXIS2_PLACEMENT_3D ( 'NONE', #1727, #617, #1415 ) ;
#4761 = UNCERTAINTY_MEASURE_WITH_UNIT (LENGTH_MEASURE( 1.000000000000000082E-05 ), #4854, 'distance_accuracy_value', 'NONE');
#4762 = VERTEX_POINT ( 'NONE', #2685 ) ;
#4763 = COLOUR_RGB ( '',1.000000000000000000, 1.000000000000000000, 1.000000000000000000 ) ;
#4764 =( NAMED_UNIT ( * ) SI_UNIT ( $, .STERADIAN. ) SOLID_ANGLE_UNIT ( ) );
#4765 = CARTESIAN_POINT ( 'NONE',  ( 0.3499999999999995892, 0.3949999999999998512, 0.6949999999999988409 ) ) ;
#4766 = CARTESIAN_POINT ( 'NONE',  ( 0.6050000000000006484, -0.1449999999999998790, 0.000000000000000000 ) ) ;
#4767 = VERTEX_POINT ( 'NONE', #4576 ) ;
#4768 = DIRECTION ( 'NONE',  ( 0.000000000000000000, 1.000000000000000000, 0.000000000000000000 ) ) ;
#4769 =( NAMED_UNIT ( * ) PLANE_ANGLE_UNIT ( ) SI_UNIT ( $, .RADIAN. ) );
#4770 = AXIS2_PLACEMENT_3D ( 'NONE', #3728, #3758, #2609 ) ;
#4771 = SURFACE_STYLE_FILL_AREA ( #229 ) ;
#4772 = APPLICATION_CONTEXT ( 'automotive_design' ) ;
#4773 = EDGE_CURVE ( 'NONE', #2876, #2418, #3670, .T. ) ;
#4774 = MECHANICAL_DESIGN_GEOMETRIC_PRESENTATION_REPRESENTATION (  '', ( #4225 ), #619 ) ;
#4775 = VECTOR ( 'NONE', #3509, 1000.000000000000000 ) ;
#4776 = CYLINDRICAL_SURFACE ( 'NONE', #3693, 0.005000000000000066891 ) ;
#4777 = SURFACE_STYLE_USAGE ( .BOTH. , #4435 ) ;
#4778 = AXIS2_PLACEMENT_3D ( 'NONE', #1962, #1219, #2262 ) ;
#4779 = DIRECTION ( 'NONE',  ( 0.000000000000000000, -1.000000000000000000, -0.000000000000000000 ) ) ;
#4780 =( LENGTH_UNIT ( ) NAMED_UNIT ( * ) SI_UNIT ( .MILLI., .METRE. ) );
#4781 = ORIENTED_EDGE ( 'NONE', *, *, #1209, .F. ) ;
#4782 = CARTESIAN_POINT ( 'NONE',  ( 0.6050000000000006484, 0.1499999999999999667, 0.6990000000000005098 ) ) ;
#4783 = FACE_OUTER_BOUND ( 'NONE', #1960, .T. ) ;
#4784 = CARTESIAN_POINT ( 'NONE',  ( -0.3499999999999995892, 0.2050000000000001543, 0.000000000000000000 ) ) ;
#4785 = AXIS2_PLACEMENT_3D ( 'NONE', #3239, #1726, #3579 ) ;
#4786 = COLOUR_RGB ( '',0.7490196078431372584, 0.7490196078431372584, 0.7490196078431372584 ) ;
#4787 = SURFACE_SIDE_STYLE ('',( #1755 ) ) ;
#4788 =( LENGTH_UNIT ( ) NAMED_UNIT ( * ) SI_UNIT ( .MILLI., .METRE. ) );
#4789 = ORIENTED_EDGE ( 'NONE', *, *, #1496, .T. ) ;
#4790 = AXIS2_PLACEMENT_3D ( 'NONE', #3722, #273, #85 ) ;
#4791 = DIRECTION ( 'NONE',  ( 0.000000000000000000, 1.000000000000000000, 0.000000000000000000 ) ) ;
#4792 = ORIENTED_EDGE ( 'NONE', *, *, #3051, .T. ) ;
#4793 =( BOUNDED_SURFACE ( )  B_SPLINE_SURFACE ( 3, 3, ( 
 ( #2128, #3327, #4490, #2894 ),
 ( #320, #3355, #4039, #4834 ),
 ( #4808, #2512, #603, #3765 ),
 ( #243, #2104, #2537, #1834 ) ),
 .UNSPECIFIED., .F., .F., .F. ) 
 B_SPLINE_SURFACE_WITH_KNOTS ( ( 4, 4 ),
 ( 4, 4 ),
 ( 0.000000000000000000, 1.000000000000000000 ),
 ( 0.000000000000000000, 1.000000000000000000 ),
 .UNSPECIFIED. ) 
 GEOMETRIC_REPRESENTATION_ITEM ( )  RATIONAL_B_SPLINE_SURFACE ( (
 ( 1.000000000000000000, 0.8047378541243649375, 0.8047378541243649375, 1.000000000000000000),
 ( 0.8047378541243854766, 0.6476030138607041797, 0.6476030138607041797, 0.8047378541243854766),
 ( 0.8047378541243854766, 0.6476030138607041797, 0.6476030138607041797, 0.8047378541243854766),
 ( 1.000000000000000000, 0.8047378541243649375, 0.8047378541243649375, 1.000000000000000000) ) ) 
 REPRESENTATION_ITEM ( '' )  SURFACE ( )  );
#4794 = VERTEX_POINT ( 'NONE', #889 ) ;
#4795 = CARTESIAN_POINT ( 'NONE',  ( 1.387778780781446415E-16, 0.1499999999999999667, 0.6990000000000005098 ) ) ;
#4796 = FILL_AREA_STYLE_COLOUR ( '', #2359 ) ;
#4797 = CLOSED_SHELL ( 'NONE', ( #2723, #773, #4143, #3018, #4135, #427, #583, #809, #4422, #577, #3942, #1644, #2410, #676, #803, #514, #964, #1237, #3186, #1910, #4201, #1114, #4799, #1352, #2211, #2897, #2930, #3562, #3780, #1525, #2179, #94, #3911, #1053, #1138, #1409, #4865, #4266, #1319, #4163, #1669, #668, #3235, #4193, #1675, #2237, #4805, #4537, #2434, #125, #2084, #747, #3592, #148, #2307, #3336, #2838, #459 ) ) ;
#4798 = DIRECTION ( 'NONE',  ( 0.000000000000000000, 0.000000000000000000, 1.000000000000000000 ) ) ;
#4799 = ADVANCED_FACE ( 'NONE', ( #3860 ), #2713, .F. ) ;
#4800 = EDGE_LOOP ( 'NONE', ( #3076, #1429, #3464, #1009 ) ) ;
#4801 = DIRECTION ( 'NONE',  ( 0.000000000000000000, 0.000000000000000000, -1.000000000000000000 ) ) ;
#4802 = DIRECTION ( 'NONE',  ( 1.000000000000000000, 0.000000000000000000, 0.000000000000000000 ) ) ;
#4803 = SURFACE_STYLE_USAGE ( .BOTH. , #1334 ) ;
#4804 = CARTESIAN_POINT ( 'NONE',  ( -0.7799999999999991385, -0.3949999999999997402, 0.6990000000000002878 ) ) ;
#4805 = ADVANCED_FACE ( 'NONE', ( #1535 ), #2326, .T. ) ;
#4806 = ORIENTED_EDGE ( 'NONE', *, *, #2782, .T. ) ;
#4807 = EDGE_CURVE ( 'NONE', #246, #1842, #1963, .T. ) ;
#4808 = CARTESIAN_POINT ( 'NONE',  ( -0.7999999999999991562, -0.3799999999999988387, 0.6969289321881343424 ) ) ;
#4809 = SURFACE_STYLE_USAGE ( .BOTH. , #4421 ) ;
#4810 = STYLED_ITEM ( 'NONE', ( #186 ), #461 ) ;
#4811 = DIRECTION ( 'NONE',  ( -1.000000000000000000, -0.000000000000000000, -0.000000000000000000 ) ) ;
#4812 = VERTEX_POINT ( 'NONE', #3602 ) ;
#4813 =( LENGTH_UNIT ( ) NAMED_UNIT ( * ) SI_UNIT ( .MILLI., .METRE. ) );
#4814 = DIRECTION ( 'NONE',  ( 0.000000000000000000, 0.000000000000000000, 1.000000000000000000 ) ) ;
#4815 =( NAMED_UNIT ( * ) SI_UNIT ( $, .STERADIAN. ) SOLID_ANGLE_UNIT ( ) );
#4816 = DIRECTION ( 'NONE',  ( -7.116814260417670485E-16, 1.000000000000000000, 0.000000000000000000 ) ) ;
#4817 = COLOUR_RGB ( '',0.7490196078431372584, 0.7490196078431372584, 0.7490196078431372584 ) ;
#4818 = SURFACE_STYLE_USAGE ( .BOTH. , #690 ) ;
#4819 = DIRECTION ( 'NONE',  ( 0.000000000000000000, 0.000000000000000000, 1.000000000000000000 ) ) ;
#4820 = CARTESIAN_POINT ( 'NONE',  ( -0.7950000000000000400, 3.469446951953609875E-17, 0.6990000000000005098 ) ) ;
#4821 = STYLED_ITEM ( 'NONE', ( #818 ), #1114 ) ;
#4822 = SURFACE_SIDE_STYLE ('',( #4748 ) ) ;
#4823 = STYLED_ITEM ( 'NONE', ( #3786 ), #804 ) ;
#4824 =( LENGTH_UNIT ( ) NAMED_UNIT ( * ) SI_UNIT ( .MILLI., .METRE. ) );
#4825 = ORIENTED_EDGE ( 'NONE', *, *, #366, .F. ) ;
#4826 = FILL_AREA_STYLE ('',( #1104 ) ) ;
#4827 = PRESENTATION_LAYER_ASSIGNMENT (  '', '', ( #2899 ) ) ;
#4828 = MECHANICAL_DESIGN_GEOMETRIC_PRESENTATION_REPRESENTATION (  '', ( #3149 ), #3307 ) ;
#4829 = FILL_AREA_STYLE_COLOUR ( '', #161 ) ;
#4830 = LINE ( 'NONE', #4466, #4197 ) ;
#4831 = LINE ( 'NONE', #1402, #4938 ) ;
#4832 = ORIENTED_EDGE ( 'NONE', *, *, #1933, .F. ) ;
#4833 =( GEOMETRIC_REPRESENTATION_CONTEXT ( 3 ) GLOBAL_UNCERTAINTY_ASSIGNED_CONTEXT ( ( #2647 ) ) GLOBAL_UNIT_ASSIGNED_CONTEXT ( ( #4755, #2890, #940 ) ) REPRESENTATION_CONTEXT ( 'NONE', 'WORKASPACE' ) );
#4834 = CARTESIAN_POINT ( 'NONE',  ( -0.7799999999999990274, -0.3979289321881337438, 0.6989999999999999547 ) ) ;
#4835 = CARTESIAN_POINT ( 'NONE',  ( 1.387778780781446415E-16, -0.1499999999999999667, 0.6990000000000005098 ) ) ;
#4836 = CARTESIAN_POINT ( 'NONE',  ( 0.7799999999999990274, 0.3949999999999997402, 0.001000000000000006960 ) ) ;
#4837 = ADVANCED_FACE ( 'NONE', ( #4722 ), #1323, .T. ) ;
#4838 = PRESENTATION_LAYER_ASSIGNMENT (  '', '', ( #3567 ) ) ;
#4839 = FACE_OUTER_BOUND ( 'NONE', #3984, .T. ) ;
#4840 = CARTESIAN_POINT ( 'NONE',  ( -0.8000000000000002665, -0.1499999999999999667, 0.000000000000000000 ) ) ;
#4841 = VERTEX_POINT ( 'NONE', #1298 ) ;
#4842 =( NAMED_UNIT ( * ) PLANE_ANGLE_UNIT ( ) SI_UNIT ( $, .RADIAN. ) );
#4843 = ORIENTED_EDGE ( 'NONE', *, *, #1972, .F. ) ;
#4844 = CIRCLE ( 'NONE', #4692, 0.02000000000000005246 ) ;
#4845 = SURFACE_SIDE_STYLE ('',( #4080 ) ) ;
#4846 = VERTEX_POINT ( 'NONE', #2429 ) ;
#4847 = DIRECTION ( 'NONE',  ( 0.000000000000000000, 0.000000000000000000, 1.000000000000000000 ) ) ;
#4848 = FILL_AREA_STYLE ('',( #4462 ) ) ;
#4849 = DIRECTION ( 'NONE',  ( -1.000000000000000000, -8.896017825522090571E-17, 0.000000000000000000 ) ) ;
#4850 = EDGE_LOOP ( 'NONE', ( #546, #1739, #1154, #3796, #1314, #189 ) ) ;
#4851 = DIRECTION ( 'NONE',  ( -1.000000000000000000, -7.116814260417670485E-16, 0.000000000000000000 ) ) ;
#4852 = STYLED_ITEM ( 'NONE', ( #1877 ), #3592 ) ;
#4853 = DIRECTION ( 'NONE',  ( -1.000000000000000000, -8.896017825522090571E-17, 0.000000000000000000 ) ) ;
#4854 =( LENGTH_UNIT ( ) NAMED_UNIT ( * ) SI_UNIT ( .MILLI., .METRE. ) );
#4855 = DIRECTION ( 'NONE',  ( 1.000000000000000000, 0.000000000000000000, 0.000000000000000000 ) ) ;
#4856 = ORIENTED_EDGE ( 'NONE', *, *, #1235, .T. ) ;
#4857 = COLOUR_RGB ( '',1.000000000000000000, 1.000000000000000000, 1.000000000000000000 ) ;
#4858 = MECHANICAL_DESIGN_GEOMETRIC_PRESENTATION_REPRESENTATION (  '', ( #4068 ), #1193 ) ;
#4859 = PRESENTATION_LAYER_ASSIGNMENT (  '', '', ( #2196 ) ) ;
#4860 = CARTESIAN_POINT ( 'NONE',  ( 0.3899999999999995692, 0.3949999999999998512, 0.6940000000000001723 ) ) ;
#4861 = ORIENTED_EDGE ( 'NONE', *, *, #60, .F. ) ;
#4862 = DIRECTION ( 'NONE',  ( -1.779203565104420086E-16, 1.000000000000000000, 0.000000000000000000 ) ) ;
#4863 = PRESENTATION_LAYER_ASSIGNMENT (  '', '', ( #4475 ) ) ;
#4864 = EDGE_CURVE ( 'NONE', #1480, #3849, #2813, .T. ) ;
#4865 = ADVANCED_FACE ( 'NONE', ( #4359 ), #3620, .T. ) ;
#4866 = ORIENTED_EDGE ( 'NONE', *, *, #266, .F. ) ;
#4867 = CARTESIAN_POINT ( 'NONE',  ( -0.8000000000000000444, -0.07500000000000021927, 0.6940000000000001723 ) ) ;
#4868 = EDGE_CURVE ( 'NONE', #2883, #476, #1119, .T. ) ;
#4869 = CARTESIAN_POINT ( 'NONE',  ( -0.7999999999999989342, 0.3917157287525370180, 0.003071067811865685598 ) ) ;
#4870 = EDGE_CURVE ( 'NONE', #2001, #1304, #615, .T. ) ;
#4871 = ORIENTED_EDGE ( 'NONE', *, *, #4773, .T. ) ;
#4872 = CARTESIAN_POINT ( 'NONE',  ( -0.7949999999999998179, -0.3799999999999989497, 0.6990000000000002878 ) ) ;
#4873 =( LENGTH_UNIT ( ) NAMED_UNIT ( * ) SI_UNIT ( .MILLI., .METRE. ) );
#4874 =( NAMED_UNIT ( * ) PLANE_ANGLE_UNIT ( ) SI_UNIT ( $, .RADIAN. ) );
#4875 = ORIENTED_EDGE ( 'NONE', *, *, #3870, .T. ) ;
#4876 = CARTESIAN_POINT ( 'NONE',  ( 0.6000000000000003109, -0.1449999999999998790, 0.000000000000000000 ) ) ;
#4877 = DIRECTION ( 'NONE',  ( -3.652049423109069799E-16, 1.000000000000000000, -0.000000000000000000 ) ) ;
#4878 =( LENGTH_UNIT ( ) NAMED_UNIT ( * ) SI_UNIT ( .MILLI., .METRE. ) );
#4879 = PRESENTATION_LAYER_ASSIGNMENT (  '', '', ( #478 ) ) ;
#4880 = EDGE_LOOP ( 'NONE', ( #1563, #3807, #2136, #2025, #1555, #3734 ) ) ;
#4881 = UNCERTAINTY_MEASURE_WITH_UNIT (LENGTH_MEASURE( 1.000000000000000082E-05 ), #4478, 'distance_accuracy_value', 'NONE');
#4882 =( NAMED_UNIT ( * ) SI_UNIT ( $, .STERADIAN. ) SOLID_ANGLE_UNIT ( ) );
#4883 = DIRECTION ( 'NONE',  ( 0.000000000000000000, 0.000000000000000000, -1.000000000000000000 ) ) ;
#4884 = CARTESIAN_POINT ( 'NONE',  ( -0.3499999999999995892, 3.469446951953609875E-17, 0.6990000000000005098 ) ) ;
#4885 = VECTOR ( 'NONE', #4556, 1000.000000000000000 ) ;
#4886 = ORIENTED_EDGE ( 'NONE', *, *, #3185, .F. ) ;
#4887 = FACE_OUTER_BOUND ( 'NONE', #3743, .T. ) ;
#4888 = COLOUR_RGB ( '',0.7490196078431372584, 0.7490196078431372584, 0.7490196078431372584 ) ;
#4889 = LINE ( 'NONE', #4917, #4621 ) ;
#4890 = PRESENTATION_STYLE_ASSIGNMENT (( #3029 ) ) ;
#4891 = PRESENTATION_LAYER_ASSIGNMENT (  '', '', ( #3616 ) ) ;
#4892 = ORIENTED_EDGE ( 'NONE', *, *, #68, .F. ) ;
#4893 = DIRECTION ( 'NONE',  ( -0.000000000000000000, -0.000000000000000000, -1.000000000000000000 ) ) ;
#4894 = CARTESIAN_POINT ( 'NONE',  ( -0.7999999999999990452, 0.3799999999999990608, 0.006000000000000002727 ) ) ;
#4895 = FACE_OUTER_BOUND ( 'NONE', #2414, .T. ) ;
#4896 = EDGE_CURVE ( 'NONE', #903, #677, #4124, .T. ) ;
#4897 = EDGE_CURVE ( 'NONE', #3412, #3189, #1426, .T. ) ;
#4898 = EDGE_LOOP ( 'NONE', ( #3445, #3646, #415, #2622 ) ) ;
#4899 = FACE_OUTER_BOUND ( 'NONE', #1474, .T. ) ;
#4900 = DIRECTION ( 'NONE',  ( -0.000000000000000000, -0.000000000000000000, -1.000000000000000000 ) ) ;
#4901 =( NAMED_UNIT ( * ) SI_UNIT ( $, .STERADIAN. ) SOLID_ANGLE_UNIT ( ) );
#4902 = DIRECTION ( 'NONE',  ( 0.000000000000000000, 1.000000000000000000, 0.000000000000000000 ) ) ;
#4903 = ORIENTED_EDGE ( 'NONE', *, *, #4503, .T. ) ;
#4904 =( LENGTH_UNIT ( ) NAMED_UNIT ( * ) SI_UNIT ( .MILLI., .METRE. ) );
#4905 = UNCERTAINTY_MEASURE_WITH_UNIT (LENGTH_MEASURE( 1.000000000000000082E-05 ), #3373, 'distance_accuracy_value', 'NONE');
#4906 =( GEOMETRIC_REPRESENTATION_CONTEXT ( 3 ) GLOBAL_UNCERTAINTY_ASSIGNED_CONTEXT ( ( #1272 ) ) GLOBAL_UNIT_ASSIGNED_CONTEXT ( ( #142, #4369, #212 ) ) REPRESENTATION_CONTEXT ( 'NONE', 'WORKASPACE' ) );
#4907 =( GEOMETRIC_REPRESENTATION_CONTEXT ( 3 ) GLOBAL_UNCERTAINTY_ASSIGNED_CONTEXT ( ( #1260 ) ) GLOBAL_UNIT_ASSIGNED_CONTEXT ( ( #2504, #4509, #646 ) ) REPRESENTATION_CONTEXT ( 'NONE', 'WORKASPACE' ) );
#4908 = CARTESIAN_POINT ( 'NONE',  ( -0.3449999999999991962, 0.2000000000000000944, 0.000000000000000000 ) ) ;
#4909 = EDGE_LOOP ( 'NONE', ( #2887, #527, #3105, #4177 ) ) ;
#4910 = MECHANICAL_DESIGN_GEOMETRIC_PRESENTATION_REPRESENTATION (  '', ( #2157 ), #255 ) ;
#4911 = SURFACE_STYLE_USAGE ( .BOTH. , #4092 ) ;
#4912 = AXIS2_PLACEMENT_3D ( 'NONE', #3535, #1611, #469 ) ;
#4913 = ORIENTED_EDGE ( 'NONE', *, *, #267, .F. ) ;
#4914 = CARTESIAN_POINT ( 'NONE',  ( -0.7799999999999990274, 0.3999999999999988565, 0.6940000000000001723 ) ) ;
#4915 = CARTESIAN_POINT ( 'NONE',  ( -0.7950000000000000400, 0.1499999999999999667, 0.004999999999999989696 ) ) ;
#4916 = EDGE_LOOP ( 'NONE', ( #1423, #1453, #2786, #2879, #2676, #4843 ) ) ;
#4917 = CARTESIAN_POINT ( 'NONE',  ( 0.7799999999999991385, -0.3999999999999989120, 0.000000000000000000 ) ) ;
#4918 = LINE ( 'NONE', #1477, #1929 ) ;
#4919 =( NAMED_UNIT ( * ) SI_UNIT ( $, .STERADIAN. ) SOLID_ANGLE_UNIT ( ) );
#4920 = EDGE_LOOP ( 'NONE', ( #1419, #1652, #3578, #2592 ) ) ;
#4921 = CIRCLE ( 'NONE', #682, 0.005000000000000066891 ) ;
#4922 = CARTESIAN_POINT ( 'NONE',  ( -0.7799999999999989164, 0.3979289321881337438, 0.001000000000000267168 ) ) ;
#4923 = FILL_AREA_STYLE_COLOUR ( '', #1945 ) ;
#4924 = ORIENTED_EDGE ( 'NONE', *, *, #2620, .F. ) ;
#4925 = CARTESIAN_POINT ( 'NONE',  ( 0.6000000000000003109, -0.1449999999999998790, 0.000000000000000000 ) ) ;
#4926 = VECTOR ( 'NONE', #1178, 1000.000000000000000 ) ;
#4927 = FILL_AREA_STYLE_COLOUR ( '', #3656 ) ;
#4928 = EDGE_CURVE ( 'NONE', #968, #1102, #1436, .T. ) ;
#4929 = FACE_OUTER_BOUND ( 'NONE', #3390, .T. ) ;
#4930 = CARTESIAN_POINT ( 'NONE',  ( -0.3449999999999991962, 0.2050000000000001543, 0.000000000000000000 ) ) ;
#4931 = PRESENTATION_STYLE_ASSIGNMENT (( #3403 ) ) ;
#4932 = MECHANICAL_DESIGN_GEOMETRIC_PRESENTATION_REPRESENTATION (  '', ( #1482 ), #130 ) ;
#4933 = UNCERTAINTY_MEASURE_WITH_UNIT (LENGTH_MEASURE( 1.000000000000000082E-05 ), #3947, 'distance_accuracy_value', 'NONE');
#4934 =( GEOMETRIC_REPRESENTATION_CONTEXT ( 3 ) GLOBAL_UNCERTAINTY_ASSIGNED_CONTEXT ( ( #4881 ) ) GLOBAL_UNIT_ASSIGNED_CONTEXT ( ( #4478, #4051, #4076 ) ) REPRESENTATION_CONTEXT ( 'NONE', 'WORKASPACE' ) );
#4935 = CARTESIAN_POINT ( 'NONE',  ( -0.7949999999999999289, -0.1499999999999999667, 0.6949999999999988409 ) ) ;
#4936 = ORIENTED_EDGE ( 'NONE', *, *, #1164, .F. ) ;
#4937 =( NAMED_UNIT ( * ) SI_UNIT ( $, .STERADIAN. ) SOLID_ANGLE_UNIT ( ) );
#4938 = VECTOR ( 'NONE', #2875, 1000.000000000000000 ) ;
#4939 = AXIS2_PLACEMENT_3D ( 'NONE', #56, #396, #791 ) ;
#4940 = DIRECTION ( 'NONE',  ( 1.000000000000000000, 0.000000000000000000, 0.000000000000000000 ) ) ;
#4941 = DIRECTION ( 'NONE',  ( -0.000000000000000000, -1.000000000000000000, -0.000000000000000000 ) ) ;
#4942 = VERTEX_POINT ( 'NONE', #2214 ) ;
#4943 = DIRECTION ( 'NONE',  ( -0.000000000000000000, 0.000000000000000000, 1.000000000000000000 ) ) ;
#4944 = DIRECTION ( 'NONE',  ( 1.000000000000000000, 8.896017825522090571E-17, -0.000000000000000000 ) ) ;
#4945 = STYLED_ITEM ( 'NONE', ( #1212 ), #4082 ) ;
#4946 = PRESENTATION_LAYER_ASSIGNMENT (  '', '', ( #2116 ) ) ;
#4947 = ORIENTED_EDGE ( 'NONE', *, *, #2059, .T. ) ;
#4948 =( GEOMETRIC_REPRESENTATION_CONTEXT ( 3 ) GLOBAL_UNCERTAINTY_ASSIGNED_CONTEXT ( ( #59 ) ) GLOBAL_UNIT_ASSIGNED_CONTEXT ( ( #4780, #4415, #2552 ) ) REPRESENTATION_CONTEXT ( 'NONE', 'WORKASPACE' ) );
#4949 = DIRECTION ( 'NONE',  ( 1.000000000000000000, 0.000000000000000000, 0.000000000000000000 ) ) ;
#4950 = CARTESIAN_POINT ( 'NONE',  ( -0.7887867965644028700, 0.3949999999999994071, 0.001000000000000013248 ) ) ;
#4951 = CARTESIAN_POINT ( 'NONE',  ( -0.3499999999999995892, 0.1499999999999999667, 0.6990000000000005098 ) ) ;
#4952 = FACE_OUTER_BOUND ( 'NONE', #2376, .T. ) ;
#4953 = ORIENTED_EDGE ( 'NONE', *, *, #201, .F. ) ;
#4954 = DIRECTION ( 'NONE',  ( 1.000000000000000000, 0.000000000000000000, 0.000000000000000000 ) ) ;
#4955 = CARTESIAN_POINT ( 'NONE',  ( 0.3499999999999995337, -0.4000000000000001332, 0.6949999999999988409 ) ) ;
#4956 = EDGE_CURVE ( 'NONE', #2613, #695, #2529, .T. ) ;
#4957 = NEXT_ASSEMBLY_USAGE_OCCURRENCE ( 'NAUO1', ' ', ' ', #3427, #228, $ ) ;
#4958 = NEXT_ASSEMBLY_USAGE_OCCURRENCE ( 'NAUO2', ' ', ' ', #3427, #3865, $ ) ;
#4959 = NEXT_ASSEMBLY_USAGE_OCCURRENCE ( 'NAUO3', ' ', ' ', #3427, #3492, $ ) ;
ENDSEC;
END-ISO-10303-21;
