ISO-10303-21;
HEADER;
FILE_DESCRIPTION (( 'STEP AP214' ),
    '1' );
FILE_NAME ('ANT-916-HETH.STEP',
    '2020-10-29T18:45:32',
    ( '' ),
    ( '' ),
    'SwSTEP 2.0',
    'SolidWorks 2017',
    '' );
FILE_SCHEMA (( 'AUTOMOTIVE_DESIGN' ));
ENDSEC;

DATA;
#1 =( CONVERSION_BASED_UNIT ( 'INCH', #1826 ) LENGTH_UNIT ( ) NAMED_UNIT ( #1881 ) );
#2 = CARTESIAN_POINT ( 'NONE',  ( -0.2456529402499999200, 0.02746034304671072400, -0.05899263061001650700 ) ) ;
#3 = CARTESIAN_POINT ( 'NONE',  ( 0.2904411767499999700, 0.2595102388117089300, 0.1181461024357783200 ) ) ;
#4 = DIRECTION ( 'NONE',  ( 0.0000000000000000000, 0.0000000000000000000, -1.000000000000000000 ) ) ;
#5 = CARTESIAN_POINT ( 'NONE',  ( 0.02573529474999994600, 0.3658468619069402100, -0.08117165482610963500 ) ) ;
#6 = CARTESIAN_POINT ( 'NONE',  ( 0.4117647059999999800, 0.2658470287920792800, -0.1118904821689497100 ) ) ;
#7 = CARTESIAN_POINT ( 'NONE',  ( -0.3669764694999998500, 0.3440506300445015900, -0.1095770572215696700 ) ) ;
#8 = CARTESIAN_POINT ( 'NONE',  ( -0.5324176457499998300, 0.08023965940209511200, 0.1379824596170297100 ) ) ;
#9 = CARTESIAN_POINT ( 'NONE',  ( -0.2015352932499999400, 0.03664719567721780300, 0.08117165482610964900 ) ) ;
#10 = CARTESIAN_POINT ( 'NONE',  ( -0.01838235225000000800, 0.3750337145374472700, 0.05899263061001652800 ) ) ;
#11 = CARTESIAN_POINT ( 'NONE',  ( -0.3933823517500000300, 0.3392294884091087100, 0.1210073693899839100 ) ) ;
#12 = CARTESIAN_POINT ( 'NONE',  ( 0.2573529414999999900, 0.1843830447572482600, 0.1280946760894966200 ) ) ;
#13 = CARTESIAN_POINT ( 'NONE',  ( 0.2904411767499999700, 0.2595102388117089300, 0.1181461024357783200 ) ) ;
#14 = EDGE_CURVE ( 'NONE', #1251, #491, #414, .T. ) ;
#15 = CARTESIAN_POINT ( 'NONE',  ( 0.3853588237499997500, 0.3259872498937546600, 0.04234359930452300000 ) ) ;
#16 = APPLICATION_CONTEXT ( 'automotive_design' ) ;
#17 = CARTESIAN_POINT ( 'NONE',  ( -0.1132999992499998700, 0.2595102388117089300, 0.1181461024357783500 ) ) ;
#18 = CARTESIAN_POINT ( 'NONE',  ( 0.03241764774999982000, 0.3750337145374472700, 0.05899263061001652800 ) ) ;
#19 = CARTESIAN_POINT ( 'NONE',  ( 0.3786764707499999900, 0.3193931312278573400, -0.05826321001962992500 ) ) ;
#20 = TOROIDAL_SURFACE ( 'NONE', #1621, 0.03937007874015723700, 0.02539999999999991600 ) ;
#21 = CARTESIAN_POINT ( 'NONE',  ( 0.02573529474999994300, 0.3658468619069402700, -0.08117165482610963500 ) ) ;
#22 = CARTESIAN_POINT ( 'NONE',  ( 0.2463235297499999600, 0.1589034294875560100, 0.1247402211016756500 ) ) ;
#23 = CARTESIAN_POINT ( 'NONE',  ( -0.05815294049999986100, 0.3797071038393650100, 0.02349471459960946600 ) ) ;
#24 = VERTEX_POINT ( 'NONE', #793 ) ;
#25 = CARTESIAN_POINT ( 'NONE',  ( -0.4044117635000000200, 0.2798990054200058400, 0.1025012515656278800 ) ) ;
#26 = ORIENTED_EDGE ( 'NONE', *, *, #185, .T. ) ;
#27 = CARTESIAN_POINT ( 'NONE',  ( 0.1978588239999998200, 0.04536245611088003000, -0.09000000000000023300 ) ) ;
#28 = CARTESIAN_POINT ( 'NONE',  ( 0.1580882357499999700, 0.07650680769040334200, -0.04234359930452300700 ) ) ;
#29 = CARTESIAN_POINT ( 'NONE',  ( 0.2022058827499999800, 0.08310092635630070300, 0.05826321001962992500 ) ) ;
#30 = CARTESIAN_POINT ( 'NONE',  ( -0.1948529402500000500, 0.07650680769040334200, -0.04234359930452300000 ) ) ;
#31 = CARTESIAN_POINT ( 'NONE',  ( -0.1617647050000000900, 0.07644941203553105900, 0.03343942062724568300 ) ) ;
#32 = CARTESIAN_POINT ( 'NONE',  ( -0.04044117575000006500, 0.3002877720283028100, 0.08685640069547746800 ) ) ;
#33 = CARTESIAN_POINT ( 'NONE',  ( -0.3823529400000000300, 0.3571316014732779900, 0.09000000000000021900 ) ) ;
#34 = CARTESIAN_POINT ( 'NONE',  ( -0.4705882340000000500, 0.1112470287920788200, 0.1558845726811989900 ) ) ;
#35 = CARTESIAN_POINT ( 'NONE',  ( -0.2677117637499998900, 0.1022062855558552600, -0.08685640069547748100 ) ) ;
#36 = CARTESIAN_POINT ( 'NONE',  ( -0.2322882342500002800, 0.2602396594020955400, -0.1737866857453682400 ) ) ;
#37 = CARTESIAN_POINT ( 'NONE',  ( 0.4271411765000001600, 0.1225950521641522300, -0.1025012515656279100 ) ) ;
#38 = CARTESIAN_POINT ( 'NONE',  ( 0.2837588237500001100, 0.3259872498937546600, 0.04234359930452300000 ) ) ;
#39 = CARTESIAN_POINT ( 'NONE',  ( -0.4264705870000001200, 0.2478344569105326300, 0.1738666487320324500 ) ) ;
#40 = LINE ( 'NONE', #67, #1117 ) ;
#41 = CARTESIAN_POINT ( 'NONE',  ( -0.1991999990000001600, 0.1546596006736254100, -0.1738666487320325000 ) ) ;
#42 = CARTESIAN_POINT ( 'NONE',  ( -0.3602941165000000400, 0.3293417048815756000, 0.01686398403483079300 ) ) ;
#43 = ORIENTED_EDGE ( 'NONE', *, *, #951, .F. ) ;
#44 = CARTESIAN_POINT ( 'NONE',  ( -0.3382352930000000500, 0.3260446455486270000, -0.03343942062724567600 ) ) ;
#45 = CARTESIAN_POINT ( 'NONE',  ( -0.2499999990000000000, 0.1678076081648333400, -0.1247976167565479800 ) ) ;
#46 = CARTESIAN_POINT ( 'NONE',  ( -0.3492647047500002100, 0.3326961598693966000, -0.008615631234861427500 ) ) ;
#47 = CARTESIAN_POINT ( 'NONE',  ( 0.05447647124999980400, 0.3843804931412827000, -0.01200320141079756400 ) ) ;
#48 = CARTESIAN_POINT ( 'NONE',  ( -0.2389705872500000100, 0.1429838187724491200, -0.1181461024357783600 ) ) ;
#49 = CARTESIAN_POINT ( 'NONE',  ( -0.4552117634999998100, 0.3108240860136487500, 0.1428036012524225300 ) ) ;
#50 = CARTESIAN_POINT ( 'NONE',  ( 0.1139705887500000000, 0.1429838187724491200, -0.1181461024357783600 ) ) ;
#51 = CARTESIAN_POINT ( 'NONE',  ( 0.2727294120000001700, 0.3571316014732780500, 0.09000000000000023300 ) ) ;
#52 = CARTESIAN_POINT ( 'NONE',  ( 0.3853588237499997500, 0.3259872498937546600, 0.04234359930452300000 ) ) ;
#53 = CARTESIAN_POINT ( 'NONE',  ( -0.1109647050000002500, 0.02738038006004655000, 0.04658742811845360800 ) ) ;
#54 = CARTESIAN_POINT ( 'NONE',  ( 0.2132352944999999800, 0.09874577722645107300, 0.07865197662792676500 ) ) ;
#55 = DIRECTION ( 'NONE',  ( -1.000000000000000000, -0.0000000000000000000, -0.0000000000000000000 ) ) ;
#56 = CARTESIAN_POINT ( 'NONE',  ( 0.1955235297500001200, 0.1422543981820625100, 0.1737866857453682400 ) ) ;
#57 = CARTESIAN_POINT ( 'NONE',  ( 0.06550588299999979300, 0.3751136775241114000, -0.04658742811845360100 ) ) ;
#58 = CARTESIAN_POINT ( 'NONE',  ( 0.1844941180000001200, 0.1366470287920787700, 0.1118904821689497100 ) ) ;
#59 = CARTESIAN_POINT ( 'NONE',  ( -0.2941176460000001200, 0.2912470287920792500, -0.1558845726811989900 ) ) ;
#60 = CARTESIAN_POINT ( 'NONE',  ( -0.4705882340000000500, 0.1366470287920788000, 0.1118904821689497000 ) ) ;
#61 = CYLINDRICAL_SURFACE ( 'NONE', #1930, 0.02539999999999991600 ) ;
#62 = ORIENTED_EDGE ( 'NONE', *, *, #557, .T. ) ;
#63 = CARTESIAN_POINT ( 'NONE',  ( -0.1219941167500001900, 0.01811356444287530800, 0.01200320141079755500 ) ) ;
#64 = ORIENTED_EDGE ( 'NONE', *, *, #951, .T. ) ;
#65 = CARTESIAN_POINT ( 'NONE',  ( 0.1293470592500001200, 0.06979789771476145600, 0.008615631234861408400 ) ) ;
#66 = CARTESIAN_POINT ( 'NONE',  ( 0.06317058875000015900, 0.1429838187724491200, -0.1181461024357783500 ) ) ;
#67 = CARTESIAN_POINT ( 'NONE',  ( -0.4999789097947556800, 3.199893600148757000E-010, -0.02539999999999968700 ) ) ;
#68 = CARTESIAN_POINT ( 'NONE',  ( -0.2102294107500001200, 0.1926313975572175600, -0.1314491310773175900 ) ) ;
#69 = CARTESIAN_POINT ( 'NONE',  ( 0.4448529412499999700, 0.1926313975572175900, -0.1314491310773175700 ) ) ;
#70 = CARTESIAN_POINT ( 'NONE',  ( -0.4308176457500001400, 0.08023965940209511200, 0.1379824596170297100 ) ) ;
#71 = CARTESIAN_POINT ( 'NONE',  ( -0.06918235224999984300, 0.3259872498937546600, 0.04234359930452300000 ) ) ;
#72 = CARTESIAN_POINT ( 'NONE',  ( -0.4926470575000000400, 0.05844342753965643000, 0.1095770572215695900 ) ) ;
#73 = CARTESIAN_POINT ( 'NONE',  ( 0.5000000000000000000, 0.03409548833796975700, -0.01968503937007888900 ) ) ;
#74 = CARTESIAN_POINT ( 'NONE',  ( -0.3602941165000000400, 0.3293417048815756000, 0.01686398403483079300 ) ) ;
#75 = CARTESIAN_POINT ( 'NONE',  ( -0.3094941165000001900, 0.3293417048815756600, 0.01686398403483080000 ) ) ;
#76 = CARTESIAN_POINT ( 'NONE',  ( -0.3713235282500000300, 0.3259872498937547200, 0.04234359930452301400 ) ) ;
#77 = CARTESIAN_POINT ( 'NONE',  ( -0.4999789097947556800, 0.04536245627087470700, 0.09000000027711911600 ) ) ;
#78 = CARTESIAN_POINT ( 'NONE',  ( 0.5000000000000000000, 0.04536245611088002300, -0.09000000000000024600 ) ) ;
#79 = CARTESIAN_POINT ( 'NONE',  ( 0.3897058824999999300, 0.3440506300445015400, -0.1095770572215696400 ) ) ;
#80 = CARTESIAN_POINT ( 'NONE',  ( -0.04478823450000016200, 0.1843830447572482600, 0.1280946760894966200 ) ) ;
#81 = CARTESIAN_POINT ( 'NONE',  ( 0.4889705882499999500, 0.1022062855558552700, -0.08685640069547746800 ) ) ;
#82 = DIRECTION ( 'NONE',  ( 1.000000000000000000, 0.0000000000000000000, 0.0000000000000000000 ) ) ;
#83 = CARTESIAN_POINT ( 'NONE',  ( 0.06317058875000015900, 0.1200753739659694000, -0.1645998331148611500 ) ) ;
#84 = CARTESIAN_POINT ( 'NONE',  ( 0.3566176472500000000, 0.3843804931412826400, -0.01200320141079756600 ) ) ;
#85 = FACE_OUTER_BOUND ( 'NONE', #722, .T. ) ;
#86 = CARTESIAN_POINT ( 'NONE',  ( -0.2543470577500002200, 0.2881034294875564600, -0.09904074323622373600 ) ) ;
#87 = DIRECTION ( 'NONE',  ( 0.0000000000000000000, 1.000000000000000000, 0.0000000000000000000 ) ) ;
#88 = CARTESIAN_POINT ( 'NONE',  ( 0.3345588237500000100, 0.3750337145374472700, 0.05899263061001652800 ) ) ;
#89 = CARTESIAN_POINT ( 'NONE',  ( 0.1096235299999998300, 0.2658470287920792800, -0.1118904821689497100 ) ) ;
#90 = CARTESIAN_POINT ( 'NONE',  ( 0.2132352944999999800, 0.05844342753965643000, 0.1095770572215695900 ) ) ;
#91 = CARTESIAN_POINT ( 'NONE',  ( 0.1470588239999999800, 0.08935654662312932100, -0.06460000000000026800 ) ) ;
#92 = CARTESIAN_POINT ( 'NONE',  ( 0.02138823599999976900, 0.3131375109610287600, 0.06460000000000024100 ) ) ;
#93 = CARTESIAN_POINT ( 'NONE',  ( -0.0006705875000002112100, 0.2798990054200059000, 0.1025012515656278700 ) ) ;
#94 = CARTESIAN_POINT ( 'NONE',  ( 0.2022058827499999800, 0.03664719567721784500, 0.08117165482610963500 ) ) ;
#95 = CARTESIAN_POINT ( 'NONE',  ( 0.01035882424999977500, 0.3002877720283027000, 0.08685640069547744000 ) ) ;
#96 = CARTESIAN_POINT ( 'NONE',  ( 0.2683823532499999800, 0.2132502302028765900, 0.1831334643492036900 ) ) ;
#97 = CARTESIAN_POINT ( 'NONE',  ( -0.3977294105000002700, 0.1843830447572482600, 0.1280946760894966200 ) ) ;
#98 = CARTESIAN_POINT ( 'NONE',  ( -0.4197882340000003200, 0.1366470287920787700, 0.1118904821689497100 ) ) ;
#99 = VECTOR ( 'NONE', #367, 39.37007874015748900 ) ;
#100 = CARTESIAN_POINT ( 'NONE',  ( 0.4227941177499999800, 0.2435906280966020600, -0.1247402211016756700 ) ) ;
#101 = EDGE_LOOP ( 'NONE', ( #1855, #907, #1733, #1706 ) ) ;
#102 = EDGE_CURVE ( 'NONE', #580, #491, #488, .T. ) ;
#103 = CARTESIAN_POINT ( 'NONE',  ( 0.4558823529999999600, 0.1546596006736254100, -0.1738666487320325000 ) ) ;
#104 = CARTESIAN_POINT ( 'NONE',  ( -0.06684705800000015400, 0.1366470287920787700, 0.1118904821689497100 ) ) ;
#105 = CARTESIAN_POINT ( 'NONE',  ( -0.5253789097947555400, 0.07311831448215666600, 0.07397514800654073100 ) ) ;
#106 = CARTESIAN_POINT ( 'NONE',  ( -0.4999789097947556800, -0.2699999996800107000, 2.603792618961250900E-016 ) ) ;
#107 = CARTESIAN_POINT ( 'NONE',  ( 0.2352941179999999700, 0.1112470287920788200, 0.1558845726811989900 ) ) ;
#108 = CARTESIAN_POINT ( 'NONE',  ( 0.1758000004999998000, 0.09166997157050937900, -0.1428036012524225300 ) ) ;
#109 = DIRECTION ( 'NONE',  ( 0.0000000000000000000, -2.069787590109177900E-009, -1.000000000000000000 ) ) ;
#110 = CARTESIAN_POINT ( 'NONE',  ( -0.4662411752499998100, 0.2595102388117089300, 0.1181461024357783500 ) ) ;
#111 = EDGE_CURVE ( 'NONE', #1251, #24, #842, .T. ) ;
#112 = CARTESIAN_POINT ( 'NONE',  ( 0.06985294174999996700, 0.2602396594020955900, -0.1737866857453682400 ) ) ;
#113 = CARTESIAN_POINT ( 'NONE',  ( 0.04779411825000000300, 0.2881034294875564600, -0.09904074323622374900 ) ) ;
#114 =( LENGTH_UNIT ( ) NAMED_UNIT ( * ) SI_UNIT ( $, .METRE. ) );
#115 = CARTESIAN_POINT ( 'NONE',  ( 0.1580882357499999700, 0.02746034304671076500, -0.05899263061001651400 ) ) ;
#116 = CARTESIAN_POINT ( 'NONE',  ( 0.5287411764999998500, 0.09166997157050937900, -0.1428036012524225300 ) ) ;
#117 = CARTESIAN_POINT ( 'NONE',  ( -0.1286764697499999900, 0.08023965940209512600, 0.1379824596170297100 ) ) ;
#118 = CARTESIAN_POINT ( 'NONE',  ( -0.3823529400000000300, 0.3571316014732779900, 0.09000000000000021900 ) ) ;
#119 = CARTESIAN_POINT ( 'NONE',  ( 0.4405058824999999500, 0.3440506300445015900, -0.1095770572215696600 ) ) ;
#120 = DIRECTION ( 'NONE',  ( 0.0000000000000000000, 0.5000000000000014400, -0.8660254037844378200 ) ) ;
#121 = CIRCLE ( 'NONE', #994, 0.02539999999999991600 ) ;
#122 = COLOUR_RGB ( '',1.000000000000000000, 0.8117647058823529400, 0.5019607843137254800 ) ;
#123 = ORIENTED_EDGE ( 'NONE', *, *, #302, .T. ) ;
#124 = CARTESIAN_POINT ( 'NONE',  ( -0.4993294104999999000, 0.1843830447572482600, 0.1280946760894966200 ) ) ;
#125 = CARTESIAN_POINT ( 'NONE',  ( 0.1647705887499998600, 0.1429838187724491200, -0.1181461024357783500 ) ) ;
#126 = CARTESIAN_POINT ( 'NONE',  ( -0.1948529402500000200, 0.02746034304671076500, -0.05899263061001650700 ) ) ;
#127 = CARTESIAN_POINT ( 'NONE',  ( 0.4074176472499997900, 0.3843804931412827000, -0.01200320141079756400 ) ) ;
#128 = CARTESIAN_POINT ( 'NONE',  ( -0.5132373709273429000, 0.04773314592327601600, 0.08863128190743455000 ) ) ;
#129 = CARTESIAN_POINT ( 'NONE',  ( 0.4117647059999999800, 0.2658470287920792800, -0.1118904821689497100 ) ) ;
#130 = CARTESIAN_POINT ( 'NONE',  ( -0.1838235285000000600, 0.02278695374479301800, -0.02349471459960939700 ) ) ;
#131 = CARTESIAN_POINT ( 'NONE',  ( -0.3492647047500001500, 0.3326961598693966000, -0.008615631234861425800 ) ) ;
#132 = CARTESIAN_POINT ( 'NONE',  ( 0.3633000002499997500, 0.3392294884091086600, 0.1210073693899838800 ) ) ;
#133 = CARTESIAN_POINT ( 'NONE',  ( 0.3676470590000000000, 0.3260446455486270000, -0.03343942062724567600 ) ) ;
#134 = CARTESIAN_POINT ( 'NONE',  ( -0.2787411754999998300, 0.09166997157050933700, -0.1428036012524225600 ) ) ;
#135 = CARTESIAN_POINT ( 'NONE',  ( 0.1911764710000000100, 0.07644941203553105900, 0.03343942062724568300 ) ) ;
#136 = CARTESIAN_POINT ( 'NONE',  ( -0.1353588227499998300, 0.2132502302028765900, 0.1831334643492037200 ) ) ;
#137 = CARTESIAN_POINT ( 'NONE',  ( 0.4184470589999997900, 0.3260446455486270000, -0.03343942062724566300 ) ) ;
#138 =( CONVERSION_BASED_UNIT ( 'INCH', #1829 ) LENGTH_UNIT ( ) NAMED_UNIT ( #1429 ) );
#139 = CARTESIAN_POINT ( 'NONE',  ( -0.1727941167500000600, 0.01811356444287531100, 0.01200320141079755700 ) ) ;
#140 = CARTESIAN_POINT ( 'NONE',  ( 0.02138823599999976900, 0.3571316014732779900, 0.09000000000000023300 ) ) ;
#141 = CARTESIAN_POINT ( 'NONE',  ( 0.5000000000000000000, 0.05609253359409439900, -0.006985039370078896500 ) ) ;
#142 = CARTESIAN_POINT ( 'NONE',  ( -0.1022705874999999000, 0.3108240860136487500, 0.1428036012524225300 ) ) ;
#143 = CARTESIAN_POINT ( 'NONE',  ( 0.2132352944999999800, 0.09874577722645107300, 0.07865197662792676500 ) ) ;
#144 = CYLINDRICAL_SURFACE ( 'NONE', #265, 0.02539999999999991600 ) ;
#145 = FACE_OUTER_BOUND ( 'NONE', #101, .T. ) ;
#146 = CARTESIAN_POINT ( 'NONE',  ( -0.03375882275000017400, 0.2132502302028765900, 0.1831334643492036300 ) ) ;
#147 = SURFACE_STYLE_FILL_AREA ( #434 ) ;
#148 = CARTESIAN_POINT ( 'NONE',  ( 0.2683823532499999800, 0.2098626600269404300, 0.1314491310773175400 ) ) ;
#149 = CARTESIAN_POINT ( 'NONE',  ( -0.4867204486621681800, 0.04773314592327602300, 0.08863128190743449500 ) ) ;
#150 = ADVANCED_FACE ( 'NONE', ( #1511 ), #177, .T. ) ;
#151 = CARTESIAN_POINT ( 'NONE',  ( 0.4007352942499999300, 0.2881034294875565200, -0.09904074323622373600 ) ) ;
#152 = CARTESIAN_POINT ( 'NONE',  ( -0.4374999987500001200, 0.2132502302028765900, 0.1831334643492036900 ) ) ;
#153 = CARTESIAN_POINT ( 'NONE',  ( 0.3940529412500001200, 0.1892438273812813200, -0.1831334643492037200 ) ) ;
#154 = CARTESIAN_POINT ( 'NONE',  ( -0.2566823519999998900, 0.08935654662312932100, -0.06460000000000026800 ) ) ;
#155 = CARTESIAN_POINT ( 'NONE',  ( -0.1109647050000002500, 0.02738038006004655000, 0.04658742811845360800 ) ) ;
#156 = CARTESIAN_POINT ( 'NONE',  ( 0.3743294119999998100, 0.3571316014732779900, 0.09000000000000023300 ) ) ;
#157 = CARTESIAN_POINT ( 'NONE',  ( -0.09124117574999986200, 0.3392294884091087700, 0.1210073693899839100 ) ) ;
#158 = CARTESIAN_POINT ( 'NONE',  ( -0.01838235225000001100, 0.3750337145374472700, 0.05899263061001652800 ) ) ;
#159 = CARTESIAN_POINT ( 'NONE',  ( 0.2352941179999999700, 0.1366470287920788000, 0.1118904821689497000 ) ) ;
#160 = CARTESIAN_POINT ( 'NONE',  ( -0.2125647049999999400, 0.02738038006004653600, 0.04658742811845363600 ) ) ;
#161 = CARTESIAN_POINT ( 'NONE',  ( -0.2389705872500000100, 0.1429838187724491200, -0.1181461024357783600 ) ) ;
#162 = CARTESIAN_POINT ( 'NONE',  ( -0.2830882342500001300, 0.2602396594020955900, -0.1737866857453682400 ) ) ;
#163 = CARTESIAN_POINT ( 'NONE',  ( -0.05147058750000004700, 0.2798990054200058400, 0.1025012515656278800 ) ) ;
#164 = CARTESIAN_POINT ( 'NONE',  ( -0.1022705874999999000, 0.2798990054200059000, 0.1025012515656278700 ) ) ;
#165 = CARTESIAN_POINT ( 'NONE',  ( -0.05581764625000022000, 0.1422543981820625100, 0.1737866857453682400 ) ) ;
#166 = CARTESIAN_POINT ( 'NONE',  ( 0.3633000002499997500, 0.3392294884091086600, 0.1210073693899838800 ) ) ;
#167 = CARTESIAN_POINT ( 'NONE',  ( -0.2610294107499999700, 0.1926313975572175900, -0.1314491310773175700 ) ) ;
#168 = ADVANCED_FACE ( 'NONE', ( #1799 ), #666, .T. ) ;
#169 = CARTESIAN_POINT ( 'NONE',  ( 0.06985294174999996700, 0.2435906280966020600, -0.1247402211016756700 ) ) ;
#170 = CARTESIAN_POINT ( 'NONE',  ( 0.3897058824999999300, 0.3037482803577069000, -0.07865197662792682000 ) ) ;
#171 = CARTESIAN_POINT ( 'NONE',  ( -0.1948529402500000500, 0.02746034304671076500, -0.05899263061001651400 ) ) ;
#172 = CARTESIAN_POINT ( 'NONE',  ( -0.2279411755000000400, 0.1225950521641522000, -0.1025012515656279200 ) ) ;
#173 = CARTESIAN_POINT ( 'NONE',  ( -0.2499999990000000000, 0.1678076081648333400, -0.1247976167565479800 ) ) ;
#174 = CARTESIAN_POINT ( 'NONE',  ( -0.2169117637500000400, 0.1022062855558552700, -0.08685640069547746800 ) ) ;
#175 = PRESENTATION_STYLE_ASSIGNMENT (( #957 ) ) ;
#176 = CARTESIAN_POINT ( 'NONE',  ( 0.3278764707500000900, 0.3193931312278572900, -0.05826321001962993200 ) ) ;
#177 = TOROIDAL_SURFACE ( 'NONE', #660, 0.03937007874015723700, 0.02539999999999991600 ) ;
#178 = CARTESIAN_POINT ( 'NONE',  ( -0.07352941100000003100, 0.2346864494193246800, 0.1247976167565479600 ) ) ;
#179 = CARTESIAN_POINT ( 'NONE',  ( -0.2720588224999999600, 0.2181110128269098400, -0.1280946760894966200 ) ) ;
#180 = EDGE_LOOP ( 'NONE', ( #788, #738, #1896, #884 ) ) ;
#181 = CARTESIAN_POINT ( 'NONE',  ( 0.02573529474999994600, 0.3193931312278573400, -0.05826321001962992500 ) ) ;
#182 = CARTESIAN_POINT ( 'NONE',  ( -0.3118294107499998100, 0.1926313975572175600, -0.1314491310773175900 ) ) ;
#183 = CARTESIAN_POINT ( 'NONE',  ( -0.4441823517499998200, 0.3392294884091087700, 0.1210073693899839100 ) ) ;
#184 = CARTESIAN_POINT ( 'NONE',  ( 0.2727294120000001700, 0.3131375109610287600, 0.06460000000000024100 ) ) ;
#185 = EDGE_CURVE ( 'NONE', #1222, #639, #563, .T. ) ;
#186 = CARTESIAN_POINT ( 'NONE',  ( -0.2058823520000000500, 0.08935654662312932100, -0.06460000000000026800 ) ) ;
#187 = CARTESIAN_POINT ( 'NONE',  ( 0.2947882355000001100, 0.3797071038393650100, 0.02349471459960946600 ) ) ;
#188 = CARTESIAN_POINT ( 'NONE',  ( -0.3823529400000000300, 0.3131375109610287600, 0.06460000000000022700 ) ) ;
#189 = CARTESIAN_POINT ( 'NONE',  ( -0.06684705800000015400, 0.1112470287920788200, 0.1558845726811989600 ) ) ;
#190 = CARTESIAN_POINT ( 'NONE',  ( -0.2279411755000000400, 0.09166997157050936500, -0.1428036012524225600 ) ) ;
#191 = DIRECTION ( 'NONE',  ( 0.0000000000000000000, 0.0000000000000000000, -1.000000000000000000 ) ) ;
#192 = CARTESIAN_POINT ( 'NONE',  ( -0.2830882342500001300, 0.2435906280966020600, -0.1247402211016756700 ) ) ;
#193 = CARTESIAN_POINT ( 'NONE',  ( 0.4515352942499997700, 0.2881034294875564600, -0.09904074323622373600 ) ) ;
#194 = CARTESIAN_POINT ( 'NONE',  ( -0.3602941165000000400, 0.3293417048815756000, 0.01686398403483079300 ) ) ;
#195 = CARTESIAN_POINT ( 'NONE',  ( -0.3449176459999999700, 0.2658470287920792800, -0.1118904821689497100 ) ) ;
#196 = CARTESIAN_POINT ( 'NONE',  ( -0.01169999925000020000, 0.2824186836181886700, 0.1645998331148611500 ) ) ;
#197 = CARTESIAN_POINT ( 'NONE',  ( -0.5324176457499998300, 0.08023965940209511200, 0.1379824596170297100 ) ) ;
#198 = CARTESIAN_POINT ( 'NONE',  ( 0.3014705884999999700, 0.2798990054200058400, 0.1025012515656278800 ) ) ;
#199 = CARTESIAN_POINT ( 'NONE',  ( -0.08455882275000001200, 0.2132502302028765900, 0.1831334643492036900 ) ) ;
#200 = PRESENTATION_LAYER_ASSIGNMENT (  '', '', ( #605 ) ) ;
#201 = CARTESIAN_POINT ( 'NONE',  ( 0.3522705884999998100, 0.2798990054200059000, 0.1025012515656278700 ) ) ;
#202 = CARTESIAN_POINT ( 'NONE',  ( -0.09558823450000000800, 0.1843830447572482600, 0.1280946760894966200 ) ) ;
#203 = FACE_OUTER_BOUND ( 'NONE', #1542, .T. ) ;
#204 = CARTESIAN_POINT ( 'NONE',  ( -0.3646411752500000600, 0.2824186836181886700, 0.1645998331148611500 ) ) ;
#205 = CARTESIAN_POINT ( 'NONE',  ( -0.02272941100000018900, 0.2478344569105326300, 0.1738666487320324200 ) ) ;
#206 = CARTESIAN_POINT ( 'NONE',  ( 0.1691176474999999700, 0.07315235270258238500, -0.01686398403483074100 ) ) ;
#207 = CARTESIAN_POINT ( 'NONE',  ( 0.1624352945000001600, 0.09874577722645105900, 0.07865197662792677800 ) ) ;
#208 = CIRCLE ( 'NONE', #785, 0.06477007874015713900 ) ;
#209 = DIRECTION ( 'NONE',  ( 0.0000000000000000000, 0.0000000000000000000, 1.000000000000000000 ) ) ;
#210 = CARTESIAN_POINT ( 'NONE',  ( -0.3205235282500001300, 0.3750337145374472700, 0.05899263061001652800 ) ) ;
#211 = CARTESIAN_POINT ( 'NONE',  ( -0.4374999987500001200, 0.2098626600269404300, 0.1314491310773175400 ) ) ;
#212 = DIRECTION ( 'NONE',  ( 0.0000000000000000000, 1.000000000000000000, 0.0000000000000000000 ) ) ;
#213 = CARTESIAN_POINT ( 'NONE',  ( 0.3455882355000000100, 0.3797071038393650100, 0.02349471459960947300 ) ) ;
#214 = CARTESIAN_POINT ( 'NONE',  ( -0.1440529402500002100, 0.02746034304671075800, -0.05899263061001650700 ) ) ;
#215 = CARTESIAN_POINT ( 'NONE',  ( 0.2286117650000001600, 0.2346864494193247100, 0.1247976167565479800 ) ) ;
#216 = CARTESIAN_POINT ( 'NONE',  ( -0.4374999987500001200, 0.2132502302028765900, 0.1831334643492036900 ) ) ;
#217 = CARTESIAN_POINT ( 'NONE',  ( -0.2433176460000002500, 0.2658470287920792800, -0.1118904821689497100 ) ) ;
#218 = APPLICATION_CONTEXT ( 'automotive_design' ) ;
#219 = CARTESIAN_POINT ( 'NONE',  ( 0.3676470590000000000, 0.3751136775241115100, -0.04658742811845360100 ) ) ;
#220 = CARTESIAN_POINT ( 'NONE',  ( 0.3566176472500000000, 0.3326961598693966000, -0.008615631234861427500 ) ) ;
#221 = CARTESIAN_POINT ( 'NONE',  ( -0.4816176457500000500, 0.1143906280966015800, 0.09904074323622373600 ) ) ;
#222 = CARTESIAN_POINT ( 'NONE',  ( 0.1647705887499998600, 0.1429838187724491200, -0.1181461024357783500 ) ) ;
#223 = ORIENTED_EDGE ( 'NONE', *, *, #1424, .T. ) ;
#224 = DIRECTION ( 'NONE',  ( 0.0000000000000000000, -0.5000000000000010000, -0.8660254037844380400 ) ) ;
#225 = EDGE_LOOP ( 'NONE', ( #1604, #1146, #1193, #1122 ) ) ;
#226 = DIRECTION ( 'NONE',  ( 0.0000000000000000000, 0.5000000000000014400, -0.8660254037844378200 ) ) ;
#227 = CARTESIAN_POINT ( 'NONE',  ( -0.4999789097947556800, -1.707404996040164500E-017, 0.03937007874015744500 ) ) ;
#228 = CARTESIAN_POINT ( 'NONE',  ( 0.2506705885000001800, 0.3108240860136487500, 0.1428036012524225300 ) ) ;
#229 = CARTESIAN_POINT ( 'NONE',  ( 0.3014705884999999700, 0.3108240860136486900, 0.1428036012524225300 ) ) ;
#230 = CARTESIAN_POINT ( 'NONE',  ( 0.1580882357499999700, 0.07650680769040334200, -0.04234359930452300000 ) ) ;
#231 = UNCERTAINTY_MEASURE_WITH_UNIT (LENGTH_MEASURE( 1.000000000000000100E-005 ), #138, 'distance_accuracy_value', 'NONE');
#232 = CARTESIAN_POINT ( 'NONE',  ( 0.3125000002500000200, 0.3392294884091087100, 0.1210073693899839000 ) ) ;
#233 = CARTESIAN_POINT ( 'NONE',  ( -0.01169999925000020000, 0.2595102388117089300, 0.1181461024357783500 ) ) ;
#234 = CARTESIAN_POINT ( 'NONE',  ( -0.02272941100000018900, 0.2346864494193247100, 0.1247976167565479800 ) ) ;
#235 = CARTESIAN_POINT ( 'NONE',  ( 0.2904411767499999700, 0.2824186836181886700, 0.1645998331148611800 ) ) ;
#236 = CARTESIAN_POINT ( 'NONE',  ( 0.08756470649999978400, 0.3037482803577069000, -0.07865197662792682000 ) ) ;
#237 = CARTESIAN_POINT ( 'NONE',  ( 0.4405058824999999500, 0.3037482803577069000, -0.07865197662792682000 ) ) ;
#238 = EDGE_CURVE ( 'NONE', #1222, #540, #208, .T. ) ;
#239 = CARTESIAN_POINT ( 'NONE',  ( 0.5000000000000000000, 0.04536245611088003700, -0.09000000000000023300 ) ) ;
#240 = CARTESIAN_POINT ( 'NONE',  ( 0.2022058827499999800, 0.08310092635630068900, 0.05826321001962992500 ) ) ;
#241 = TOROIDAL_SURFACE ( 'NONE', #980, 0.03937007874015719500, 0.02539999999999991600 ) ;
#242 = CARTESIAN_POINT ( 'NONE',  ( -0.3756705870000002800, 0.2346864494193247100, 0.1247976167565479800 ) ) ;
#243 = COLOUR_RGB ( '',1.000000000000000000, 0.8117647058823529400, 0.5019607843137254800 ) ;
#244 = CARTESIAN_POINT ( 'NONE',  ( 0.2022058827499999800, 0.03664719567721784500, 0.08117165482610963500 ) ) ;
#245 = CARTESIAN_POINT ( 'NONE',  ( 0.3235294120000000200, 0.3131375109610287600, 0.06460000000000022700 ) ) ;
#246 = CARTESIAN_POINT ( 'NONE',  ( -0.2015352932499999400, 0.08310092635630067500, 0.05826321001962993200 ) ) ;
#247 = CARTESIAN_POINT ( 'NONE',  ( 0.4625647059999998300, 0.2658470287920792800, -0.1118904821689497100 ) ) ;
#248 = CARTESIAN_POINT ( 'NONE',  ( 0.1470588239999999800, 0.04536245611088003700, -0.09000000000000023300 ) ) ;
#249 = CARTESIAN_POINT ( 'NONE',  ( 0.003676471249999968800, 0.3326961598693966000, -0.008615631234861427500 ) ) ;
#250 = CARTESIAN_POINT ( 'NONE',  ( -0.01169999925000020000, 0.2595102388117089300, 0.1181461024357783500 ) ) ;
#251 = CARTESIAN_POINT ( 'NONE',  ( -0.05147058750000004700, 0.2798990054200058400, 0.1025012515656278800 ) ) ;
#252 = DIRECTION ( 'NONE',  ( 0.0000000000000000000, -0.0000000000000000000, 1.000000000000000000 ) ) ;
#253 = DIRECTION ( 'NONE',  ( 0.0000000000000000000, -1.264744442920989300E-016, -1.000000000000000000 ) ) ;
#254 = CARTESIAN_POINT ( 'NONE',  ( 0.01905294175000013900, 0.2602396594020955400, -0.1737866857453682400 ) ) ;
#255 = CARTESIAN_POINT ( 'NONE',  ( 0.4405058824999999500, 0.3440506300445015900, -0.1095770572215696600 ) ) ;
#256 = CARTESIAN_POINT ( 'NONE',  ( -0.4221235282499998200, 0.3259872498937546600, 0.04234359930452300000 ) ) ;
#257 = CARTESIAN_POINT ( 'NONE',  ( 0.5177117647499998000, 0.1429838187724491200, -0.1181461024357783500 ) ) ;
#258 = CARTESIAN_POINT ( 'NONE',  ( 0.3676470590000000000, 0.3751136775241115100, -0.04658742811845360100 ) ) ;
#259 = CARTESIAN_POINT ( 'NONE',  ( -0.1219941167500001900, 0.06979789771476145600, 0.008615631234861408400 ) ) ;
#260 = DIRECTION ( 'NONE',  ( -1.000000000000000000, -0.0000000000000000000, -0.0000000000000000000 ) ) ;
#261 = CIRCLE ( 'NONE', #1265, 0.02539999999999991900 ) ;
#262 = PRODUCT_DEFINITION_CONTEXT ( 'detailed design', #218, 'design' ) ;
#263 = CARTESIAN_POINT ( 'NONE',  ( -0.5103588222499999500, 0.1589034294875559500, 0.1247402211016756200 ) ) ;
#264 = CARTESIAN_POINT ( 'NONE',  ( 0.4956529412499995900, 0.1926313975572175600, -0.1314491310773175900 ) ) ;
#265 = AXIS2_PLACEMENT_3D ( 'NONE', #900, #1055, #1842 ) ;
#266 = CARTESIAN_POINT ( 'NONE',  ( 0.2794117649999999800, 0.2478344569105326300, 0.1738666487320324500 ) ) ;
#267 = ORIENTED_EDGE ( 'NONE', *, *, #102, .F. ) ;
#268 = CARTESIAN_POINT ( 'NONE',  ( -0.1066176462500000600, 0.1589034294875560100, 0.1247402211016756500 ) ) ;
#269 = CARTESIAN_POINT ( 'NONE',  ( -0.4999789097947556800, -1.707404996040164500E-017, 0.03937007874015744500 ) ) ;
#270 = CARTESIAN_POINT ( 'NONE',  ( -0.4933292053446573000, 0.08935654675683768500, 0.06460000023158996000 ) ) ;
#271 = CARTESIAN_POINT ( 'NONE',  ( 0.5066823529999997500, 0.1546596006736254100, -0.1738666487320325000 ) ) ;
#272 = CARTESIAN_POINT ( 'NONE',  ( -0.3449176459999999700, 0.2658470287920792800, -0.1118904821689497100 ) ) ;
#273 = CARTESIAN_POINT ( 'NONE',  ( -0.3051470577500001200, 0.3222543981820629200, -0.1379824596170297300 ) ) ;
#274 = FILL_AREA_STYLE_COLOUR ( '', #243 ) ;
#275 = CARTESIAN_POINT ( 'NONE',  ( 0.04111176525000011900, 0.1892438273812813200, -0.1831334643492037200 ) ) ;
#276 = CARTESIAN_POINT ( 'NONE',  ( -0.2235941167499999000, 0.01811356444287527000, 0.01200320141079759000 ) ) ;
#277 = EDGE_CURVE ( 'NONE', #515, #639, #978, .T. ) ;
#278 = CARTESIAN_POINT ( 'NONE',  ( 0.003676471249999968800, 0.3843804931412826400, -0.01200320141079756600 ) ) ;
#279 = CARTESIAN_POINT ( 'NONE',  ( 0.5000000000000000000, -0.2700000000000000200, -0.02540000000000023800 ) ) ;
#280 = CARTESIAN_POINT ( 'NONE',  ( -0.05815294049999986100, 0.3797071038393650100, 0.02349471459960946600 ) ) ;
#281 = CARTESIAN_POINT ( 'NONE',  ( -0.4772705870000000200, 0.2478344569105326300, 0.1738666487320325000 ) ) ;
#282 = CARTESIAN_POINT ( 'NONE',  ( -0.01403529349999990000, 0.3440506300445015900, -0.1095770572215696700 ) ) ;
#283 = CARTESIAN_POINT ( 'NONE',  ( 0.03676470649999993800, 0.3440506300445015400, -0.1095770572215696400 ) ) ;
#284 = CARTESIAN_POINT ( 'NONE',  ( 0.1978588239999998200, 0.04536245611088003000, -0.09000000000000023300 ) ) ;
#285 = CARTESIAN_POINT ( 'NONE',  ( -0.06249999925000003500, 0.2595102388117089300, 0.1181461024357783200 ) ) ;
#286 = CARTESIAN_POINT ( 'NONE',  ( -0.2897705872499998200, 0.1200753739659694000, -0.1645998331148611500 ) ) ;
#287 = CARTESIAN_POINT ( 'NONE',  ( -0.1905058814999999200, 0.05844342753965641600, 0.1095770572215696300 ) ) ;
#288 = ORIENTED_EDGE ( 'NONE', *, *, #111, .F. ) ;
#289 = CARTESIAN_POINT ( 'NONE',  ( 0.3522705884999998100, 0.2798990054200059000, 0.1025012515656278700 ) ) ;
#290 = CARTESIAN_POINT ( 'NONE',  ( 0.4338235294999999700, 0.2181110128269098400, -0.1280946760894966200 ) ) ;
#291 = CARTESIAN_POINT ( 'NONE',  ( -0.4745789097947558100, 0.07311831448215667900, 0.07397514800654073100 ) ) ;
#292 = CARTESIAN_POINT ( 'NONE',  ( 0.01470588299999996000, 0.3751136775241115100, -0.04658742811845360100 ) ) ;
#293 = CARTESIAN_POINT ( 'NONE',  ( 0.06985294174999996700, 0.2435906280966020600, -0.1247402211016756700 ) ) ;
#294 = CARTESIAN_POINT ( 'NONE',  ( 0.04344705949999981600, 0.3797071038393650100, 0.02349471459960947000 ) ) ;
#295 = CARTESIAN_POINT ( 'NONE',  ( 0.1758000004999998000, 0.09166997157050937900, -0.1428036012524225300 ) ) ;
#296 = CARTESIAN_POINT ( 'NONE',  ( 0.1360294122499999800, 0.1022062855558552700, -0.08685640069547746800 ) ) ;
#297 = CARTESIAN_POINT ( 'NONE',  ( -0.4933292053446572400, 0.04536245624458838000, 0.09000000023158988300 ) ) ;
#298 = CARTESIAN_POINT ( 'NONE',  ( -0.5103588222499999500, 0.1422543981820625100, 0.1737866857453682400 ) ) ;
#299 = CARTESIAN_POINT ( 'NONE',  ( 0.1911764710000000100, 0.02738038006004655000, 0.04658742811845362200 ) ) ;
#300 = CARTESIAN_POINT ( 'NONE',  ( -0.003005881749999840600, 0.3222543981820628600, -0.1379824596170297100 ) ) ;
#301 = CARTESIAN_POINT ( 'NONE',  ( 0.3014705884999999700, 0.2798990054200058400, 0.1025012515656278800 ) ) ;
#302 = EDGE_CURVE ( 'NONE', #363, #844, #465, .T. ) ;
#303 = CARTESIAN_POINT ( 'NONE',  ( 0.4381705882500001000, 0.06326456917504925900, -0.1210073693899838800 ) ) ;
#304 = CARTESIAN_POINT ( 'NONE',  ( 0.2199176474999997900, 0.02278695374479301800, -0.02349471459960939300 ) ) ;
#305 = CARTESIAN_POINT ( 'NONE',  ( 0.5000000000000000000, 0.08935654662312932100, -0.06460000000000026800 ) ) ;
#306 = DIRECTION ( 'NONE',  ( 0.0000000000000000000, -0.8660254037844377100, -0.5000000000000014400 ) ) ;
#307 = CARTESIAN_POINT ( 'NONE',  ( 0.3830235295000000700, 0.2181110128269098400, -0.1280946760894966200 ) ) ;
#308 = CARTESIAN_POINT ( 'NONE',  ( 0.2242647062499999700, 0.1143906280966015800, 0.09904074323622373600 ) ) ;
#309 = CARTESIAN_POINT ( 'NONE',  ( 0.09191176524999995800, 0.1926313975572175900, -0.1314491310773175700 ) ) ;
#310 = CARTESIAN_POINT ( 'NONE',  ( 0.3168470590000001500, 0.3751136775241114000, -0.04658742811845360800 ) ) ;
#311 = CARTESIAN_POINT ( 'NONE',  ( -0.09558823450000000800, 0.1843830447572482600, 0.1280946760894966200 ) ) ;
#312 = CARTESIAN_POINT ( 'NONE',  ( -0.2456529402499999200, 0.07650680769040334200, -0.04234359930452300000 ) ) ;
#313 = VERTEX_POINT ( 'NONE', #1722 ) ;
#314 = CARTESIAN_POINT ( 'NONE',  ( -0.08890588150000026900, 0.05844342753965643000, 0.1095770572215695900 ) ) ;
#315 = CARTESIAN_POINT ( 'NONE',  ( 0.1316823534999997900, 0.2247417433916885400, -0.1784600750472860000 ) ) ;
#316 = CARTESIAN_POINT ( 'NONE',  ( 0.01470588299999996000, 0.3260446455486270000, -0.03343942062724567600 ) ) ;
#317 = CARTESIAN_POINT ( 'NONE',  ( -0.4999789097947556800, 0.05609253372780279700, 0.006985039601668540700 ) ) ;
#318 =( BOUNDED_CURVE ( )  B_SPLINE_CURVE ( 2, ( #1578, #1730, #1294, #709, #864, #1758, #1911, #992, #549, #1147, #79, #1739, #1426, #541, #1582, #88, #1139, #232, #1586, #235, #1152, #394, #689, #1302, #1435, #554, #698, #244, #299, #906, #415, #115, #919, #464, #762, #1924, #1179, #1012, #1352, #1494, #569, #421, #1816, #21, #755, #1361, #1500, #158, #1224, #619, #1606, #1455, #1767, #199, #646, #945, #1861, #1260, #1399, #784, #1067, #1254, #1543, #171, #1232, #335, #190, #1091, #1075, #652, #1372, #1521, #59, #1114, #676, #1425, #1738, #979, #1411, #373, #839, #355, #818, #1728, #1581, #216, #950, #1104, #1871, #833, #72, #1707, #77 ),
 .UNSPECIFIED., .F., .T. ) 
 B_SPLINE_CURVE_WITH_KNOTS ( ( 3, 2, 2, 2, 2, 2, 2, 2, 2, 2, 2, 2, 2, 2, 2, 2, 2, 2, 2, 2, 2, 2, 2, 2, 2, 2, 2, 2, 2, 2, 2, 2, 2, 2, 2, 2, 2, 2, 2, 2, 2, 2, 2, 2, 2, 2, 3 ),
 ( 1.899277187457621300E-018, 0.02083333333333333600, 0.04166666666666666400, 0.06250000000000000000, 0.08333333333333332900, 0.1041666666666666700, 0.1250000000000000000, 0.1458333333333333400, 0.1666666666666666600, 0.1875000000000000000, 0.2083333333333333400, 0.2291666666666666600, 0.2500000000000000000, 0.2708333333333333100, 0.2916666666666666900, 0.3124999999999999400, 0.3333333333333333100, 0.3541666666666666900, 0.3750000000000000000, 0.3958333333333333100, 0.4166666666666666900, 0.4375000000000000600, 0.4583333333333333100, 0.4791666666666666900, 0.5000000000000000000, 0.5208333333333333700, 0.5416666666666666300, 0.5625000000000000000, 0.5833333333333333700, 0.6041666666666666300, 0.6249999999999998900, 0.6458333333333333700, 0.6666666666666666300, 0.6875000000000000000, 0.7083333333333333700, 0.7291666666666666300, 0.7500000000000000000, 0.7708333333333333700, 0.7916666666666666300, 0.8125000000000000000, 0.8333333333333333700, 0.8541666666666666300, 0.8750000000000001100, 0.8958333333333333700, 0.9166666666666666300, 0.9375000000000000000, 0.9444543708963082400 ),
 .UNSPECIFIED. ) 
 CURVE ( )  GEOMETRIC_REPRESENTATION_ITEM ( )  RATIONAL_B_SPLINE_CURVE ( ( 1.000000000000000000, 0.9807852804032304300, 1.000000000000000000, 0.9807852804032304300, 1.000000000000000000, 0.9807852804032304300, 1.000000000000000000, 0.9807852804032304300, 1.000000000000000000, 0.9807852804032304300, 1.000000000000000000, 0.9807852804032304300, 1.000000000000000000, 0.9807852804032304300, 1.000000000000000000, 0.9807852804032304300, 1.000000000000000000, 0.9807852804032304300, 1.000000000000000000, 0.9807852804032304300, 1.000000000000000000, 0.9807852804032304300, 1.000000000000000000, 0.9807852804032304300, 1.000000000000000000, 0.9807852804032304300, 1.000000000000000000, 0.9807852804032304300, 1.000000000000000000, 0.9807852804032304300, 1.000000000000000000, 0.9807852804032304300, 1.000000000000000000, 0.9807852804032304300, 1.000000000000000000, 0.9807852804032304300, 1.000000000000000000, 0.9807852804032304300, 1.000000000000000000, 0.9807852804032304300, 1.000000000000000000, 0.9807852804032304300, 1.000000000000000000, 0.9807852804032304300, 1.000000000000000000, 0.9807852804032304300, 1.000000000000000000, 0.9807852804032304300, 1.000000000000000000, 0.9807852804032304300, 1.000000000000000000, 0.9807852804032304300, 1.000000000000000000, 0.9807852804032304300, 1.000000000000000000, 0.9807852804032304300, 1.000000000000000000, 0.9807852804032304300, 1.000000000000000000, 0.9807852804032304300, 1.000000000000000000, 0.9807852804032304300, 1.000000000000000000, 0.9807852804032304300, 1.000000000000000000, 0.9807852804032304300, 1.000000000000000000, 0.9807852804032304300, 1.000000000000000000, 0.9807852804032304300, 1.000000000000000000, 0.9807852804032304300, 1.000000000000000000, 0.9807852804032304300, 1.000000000000000000, 0.9807852804032304300, 1.000000000000000000, 0.9807852804032304300, 1.000000000000000000, 0.9807852804032304300, 1.000000000000000000, 0.9807852804032304300, 1.000000000000000000, 0.9807852804032304300, 1.000000000000000000, 0.9807852804032304300, 1.000000000000000000, 0.9807852804032304300, 1.000000000000000000, 0.9807852804032304300, 1.000000000000000000, 0.9935859382362641800, 0.9914540298603857800 ) ) 
 REPRESENTATION_ITEM ( '' )  );
#319 = ORIENTED_EDGE ( 'NONE', *, *, #1424, .F. ) ;
#320 = CARTESIAN_POINT ( 'NONE',  ( -0.2279411755000000400, 0.1225950521641522000, -0.1025012515656279200 ) ) ;
#321 = CARTESIAN_POINT ( 'NONE',  ( -0.3382352930000000500, 0.3751136775241115100, -0.04658742811845360100 ) ) ;
#322 = CARTESIAN_POINT ( 'NONE',  ( 0.3786764707499999900, 0.3193931312278573400, -0.05826321001962992500 ) ) ;
#323 = CARTESIAN_POINT ( 'NONE',  ( -0.05147058750000004700, 0.2798990054200058400, 0.1025012515656278800 ) ) ;
#324 = CARTESIAN_POINT ( 'NONE',  ( -0.4374999987500001200, 0.2132502302028765900, 0.1831334643492036900 ) ) ;
#325 = CARTESIAN_POINT ( 'NONE',  ( -0.2102294107500001200, 0.1892438273812813700, -0.1831334643492036600 ) ) ;
#326 = CARTESIAN_POINT ( 'NONE',  ( 0.1868294122499998000, 0.06326456917504930100, -0.1210073693899838800 ) ) ;
#327 = CARTESIAN_POINT ( 'NONE',  ( 0.3278764707500000900, 0.3193931312278572900, -0.05826321001962993200 ) ) ;
#328 = CARTESIAN_POINT ( 'NONE',  ( 0.3125000002500000200, 0.3002877720283028100, 0.08685640069547746800 ) ) ;
#329 = CARTESIAN_POINT ( 'NONE',  ( 0.2396411767500001000, 0.2595102388117089300, 0.1181461024357783500 ) ) ;
#330 = CARTESIAN_POINT ( 'NONE',  ( -0.2499999990000000000, 0.1678076081648333400, -0.1247976167565479800 ) ) ;
#331 = CARTESIAN_POINT ( 'NONE',  ( -0.06249999925000004200, 0.2595102388117089300, 0.1181461024357783200 ) ) ;
#332 = CARTESIAN_POINT ( 'NONE',  ( -0.2212588225000001500, 0.2247417433916885400, -0.1784600750472860000 ) ) ;
#333 = CARTESIAN_POINT ( 'NONE',  ( -0.2322882342500002800, 0.2602396594020955400, -0.1737866857453682400 ) ) ;
#334 = CARTESIAN_POINT ( 'NONE',  ( -0.2499999990000000000, 0.1678076081648333400, -0.1247976167565479800 ) ) ;
#335 = CARTESIAN_POINT ( 'NONE',  ( -0.2169117637500000400, 0.06326456917504930100, -0.1210073693899838800 ) ) ;
#336 = CARTESIAN_POINT ( 'NONE',  ( 0.1691176474999999700, 0.07315235270258238500, -0.01686398403483074100 ) ) ;
#337 = CIRCLE ( 'NONE', #1898, 0.02539999999999991600 ) ;
#338 = CARTESIAN_POINT ( 'NONE',  ( 0.04779411825000000300, 0.2881034294875565200, -0.09904074323622373600 ) ) ;
#339 = CARTESIAN_POINT ( 'NONE',  ( 0.2947882355000001100, 0.3797071038393650100, 0.02349471459960946600 ) ) ;
#340 = ORIENTED_EDGE ( 'NONE', *, *, #589, .T. ) ;
#341 = CARTESIAN_POINT ( 'NONE',  ( -0.4264705870000001200, 0.2346864494193246800, 0.1247976167565479600 ) ) ;
#342 = CARTESIAN_POINT ( 'NONE',  ( -0.2653764695000002100, 0.3440506300445015900, -0.1095770572215696600 ) ) ;
#343 = CARTESIAN_POINT ( 'NONE',  ( -0.02506470524999988800, 0.3193931312278572900, -0.05826321001962993200 ) ) ;
#344 = EDGE_CURVE ( 'NONE', #1172, #540, #121, .T. ) ;
#345 = DIRECTION ( 'NONE',  ( 0.0000000000000000000, 0.0000000000000000000, 1.000000000000000000 ) ) ;
#346 = CARTESIAN_POINT ( 'NONE',  ( 0.3412411767499997600, 0.2595102388117089300, 0.1181461024357783500 ) ) ;
#347 = CARTESIAN_POINT ( 'NONE',  ( 0.09625882400000014500, 0.08935654662312932100, -0.06460000000000026800 ) ) ;
#348 = ADVANCED_FACE ( 'NONE', ( #928 ), #1159, .F. ) ;
#349 = CARTESIAN_POINT ( 'NONE',  ( -0.4264705870000001200, 0.2346864494193246800, 0.1247976167565479600 ) ) ;
#350 = CARTESIAN_POINT ( 'NONE',  ( 0.3940529412500001200, 0.1892438273812813200, -0.1831334643492037200 ) ) ;
#351 = CARTESIAN_POINT ( 'NONE',  ( 0.4956529412499995900, 0.1926313975572175600, -0.1314491310773175900 ) ) ;
#352 = CARTESIAN_POINT ( 'NONE',  ( -0.3559470577499999100, 0.2881034294875564600, -0.09904074323622373600 ) ) ;
#353 = CARTESIAN_POINT ( 'NONE',  ( 0.02138823599999976900, 0.3571316014732779900, 0.09000000000000023300 ) ) ;
#354 = CARTESIAN_POINT ( 'NONE',  ( -0.01403529349999990000, 0.3037482803577069000, -0.07865197662792682000 ) ) ;
#355 = CARTESIAN_POINT ( 'NONE',  ( -0.3933823517500000300, 0.3392294884091087100, 0.1210073693899839000 ) ) ;
#356 = DIRECTION ( 'NONE',  ( 0.0000000000000000000, 1.000000000000000000, 0.0000000000000000000 ) ) ;
#357 = CARTESIAN_POINT ( 'NONE',  ( 0.4271411765000001600, 0.09166997157050933700, -0.1428036012524225600 ) ) ;
#358 = CARTESIAN_POINT ( 'NONE',  ( -0.4926470575000000400, 0.09874577722645107300, 0.07865197662792676500 ) ) ;
#359 = CARTESIAN_POINT ( 'NONE',  ( -0.5507789097947554100, 0.08935654675683768500, 0.06460000023158994600 ) ) ;
#360 = FACE_OUTER_BOUND ( 'NONE', #697, .T. ) ;
#361 = CARTESIAN_POINT ( 'NONE',  ( 0.2683823532499999800, 0.2132502302028765900, 0.1831334643492036900 ) ) ;
#362 = CARTESIAN_POINT ( 'NONE',  ( 0.2396411767500001000, 0.2595102388117089300, 0.1181461024357783500 ) ) ;
#363 = VERTEX_POINT ( 'NONE', #1138 ) ;
#364 = CARTESIAN_POINT ( 'NONE',  ( 0.1072882357500001000, 0.07650680769040334200, -0.04234359930452300000 ) ) ;
#365 = CARTESIAN_POINT ( 'NONE',  ( 0.4338235294999999700, 0.2181110128269098400, -0.1280946760894966200 ) ) ;
#366 = VERTEX_POINT ( 'NONE', #1584 ) ;
#367 = DIRECTION ( 'NONE',  ( 0.0000000000000000000, -0.5000000000000013300, 0.8660254037844377100 ) ) ;
#368 = CARTESIAN_POINT ( 'NONE',  ( -0.4962813505154110600, 0.05126136787813925100, 0.1002172148414210300 ) ) ;
#369 = CARTESIAN_POINT ( 'NONE',  ( -0.2543470577500002200, 0.2881034294875564600, -0.09904074323622373600 ) ) ;
#370 = CARTESIAN_POINT ( 'NONE',  ( 0.1293470592500001200, 0.01811356444287527000, 0.01200320141079759000 ) ) ;
#371 = CARTESIAN_POINT ( 'NONE',  ( -0.5324176457499998300, 0.1143906280966015400, 0.09904074323622372200 ) ) ;
#372 = CARTESIAN_POINT ( 'NONE',  ( 0.2947882355000001100, 0.3293417048815756600, 0.01686398403483080000 ) ) ;
#373 = CARTESIAN_POINT ( 'NONE',  ( -0.3713235282500000300, 0.3750337145374472700, 0.05899263061001652800 ) ) ;
#374 = DIRECTION ( 'NONE',  ( 0.0000000000000000000, -0.5000000000000014400, 0.8660254037844378200 ) ) ;
#375 = CARTESIAN_POINT ( 'NONE',  ( -0.1219941167500001900, 0.06979789771476145600, 0.008615631234861408400 ) ) ;
#376 = CARTESIAN_POINT ( 'NONE',  ( 0.08522941225000013600, 0.06326456917504925900, -0.1210073693899838800 ) ) ;
#377 = CARTESIAN_POINT ( 'NONE',  ( -0.4772705870000000200, 0.2346864494193247100, 0.1247976167565479800 ) ) ;
#378 = CARTESIAN_POINT ( 'NONE',  ( 0.05882352999999998500, 0.2658470287920792800, -0.1118904821689497100 ) ) ;
#379 = DIRECTION ( 'NONE',  ( 0.0000000000000000000, 1.000000000000000000, 0.0000000000000000000 ) ) ;
#380 = CARTESIAN_POINT ( 'NONE',  ( 0.2199176474999997900, 0.07315235270258238500, -0.01686398403483074800 ) ) ;
#381 = DIRECTION ( 'NONE',  ( 0.0000000000000000000, 0.0000000000000000000, 1.000000000000000000 ) ) ;
#382 = EDGE_CURVE ( 'NONE', #844, #580, #1915, .T. ) ;
#383 = CARTESIAN_POINT ( 'NONE',  ( 0.1911764710000000100, 0.07644941203553105900, 0.03343942062724568300 ) ) ;
#384 = CARTESIAN_POINT ( 'NONE',  ( 0.1844941180000001200, 0.1366470287920787700, 0.1118904821689497100 ) ) ;
#385 = CARTESIAN_POINT ( 'NONE',  ( 0.1139705887500000000, 0.1429838187724491200, -0.1181461024357783600 ) ) ;
#386 = CARTESIAN_POINT ( 'NONE',  ( 0.2396411767500001000, 0.2824186836181886700, 0.1645998331148611500 ) ) ;
#387 = CARTESIAN_POINT ( 'NONE',  ( -0.02272941100000018900, 0.2346864494193247100, 0.1247976167565479800 ) ) ;
#388 = CIRCLE ( 'NONE', #1417, 0.02539999999999991600 ) ;
#389 = CARTESIAN_POINT ( 'NONE',  ( 0.3345588237499999600, 0.3259872498937547200, 0.04234359930452301400 ) ) ;
#390 = CARTESIAN_POINT ( 'NONE',  ( 0.2022058827499999800, 0.03664719567721784500, 0.08117165482610963500 ) ) ;
#391 = ORIENTED_EDGE ( 'NONE', *, *, #344, .T. ) ;
#392 = CARTESIAN_POINT ( 'NONE',  ( -0.1440529402500002100, 0.07650680769040334200, -0.04234359930452300000 ) ) ;
#393 = DIRECTION ( 'NONE',  ( -1.000000000000000000, -0.0000000000000000000, -0.0000000000000000000 ) ) ;
#394 = CARTESIAN_POINT ( 'NONE',  ( 0.2683823532499999800, 0.2132502302028765900, 0.1831334643492036900 ) ) ;
#395 = CARTESIAN_POINT ( 'NONE',  ( 0.1427117652499997900, 0.1926313975572175600, -0.1314491310773175900 ) ) ;
#396 = CARTESIAN_POINT ( 'NONE',  ( 0.1250000004999999900, 0.09166997157050936500, -0.1428036012524225600 ) ) ;
#397 = CARTESIAN_POINT ( 'NONE',  ( 0.2573529414999999900, 0.1777523141924696500, 0.1784600750472860000 ) ) ;
#398 = CARTESIAN_POINT ( 'NONE',  ( -0.1881705872500001300, 0.1429838187724491200, -0.1181461024357783500 ) ) ;
#399 = DIRECTION ( 'NONE',  ( 0.0000000000000000000, -1.000000000000000000, 1.264744441511232700E-016 ) ) ;
#400 = CARTESIAN_POINT ( 'NONE',  ( 0.1955235297500001200, 0.1422543981820625100, 0.1737866857453682400 ) ) ;
#401 = CARTESIAN_POINT ( 'NONE',  ( 0.4956529412499995900, 0.1892438273812813700, -0.1831334643492036600 ) ) ;
#402 = CARTESIAN_POINT ( 'NONE',  ( 0.06985294174999996700, 0.2602396594020955900, -0.1737866857453682400 ) ) ;
#403 = CARTESIAN_POINT ( 'NONE',  ( -0.3205235282500001300, 0.3259872498937546600, 0.04234359930452300000 ) ) ;
#404 = DIRECTION ( 'NONE',  ( 0.0000000000000000000, 0.0000000000000000000, 1.000000000000000000 ) ) ;
#405 = CARTESIAN_POINT ( 'NONE',  ( -0.003005881749999840600, 0.3222543981820628600, -0.1379824596170297100 ) ) ;
#406 = DIRECTION ( 'NONE',  ( 0.0000000000000000000, -0.5000000000000010000, -0.8660254037844380400 ) ) ;
#407 = AXIS2_PLACEMENT_3D ( 'NONE', #1068, #356, #345 ) ;
#408 = CARTESIAN_POINT ( 'NONE',  ( -0.4999789097947556800, -0.2699999997325833200, -0.02539999999999965500 ) ) ;
#409 = CARTESIAN_POINT ( 'NONE',  ( 0.3014705884999999700, 0.3108240860136486900, 0.1428036012524225300 ) ) ;
#410 = CARTESIAN_POINT ( 'NONE',  ( 0.01470588299999996000, 0.3260446455486270000, -0.03343942062724567600 ) ) ;
#411 = CARTESIAN_POINT ( 'NONE',  ( -0.1771411755000001900, 0.1225950521641522300, -0.1025012515656279100 ) ) ;
#412 = CARTESIAN_POINT ( 'NONE',  ( -0.5066286142448540600, 0.08935654675683768500, 0.06460000023158993200 ) ) ;
#413 = CARTESIAN_POINT ( 'NONE',  ( -0.4999789097947556800, 0.03409548849796445500, 0.01968503964719775200 ) ) ;
#414 = CIRCLE ( 'NONE', #1794, 0.06477007874015711100 ) ;
#415 = CARTESIAN_POINT ( 'NONE',  ( 0.1691176474999999700, 0.02278695374479301800, -0.02349471459960939700 ) ) ;
#416 = CARTESIAN_POINT ( 'NONE',  ( 0.5397705882499999100, 0.06326456917504930100, -0.1210073693899838800 ) ) ;
#417 = EDGE_LOOP ( 'NONE', ( #1006, #391, #1777, #1627 ) ) ;
#418 = CARTESIAN_POINT ( 'NONE',  ( 0.1360294122499999800, 0.06326456917504930100, -0.1210073693899838800 ) ) ;
#419 = CARTESIAN_POINT ( 'NONE',  ( 0.5066823529999997500, 0.1546596006736254100, -0.1738666487320325000 ) ) ;
#420 = FILL_AREA_STYLE ('',( #274 ) ) ;
#421 = CARTESIAN_POINT ( 'NONE',  ( 0.04779411825000000300, 0.3222543981820629200, -0.1379824596170297300 ) ) ;
#422 = CARTESIAN_POINT ( 'NONE',  ( 0.1072882357500001000, 0.02746034304671072400, -0.05899263061001650700 ) ) ;
#423 = CARTESIAN_POINT ( 'NONE',  ( -0.3425823517500001200, 0.3002877720283027000, 0.08685640069547744000 ) ) ;
#424 = CARTESIAN_POINT ( 'NONE',  ( -0.5434470574999998900, 0.09874577722645105900, 0.07865197662792677800 ) ) ;
#425 = CARTESIAN_POINT ( 'NONE',  ( 0.4515352942499997700, 0.2881034294875564600, -0.09904074323622373600 ) ) ;
#426 = FILL_AREA_STYLE_COLOUR ( '', #122 ) ;
#427 = CARTESIAN_POINT ( 'NONE',  ( 0.4779411765000000100, 0.09166997157050936500, -0.1428036012524225600 ) ) ;
#428 = CARTESIAN_POINT ( 'NONE',  ( 0.01905294175000013900, 0.2435906280966020600, -0.1247402211016756200 ) ) ;
#429 = CARTESIAN_POINT ( 'NONE',  ( 0.2309470592499997500, 0.01811356444287530800, 0.01200320141079755500 ) ) ;
#430 = CARTESIAN_POINT ( 'NONE',  ( -0.5132373709273431200, 0.08698585707815005600, 0.06596871855574533400 ) ) ;
#431 = CARTESIAN_POINT ( 'NONE',  ( -0.4110941164999998800, 0.3797071038393650100, 0.02349471459960946600 ) ) ;
#432 = CARTESIAN_POINT ( 'NONE',  ( -0.5507789097947554100, 0.08935654675683768500, 0.06460000023158994600 ) ) ;
#433 = CARTESIAN_POINT ( 'NONE',  ( -0.007352940500000021100, 0.3797071038393650100, 0.02349471459960947300 ) ) ;
#434 = FILL_AREA_STYLE ('',( #426 ) ) ;
#435 = CARTESIAN_POINT ( 'NONE',  ( -0.4154411752500000200, 0.2824186836181887300, 0.1645998331148611800 ) ) ;
#436 = CARTESIAN_POINT ( 'NONE',  ( -0.5253789097947556600, 0.06160068851926943400, 0.08062485245663912600 ) ) ;
#437 = CARTESIAN_POINT ( 'NONE',  ( -0.2566823519999998900, 0.04536245611088000900, -0.09000000000000023300 ) ) ;
#438 = CARTESIAN_POINT ( 'NONE',  ( -0.2456529402499999200, 0.02746034304671072400, -0.05899263061001650700 ) ) ;
#439 = DIRECTION ( 'NONE',  ( -2.251465578827859800E-017, -1.000000000000000000, 2.069787841119108400E-009 ) ) ;
#440 = CARTESIAN_POINT ( 'NONE',  ( 0.4338235294999999700, 0.2181110128269098400, -0.1280946760894966200 ) ) ;
#441 = VECTOR ( 'NONE', #212, 39.37007874015748100 ) ;
#442 = CARTESIAN_POINT ( 'NONE',  ( 0.2309470592499997500, 0.06979789771476145600, 0.008615631234861408400 ) ) ;
#443 = ORIENTED_EDGE ( 'NONE', *, *, #831, .F. ) ;
#444 = CARTESIAN_POINT ( 'NONE',  ( 0.2530058827499998600, 0.03664719567721784500, 0.08117165482610963500 ) ) ;
#445 = CARTESIAN_POINT ( 'NONE',  ( -0.2787411754999998300, 0.09166997157050933700, -0.1428036012524225600 ) ) ;
#446 = CARTESIAN_POINT ( 'NONE',  ( -0.08021176399999990800, 0.3571316014732780500, 0.09000000000000023300 ) ) ;
#447 = CARTESIAN_POINT ( 'NONE',  ( -0.1948529402500000200, 0.02746034304671076500, -0.05899263061001650700 ) ) ;
#448 = CARTESIAN_POINT ( 'NONE',  ( -0.3602941165000000400, 0.3293417048815756000, 0.01686398403483079300 ) ) ;
#449 = CARTESIAN_POINT ( 'NONE',  ( -0.3382352930000000500, 0.3751136775241115100, -0.04658742811845360100 ) ) ;
#450 = CARTESIAN_POINT ( 'NONE',  ( 0.1868294122499998000, 0.06326456917504930100, -0.1210073693899838800 ) ) ;
#451 = CARTESIAN_POINT ( 'NONE',  ( 0.09191176524999995800, 0.1926313975572175900, -0.1314491310773175700 ) ) ;
#452 = CARTESIAN_POINT ( 'NONE',  ( -0.1574176462499998800, 0.1422543981820625100, 0.1737866857453682400 ) ) ;
#453 = CARTESIAN_POINT ( 'NONE',  ( 0.3455882355000000100, 0.3293417048815756000, 0.01686398403483079300 ) ) ;
#454 = STYLED_ITEM ( 'NONE', ( #1757 ), #473 ) ;
#455 = CARTESIAN_POINT ( 'NONE',  ( -0.02941176400000006900, 0.3571316014732779900, 0.09000000000000021900 ) ) ;
#456 = CARTESIAN_POINT ( 'NONE',  ( -0.2941176460000001200, 0.2658470287920792800, -0.1118904821689497100 ) ) ;
#457 = CARTESIAN_POINT ( 'NONE',  ( 0.3566176472500000000, 0.3326961598693966000, -0.008615631234861425800 ) ) ;
#458 = CARTESIAN_POINT ( 'NONE',  ( -0.1507352932500001200, 0.03664719567721784500, 0.08117165482610963500 ) ) ;
#459 = CARTESIAN_POINT ( 'NONE',  ( 0.2837588237500001100, 0.3750337145374472700, 0.05899263061001652100 ) ) ;
#460 = CARTESIAN_POINT ( 'NONE',  ( 0.05882352999999998500, 0.2658470287920792800, -0.1118904821689497100 ) ) ;
#461 = CARTESIAN_POINT ( 'NONE',  ( -0.2235941167499999000, 0.06979789771476145600, 0.008615631234861408400 ) ) ;
#462 = VECTOR ( 'NONE', #1626, 39.37007874015748100 ) ;
#463 = CARTESIAN_POINT ( 'NONE',  ( -0.04712352874999985900, 0.3843804931412827000, -0.01200320141079759900 ) ) ;
#464 = CARTESIAN_POINT ( 'NONE',  ( 0.1360294122499999800, 0.06326456917504930100, -0.1210073693899838800 ) ) ;
#465 = CIRCLE ( 'NONE', #622, 0.02539999999999991900 ) ;
#466 = CARTESIAN_POINT ( 'NONE',  ( -0.4044117635000000200, 0.3108240860136486900, 0.1428036012524225300 ) ) ;
#467 = CARTESIAN_POINT ( 'NONE',  ( -0.4926470575000000400, 0.09874577722645107300, 0.07865197662792676500 ) ) ;
#468 = ORIENTED_EDGE ( 'NONE', *, *, #1480, .T. ) ;
#469 = CARTESIAN_POINT ( 'NONE',  ( -0.2015352932499999400, 0.08310092635630067500, 0.05826321001962993200 ) ) ;
#470 = CARTESIAN_POINT ( 'NONE',  ( -0.1727941167500000600, 0.06979789771476147000, 0.008615631234861410200 ) ) ;
#471 = ADVANCED_FACE ( 'NONE', ( #85 ), #1169, .T. ) ;
#472 = CARTESIAN_POINT ( 'NONE',  ( 0.2242647062499999700, 0.1143906280966015800, 0.09904074323622373600 ) ) ;
#473 = MANIFOLD_SOLID_BREP ( 'Sweep2', #820 ) ;
#474 = CARTESIAN_POINT ( 'NONE',  ( -0.1066176462500000700, 0.1589034294875559800, 0.1247402211016756500 ) ) ;
#475 = CARTESIAN_POINT ( 'NONE',  ( -0.1330235285000002100, 0.02278695374479301800, -0.02349471459960939300 ) ) ;
#476 = CARTESIAN_POINT ( 'NONE',  ( 0.1206529417499997800, 0.2602396594020955400, -0.1737866857453682400 ) ) ;
#477 = CARTESIAN_POINT ( 'NONE',  ( 0.1139705887500000000, 0.1429838187724491200, -0.1181461024357783600 ) ) ;
#478 = CARTESIAN_POINT ( 'NONE',  ( -0.4772705870000000200, 0.2478344569105326300, 0.1738666487320325000 ) ) ;
#479 = CARTESIAN_POINT ( 'NONE',  ( 0.4492000000000002100, 0.08935654662312932100, -0.06460000000000026800 ) ) ;
#480 = DIRECTION ( 'NONE',  ( 1.000000000000000000, 0.0000000000000000000, -0.0000000000000000000 ) ) ;
#481 = CARTESIAN_POINT ( 'NONE',  ( -0.3161764695000000600, 0.3037482803577069000, -0.07865197662792682000 ) ) ;
#482 = CARTESIAN_POINT ( 'NONE',  ( -0.3713235282500000300, 0.3750337145374472700, 0.05899263061001652800 ) ) ;
#483 = CARTESIAN_POINT ( 'NONE',  ( 0.3191823532499998300, 0.2132502302028765900, 0.1831334643492036300 ) ) ;
#484 = CARTESIAN_POINT ( 'NONE',  ( 0.3940529412500001200, 0.1926313975572175600, -0.1314491310773175900 ) ) ;
#485 = CARTESIAN_POINT ( 'NONE',  ( -0.08455882274999999800, 0.2098626600269404300, 0.1314491310773175400 ) ) ;
#486 = CARTESIAN_POINT ( 'NONE',  ( 0.4492000000000002100, 0.04536245611088000900, -0.09000000000000023300 ) ) ;
#487 = CARTESIAN_POINT ( 'NONE',  ( -0.2941176460000001200, 0.2658470287920792800, -0.1118904821689497100 ) ) ;
#488 = CIRCLE ( 'NONE', #407, 0.02539999999999991900 ) ;
#489 = CARTESIAN_POINT ( 'NONE',  ( -0.2720588224999999600, 0.2181110128269098400, -0.1280946760894966200 ) ) ;
#490 = CARTESIAN_POINT ( 'NONE',  ( -0.4882999987499999600, 0.2132502302028765900, 0.1831334643492037200 ) ) ;
#491 = VERTEX_POINT ( 'NONE', #574 ) ;
#492 = EDGE_CURVE ( 'NONE', #515, #313, #984, .T. ) ;
#493 = CARTESIAN_POINT ( 'NONE',  ( 0.05882352999999998500, 0.2658470287920792800, -0.1118904821689497100 ) ) ;
#494 = CARTESIAN_POINT ( 'NONE',  ( -0.2941176460000001200, 0.2658470287920792800, -0.1118904821689497100 ) ) ;
#495 = CARTESIAN_POINT ( 'NONE',  ( -0.1617647050000000900, 0.07644941203553105900, 0.03343942062724568300 ) ) ;
#496 = CARTESIAN_POINT ( 'NONE',  ( -0.1838235285000000600, 0.07315235270258238500, -0.01686398403483074100 ) ) ;
#497 = CARTESIAN_POINT ( 'NONE',  ( -0.3780058812499999000, 0.3658468619069402100, -0.08117165482610964900 ) ) ;
#498 = CARTESIAN_POINT ( 'NONE',  ( -0.3713235282500000300, 0.3259872498937547200, 0.04234359930452301400 ) ) ;
#499 = CARTESIAN_POINT ( 'NONE',  ( 0.5287411764999998500, 0.1225950521641522300, -0.1025012515656279100 ) ) ;
#500 = CARTESIAN_POINT ( 'NONE',  ( -0.1727941167500000900, 0.06979789771476145600, 0.008615631234861410200 ) ) ;
#501 = CARTESIAN_POINT ( 'NONE',  ( -0.04044117575000006500, 0.3002877720283028100, 0.08685640069547746800 ) ) ;
#502 = CARTESIAN_POINT ( 'NONE',  ( -0.3669764694999998500, 0.3037482803577069000, -0.07865197662792682000 ) ) ;
#503 = CARTESIAN_POINT ( 'NONE',  ( 0.06985294174999996700, 0.2435906280966020600, -0.1247402211016756700 ) ) ;
#504 = CARTESIAN_POINT ( 'NONE',  ( -0.2610294107499999700, 0.1926313975572175900, -0.1314491310773175700 ) ) ;
#505 = CARTESIAN_POINT ( 'NONE',  ( -0.1022705874999999000, 0.2798990054200059000, 0.1025012515656278700 ) ) ;
#506 = CARTESIAN_POINT ( 'NONE',  ( 0.1250000004999999900, 0.1225950521641522000, -0.1025012515656279200 ) ) ;
#507 = AXIS2_PLACEMENT_3D ( 'NONE', #106, #1609, #719 ) ;
#508 = CARTESIAN_POINT ( 'NONE',  ( 0.3633000002499997500, 0.3002877720283027000, 0.08685640069547744000 ) ) ;
#509 = CARTESIAN_POINT ( 'NONE',  ( 0.2065529415000001700, 0.1777523141924696500, 0.1784600750472860000 ) ) ;
#510 = CARTESIAN_POINT ( 'NONE',  ( 0.1360294122499999800, 0.1022062855558552700, -0.08685640069547745400 ) ) ;
#511 = CARTESIAN_POINT ( 'NONE',  ( -0.1176470579999999800, 0.1366470287920788000, 0.1118904821689497000 ) ) ;
#512 = CARTESIAN_POINT ( 'NONE',  ( 0.1403764710000001400, 0.07644941203553104500, 0.03343942062724567600 ) ) ;
#513 = CARTESIAN_POINT ( 'NONE',  ( 0.4669117647500000100, 0.1429838187724491200, -0.1181461024357783500 ) ) ;
#514 = CARTESIAN_POINT ( 'NONE',  ( 0.3499352942500000300, 0.3222543981820628600, -0.1379824596170297100 ) ) ;
#515 = VERTEX_POINT ( 'NONE', #1618 ) ;
#516 = CARTESIAN_POINT ( 'NONE',  ( 0.1624352945000001600, 0.05844342753965641600, 0.1095770572215696300 ) ) ;
#517 = LENGTH_MEASURE_WITH_UNIT ( LENGTH_MEASURE( 0.02539999999999999900 ), #1671 );
#518 = CARTESIAN_POINT ( 'NONE',  ( -0.3492647047500001500, 0.3326961598693966000, -0.008615631234861425800 ) ) ;
#519 = CARTESIAN_POINT ( 'NONE',  ( -0.1684470579999998200, 0.1366470287920787700, 0.1118904821689497100 ) ) ;
#520 = EDGE_CURVE ( 'NONE', #1172, #1311, #1401, .T. ) ;
#521 = CARTESIAN_POINT ( 'NONE',  ( -0.4999789097947556800, 0.03409548849796445500, 0.01968503964719775200 ) ) ;
#522 = CARTESIAN_POINT ( 'NONE',  ( -0.4044117635000000200, 0.2798990054200058400, 0.1025012515656278800 ) ) ;
#523 = CARTESIAN_POINT ( 'NONE',  ( 0.3830235295000000700, 0.2247417433916884800, -0.1784600750472860000 ) ) ;
#524 = CARTESIAN_POINT ( 'NONE',  ( 0.4889705882499999500, 0.1022062855558552700, -0.08685640069547746800 ) ) ;
#525 = CARTESIAN_POINT ( 'NONE',  ( -0.4418470575000002000, 0.05844342753965643000, 0.1095770572215695900 ) ) ;
#526 = CARTESIAN_POINT ( 'NONE',  ( 0.4117647059999999800, 0.2912470287920792500, -0.1558845726811989900 ) ) ;
#527 = CARTESIAN_POINT ( 'NONE',  ( 0.1072882357500001000, 0.07650680769040334200, -0.04234359930452300000 ) ) ;
#528 = CARTESIAN_POINT ( 'NONE',  ( 0.05214117700000011500, 0.1678076081648333700, -0.1247976167565479800 ) ) ;
#529 = CARTESIAN_POINT ( 'NONE',  ( 0.4227941177499999800, 0.2435906280966020600, -0.1247402211016756700 ) ) ;
#530 = CARTESIAN_POINT ( 'NONE',  ( 0.1844941180000001200, 0.1112470287920788200, 0.1558845726811990100 ) ) ;
#531 = CARTESIAN_POINT ( 'NONE',  ( -0.2764058812500002100, 0.3193931312278572900, -0.05826321001962993200 ) ) ;
#532 = CARTESIAN_POINT ( 'NONE',  ( -0.4552117634999998100, 0.2798990054200059000, 0.1025012515656278700 ) ) ;
#533 = CARTESIAN_POINT ( 'NONE',  ( 0.5287411764999998500, 0.1225950521641522300, -0.1025012515656279100 ) ) ;
#534 = ADVANCED_FACE ( 'NONE', ( #145 ), #20, .T. ) ;
#535 = CARTESIAN_POINT ( 'NONE',  ( -0.4926470575000000400, 0.09874577722645107300, 0.07865197662792676500 ) ) ;
#536 = CARTESIAN_POINT ( 'NONE',  ( -0.4926470575000000400, 0.09874577722645107300, 0.07865197662792676500 ) ) ;
#537 = CARTESIAN_POINT ( 'NONE',  ( 0.1868294122499998000, 0.1022062855558552600, -0.08685640069547748100 ) ) ;
#538 = CARTESIAN_POINT ( 'NONE',  ( -0.4110941164999998800, 0.3293417048815756600, 0.01686398403483080000 ) ) ;
#539 = VECTOR ( 'NONE', #1746, 39.37007874015748100 ) ;
#540 = VERTEX_POINT ( 'NONE', #1467 ) ;
#541 = CARTESIAN_POINT ( 'NONE',  ( 0.3566176472500000000, 0.3843804931412827000, -0.01200320141079756600 ) ) ;
#542 = CARTESIAN_POINT ( 'NONE',  ( 0.1316823534999997900, 0.2181110128269098400, -0.1280946760894966200 ) ) ;
#543 = CARTESIAN_POINT ( 'NONE',  ( 0.3897058824999999300, 0.3037482803577069000, -0.07865197662792682000 ) ) ;
#544 = CARTESIAN_POINT ( 'NONE',  ( -0.1507352932500001200, 0.08310092635630070300, 0.05826321001962992500 ) ) ;
#545 = CARTESIAN_POINT ( 'NONE',  ( 0.4117647059999999800, 0.2912470287920792500, -0.1558845726811989900 ) ) ;
#546 = CARTESIAN_POINT ( 'NONE',  ( 0.04344705949999981600, 0.3293417048815756600, 0.01686398403483080000 ) ) ;
#547 = AXIS2_PLACEMENT_3D ( 'NONE', #717, #439, #1013 ) ;
#548 = CARTESIAN_POINT ( 'NONE',  ( 0.5000000000000000000, -0.2700000000000000200, -3.213942933772876300E-016 ) ) ;
#549 = CARTESIAN_POINT ( 'NONE',  ( 0.4117647059999999800, 0.2912470287920792500, -0.1558845726811989900 ) ) ;
#550 = CARTESIAN_POINT ( 'NONE',  ( -0.1771411755000001900, 0.1225950521641522300, -0.1025012515656279100 ) ) ;
#551 = CARTESIAN_POINT ( 'NONE',  ( -0.4816176457500000500, 0.1143906280966015800, 0.09904074323622373600 ) ) ;
#552 = CARTESIAN_POINT ( 'NONE',  ( -0.2653764695000002100, 0.3037482803577069000, -0.07865197662792682000 ) ) ;
#553 = DIRECTION ( 'NONE',  ( 0.0000000000000000000, 0.8660254037844377100, 0.5000000000000014400 ) ) ;
#554 = CARTESIAN_POINT ( 'NONE',  ( 0.2242647062499999700, 0.08023965940209512600, 0.1379824596170296800 ) ) ;
#555 = CARTESIAN_POINT ( 'NONE',  ( -0.1440529402500002100, 0.07650680769040334200, -0.04234359930452300000 ) ) ;
#556 = CARTESIAN_POINT ( 'NONE',  ( 0.1029411769999999500, 0.1546596006736254100, -0.1738666487320325000 ) ) ;
#557 = EDGE_CURVE ( 'NONE', #844, #363, #813, .T. ) ;
#558 = CARTESIAN_POINT ( 'NONE',  ( 0.0000000000000000000, 0.0000000000000000000, 0.0000000000000000000 ) ) ;
#559 = CARTESIAN_POINT ( 'NONE',  ( 0.1801470592499999600, 0.01811356444287531100, 0.01200320141079755700 ) ) ;
#560 = CARTESIAN_POINT ( 'NONE',  ( -0.09993529325000025100, 0.08310092635630067500, 0.05826321001962993200 ) ) ;
#561 = CARTESIAN_POINT ( 'NONE',  ( 0.1624352945000001600, 0.05844342753965641600, 0.1095770572215696300 ) ) ;
#562 = CIRCLE ( 'NONE', #648, 0.02539999999999991900 ) ;
#563 = CIRCLE ( 'NONE', #1608, 0.02539999999999991900 ) ;
#564 = CARTESIAN_POINT ( 'NONE',  ( 0.4448529412499999700, 0.1892438273812814000, -0.1831334643492037200 ) ) ;
#565 = CARTESIAN_POINT ( 'NONE',  ( -0.4418470575000002000, 0.09874577722645105900, 0.07865197662792677800 ) ) ;
#566 = CARTESIAN_POINT ( 'NONE',  ( -0.4552117634999998100, 0.2798990054200059000, 0.1025012515656278700 ) ) ;
#567 = CARTESIAN_POINT ( 'NONE',  ( 0.3345588237499999600, 0.3750337145374472700, 0.05899263061001652800 ) ) ;
#568 = CARTESIAN_POINT ( 'NONE',  ( -0.2102294107500001200, 0.1926313975572175600, -0.1314491310773175900 ) ) ;
#569 = CARTESIAN_POINT ( 'NONE',  ( 0.05882352999999998500, 0.2912470287920792500, -0.1558845726811989900 ) ) ;
#570 = CARTESIAN_POINT ( 'NONE',  ( -0.3823529400000000300, 0.3131375109610287600, 0.06460000000000022700 ) ) ;
#571 = CARTESIAN_POINT ( 'NONE',  ( 0.5000000000000000000, 0.0000000000000000000, -0.03937007874015751400 ) ) ;
#572 = CARTESIAN_POINT ( 'NONE',  ( 0.3897058824999999300, 0.3440506300445015400, -0.1095770572215696400 ) ) ;
#573 = CARTESIAN_POINT ( 'NONE',  ( 0.4735941177499997700, 0.2602396594020955400, -0.1737866857453682400 ) ) ;
#574 = CARTESIAN_POINT ( 'NONE',  ( 0.5000000000000000000, 0.0000000000000000000, 0.02539999999999960000 ) ) ;
#575 = CARTESIAN_POINT ( 'NONE',  ( 0.06317058875000015900, 0.1200753739659694000, -0.1645998331148611500 ) ) ;
#576 = CARTESIAN_POINT ( 'NONE',  ( -0.3338882342499998000, 0.2602396594020955400, -0.1737866857453682400 ) ) ;
#577 = CARTESIAN_POINT ( 'NONE',  ( 0.4889705882499999500, 0.1022062855558552700, -0.08685640069547746800 ) ) ;
#578 = DIRECTION ( 'NONE',  ( 0.0000000000000000000, 0.8660254037844379300, -0.5000000000000012200 ) ) ;
#579 = ORIENTED_EDGE ( 'NONE', *, *, #1648, .T. ) ;
#580 = VERTEX_POINT ( 'NONE', #888 ) ;
#581 = CARTESIAN_POINT ( 'NONE',  ( 0.2088882357499997900, 0.07650680769040334200, -0.04234359930452300000 ) ) ;
#582 = CARTESIAN_POINT ( 'NONE',  ( -0.4264705870000001200, 0.2478344569105326300, 0.1738666487320324500 ) ) ;
#583 = CARTESIAN_POINT ( 'NONE',  ( -0.003005881749999840600, 0.2881034294875564600, -0.09904074323622373600 ) ) ;
#584 = CARTESIAN_POINT ( 'NONE',  ( 0.4294764707499997800, 0.3658468619069401600, -0.08117165482610963500 ) ) ;
#585 = CARTESIAN_POINT ( 'NONE',  ( -0.2677117637499998900, 0.06326456917504925900, -0.1210073693899838800 ) ) ;
#586 = CARTESIAN_POINT ( 'NONE',  ( -0.3669764694999998500, 0.3440506300445015900, -0.1095770572215696700 ) ) ;
#587 = DIRECTION ( 'NONE',  ( 0.0000000000000000000, 0.8660254037844379300, -0.5000000000000012200 ) ) ;
#588 = CARTESIAN_POINT ( 'NONE',  ( 0.3125000002500000200, 0.3002877720283028100, 0.08685640069547746800 ) ) ;
#589 = EDGE_CURVE ( 'NONE', #24, #1251, #388, .T. ) ;
#590 = CARTESIAN_POINT ( 'NONE',  ( 0.04779411825000000300, 0.3222543981820629200, -0.1379824596170297300 ) ) ;
#591 = CARTESIAN_POINT ( 'NONE',  ( -0.2279411755000000400, 0.09166997157050936500, -0.1428036012524225600 ) ) ;
#592 = CARTESIAN_POINT ( 'NONE',  ( 0.2199176474999997900, 0.02278695374479301800, -0.02349471459960939300 ) ) ;
#593 = CARTESIAN_POINT ( 'NONE',  ( -0.09558823450000000800, 0.1843830447572482600, 0.1280946760894966200 ) ) ;
#594 = DIRECTION ( 'NONE',  ( 0.0000000000000000000, 1.000000000000000000, 0.0000000000000000000 ) ) ;
#595 = CARTESIAN_POINT ( 'NONE',  ( -0.1794764697499997800, 0.08023965940209511200, 0.1379824596170297100 ) ) ;
#596 = CARTESIAN_POINT ( 'NONE',  ( -0.09124117574999986200, 0.3392294884091087700, 0.1210073693899839100 ) ) ;
#597 = CARTESIAN_POINT ( 'NONE',  ( 0.3676470590000000000, 0.3260446455486270000, -0.03343942062724567600 ) ) ;
#598 = CARTESIAN_POINT ( 'NONE',  ( -0.04712352874999985900, 0.3326961598693964900, -0.008615631234861418800 ) ) ;
#599 = CARTESIAN_POINT ( 'NONE',  ( 0.1537411769999997600, 0.1546596006736254100, -0.1738666487320325000 ) ) ;
#600 = CARTESIAN_POINT ( 'NONE',  ( 0.3345588237499999600, 0.3259872498937547200, 0.04234359930452301400 ) ) ;
#601 = CARTESIAN_POINT ( 'NONE',  ( -0.08021176399999990800, 0.3571316014732780500, 0.09000000000000023300 ) ) ;
#602 = CARTESIAN_POINT ( 'NONE',  ( -0.2169117637500000400, 0.06326456917504930100, -0.1210073693899838800 ) ) ;
#603 = CYLINDRICAL_SURFACE ( 'NONE', #1841, 0.02539999999999990900 ) ;
#604 = CARTESIAN_POINT ( 'NONE',  ( 0.3081529414999998900, 0.1843830447572482600, 0.1280946760894966200 ) ) ;
#605 = STYLED_ITEM ( 'NONE', ( #175 ), #1505 ) ;
#606 = CARTESIAN_POINT ( 'NONE',  ( -0.08455882274999999800, 0.2132502302028765900, 0.1831334643492036900 ) ) ;
#607 = ORIENTED_EDGE ( 'NONE', *, *, #382, .T. ) ;
#608 = CARTESIAN_POINT ( 'NONE',  ( -0.02272941100000018900, 0.2478344569105326300, 0.1738666487320324200 ) ) ;
#609 = CARTESIAN_POINT ( 'NONE',  ( 0.1470588239999999800, 0.08935654662312932100, -0.06460000000000026800 ) ) ;
#610 = CARTESIAN_POINT ( 'NONE',  ( -0.4773163464430664700, 0.07884166565662226200, 0.07067076966529624300 ) ) ;
#611 = CARTESIAN_POINT ( 'NONE',  ( -0.3007999989999998700, 0.1546596006736254100, -0.1738666487320325000 ) ) ;
#612 = CARTESIAN_POINT ( 'NONE',  ( 0.4448529412499999700, 0.1926313975572175900, -0.1314491310773175700 ) ) ;
#613 = CARTESIAN_POINT ( 'NONE',  ( 0.3191823532499998300, 0.2098626600269404000, 0.1314491310773175400 ) ) ;
#614 = CARTESIAN_POINT ( 'NONE',  ( -0.4705882340000000500, 0.1366470287920788000, 0.1118904821689497000 ) ) ;
#615 = CARTESIAN_POINT ( 'NONE',  ( 0.3081529414999998900, 0.1777523141924696500, 0.1784600750472860000 ) ) ;
#616 = CARTESIAN_POINT ( 'NONE',  ( -0.1948529402500000200, 0.07650680769040334200, -0.04234359930452300700 ) ) ;
#617 = CARTESIAN_POINT ( 'NONE',  ( 0.2904411767499999700, 0.2595102388117089300, 0.1181461024357783200 ) ) ;
#618 = CARTESIAN_POINT ( 'NONE',  ( -0.1243294109999998800, 0.2478344569105326300, 0.1738666487320325000 ) ) ;
#619 = CARTESIAN_POINT ( 'NONE',  ( -0.04044117575000005800, 0.3392294884091087100, 0.1210073693899839000 ) ) ;
#620 = CARTESIAN_POINT ( 'NONE',  ( -0.3007999989999998700, 0.1546596006736254100, -0.1738666487320325000 ) ) ;
#621 = CARTESIAN_POINT ( 'NONE',  ( 0.3345588237499999600, 0.3259872498937547200, 0.04234359930452301400 ) ) ;
#622 = AXIS2_PLACEMENT_3D ( 'NONE', #548, #87, #404 ) ;
#623 = CARTESIAN_POINT ( 'NONE',  ( -0.4705882340000000500, 0.1112470287920788200, 0.1558845726811989900 ) ) ;
#624 = CARTESIAN_POINT ( 'NONE',  ( 0.3302117649999998200, 0.2478344569105326300, 0.1738666487320324200 ) ) ;
#625 = CARTESIAN_POINT ( 'NONE',  ( 0.2463235297499999600, 0.1589034294875560100, 0.1247402211016756500 ) ) ;
#626 = CARTESIAN_POINT ( 'NONE',  ( 0.3719941177500000200, 0.2435906280966020600, -0.1247402211016756200 ) ) ;
#627 = CARTESIAN_POINT ( 'NONE',  ( -0.3933823517500000300, 0.3002877720283028100, 0.08685640069547746800 ) ) ;
#628 = CARTESIAN_POINT ( 'NONE',  ( -0.4485294105000001100, 0.1777523141924696500, 0.1784600750472860000 ) ) ;
#629 = CARTESIAN_POINT ( 'NONE',  ( -0.1550823520000002000, 0.04536245611088003000, -0.09000000000000023300 ) ) ;
#630 = CARTESIAN_POINT ( 'NONE',  ( 0.09859411824999983500, 0.3222543981820628600, -0.1379824596170297100 ) ) ;
#631 = CARTESIAN_POINT ( 'NONE',  ( -0.2720588224999999600, 0.2181110128269098400, -0.1280946760894966200 ) ) ;
#632 = CARTESIAN_POINT ( 'NONE',  ( 0.3345588237500000100, 0.3259872498937547200, 0.04234359930452301400 ) ) ;
#633 = CARTESIAN_POINT ( 'NONE',  ( 0.4779411765000000100, 0.1225950521641522000, -0.1025012515656279200 ) ) ;
#634 = LINE ( 'NONE', #1109, #441 ) ;
#635 = CARTESIAN_POINT ( 'NONE',  ( -0.5507789097947554100, 0.04536245629716099300, 0.09000000032264836300 ) ) ;
#636 = CARTESIAN_POINT ( 'NONE',  ( 0.3168470590000001500, 0.3260446455486270000, -0.03343942062724566300 ) ) ;
#637 = EDGE_CURVE ( 'NONE', #639, #1172, #1419, .T. ) ;
#638 = CARTESIAN_POINT ( 'NONE',  ( -0.1286764697499999900, 0.1143906280966015800, 0.09904074323622373600 ) ) ;
#639 = VERTEX_POINT ( 'NONE', #1460 ) ;
#640 = CARTESIAN_POINT ( 'NONE',  ( -0.2720588224999999600, 0.2181110128269098400, -0.1280946760894966200 ) ) ;
#641 = CARTESIAN_POINT ( 'NONE',  ( 0.07653529474999978800, 0.3658468619069401600, -0.08117165482610963500 ) ) ;
#642 = CARTESIAN_POINT ( 'NONE',  ( 0.3014705884999999700, 0.2798990054200058400, 0.1025012515656278800 ) ) ;
#643 = CARTESIAN_POINT ( 'NONE',  ( 0.3499352942500000300, 0.2881034294875564600, -0.09904074323622373600 ) ) ;
#644 = CARTESIAN_POINT ( 'NONE',  ( -0.1948529402500000200, 0.07650680769040334200, -0.04234359930452300700 ) ) ;
#645 = CARTESIAN_POINT ( 'NONE',  ( -0.3161764695000000600, 0.3440506300445015400, -0.1095770572215696400 ) ) ;
#646 = CARTESIAN_POINT ( 'NONE',  ( -0.09558823450000000800, 0.1777523141924696500, 0.1784600750472860000 ) ) ;
#647 = CARTESIAN_POINT ( 'NONE',  ( -0.3051470577500001200, 0.2881034294875565200, -0.09904074323622373600 ) ) ;
#648 = AXIS2_PLACEMENT_3D ( 'NONE', #1819, #1225, #757 ) ;
#649 = CARTESIAN_POINT ( 'NONE',  ( 0.4050823530000001200, 0.1546596006736254100, -0.1738666487320325000 ) ) ;
#650 = CARTESIAN_POINT ( 'NONE',  ( -0.3051470577500001200, 0.2881034294875565200, -0.09904074323622373600 ) ) ;
#651 = CARTESIAN_POINT ( 'NONE',  ( -0.3933823517500000300, 0.3002877720283028100, 0.08685640069547745400 ) ) ;
#652 = CARTESIAN_POINT ( 'NONE',  ( -0.2610294107499999700, 0.1892438273812814300, -0.1831334643492037200 ) ) ;
#653 = DIRECTION ( 'NONE',  ( 0.0000000000000000000, -0.5000000000000013300, 0.8660254037844377100 ) ) ;
#654 = CARTESIAN_POINT ( 'NONE',  ( 0.08088235349999996200, 0.2181110128269098400, -0.1280946760894966200 ) ) ;
#655 = CARTESIAN_POINT ( 'NONE',  ( -0.4374999987500001200, 0.2098626600269404300, 0.1314491310773175400 ) ) ;
#656 = CARTESIAN_POINT ( 'NONE',  ( -0.05147058750000004700, 0.2798990054200058400, 0.1025012515656278800 ) ) ;
#657 = CYLINDRICAL_SURFACE ( 'NONE', #1037, 0.02539999999999990900 ) ;
#658 = CARTESIAN_POINT ( 'NONE',  ( -0.1243294109999998800, 0.2346864494193247100, 0.1247976167565479800 ) ) ;
#659 = ORIENTED_EDGE ( 'NONE', *, *, #277, .T. ) ;
#660 = AXIS2_PLACEMENT_3D ( 'NONE', #952, #55, #209 ) ;
#661 = CARTESIAN_POINT ( 'NONE',  ( 0.2750647062499997900, 0.1143906280966015400, 0.09904074323622372200 ) ) ;
#662 = CARTESIAN_POINT ( 'NONE',  ( -0.1066176462500000600, 0.1589034294875560100, 0.1247402211016756500 ) ) ;
#663 = CARTESIAN_POINT ( 'NONE',  ( 0.04344705949999981600, 0.3797071038393650100, 0.02349471459960947000 ) ) ;
#664 = CARTESIAN_POINT ( 'NONE',  ( 0.03008235350000012700, 0.2181110128269098400, -0.1280946760894966200 ) ) ;
#665 = CARTESIAN_POINT ( 'NONE',  ( 0.09191176524999995800, 0.1926313975572175900, -0.1314491310773175700 ) ) ;
#666 = PLANE ( 'NONE',  #745 ) ;
#667 = CARTESIAN_POINT ( 'NONE',  ( 0.5000000000000000000, -0.2700000000000000200, -3.213942933772876300E-016 ) ) ;
#668 = CARTESIAN_POINT ( 'NONE',  ( 0.4669117647500000700, 0.1200753739659694600, -0.1645998331148612000 ) ) ;
#669 = CARTESIAN_POINT ( 'NONE',  ( 0.06317058875000015900, 0.1429838187724491200, -0.1181461024357783500 ) ) ;
#670 = CARTESIAN_POINT ( 'NONE',  ( 0.4007352942499999300, 0.2881034294875564600, -0.09904074323622374900 ) ) ;
#671 = CARTESIAN_POINT ( 'NONE',  ( -0.1550823520000002000, 0.08935654662312932100, -0.06460000000000026800 ) ) ;
#672 = EDGE_LOOP ( 'NONE', ( #1070, #766 ) ) ;
#673 = CARTESIAN_POINT ( 'NONE',  ( 0.3345588237499999600, 0.3750337145374472700, 0.05899263061001652800 ) ) ;
#674 = CARTESIAN_POINT ( 'NONE',  ( -0.4154411752500000200, 0.2595102388117089300, 0.1181461024357783200 ) ) ;
#675 = CARTESIAN_POINT ( 'NONE',  ( 0.1293470592500001200, 0.06979789771476145600, 0.008615631234861408400 ) ) ;
#676 = CARTESIAN_POINT ( 'NONE',  ( -0.3161764695000000600, 0.3440506300445015400, -0.1095770572215696400 ) ) ;
#677 = CARTESIAN_POINT ( 'NONE',  ( 0.2617000002500001200, 0.3392294884091087700, 0.1210073693899839100 ) ) ;
#678 = CARTESIAN_POINT ( 'NONE',  ( 0.2640352944999998000, 0.09874577722645105900, 0.07865197662792677800 ) ) ;
#679 = CARTESIAN_POINT ( 'NONE',  ( -0.4999789097947556800, 0.06735950152699936300, 0.07730000027711914100 ) ) ;
#680 = CARTESIAN_POINT ( 'NONE',  ( -0.4662411752499998100, 0.2595102388117089300, 0.1181461024357783500 ) ) ;
#681 = CARTESIAN_POINT ( 'NONE',  ( 0.1139705887500000000, 0.1429838187724491200, -0.1181461024357783500 ) ) ;
#682 = CARTESIAN_POINT ( 'NONE',  ( 0.4779411765000000100, 0.1225950521641522000, -0.1025012515656279200 ) ) ;
#683 = CARTESIAN_POINT ( 'NONE',  ( 0.1537411769999997600, 0.1678076081648333700, -0.1247976167565479800 ) ) ;
#684 = CARTESIAN_POINT ( 'NONE',  ( -0.3382352930000000500, 0.3260446455486270000, -0.03343942062724567600 ) ) ;
#685 = CARTESIAN_POINT ( 'NONE',  ( 0.03241764774999982000, 0.3259872498937546600, 0.04234359930452300000 ) ) ;
#686 = CARTESIAN_POINT ( 'NONE',  ( -0.3977294105000002700, 0.1777523141924696500, 0.1784600750472860000 ) ) ;
#687 = CARTESIAN_POINT ( 'NONE',  ( 0.09859411824999983500, 0.2881034294875564600, -0.09904074323622373600 ) ) ;
#688 = CARTESIAN_POINT ( 'NONE',  ( 0.01470588299999996000, 0.3260446455486270000, -0.03343942062724567600 ) ) ;
#689 = CARTESIAN_POINT ( 'NONE',  ( 0.2573529414999999900, 0.1777523141924696500, 0.1784600750472860000 ) ) ;
#690 = CARTESIAN_POINT ( 'NONE',  ( -0.1881705872500001300, 0.1429838187724491200, -0.1181461024357783500 ) ) ;
#691 = CARTESIAN_POINT ( 'NONE',  ( 0.3125000002500000200, 0.3002877720283028100, 0.08685640069547746800 ) ) ;
#692 = CARTESIAN_POINT ( 'NONE',  ( -0.4999789097947556800, 0.08935654675683765700, 0.06460000023158991900 ) ) ;
#693 = DIRECTION ( 'NONE',  ( 0.0000000000000000000, 0.0000000000000000000, -1.000000000000000000 ) ) ;
#694 = CARTESIAN_POINT ( 'NONE',  ( -0.3315529400000001800, 0.3131375109610287600, 0.06460000000000024100 ) ) ;
#695 = CARTESIAN_POINT ( 'NONE',  ( -0.02941176400000006900, 0.3131375109610287600, 0.06460000000000022700 ) ) ;
#696 = CARTESIAN_POINT ( 'NONE',  ( 0.5000000000000000000, -0.2700000000000000200, -3.213942933772876300E-016 ) ) ;
#697 = EDGE_LOOP ( 'NONE', ( #123, #607, #1292, #887 ) ) ;
#698 = CARTESIAN_POINT ( 'NONE',  ( 0.2132352944999999800, 0.05844342753965643000, 0.1095770572215695900 ) ) ;
#699 = CARTESIAN_POINT ( 'NONE',  ( 0.4007352942499999300, 0.2881034294875565200, -0.09904074323622373600 ) ) ;
#700 = CARTESIAN_POINT ( 'NONE',  ( 0.1911764710000000100, 0.02738038006004655000, 0.04658742811845362200 ) ) ;
#701 = CARTESIAN_POINT ( 'NONE',  ( -0.0006705875000002112100, 0.2798990054200059000, 0.1025012515656278700 ) ) ;
#702 = AXIS2_PLACEMENT_3D ( 'NONE', #1570, #374, #1270 ) ;
#703 = CARTESIAN_POINT ( 'NONE',  ( 0.4625647059999998300, 0.2912470287920792500, -0.1558845726811989600 ) ) ;
#704 = CARTESIAN_POINT ( 'NONE',  ( 0.1801470592499999600, 0.01811356444287531100, 0.01200320141079755700 ) ) ;
#705 = CARTESIAN_POINT ( 'NONE',  ( -0.3756705870000002800, 0.2478344569105326300, 0.1738666487320324200 ) ) ;
#706 = CARTESIAN_POINT ( 'NONE',  ( -0.007352940500000021100, 0.3293417048815756000, 0.01686398403483079300 ) ) ;
#707 = CARTESIAN_POINT ( 'NONE',  ( 0.06550588299999979300, 0.3260446455486270000, -0.03343942062724566300 ) ) ;
#708 = CARTESIAN_POINT ( 'NONE',  ( 0.5000000000000000000, -0.2700000000000000200, -3.213942933772876300E-016 ) ) ;
#709 = CARTESIAN_POINT ( 'NONE',  ( 0.4669117647500000100, 0.1200753739659694400, -0.1645998331148612000 ) ) ;
#710 = CARTESIAN_POINT ( 'NONE',  ( -0.2125647049999999400, 0.07644941203553104500, 0.03343942062724567600 ) ) ;
#711 = CARTESIAN_POINT ( 'NONE',  ( 0.4846235294999998700, 0.2181110128269098400, -0.1280946760894966200 ) ) ;
#712 = AXIS2_PLACEMENT_3D ( 'NONE', #708, #840, #252 ) ;
#713 = CARTESIAN_POINT ( 'NONE',  ( 0.2904411767499999700, 0.2824186836181887300, 0.1645998331148611800 ) ) ;
#714 = CARTESIAN_POINT ( 'NONE',  ( -0.2212588225000001500, 0.2181110128269098400, -0.1280946760894966200 ) ) ;
#715 = CARTESIAN_POINT ( 'NONE',  ( -0.3977294105000002700, 0.1843830447572482600, 0.1280946760894966200 ) ) ;
#716 = FACE_OUTER_BOUND ( 'NONE', #417, .T. ) ;
#717 = CARTESIAN_POINT ( 'NONE',  ( -0.4999789097947556800, 3.199893632273265800E-010, 2.304996744654222000E-016 ) ) ;
#718 = ORIENTED_EDGE ( 'NONE', *, *, #1307, .F. ) ;
#719 = DIRECTION ( 'NONE',  ( 0.0000000000000000000, -2.069787590109177900E-009, -1.000000000000000000 ) ) ;
#720 = CARTESIAN_POINT ( 'NONE',  ( 0.1139705887500000000, 0.1200753739659694600, -0.1645998331148612000 ) ) ;
#721 = CARTESIAN_POINT ( 'NONE',  ( -0.09124117574999986200, 0.3002877720283027000, 0.08685640069547744000 ) ) ;
#722 = EDGE_LOOP ( 'NONE', ( #1380, #62, #1833, #267 ) ) ;
#723 = CARTESIAN_POINT ( 'NONE',  ( 0.5000000000000000000, 0.0000000000000000000, -0.03937007874015751400 ) ) ;
#724 = CARTESIAN_POINT ( 'NONE',  ( 0.01470588299999996000, 0.3751136775241115100, -0.04658742811845360100 ) ) ;
#725 = DIRECTION ( 'NONE',  ( 0.0000000000000000000, -0.5000000000000010000, -0.8660254037844380400 ) ) ;
#726 = CARTESIAN_POINT ( 'NONE',  ( -0.4221235282499998200, 0.3750337145374472700, 0.05899263061001652100 ) ) ;
#727 = CARTESIAN_POINT ( 'NONE',  ( 0.4669117647500000700, 0.1429838187724491200, -0.1181461024357783600 ) ) ;
#728 = CARTESIAN_POINT ( 'NONE',  ( 0.3302117649999998200, 0.2346864494193247100, 0.1247976167565479800 ) ) ;
#729 = CARTESIAN_POINT ( 'NONE',  ( 0.3412411767499997600, 0.2824186836181886700, 0.1645998331148611500 ) ) ;
#730 = CARTESIAN_POINT ( 'NONE',  ( -0.3118294107499998100, 0.1892438273812813200, -0.1831334643492037200 ) ) ;
#731 = CARTESIAN_POINT ( 'NONE',  ( -0.3780058812499999000, 0.3658468619069402100, -0.08117165482610964900 ) ) ;
#732 = CARTESIAN_POINT ( 'NONE',  ( 0.01905294175000013900, 0.2602396594020955400, -0.1737866857453682400 ) ) ;
#733 = CARTESIAN_POINT ( 'NONE',  ( -0.1176470579999999800, 0.1112470287920788200, 0.1558845726811989900 ) ) ;
#734 = CARTESIAN_POINT ( 'NONE',  ( -0.2720588224999999600, 0.2247417433916885100, -0.1784600750472860000 ) ) ;
#735 = DIRECTION ( 'NONE',  ( -2.251465578827859800E-017, -1.000000000000000000, 2.069788007652562100E-009 ) ) ;
#736 = FACE_OUTER_BOUND ( 'NONE', #1289, .T. ) ;
#737 = CARTESIAN_POINT ( 'NONE',  ( -0.2235941167499999000, 0.01811356444287527000, 0.01200320141079759000 ) ) ;
#738 = ORIENTED_EDGE ( 'NONE', *, *, #589, .F. ) ;
#739 = CARTESIAN_POINT ( 'NONE',  ( 0.3235294120000000200, 0.3131375109610287600, 0.06460000000000022700 ) ) ;
#740 = CARTESIAN_POINT ( 'NONE',  ( -0.2169117637500000400, 0.06326456917504930100, -0.1210073693899838800 ) ) ;
#741 = CARTESIAN_POINT ( 'NONE',  ( 0.1029411769999999500, 0.1678076081648333400, -0.1247976167565479800 ) ) ;
#742 = CARTESIAN_POINT ( 'NONE',  ( -0.05815294049999986100, 0.3293417048815756600, 0.01686398403483080000 ) ) ;
#743 = CARTESIAN_POINT ( 'NONE',  ( 0.4515352942499997700, 0.3222543981820628600, -0.1379824596170297100 ) ) ;
#744 = CARTESIAN_POINT ( 'NONE',  ( -0.3338882342499998000, 0.2602396594020955400, -0.1737866857453682400 ) ) ;
#745 = AXIS2_PLACEMENT_3D ( 'NONE', #1866, #960, #1108 ) ;
#746 = CARTESIAN_POINT ( 'NONE',  ( 0.2860941179999998400, 0.1366470287920787700, 0.1118904821689497100 ) ) ;
#747 = CARTESIAN_POINT ( 'NONE',  ( -0.1286764697499999900, 0.08023965940209512600, 0.1379824596170297100 ) ) ;
#748 = CARTESIAN_POINT ( 'NONE',  ( 0.1360294122499999800, 0.1022062855558552700, -0.08685640069547746800 ) ) ;
#749 = CARTESIAN_POINT ( 'NONE',  ( -0.1243294109999998800, 0.2346864494193247100, 0.1247976167565479800 ) ) ;
#750 = CARTESIAN_POINT ( 'NONE',  ( 0.2860941179999998400, 0.1112470287920788200, 0.1558845726811989600 ) ) ;
#751 = CARTESIAN_POINT ( 'NONE',  ( -0.3272058812500001100, 0.3193931312278573400, -0.05826321001962992500 ) ) ;
#752 = CARTESIAN_POINT ( 'NONE',  ( 0.4889705882499999500, 0.1022062855558552700, -0.08685640069547746800 ) ) ;
#753 = CARTESIAN_POINT ( 'NONE',  ( 0.3345588237499999600, 0.3259872498937547200, 0.04234359930452301400 ) ) ;
#754 = CARTESIAN_POINT ( 'NONE',  ( 0.4271411765000001600, 0.1225950521641522300, -0.1025012515656279100 ) ) ;
#755 = CARTESIAN_POINT ( 'NONE',  ( 0.01470588299999996000, 0.3751136775241115100, -0.04658742811845360100 ) ) ;
#756 = CARTESIAN_POINT ( 'NONE',  ( -0.3933823517500000300, 0.3002877720283028100, 0.08685640069547746800 ) ) ;
#757 = DIRECTION ( 'NONE',  ( 0.0000000000000000000, 0.0000000000000000000, 1.000000000000000000 ) ) ;
#758 = CARTESIAN_POINT ( 'NONE',  ( 0.4117647059999999800, 0.2658470287920792800, -0.1118904821689497100 ) ) ;
#759 = CARTESIAN_POINT ( 'NONE',  ( -0.3492647047500001500, 0.3843804931412826400, -0.01200320141079756600 ) ) ;
#760 = CARTESIAN_POINT ( 'NONE',  ( 0.2617000002500001200, 0.3392294884091087700, 0.1210073693899839100 ) ) ;
#761 = CARTESIAN_POINT ( 'NONE',  ( -0.1353588227499998300, 0.2132502302028765900, 0.1831334643492037200 ) ) ;
#762 = CARTESIAN_POINT ( 'NONE',  ( 0.1250000004999999900, 0.09166997157050936500, -0.1428036012524225600 ) ) ;
#763 = CARTESIAN_POINT ( 'NONE',  ( 0.1911764710000000100, 0.07644941203553105900, 0.03343942062724568300 ) ) ;
#764 = FACE_OUTER_BOUND ( 'NONE', #225, .T. ) ;
#765 = CARTESIAN_POINT ( 'NONE',  ( -0.2125647049999999400, 0.07644941203553104500, 0.03343942062724567600 ) ) ;
#766 = ORIENTED_EDGE ( 'NONE', *, *, #1865, .T. ) ;
#767 = CARTESIAN_POINT ( 'NONE',  ( 0.2750647062499997900, 0.08023965940209511200, 0.1379824596170297100 ) ) ;
#768 = CARTESIAN_POINT ( 'NONE',  ( -0.2499999990000000000, 0.1678076081648333400, -0.1247976167565479800 ) ) ;
#769 = CARTESIAN_POINT ( 'NONE',  ( 0.03676470649999993800, 0.3037482803577069000, -0.07865197662792682000 ) ) ;
#770 = ORIENTED_EDGE ( 'NONE', *, *, #302, .F. ) ;
#771 = PRODUCT ( 'ANT-916-HETH', 'ANT-916-HETH', '', ( #822 ) ) ;
#772 = CARTESIAN_POINT ( 'NONE',  ( -0.4595588222500000500, 0.1422543981820625100, 0.1737866857453682400 ) ) ;
#773 = CARTESIAN_POINT ( 'NONE',  ( 0.1096235299999998300, 0.2912470287920792500, -0.1558845726811989600 ) ) ;
#774 = CARTESIAN_POINT ( 'NONE',  ( 0.08756470649999978400, 0.3440506300445015900, -0.1095770572215696600 ) ) ;
#775 = CARTESIAN_POINT ( 'NONE',  ( -0.02941176400000006900, 0.3131375109610287600, 0.06460000000000022700 ) ) ;
#776 = CARTESIAN_POINT ( 'NONE',  ( 0.3676470590000000000, 0.3260446455486270000, -0.03343942062724567600 ) ) ;
#777 = CARTESIAN_POINT ( 'NONE',  ( -0.1727941167500000600, 0.06979789771476147000, 0.008615631234861410200 ) ) ;
#778 = CARTESIAN_POINT ( 'NONE',  ( -0.4485294105000001100, 0.1843830447572482600, 0.1280946760894966200 ) ) ;
#779 = CARTESIAN_POINT ( 'NONE',  ( -0.2279411755000000400, 0.1225950521641522000, -0.1025012515656279200 ) ) ;
#780 = CARTESIAN_POINT ( 'NONE',  ( -0.5470813505154108500, 0.05126136787813921600, 0.1002172148414210400 ) ) ;
#781 = CARTESIAN_POINT ( 'NONE',  ( 0.5066823529999997500, 0.1678076081648333700, -0.1247976167565479800 ) ) ;
#782 = CARTESIAN_POINT ( 'NONE',  ( 0.3609647060000001900, 0.2912470287920792500, -0.1558845726811990100 ) ) ;
#783 = CARTESIAN_POINT ( 'NONE',  ( -0.07787646975000013500, 0.08023965940209511200, 0.1379824596170297100 ) ) ;
#784 = CARTESIAN_POINT ( 'NONE',  ( -0.1507352932500001200, 0.03664719567721784500, 0.08117165482610963500 ) ) ;
#785 = AXIS2_PLACEMENT_3D ( 'NONE', #227, #393, #1434 ) ;
#786 = CIRCLE ( 'NONE', #547, 0.02539999999999991600 ) ;
#787 = CARTESIAN_POINT ( 'NONE',  ( 0.5177117647499998000, 0.1429838187724491200, -0.1181461024357783500 ) ) ;
#788 = ORIENTED_EDGE ( 'NONE', *, *, #14, .F. ) ;
#789 = CARTESIAN_POINT ( 'NONE',  ( -0.4154411752500000200, 0.2595102388117089300, 0.1181461024357783200 ) ) ;
#790 = CARTESIAN_POINT ( 'NONE',  ( -0.2984647047500002000, 0.3843804931412827000, -0.01200320141079756400 ) ) ;
#791 = CARTESIAN_POINT ( 'NONE',  ( -0.4331529399999999300, 0.3571316014732780500, 0.09000000000000023300 ) ) ;
#792 = CARTESIAN_POINT ( 'NONE',  ( 0.1470588239999999800, 0.08935654662312932100, -0.06460000000000026800 ) ) ;
#793 = CARTESIAN_POINT ( 'NONE',  ( 0.5000000000000000000, 0.01209844308184510900, -0.03238503937007888200 ) ) ;
#794 = CARTESIAN_POINT ( 'NONE',  ( -0.06249999925000003500, 0.2595102388117089300, 0.1181461024357783200 ) ) ;
#795 = CARTESIAN_POINT ( 'NONE',  ( 0.3719941177500000200, 0.2602396594020955400, -0.1737866857453682400 ) ) ;
#796 = CARTESIAN_POINT ( 'NONE',  ( 0.4074176472499997900, 0.3326961598693964900, -0.008615631234861418800 ) ) ;
#797 = CARTESIAN_POINT ( 'NONE',  ( -0.4485294105000001100, 0.1843830447572482600, 0.1280946760894966200 ) ) ;
#798 = CARTESIAN_POINT ( 'NONE',  ( -0.3094941165000001900, 0.3797071038393650100, 0.02349471459960947000 ) ) ;
#799 = CARTESIAN_POINT ( 'NONE',  ( 0.1955235297500001200, 0.1589034294875559500, 0.1247402211016756200 ) ) ;
#800 = CARTESIAN_POINT ( 'NONE',  ( 0.2242647062499999700, 0.1143906280966015800, 0.09904074323622373600 ) ) ;
#801 = CARTESIAN_POINT ( 'NONE',  ( -0.4962813505154110600, 0.09359065440273985100, 0.07193368976395347900 ) ) ;
#802 = CARTESIAN_POINT ( 'NONE',  ( 0.5000000000000000000, 0.04536245611088002300, -0.09000000000000024600 ) ) ;
#803 = CARTESIAN_POINT ( 'NONE',  ( -0.4154411752500000200, 0.2595102388117089300, 0.1181461024357783200 ) ) ;
#804 = AXIS2_PLACEMENT_3D ( 'NONE', #558, #381, #82 ) ;
#805 = CARTESIAN_POINT ( 'NONE',  ( -0.2212588225000001500, 0.2247417433916885400, -0.1784600750472860000 ) ) ;
#806 = CARTESIAN_POINT ( 'NONE',  ( -0.1948529402500000200, 0.07650680769040334200, -0.04234359930452300700 ) ) ;
#807 = CARTESIAN_POINT ( 'NONE',  ( -0.1353588227499998300, 0.2098626600269404000, 0.1314491310773175400 ) ) ;
#808 = CARTESIAN_POINT ( 'NONE',  ( 0.2904411767499999700, 0.2595102388117089300, 0.1181461024357783200 ) ) ;
#809 = DIRECTION ( 'NONE',  ( 0.0000000000000000000, 0.8660254037844377100, 0.5000000000000014400 ) ) ;
#810 = CARTESIAN_POINT ( 'NONE',  ( 0.3168470590000001500, 0.3751136775241114000, -0.04658742811845360800 ) ) ;
#811 = APPLICATION_PROTOCOL_DEFINITION ( 'draft international standard', 'automotive_design', 1998, #218 ) ;
#812 = CARTESIAN_POINT ( 'NONE',  ( -0.08455882274999999800, 0.2098626600269404300, 0.1314491310773175400 ) ) ;
#813 = CIRCLE ( 'NONE', #819, 0.02539999999999991900 ) ;
#814 = CARTESIAN_POINT ( 'NONE',  ( -0.4087588222500002100, 0.1422543981820625100, 0.1737866857453682400 ) ) ;
#815 = CARTESIAN_POINT ( 'NONE',  ( -0.1794764697499997800, 0.1143906280966015400, 0.09904074323622372200 ) ) ;
#816 = EDGE_LOOP ( 'NONE', ( #1462, #26, #1025, #1585 ) ) ;
#817 = CARTESIAN_POINT ( 'NONE',  ( 0.07420000050000015400, 0.1225950521641522300, -0.1025012515656279100 ) ) ;
#818 = CARTESIAN_POINT ( 'NONE',  ( -0.4044117635000000200, 0.3108240860136486900, 0.1428036012524225300 ) ) ;
#819 = AXIS2_PLACEMENT_3D ( 'NONE', #1453, #594, #1772 ) ;
#820 = CLOSED_SHELL ( 'NONE', ( #534, #1903, #1703, #846, #853, #1364, #917, #471, #348, #1820, #1220, #1279, #967, #150, #1661, #168 ) ) ;
#821 = CARTESIAN_POINT ( 'NONE',  ( 0.02138823599999976900, 0.3131375109610287600, 0.06460000000000024100 ) ) ;
#822 = PRODUCT_CONTEXT ( 'NONE', #16, 'mechanical' ) ;
#823 = CARTESIAN_POINT ( 'NONE',  ( 0.4669117647500000700, 0.1429838187724491200, -0.1181461024357783600 ) ) ;
#824 = CARTESIAN_POINT ( 'NONE',  ( -0.3823529400000000300, 0.3131375109610287600, 0.06460000000000022700 ) ) ;
#825 = CARTESIAN_POINT ( 'NONE',  ( -0.05815294049999986100, 0.3293417048815756600, 0.01686398403483080000 ) ) ;
#826 = CARTESIAN_POINT ( 'NONE',  ( 0.3897058824999999300, 0.3037482803577069000, -0.07865197662792682000 ) ) ;
#827 = CARTESIAN_POINT ( 'NONE',  ( 0.5000000000000000000, 0.08935654662312932100, -0.06460000000000026800 ) ) ;
#828 = CARTESIAN_POINT ( 'NONE',  ( -0.2212588225000001500, 0.2181110128269098400, -0.1280946760894966200 ) ) ;
#829 = CARTESIAN_POINT ( 'NONE',  ( 0.1403764710000001400, 0.02738038006004653600, 0.04658742811845363600 ) ) ;
#830 = CARTESIAN_POINT ( 'NONE',  ( -0.4331529399999999300, 0.3131375109610287600, 0.06460000000000024100 ) ) ;
#831 = EDGE_CURVE ( 'NONE', #1939, #1311, #337, .T. ) ;
#832 = CARTESIAN_POINT ( 'NONE',  ( 0.1734647062500001300, 0.1143906280966015400, 0.09904074323622372200 ) ) ;
#833 = CARTESIAN_POINT ( 'NONE',  ( -0.4816176457500000500, 0.08023965940209512600, 0.1379824596170296800 ) ) ;
#834 = CARTESIAN_POINT ( 'NONE',  ( -0.4374999987500001200, 0.2098626600269404300, 0.1314491310773175400 ) ) ;
#835 = CARTESIAN_POINT ( 'NONE',  ( 0.01035882424999977500, 0.3002877720283027000, 0.08685640069547744000 ) ) ;
#836 = CARTESIAN_POINT ( 'NONE',  ( 0.4779411765000000100, 0.1225950521641522000, -0.1025012515656279200 ) ) ;
#837 = CARTESIAN_POINT ( 'NONE',  ( 0.3235294120000000200, 0.3571316014732779900, 0.09000000000000021900 ) ) ;
#838 = CARTESIAN_POINT ( 'NONE',  ( 0.2242647062499999700, 0.1143906280966015700, 0.09904074323622374900 ) ) ;
#839 = CARTESIAN_POINT ( 'NONE',  ( -0.3823529400000000300, 0.3571316014732779900, 0.09000000000000021900 ) ) ;
#840 = DIRECTION ( 'NONE',  ( 0.0000000000000000000, 1.000000000000000000, 0.0000000000000000000 ) ) ;
#841 = CARTESIAN_POINT ( 'NONE',  ( 0.04344705949999981600, 0.3293417048815756600, 0.01686398403483080000 ) ) ;
#842 = CIRCLE ( 'NONE', #1446, 0.02539999999999991600 ) ;
#843 = CARTESIAN_POINT ( 'NONE',  ( 0.3786764707499999900, 0.3193931312278573400, -0.05826321001962992500 ) ) ;
#844 = VERTEX_POINT ( 'NONE', #279 ) ;
#845 = CARTESIAN_POINT ( 'NONE',  ( -0.3933823517500000300, 0.3002877720283028100, 0.08685640069547746800 ) ) ;
#846 = ADVANCED_FACE ( 'NONE', ( #1874 ), #603, .T. ) ;
#847 = CARTESIAN_POINT ( 'NONE',  ( 0.2352941179999999700, 0.1366470287920788000, 0.1118904821689497000 ) ) ;
#848 = CARTESIAN_POINT ( 'NONE',  ( 0.003676471249999968800, 0.3326961598693966000, -0.008615631234861425800 ) ) ;
#849 = CARTESIAN_POINT ( 'NONE',  ( 0.1470588239999999800, 0.04536245611088003700, -0.09000000000000023300 ) ) ;
#850 = CARTESIAN_POINT ( 'NONE',  ( 0.03676470649999993800, 0.3440506300445015400, -0.1095770572215696400 ) ) ;
#851 = CARTESIAN_POINT ( 'NONE',  ( -0.3536117635000001800, 0.2798990054200059000, 0.1025012515656278700 ) ) ;
#852 = DIRECTION ( 'NONE',  ( 0.0000000000000000000, 0.8660254027495442000, -0.5000000017924898200 ) ) ;
#853 = ADVANCED_FACE ( 'NONE', ( #1458 ), #1756, .T. ) ;
#854 = AXIS2_PLACEMENT_3D ( 'NONE', #981, #991, #553 ) ;
#855 = CARTESIAN_POINT ( 'NONE',  ( -0.03375882275000017400, 0.2098626600269404000, 0.1314491310773175400 ) ) ;
#856 = CARTESIAN_POINT ( 'NONE',  ( -0.4999789097947556800, 3.199893632273265800E-010, 2.304996744654222000E-016 ) ) ;
#857 = CARTESIAN_POINT ( 'NONE',  ( -0.3492647047500001500, 0.3326961598693966000, -0.008615631234861425800 ) ) ;
#858 = CARTESIAN_POINT ( 'NONE',  ( -0.4087588222500002100, 0.1589034294875559500, 0.1247402211016756200 ) ) ;
#859 = CARTESIAN_POINT ( 'NONE',  ( 0.4669117647500000700, 0.1429838187724491200, -0.1181461024357783600 ) ) ;
#860 = CARTESIAN_POINT ( 'NONE',  ( 0.4669117647500000700, 0.1200753739659694600, -0.1645998331148612000 ) ) ;
#861 = CARTESIAN_POINT ( 'NONE',  ( -0.04044117575000005800, 0.3002877720283028100, 0.08685640069547745400 ) ) ;
#862 = LINE ( 'NONE', #827, #99 ) ;
#863 = ORIENTED_EDGE ( 'NONE', *, *, #1338, .F. ) ;
#864 = CARTESIAN_POINT ( 'NONE',  ( 0.4558823529999999600, 0.1546596006736254100, -0.1738666487320325000 ) ) ;
#865 = CARTESIAN_POINT ( 'NONE',  ( -0.4044117635000000200, 0.2798990054200058400, 0.1025012515656278800 ) ) ;
#866 = ORIENTED_EDGE ( 'NONE', *, *, #14, .T. ) ;
#867 = CARTESIAN_POINT ( 'NONE',  ( -0.3669764694999998500, 0.3037482803577069000, -0.07865197662792682000 ) ) ;
#868 = CARTESIAN_POINT ( 'NONE',  ( 0.1911764710000000100, 0.02738038006004655000, 0.04658742811845362200 ) ) ;
#869 = CARTESIAN_POINT ( 'NONE',  ( 0.3853588237499997500, 0.3750337145374472700, 0.05899263061001652800 ) ) ;
#870 = CARTESIAN_POINT ( 'NONE',  ( 0.1403764710000001400, 0.02738038006004653600, 0.04658742811845363600 ) ) ;
#871 = CARTESIAN_POINT ( 'NONE',  ( -0.3228588224999998100, 0.2247417433916884800, -0.1784600750472860000 ) ) ;
#872 = CARTESIAN_POINT ( 'NONE',  ( -0.3780058812499999000, 0.3193931312278572900, -0.05826321001962993200 ) ) ;
#873 = CARTESIAN_POINT ( 'NONE',  ( 0.2463235297499999600, 0.1422543981820625100, 0.1737866857453682400 ) ) ;
#874 = CARTESIAN_POINT ( 'NONE',  ( -0.4000647047499998900, 0.3843804931412827000, -0.01200320141079759900 ) ) ;
#875 = CARTESIAN_POINT ( 'NONE',  ( 0.4735941177499997700, 0.2435906280966020600, -0.1247402211016756200 ) ) ;
#876 = CARTESIAN_POINT ( 'NONE',  ( -0.3161764695000000600, 0.3037482803577069000, -0.07865197662792682000 ) ) ;
#877 = AXIS2_PLACEMENT_3D ( 'NONE', #1663, #1655, #306 ) ;
#878 = CARTESIAN_POINT ( 'NONE',  ( -0.3272058812500001100, 0.3658468619069402100, -0.08117165482610963500 ) ) ;
#879 = CARTESIAN_POINT ( 'NONE',  ( 0.1801470592499999600, 0.06979789771476147000, 0.008615631234861410200 ) ) ;
#880 = CARTESIAN_POINT ( 'NONE',  ( 0.4184470589999997900, 0.3751136775241114000, -0.04658742811845360100 ) ) ;
#881 = DIRECTION ( 'NONE',  ( 0.0000000000000000000, 0.0000000000000000000, 1.000000000000000000 ) ) ;
#882 = CARTESIAN_POINT ( 'NONE',  ( 0.4338235294999999700, 0.2181110128269098400, -0.1280946760894966200 ) ) ;
#883 = CARTESIAN_POINT ( 'NONE',  ( -0.07352941100000003100, 0.2478344569105326300, 0.1738666487320324500 ) ) ;
#884 = ORIENTED_EDGE ( 'NONE', *, *, #102, .T. ) ;
#885 = CARTESIAN_POINT ( 'NONE',  ( 0.4074176472499997900, 0.3326961598693964900, -0.008615631234861418800 ) ) ;
#886 = CARTESIAN_POINT ( 'NONE',  ( -0.3602941165000000400, 0.3797071038393650100, 0.02349471459960947300 ) ) ;
#887 = ORIENTED_EDGE ( 'NONE', *, *, #1299, .F. ) ;
#888 = CARTESIAN_POINT ( 'NONE',  ( 0.5000000000000000000, 0.0000000000000000000, -0.02540000000000023800 ) ) ;
#889 = CARTESIAN_POINT ( 'NONE',  ( -0.1132999992499998700, 0.2824186836181886700, 0.1645998331148611500 ) ) ;
#890 = CARTESIAN_POINT ( 'NONE',  ( -0.3890352929999998900, 0.3751136775241114000, -0.04658742811845360800 ) ) ;
#891 = CARTESIAN_POINT ( 'NONE',  ( -0.1617647050000000900, 0.02738038006004655000, 0.04658742811845362200 ) ) ;
#892 = CARTESIAN_POINT ( 'NONE',  ( -0.3161764695000000600, 0.3440506300445015400, -0.1095770572215696400 ) ) ;
#893 = CARTESIAN_POINT ( 'NONE',  ( 0.3743294119999998100, 0.3571316014732779900, 0.09000000000000023300 ) ) ;
#894 = CARTESIAN_POINT ( 'NONE',  ( -0.5066286142448540600, 0.04536245624458839400, 0.09000000023158991100 ) ) ;
#895 = CARTESIAN_POINT ( 'NONE',  ( 0.2683823532499999800, 0.2098626600269404300, 0.1314491310773175400 ) ) ;
#896 =( LENGTH_UNIT ( ) NAMED_UNIT ( * ) SI_UNIT ( $, .METRE. ) );
#897 = CARTESIAN_POINT ( 'NONE',  ( -0.1507352932500001200, 0.03664719567721784500, 0.08117165482610963500 ) ) ;
#898 = CARTESIAN_POINT ( 'NONE',  ( -0.03609411699999988400, 0.3260446455486270000, -0.03343942062724566300 ) ) ;
#899 = CARTESIAN_POINT ( 'NONE',  ( -0.3559470577499999100, 0.3222543981820628600, -0.1379824596170297100 ) ) ;
#900 = CARTESIAN_POINT ( 'NONE',  ( -0.4999789097947556800, 3.199893632273265800E-010, 2.262311619753217800E-016 ) ) ;
#901 = CARTESIAN_POINT ( 'NONE',  ( -0.2499999990000000000, 0.1546596006736254100, -0.1738666487320325000 ) ) ;
#902 = CARTESIAN_POINT ( 'NONE',  ( -0.3228588224999998100, 0.2181110128269098400, -0.1280946760894966200 ) ) ;
#903 = CARTESIAN_POINT ( 'NONE',  ( 0.07653529474999978800, 0.3658468619069401600, -0.08117165482610963500 ) ) ;
#904 = CARTESIAN_POINT ( 'NONE',  ( 0.4007352942499999300, 0.2881034294875565200, -0.09904074323622373600 ) ) ;
#905 = CARTESIAN_POINT ( 'NONE',  ( -0.2125647049999999400, 0.02738038006004653600, 0.04658742811845363600 ) ) ;
#906 = CARTESIAN_POINT ( 'NONE',  ( 0.1801470592499999400, 0.01811356444287530800, 0.01200320141079755700 ) ) ;
#907 = ORIENTED_EDGE ( 'NONE', *, *, #238, .T. ) ;
#908 = CARTESIAN_POINT ( 'NONE',  ( 0.1801470592499999600, 0.06979789771476147000, 0.008615631234861410200 ) ) ;
#909 = CARTESIAN_POINT ( 'NONE',  ( 0.2530058827499998600, 0.08310092635630067500, 0.05826321001962993200 ) ) ;
#910 = CARTESIAN_POINT ( 'NONE',  ( 0.2506705885000001800, 0.3108240860136487500, 0.1428036012524225300 ) ) ;
#911 = CARTESIAN_POINT ( 'NONE',  ( 0.1316823534999997900, 0.2247417433916885400, -0.1784600750472860000 ) ) ;
#912 = CARTESIAN_POINT ( 'NONE',  ( 0.4184470589999997900, 0.3751136775241114000, -0.04658742811845360100 ) ) ;
#913 = CARTESIAN_POINT ( 'NONE',  ( 0.05882352999999998500, 0.2658470287920792800, -0.1118904821689497100 ) ) ;
#914 = CARTESIAN_POINT ( 'NONE',  ( -0.4882999987499999600, 0.2132502302028765900, 0.1831334643492037200 ) ) ;
#915 = CARTESIAN_POINT ( 'NONE',  ( -0.2058823520000000500, 0.08935654662312932100, -0.06460000000000026800 ) ) ;
#916 = CARTESIAN_POINT ( 'NONE',  ( 0.2088882357499997900, 0.02746034304671075800, -0.05899263061001650700 ) ) ;
#917 = ADVANCED_FACE ( 'NONE', ( #360 ), #1021, .T. ) ;
#918 = CARTESIAN_POINT ( 'NONE',  ( 0.1801470592499999600, 0.06979789771476147000, 0.008615631234861410200 ) ) ;
#919 = CARTESIAN_POINT ( 'NONE',  ( 0.1470588239999999800, 0.04536245611088003700, -0.09000000000000023300 ) ) ;
#920 = CARTESIAN_POINT ( 'NONE',  ( -0.2941176460000001200, 0.2912470287920792500, -0.1558845726811989900 ) ) ;
#921 = CARTESIAN_POINT ( 'NONE',  ( -0.1838235285000000600, 0.07315235270258238500, -0.01686398403483074100 ) ) ;
#922 = CARTESIAN_POINT ( 'NONE',  ( -0.2058823520000000500, 0.08935654662312932100, -0.06460000000000026800 ) ) ;
#923 = CARTESIAN_POINT ( 'NONE',  ( 0.3235294120000000200, 0.3131375109610287600, 0.06460000000000022700 ) ) ;
#924 = CARTESIAN_POINT ( 'NONE',  ( -0.04044117575000006500, 0.3002877720283028100, 0.08685640069547746800 ) ) ;
#925 = CARTESIAN_POINT ( 'NONE',  ( 0.4492000000000002100, 0.08935654662312932100, -0.06460000000000026800 ) ) ;
#926 = CARTESIAN_POINT ( 'NONE',  ( -0.4595588222500000500, 0.1589034294875560100, 0.1247402211016756500 ) ) ;
#927 = CARTESIAN_POINT ( 'NONE',  ( -0.2346235284999999300, 0.07315235270258238500, -0.01686398403483074800 ) ) ;
#928 = FACE_OUTER_BOUND ( 'NONE', #1248, .T. ) ;
#929 = CARTESIAN_POINT ( 'NONE',  ( 0.2419764709999998300, 0.02738038006004655000, 0.04658742811845360800 ) ) ;
#930 = CARTESIAN_POINT ( 'NONE',  ( -0.1397058815000001000, 0.09874577722645107300, 0.07865197662792676500 ) ) ;
#931 = CARTESIAN_POINT ( 'NONE',  ( 0.5000000000000000000, 0.08935654662312932100, -0.06460000000000026800 ) ) ;
#932 = CARTESIAN_POINT ( 'NONE',  ( 0.3609647060000001900, 0.2658470287920792800, -0.1118904821689497100 ) ) ;
#933 = ORIENTED_EDGE ( 'NONE', *, *, #1353, .T. ) ;
#934 = CARTESIAN_POINT ( 'NONE',  ( 0.2947882355000001100, 0.3293417048815756600, 0.01686398403483080000 ) ) ;
#935 = CARTESIAN_POINT ( 'NONE',  ( -0.4154411752500000200, 0.2824186836181887300, 0.1645998331148611800 ) ) ;
#936 = CARTESIAN_POINT ( 'NONE',  ( -0.2169117637500000400, 0.1022062855558552700, -0.08685640069547746800 ) ) ;
#937 = CARTESIAN_POINT ( 'NONE',  ( 0.3302117649999998200, 0.2346864494193247100, 0.1247976167565479800 ) ) ;
#938 = CARTESIAN_POINT ( 'NONE',  ( -0.3425823517500001200, 0.3392294884091086600, 0.1210073693899838800 ) ) ;
#939 = CARTESIAN_POINT ( 'NONE',  ( -0.1771411755000001900, 0.09166997157050937900, -0.1428036012524225300 ) ) ;
#940 = CARTESIAN_POINT ( 'NONE',  ( -0.2610294107499999700, 0.1926313975572175900, -0.1314491310773175700 ) ) ;
#941 = PRODUCT_DEFINITION ( 'UNKNOWN', '', #1811, #262 ) ;
#942 = CARTESIAN_POINT ( 'NONE',  ( 0.3389058825000002000, 0.3440506300445015900, -0.1095770572215696700 ) ) ;
#943 = CARTESIAN_POINT ( 'NONE',  ( 0.4846235294999998700, 0.2181110128269098400, -0.1280946760894966200 ) ) ;
#944 = CARTESIAN_POINT ( 'NONE',  ( -0.2279411755000000400, 0.1225950521641522000, -0.1025012515656279200 ) ) ;
#945 = CARTESIAN_POINT ( 'NONE',  ( -0.1066176462500000700, 0.1422543981820625100, 0.1737866857453682600 ) ) ;
#946 = CARTESIAN_POINT ( 'NONE',  ( 0.1360294122499999800, 0.1022062855558552700, -0.08685640069547746800 ) ) ;
#947 = CARTESIAN_POINT ( 'NONE',  ( -0.3602941165000000400, 0.3293417048815756000, 0.01686398403483079300 ) ) ;
#948 = CARTESIAN_POINT ( 'NONE',  ( 0.2837588237500001100, 0.3750337145374472700, 0.05899263061001652100 ) ) ;
#949 = CARTESIAN_POINT ( 'NONE',  ( 0.2175823532500001400, 0.2098626600269404000, 0.1314491310773175400 ) ) ;
#950 = CARTESIAN_POINT ( 'NONE',  ( -0.4485294105000001100, 0.1777523141924696500, 0.1784600750472860000 ) ) ;
#951 = EDGE_CURVE ( 'NONE', #982, #366, #953, .T. ) ;
#952 = CARTESIAN_POINT ( 'NONE',  ( -0.4999789097947556800, -1.707404996040164500E-017, 0.03937007874015744500 ) ) ;
#953 = CIRCLE ( 'NONE', #854, 0.02539999999999991600 ) ;
#954 = DIRECTION ( 'NONE',  ( 0.0000000000000000000, -1.000000000000000000, 1.264744441511232700E-016 ) ) ;
#955 = CARTESIAN_POINT ( 'NONE',  ( -0.4999789097947556800, 0.08935654675683765700, 0.06460000023158991900 ) ) ;
#956 = ORIENTED_EDGE ( 'NONE', *, *, #1761, .T. ) ;
#957 = SURFACE_STYLE_USAGE ( .BOTH. , #1369 ) ;
#958 = CARTESIAN_POINT ( 'NONE',  ( -0.1463882344999998500, 0.1843830447572482600, 0.1280946760894966200 ) ) ;
#959 = CARTESIAN_POINT ( 'NONE',  ( 0.1734647062500001300, 0.1143906280966015400, 0.09904074323622372200 ) ) ;
#960 = DIRECTION ( 'NONE',  ( -2.251465578827859800E-017, -1.000000000000000000, 2.069788007652562100E-009 ) ) ;
#961 = UNCERTAINTY_MEASURE_WITH_UNIT (LENGTH_MEASURE( 1.000000000000000100E-005 ), #1, 'distance_accuracy_value', 'NONE');
#962 = CARTESIAN_POINT ( 'NONE',  ( -0.4999789097947556800, 0.04536245629716100000, 0.09000000032264833500 ) ) ;
#963 = CARTESIAN_POINT ( 'NONE',  ( 0.1514058827500001100, 0.03664719567721780300, 0.08117165482610964900 ) ) ;
#964 = CARTESIAN_POINT ( 'NONE',  ( 0.3897058824999999300, 0.3440506300445015400, -0.1095770572215696400 ) ) ;
#965 = CARTESIAN_POINT ( 'NONE',  ( -0.09993529325000025100, 0.03664719567721784500, 0.08117165482610963500 ) ) ;
#966 = CARTESIAN_POINT ( 'NONE',  ( 0.2837588237500001100, 0.3259872498937546600, 0.04234359930452300000 ) ) ;
#967 = ADVANCED_FACE ( 'NONE', ( #716 ), #61, .T. ) ;
#968 = CARTESIAN_POINT ( 'NONE',  ( -0.4485294105000001100, 0.1843830447572482600, 0.1280946760894966200 ) ) ;
#969 = CARTESIAN_POINT ( 'NONE',  ( 0.09859411824999983500, 0.2881034294875564600, -0.09904074323622373600 ) ) ;
#970 = CARTESIAN_POINT ( 'NONE',  ( -0.4374999987500001200, 0.2098626600269404300, 0.1314491310773175400 ) ) ;
#971 = CARTESIAN_POINT ( 'NONE',  ( 0.008023530000000148400, 0.2658470287920792800, -0.1118904821689497100 ) ) ;
#972 = CARTESIAN_POINT ( 'NONE',  ( 0.06985294174999996700, 0.2435906280966020600, -0.1247402211016756700 ) ) ;
#973 = CARTESIAN_POINT ( 'NONE',  ( -0.3205235282500001300, 0.3259872498937546600, 0.04234359930452300000 ) ) ;
#974 =( NAMED_UNIT ( * ) PLANE_ANGLE_UNIT ( ) SI_UNIT ( $, .RADIAN. ) );
#975 = CARTESIAN_POINT ( 'NONE',  ( -0.4000647047499998900, 0.3326961598693964900, -0.008615631234861418800 ) ) ;
#976 = CARTESIAN_POINT ( 'NONE',  ( -0.4197882340000003200, 0.1112470287920788200, 0.1558845726811989600 ) ) ;
#977 = CARTESIAN_POINT ( 'NONE',  ( -0.09124117574999986200, 0.3002877720283027000, 0.08685640069547744000 ) ) ;
#978 = LINE ( 'NONE', #990, #1677 ) ;
#979 = CARTESIAN_POINT ( 'NONE',  ( -0.3492647047500002100, 0.3843804931412827000, -0.01200320141079756600 ) ) ;
#980 = AXIS2_PLACEMENT_3D ( 'NONE', #571, #1770, #1321 ) ;
#981 = CARTESIAN_POINT ( 'NONE',  ( 0.5000000000000000000, 0.06735950136700466500, -0.07730000000000025700 ) ) ;
#982 = VERTEX_POINT ( 'NONE', #78 ) ;
#983 = CARTESIAN_POINT ( 'NONE',  ( -0.4962813505154110600, 0.09359065440273985100, 0.07193368976395347900 ) ) ;
#984 = B_SPLINE_CURVE_WITH_KNOTS ( 'NONE', 3,
 ( #1477, #894, #128, #1613, #436, #105, #1178, #430, #412, #1472 ),
 .UNSPECIFIED., .F., .F.,
 ( 4, 2, 2, 2, 4 ),
 ( 0.5000000000000000000, 0.6250000000000001100, 0.7500000000000002200, 0.8750000000000000000, 1.000000000000000000 ),
 .UNSPECIFIED. ) ;
#985 = CARTESIAN_POINT ( 'NONE',  ( -0.03375882275000017400, 0.2098626600269404000, 0.1314491310773175400 ) ) ;
#986 = CARTESIAN_POINT ( 'NONE',  ( -0.1286764697499999900, 0.1143906280966015800, 0.09904074323622373600 ) ) ;
#987 = CARTESIAN_POINT ( 'NONE',  ( -0.4454813505154111600, 0.05126136787813923700, 0.1002172148414210400 ) ) ;
#988 = CARTESIAN_POINT ( 'NONE',  ( 0.1911764710000000100, 0.07644941203553105900, 0.03343942062724568300 ) ) ;
#989 = CARTESIAN_POINT ( 'NONE',  ( -0.2322882342500002800, 0.2435906280966020600, -0.1247402211016756200 ) ) ;
#990 = CARTESIAN_POINT ( 'NONE',  ( -0.4999789097947556800, 0.04536245627087471400, 0.09000000027711911600 ) ) ;
#991 = DIRECTION ( 'NONE',  ( 0.0000000000000000000, 0.5000000000000014400, -0.8660254037844378200 ) ) ;
#992 = CARTESIAN_POINT ( 'NONE',  ( 0.4227941177499999800, 0.2602396594020955900, -0.1737866857453682600 ) ) ;
#993 = CARTESIAN_POINT ( 'NONE',  ( 0.2573529414999999900, 0.1777523141924696500, 0.1784600750472860000 ) ) ;
#994 = AXIS2_PLACEMENT_3D ( 'NONE', #856, #1449, #997 ) ;
#995 = CARTESIAN_POINT ( 'NONE',  ( 0.2132352944999999800, 0.09874577722645107300, 0.07865197662792676500 ) ) ;
#996 = CARTESIAN_POINT ( 'NONE',  ( 0.05447647124999980400, 0.3326961598693964900, -0.008615631234861418800 ) ) ;
#997 = DIRECTION ( 'NONE',  ( 0.0000000000000000000, -2.069787841119108800E-009, -1.000000000000000000 ) ) ;
#998 = CARTESIAN_POINT ( 'NONE',  ( 0.05447647124999980400, 0.3326961598693964900, -0.008615631234861418800 ) ) ;
#999 = CARTESIAN_POINT ( 'NONE',  ( 0.1360294122499999800, 0.06326456917504930100, -0.1210073693899838800 ) ) ;
#1000 = CARTESIAN_POINT ( 'NONE',  ( 0.5507999999999998500, 0.08935654662312932100, -0.06460000000000026800 ) ) ;
#1001 = CARTESIAN_POINT ( 'NONE',  ( 0.4889705882499999500, 0.06326456917504930100, -0.1210073693899838800 ) ) ;
#1002 = CARTESIAN_POINT ( 'NONE',  ( 0.1691176474999999700, 0.07315235270258238500, -0.01686398403483074100 ) ) ;
#1003 = CARTESIAN_POINT ( 'NONE',  ( 0.1206529417499997800, 0.2435906280966020600, -0.1247402211016756200 ) ) ;
#1004 = DIRECTION ( 'NONE',  ( 0.0000000000000000000, 1.000000000000000000, 0.0000000000000000000 ) ) ;
#1005 = CARTESIAN_POINT ( 'NONE',  ( -0.3536117635000001800, 0.2798990054200059000, 0.1025012515656278700 ) ) ;
#1006 = ORIENTED_EDGE ( 'NONE', *, *, #520, .F. ) ;
#1007 = CARTESIAN_POINT ( 'NONE',  ( 0.09191176524999995800, 0.1892438273812814000, -0.1831334643492037200 ) ) ;
#1008 = CARTESIAN_POINT ( 'NONE',  ( 0.1801470592499999400, 0.06979789771476145600, 0.008615631234861410200 ) ) ;
#1009 = CARTESIAN_POINT ( 'NONE',  ( -0.2874352930000002600, 0.3260446455486270000, -0.03343942062724566300 ) ) ;
#1010 = CARTESIAN_POINT ( 'NONE',  ( -0.4772705870000000200, 0.2346864494193247100, 0.1247976167565479800 ) ) ;
#1011 = CARTESIAN_POINT ( 'NONE',  ( 0.07653529474999978800, 0.3193931312278572900, -0.05826321001962993200 ) ) ;
#1012 = CARTESIAN_POINT ( 'NONE',  ( 0.09191176524999995800, 0.1892438273812814300, -0.1831334643492037200 ) ) ;
#1013 = DIRECTION ( 'NONE',  ( 0.0000000000000000000, -2.069787841119108800E-009, -1.000000000000000000 ) ) ;
#1014 = CARTESIAN_POINT ( 'NONE',  ( -0.2677117637499998900, 0.1022062855558552600, -0.08685640069547748100 ) ) ;
#1015 = PRESENTATION_LAYER_ASSIGNMENT (  '', '', ( #454 ) ) ;
#1016 = CARTESIAN_POINT ( 'NONE',  ( 0.2088882357499997900, 0.02746034304671075800, -0.05899263061001650700 ) ) ;
#1017 = CARTESIAN_POINT ( 'NONE',  ( 0.08522941225000013600, 0.06326456917504925900, -0.1210073693899838800 ) ) ;
#1018 = CARTESIAN_POINT ( 'NONE',  ( -0.4418470575000002000, 0.09874577722645105900, 0.07865197662792677800 ) ) ;
#1019 = CARTESIAN_POINT ( 'NONE',  ( -0.4441823517499998200, 0.3002877720283027000, 0.08685640069547744000 ) ) ;
#1020 = CARTESIAN_POINT ( 'NONE',  ( 0.1691176474999999700, 0.02278695374479301800, -0.02349471459960939700 ) ) ;
#1021 = CYLINDRICAL_SURFACE ( 'NONE', #1920, 0.02539999999999991900 ) ;
#1022 = CARTESIAN_POINT ( 'NONE',  ( 0.008023530000000148400, 0.2658470287920792800, -0.1118904821689497100 ) ) ;
#1023 = CARTESIAN_POINT ( 'NONE',  ( 0.4846235294999998700, 0.2247417433916885400, -0.1784600750472860000 ) ) ;
#1024 = SURFACE_STYLE_USAGE ( .BOTH. , #1605 ) ;
#1025 = ORIENTED_EDGE ( 'NONE', *, *, #637, .T. ) ;
#1026 = CARTESIAN_POINT ( 'NONE',  ( -0.3007999989999998700, 0.1678076081648333700, -0.1247976167565479800 ) ) ;
#1027 = EDGE_CURVE ( 'NONE', #639, #1222, #261, .T. ) ;
#1028 = CARTESIAN_POINT ( 'NONE',  ( -0.05147058750000004700, 0.3108240860136486900, 0.1428036012524225300 ) ) ;
#1029 = CARTESIAN_POINT ( 'NONE',  ( -0.4454813505154111600, 0.09359065440273982300, 0.07193368976395345100 ) ) ;
#1030 = CARTESIAN_POINT ( 'NONE',  ( -0.4441823517499998200, 0.3392294884091087700, 0.1210073693899839100 ) ) ;
#1031 = CARTESIAN_POINT ( 'NONE',  ( -0.1176470579999999800, 0.1112470287920788200, 0.1558845726811989900 ) ) ;
#1032 = CARTESIAN_POINT ( 'NONE',  ( 0.3081529414999998900, 0.1777523141924696500, 0.1784600750472860000 ) ) ;
#1033 = CARTESIAN_POINT ( 'NONE',  ( -0.1574176462499998800, 0.1422543981820625100, 0.1737866857453682400 ) ) ;
#1034 = CARTESIAN_POINT ( 'NONE',  ( -0.4662411752499998100, 0.2824186836181886700, 0.1645998331148611500 ) ) ;
#1035 = CARTESIAN_POINT ( 'NONE',  ( -0.1727941167500000600, 0.01811356444287531100, 0.01200320141079755700 ) ) ;
#1036 = CARTESIAN_POINT ( 'NONE',  ( 0.3963882354999998500, 0.3293417048815756600, 0.01686398403483080000 ) ) ;
#1037 = AXIS2_PLACEMENT_3D ( 'NONE', #679, #406, #587 ) ;
#1038 = CARTESIAN_POINT ( 'NONE',  ( -0.2058823520000000500, 0.04536245611088003700, -0.09000000000000023300 ) ) ;
#1039 = CARTESIAN_POINT ( 'NONE',  ( 0.08088235349999996200, 0.2181110128269098400, -0.1280946760894966200 ) ) ;
#1040 = CARTESIAN_POINT ( 'NONE',  ( -0.05147058750000004700, 0.2798990054200058400, 0.1025012515656278800 ) ) ;
#1041 = CARTESIAN_POINT ( 'NONE',  ( -0.04712352874999985900, 0.3843804931412827000, -0.01200320141079759900 ) ) ;
#1042 = CARTESIAN_POINT ( 'NONE',  ( -0.3272058812500001100, 0.3193931312278573400, -0.05826321001962992500 ) ) ;
#1043 = CARTESIAN_POINT ( 'NONE',  ( -0.06249999925000003500, 0.2824186836181887300, 0.1645998331148611800 ) ) ;
#1044 = CARTESIAN_POINT ( 'NONE',  ( -0.08021176399999990800, 0.3131375109610287600, 0.06460000000000024100 ) ) ;
#1045 = CARTESIAN_POINT ( 'NONE',  ( 0.05447647124999980400, 0.3843804931412827000, -0.01200320141079756400 ) ) ;
#1046 = CARTESIAN_POINT ( 'NONE',  ( 0.4669117647500000700, 0.1429838187724491200, -0.1181461024357783600 ) ) ;
#1047 = CARTESIAN_POINT ( 'NONE',  ( 0.2352941179999999700, 0.1366470287920788000, 0.1118904821689497000 ) ) ;
#1048 = MECHANICAL_DESIGN_GEOMETRIC_PRESENTATION_REPRESENTATION (  '', ( #454 ), #1115 ) ;
#1049 = CARTESIAN_POINT ( 'NONE',  ( -0.2610294107499999700, 0.1892438273812814000, -0.1831334643492037200 ) ) ;
#1050 = CARTESIAN_POINT ( 'NONE',  ( -0.1066176462500000600, 0.1422543981820625100, 0.1737866857453682400 ) ) ;
#1051 = CARTESIAN_POINT ( 'NONE',  ( -0.3338882342499998000, 0.2435906280966020600, -0.1247402211016756200 ) ) ;
#1052 = CARTESIAN_POINT ( 'NONE',  ( 0.1206529417499997800, 0.2602396594020955400, -0.1737866857453682400 ) ) ;
#1053 = CARTESIAN_POINT ( 'NONE',  ( -0.01403529349999990000, 0.3440506300445015900, -0.1095770572215696700 ) ) ;
#1054 = CARTESIAN_POINT ( 'NONE',  ( 0.3235294120000000200, 0.3131375109610287600, 0.06460000000000022700 ) ) ;
#1055 = DIRECTION ( 'NONE',  ( 0.0000000000000000000, -1.000000000000000000, 1.264744441511232700E-016 ) ) ;
#1056 = CARTESIAN_POINT ( 'NONE',  ( -0.04478823450000016200, 0.1777523141924696500, 0.1784600750472860000 ) ) ;
#1057 = CARTESIAN_POINT ( 'NONE',  ( 0.3125000002500000200, 0.3002877720283028100, 0.08685640069547746800 ) ) ;
#1058 = CARTESIAN_POINT ( 'NONE',  ( -0.4745789097947558700, 0.06160068851926943400, 0.08062485245663911200 ) ) ;
#1059 = CARTESIAN_POINT ( 'NONE',  ( -0.4993294104999999000, 0.1777523141924696500, 0.1784600750472860000 ) ) ;
#1060 = CARTESIAN_POINT ( 'NONE',  ( -0.1684470579999998200, 0.1112470287920788200, 0.1558845726811990100 ) ) ;
#1061 = CARTESIAN_POINT ( 'NONE',  ( 0.1691176474999999700, 0.07315235270258238500, -0.01686398403483074100 ) ) ;
#1062 = CARTESIAN_POINT ( 'NONE',  ( 0.4271411765000001600, 0.09166997157050933700, -0.1428036012524225600 ) ) ;
#1063 = CARTESIAN_POINT ( 'NONE',  ( -0.01169999925000020000, 0.2824186836181886700, 0.1645998331148611500 ) ) ;
#1064 = CARTESIAN_POINT ( 'NONE',  ( 0.08088235349999996200, 0.2181110128269098400, -0.1280946760894966200 ) ) ;
#1065 = CARTESIAN_POINT ( 'NONE',  ( 0.1427117652499997900, 0.1926313975572175600, -0.1314491310773175900 ) ) ;
#1066 = CARTESIAN_POINT ( 'NONE',  ( 0.4381705882500001000, 0.1022062855558552600, -0.08685640069547748100 ) ) ;
#1067 = CARTESIAN_POINT ( 'NONE',  ( -0.1617647050000000900, 0.02738038006004655000, 0.04658742811845362200 ) ) ;
#1068 = CARTESIAN_POINT ( 'NONE',  ( 0.5000000000000000000, 0.0000000000000000000, -3.213942933772876300E-016 ) ) ;
#1069 = ORIENTED_EDGE ( 'NONE', *, *, #557, .F. ) ;
#1070 = ORIENTED_EDGE ( 'NONE', *, *, #831, .T. ) ;
#1071 = CARTESIAN_POINT ( 'NONE',  ( -0.4999789097947556800, 0.04536245629716100000, 0.09000000032264833500 ) ) ;
#1072 = CARTESIAN_POINT ( 'NONE',  ( -0.3007999989999998700, 0.1678076081648333700, -0.1247976167565479800 ) ) ;
#1073 = CARTESIAN_POINT ( 'NONE',  ( -0.06684705800000015400, 0.1112470287920788200, 0.1558845726811989600 ) ) ;
#1074 = CARTESIAN_POINT ( 'NONE',  ( 0.2971235297499997800, 0.1422543981820625100, 0.1737866857453682400 ) ) ;
#1075 = CARTESIAN_POINT ( 'NONE',  ( -0.2499999990000000000, 0.1546596006736254100, -0.1738666487320325000 ) ) ;
#1076 = MECHANICAL_DESIGN_GEOMETRIC_PRESENTATION_REPRESENTATION (  '', ( #605 ), #1184 ) ;
#1077 = CARTESIAN_POINT ( 'NONE',  ( -0.2610294107499999700, 0.1926313975572175900, -0.1314491310773175700 ) ) ;
#1078 = CARTESIAN_POINT ( 'NONE',  ( 0.3278764707500000900, 0.3658468619069402100, -0.08117165482610964900 ) ) ;
#1079 = CARTESIAN_POINT ( 'NONE',  ( 0.03676470649999993800, 0.3037482803577069000, -0.07865197662792682000 ) ) ;
#1080 = CARTESIAN_POINT ( 'NONE',  ( -0.2653764695000002100, 0.3440506300445015900, -0.1095770572215696600 ) ) ;
#1081 = CARTESIAN_POINT ( 'NONE',  ( -0.1617647050000000900, 0.07644941203553105900, 0.03343942062724568300 ) ) ;
#1082 = CARTESIAN_POINT ( 'NONE',  ( 0.3499352942500000300, 0.2881034294875564600, -0.09904074323622373600 ) ) ;
#1083 = CARTESIAN_POINT ( 'NONE',  ( 0.02573529474999994600, 0.3193931312278573400, -0.05826321001962992500 ) ) ;
#1084 = CARTESIAN_POINT ( 'NONE',  ( 0.3191823532499998300, 0.2098626600269404000, 0.1314491310773175400 ) ) ;
#1085 = CARTESIAN_POINT ( 'NONE',  ( 0.3058176472500001600, 0.3843804931412827000, -0.01200320141079759900 ) ) ;
#1086 = CARTESIAN_POINT ( 'NONE',  ( -0.3382352930000000500, 0.3260446455486270000, -0.03343942062724567600 ) ) ;
#1087 = CARTESIAN_POINT ( 'NONE',  ( -0.3536117635000001800, 0.3108240860136486900, 0.1428036012524225300 ) ) ;
#1088 = CARTESIAN_POINT ( 'NONE',  ( -0.1286764697499999900, 0.1143906280966015800, 0.09904074323622373600 ) ) ;
#1089 = CARTESIAN_POINT ( 'NONE',  ( -0.5213882339999998900, 0.1112470287920788200, 0.1558845726811990100 ) ) ;
#1090 = CARTESIAN_POINT ( 'NONE',  ( 0.2573529414999999900, 0.1843830447572482600, 0.1280946760894966200 ) ) ;
#1091 = CARTESIAN_POINT ( 'NONE',  ( -0.2389705872500000100, 0.1200753739659694400, -0.1645998331148612000 ) ) ;
#1092 = CARTESIAN_POINT ( 'NONE',  ( 0.5000000000000000000, 0.0000000000000000000, -0.03937007874015751400 ) ) ;
#1093 = CARTESIAN_POINT ( 'NONE',  ( -0.2720588224999999600, 0.2181110128269098400, -0.1280946760894966200 ) ) ;
#1094 = CARTESIAN_POINT ( 'NONE',  ( 0.3058176472500001600, 0.3843804931412827000, -0.01200320141079759900 ) ) ;
#1095 = CARTESIAN_POINT ( 'NONE',  ( 0.4625647059999998300, 0.2658470287920792800, -0.1118904821689497100 ) ) ;
#1096 = CARTESIAN_POINT ( 'NONE',  ( 0.1734647062500001300, 0.08023965940209511200, 0.1379824596170297100 ) ) ;
#1097 = CARTESIAN_POINT ( 'NONE',  ( -0.2058823520000000500, 0.08935654662312932100, -0.06460000000000026800 ) ) ;
#1098 = CIRCLE ( 'NONE', #507, 0.02539999999999991600 ) ;
#1099 = CARTESIAN_POINT ( 'NONE',  ( -0.0006705875000002112100, 0.3108240860136486900, 0.1428036012524225300 ) ) ;
#1100 = ORIENTED_EDGE ( 'NONE', *, *, #520, .T. ) ;
#1101 = CARTESIAN_POINT ( 'NONE',  ( -0.4485294105000001100, 0.1843830447572482600, 0.1280946760894966200 ) ) ;
#1102 = CARTESIAN_POINT ( 'NONE',  ( -0.1066176462500000600, 0.1589034294875560100, 0.1247402211016756500 ) ) ;
#1103 = CARTESIAN_POINT ( 'NONE',  ( 0.3389058825000002000, 0.3037482803577069000, -0.07865197662792682000 ) ) ;
#1104 = CARTESIAN_POINT ( 'NONE',  ( -0.4595588222500001100, 0.1422543981820625100, 0.1737866857453682600 ) ) ;
#1105 = CARTESIAN_POINT ( 'NONE',  ( 0.5507999999999998500, 0.08935654662312932100, -0.06460000000000026800 ) ) ;
#1106 = CARTESIAN_POINT ( 'NONE',  ( -0.2433176460000002500, 0.2912470287920792500, -0.1558845726811989600 ) ) ;
#1107 = CARTESIAN_POINT ( 'NONE',  ( 0.01905294175000013900, 0.2435906280966020600, -0.1247402211016756200 ) ) ;
#1108 = DIRECTION ( 'NONE',  ( 0.0000000000000000000, -2.069788007652562100E-009, -1.000000000000000000 ) ) ;
#1109 = CARTESIAN_POINT ( 'NONE',  ( 0.5000000000000000000, -0.2700000000000000200, 0.02539999999999960000 ) ) ;
#1110 = CARTESIAN_POINT ( 'NONE',  ( 0.4492000000000002100, 0.04536245611088000900, -0.09000000000000023300 ) ) ;
#1111 = CARTESIAN_POINT ( 'NONE',  ( -0.4705882340000000500, 0.1366470287920788000, 0.1118904821689497000 ) ) ;
#1112 = CARTESIAN_POINT ( 'NONE',  ( -0.3780058812499999000, 0.3193931312278572900, -0.05826321001962993200 ) ) ;
#1113 = CARTESIAN_POINT ( 'NONE',  ( -0.1330235285000002100, 0.02278695374479301800, -0.02349471459960939300 ) ) ;
#1114 = CARTESIAN_POINT ( 'NONE',  ( -0.3051470577500001200, 0.3222543981820629200, -0.1379824596170297300 ) ) ;
#1115 =( GEOMETRIC_REPRESENTATION_CONTEXT ( 3 ) GLOBAL_UNCERTAINTY_ASSIGNED_CONTEXT ( ( #961 ) ) GLOBAL_UNIT_ASSIGNED_CONTEXT ( ( #1, #1914, #1186 ) ) REPRESENTATION_CONTEXT ( 'NONE', 'WORKASPACE' ) );
#1116 = DIRECTION ( 'NONE',  ( -2.251465578827859800E-017, -0.5000000017924899300, -0.8660254027495442000 ) ) ;
#1117 = VECTOR ( 'NONE', #954, 39.37007874015748100 ) ;
#1118 = CARTESIAN_POINT ( 'NONE',  ( -0.2322882342500002800, 0.2435906280966020600, -0.1247402211016756200 ) ) ;
#1119 = ORIENTED_EDGE ( 'NONE', *, *, #1194, .T. ) ;
#1120 = CARTESIAN_POINT ( 'NONE',  ( -0.07352941100000003100, 0.2346864494193246800, 0.1247976167565479600 ) ) ;
#1121 = CARTESIAN_POINT ( 'NONE',  ( 0.4338235294999999700, 0.2247417433916885100, -0.1784600750472860000 ) ) ;
#1122 = ORIENTED_EDGE ( 'NONE', *, *, #1761, .F. ) ;
#1123 = CARTESIAN_POINT ( 'NONE',  ( 0.5397705882499999100, 0.1022062855558552600, -0.08685640069547748100 ) ) ;
#1124 = CARTESIAN_POINT ( 'NONE',  ( 0.3676470590000000000, 0.3260446455486270000, -0.03343942062724567600 ) ) ;
#1125 = CARTESIAN_POINT ( 'NONE',  ( 0.03676470649999993800, 0.3037482803577069000, -0.07865197662792682000 ) ) ;
#1126 = DIRECTION ( 'NONE',  ( 0.0000000000000000000, 0.8660254037844377100, 0.5000000000000014400 ) ) ;
#1127 = CARTESIAN_POINT ( 'NONE',  ( 0.2088882357499997900, 0.07650680769040334200, -0.04234359930452300000 ) ) ;
#1128 = CARTESIAN_POINT ( 'NONE',  ( 0.4889705882499999500, 0.06326456917504930100, -0.1210073693899838800 ) ) ;
#1129 = CARTESIAN_POINT ( 'NONE',  ( -0.4705882340000000500, 0.1366470287920788000, 0.1118904821689497000 ) ) ;
#1130 = CARTESIAN_POINT ( 'NONE',  ( -0.4999789097947556800, 0.08935654675683769900, 0.06460000023158993200 ) ) ;
#1131 = CARTESIAN_POINT ( 'NONE',  ( -0.3272058812500001100, 0.3193931312278573400, -0.05826321001962992500 ) ) ;
#1132 = B_SPLINE_CURVE_WITH_KNOTS ( 'NONE', 3,
 ( #1130, #270, #1203, #610, #291, #1058, #1645, #149, #297, #1498 ),
 .UNSPECIFIED., .F., .F.,
 ( 4, 2, 2, 2, 4 ),
 ( 0.0000000000000000000, 0.1249999999999999200, 0.2499999999999998300, 0.3749999999999998900, 0.5000000000000000000 ),
 .UNSPECIFIED. ) ;
#1133 = CARTESIAN_POINT ( 'NONE',  ( 0.4338235294999999700, 0.2181110128269098400, -0.1280946760894966200 ) ) ;
#1134 = CARTESIAN_POINT ( 'NONE',  ( 0.05214117700000011500, 0.1546596006736254100, -0.1738666487320325000 ) ) ;
#1135 = CARTESIAN_POINT ( 'NONE',  ( -0.4491789097947558300, 0.04536245629716101300, 0.09000000032264836300 ) ) ;
#1136 = CARTESIAN_POINT ( 'NONE',  ( 0.2573529414999999900, 0.1843830447572482600, 0.1280946760894966200 ) ) ;
#1137 = CARTESIAN_POINT ( 'NONE',  ( -0.1550823520000002000, 0.08935654662312932100, -0.06460000000000026800 ) ) ;
#1138 = CARTESIAN_POINT ( 'NONE',  ( 0.5000000000000000000, -0.2700000000000000200, 0.02539999999999960000 ) ) ;
#1139 = CARTESIAN_POINT ( 'NONE',  ( 0.3235294120000000200, 0.3571316014732779900, 0.09000000000000021900 ) ) ;
#1140 = CARTESIAN_POINT ( 'NONE',  ( -0.3713235282500000300, 0.3259872498937547200, 0.04234359930452301400 ) ) ;
#1141 = CARTESIAN_POINT ( 'NONE',  ( 0.06550588299999979300, 0.3260446455486270000, -0.03343942062724566300 ) ) ;
#1142 = CARTESIAN_POINT ( 'NONE',  ( -0.4595588222500000500, 0.1589034294875560100, 0.1247402211016756500 ) ) ;
#1143 = CARTESIAN_POINT ( 'NONE',  ( 0.1250000004999999900, 0.1225950521641522000, -0.1025012515656279200 ) ) ;
#1144 = FACE_OUTER_BOUND ( 'NONE', #180, .T. ) ;
#1145 = CARTESIAN_POINT ( 'NONE',  ( -0.04478823450000016200, 0.1843830447572482600, 0.1280946760894966200 ) ) ;
#1146 = ORIENTED_EDGE ( 'NONE', *, *, #1307, .T. ) ;
#1147 = CARTESIAN_POINT ( 'NONE',  ( 0.4007352942499999300, 0.3222543981820629200, -0.1379824596170297300 ) ) ;
#1148 = CARTESIAN_POINT ( 'NONE',  ( 0.1978588239999998200, 0.08935654662312932100, -0.06460000000000026800 ) ) ;
#1149 = CARTESIAN_POINT ( 'NONE',  ( 0.4558823529999999600, 0.1678076081648333400, -0.1247976167565479800 ) ) ;
#1150 = CARTESIAN_POINT ( 'NONE',  ( 0.1250000004999999900, 0.09166997157050936500, -0.1428036012524225600 ) ) ;
#1151 = CARTESIAN_POINT ( 'NONE',  ( -0.3646411752500000600, 0.2595102388117089300, 0.1181461024357783500 ) ) ;
#1152 = CARTESIAN_POINT ( 'NONE',  ( 0.2794117649999999800, 0.2478344569105326300, 0.1738666487320324500 ) ) ;
#1153 = CARTESIAN_POINT ( 'NONE',  ( -0.4308176457500001400, 0.1143906280966015400, 0.09904074323622372200 ) ) ;
#1154 = DIMENSIONAL_EXPONENTS ( 1.000000000000000000, 0.0000000000000000000, 0.0000000000000000000, 0.0000000000000000000, 0.0000000000000000000, 0.0000000000000000000, 0.0000000000000000000 ) ;
#1155 = CARTESIAN_POINT ( 'NONE',  ( -0.3646411752500000600, 0.2824186836181886700, 0.1645998331148611500 ) ) ;
#1156 = CARTESIAN_POINT ( 'NONE',  ( 0.03008235350000012700, 0.2181110128269098400, -0.1280946760894966200 ) ) ;
#1157 = CARTESIAN_POINT ( 'NONE',  ( 0.03241764774999982000, 0.3259872498937546600, 0.04234359930452300000 ) ) ;
#1158 = CARTESIAN_POINT ( 'NONE',  ( -0.04044117575000006500, 0.3002877720283028100, 0.08685640069547746800 ) ) ;
#1159 = PLANE ( 'NONE',  #712 ) ;
#1160 = CARTESIAN_POINT ( 'NONE',  ( 0.1293470592500001200, 0.01811356444287527000, 0.01200320141079759000 ) ) ;
#1161 = CARTESIAN_POINT ( 'NONE',  ( 0.4846235294999998700, 0.2247417433916885400, -0.1784600750472860000 ) ) ;
#1162 = CARTESIAN_POINT ( 'NONE',  ( -0.5470813505154108500, 0.09359065440273982300, 0.07193368976395345100 ) ) ;
#1163 = CARTESIAN_POINT ( 'NONE',  ( 0.4227941177499999800, 0.2602396594020955900, -0.1737866857453682400 ) ) ;
#1164 = CARTESIAN_POINT ( 'NONE',  ( -0.1109647050000002500, 0.07644941203553104500, 0.03343942062724567600 ) ) ;
#1165 = CARTESIAN_POINT ( 'NONE',  ( -0.06249999925000003500, 0.2595102388117089300, 0.1181461024357783200 ) ) ;
#1166 = CARTESIAN_POINT ( 'NONE',  ( -0.4999789097947556800, -1.707404996040164500E-017, 0.03937007874015744500 ) ) ;
#1167 = CARTESIAN_POINT ( 'NONE',  ( -0.4454813505154111600, 0.09359065440273982300, 0.07193368976395345100 ) ) ;
#1168 = UNCERTAINTY_MEASURE_WITH_UNIT (LENGTH_MEASURE( 1.000000000000000100E-005 ), #1241, 'distance_accuracy_value', 'NONE');
#1169 = CYLINDRICAL_SURFACE ( 'NONE', #1589, 0.02539999999999991900 ) ;
#1170 = CARTESIAN_POINT ( 'NONE',  ( 0.5066823529999997500, 0.1678076081648333700, -0.1247976167565479800 ) ) ;
#1171 = CARTESIAN_POINT ( 'NONE',  ( 0.1580882357499999700, 0.02746034304671076500, -0.05899263061001650700 ) ) ;
#1172 = VERTEX_POINT ( 'NONE', #1614 ) ;
#1173 = CARTESIAN_POINT ( 'NONE',  ( 0.5507999999999998500, 0.04536245611088003000, -0.09000000000000023300 ) ) ;
#1174 = DIRECTION ( 'NONE',  ( 0.0000000000000000000, 0.8660254037844377100, 0.5000000000000014400 ) ) ;
#1175 = CARTESIAN_POINT ( 'NONE',  ( -0.4882999987499999600, 0.2098626600269404000, 0.1314491310773175400 ) ) ;
#1176 = CARTESIAN_POINT ( 'NONE',  ( -0.3933823517500000300, 0.3002877720283028100, 0.08685640069547746800 ) ) ;
#1177 = CARTESIAN_POINT ( 'NONE',  ( -0.4454813505154111600, 0.05126136787813923700, 0.1002172148414210400 ) ) ;
#1178 = CARTESIAN_POINT ( 'NONE',  ( -0.5226414731464449300, 0.07884166565662227600, 0.07067076966529625700 ) ) ;
#1179 = CARTESIAN_POINT ( 'NONE',  ( 0.1029411769999999500, 0.1546596006736254100, -0.1738666487320325000 ) ) ;
#1180 = CARTESIAN_POINT ( 'NONE',  ( 0.05214117700000011500, 0.1546596006736254100, -0.1738666487320325000 ) ) ;
#1181 = CARTESIAN_POINT ( 'NONE',  ( 0.5507999999999998500, 0.04536245611088003000, -0.09000000000000023300 ) ) ;
#1182 = CARTESIAN_POINT ( 'NONE',  ( -0.2456529402499999200, 0.07650680769040334200, -0.04234359930452300000 ) ) ;
#1183 = CARTESIAN_POINT ( 'NONE',  ( 0.2419764709999998300, 0.07644941203553104500, 0.03343942062724567600 ) ) ;
#1184 =( GEOMETRIC_REPRESENTATION_CONTEXT ( 3 ) GLOBAL_UNCERTAINTY_ASSIGNED_CONTEXT ( ( #1168 ) ) GLOBAL_UNIT_ASSIGNED_CONTEXT ( ( #1241, #974, #1284 ) ) REPRESENTATION_CONTEXT ( 'NONE', 'WORKASPACE' ) );
#1185 = CARTESIAN_POINT ( 'NONE',  ( 0.02573529474999994300, 0.3193931312278573400, -0.05826321001962992500 ) ) ;
#1186 =( NAMED_UNIT ( * ) SI_UNIT ( $, .STERADIAN. ) SOLID_ANGLE_UNIT ( ) );
#1187 = CARTESIAN_POINT ( 'NONE',  ( 0.07420000050000015400, 0.09166997157050933700, -0.1428036012524225600 ) ) ;
#1188 = CARTESIAN_POINT ( 'NONE',  ( -0.3382352930000000500, 0.3260446455486270000, -0.03343942062724567600 ) ) ;
#1189 = CARTESIAN_POINT ( 'NONE',  ( 0.2750647062499997900, 0.08023965940209511200, 0.1379824596170297100 ) ) ;
#1190 = CARTESIAN_POINT ( 'NONE',  ( 0.5000000000000000000, 0.03409548833796975700, -0.01968503937007888900 ) ) ;
#1191 = CIRCLE ( 'NONE', #1600, 0.02539999999999991600 ) ;
#1192 = CARTESIAN_POINT ( 'NONE',  ( -0.1022705874999999000, 0.3108240860136487500, 0.1428036012524225300 ) ) ;
#1193 = ORIENTED_EDGE ( 'NONE', *, *, #111, .T. ) ;
#1194 = EDGE_CURVE ( 'NONE', #313, #515, #1132, .T. ) ;
#1195 = CARTESIAN_POINT ( 'NONE',  ( -0.2058823520000000500, 0.04536245611088003700, -0.09000000000000023300 ) ) ;
#1196 = CARTESIAN_POINT ( 'NONE',  ( -0.2941176460000001200, 0.2912470287920792500, -0.1558845726811989900 ) ) ;
#1197 = CARTESIAN_POINT ( 'NONE',  ( 0.3522705884999998100, 0.3108240860136486900, 0.1428036012524225300 ) ) ;
#1198 = CARTESIAN_POINT ( 'NONE',  ( 0.2132352944999999800, 0.09874577722645107300, 0.07865197662792676500 ) ) ;
#1199 = CARTESIAN_POINT ( 'NONE',  ( -0.1463882344999998500, 0.1777523141924696500, 0.1784600750472860000 ) ) ;
#1200 = CARTESIAN_POINT ( 'NONE',  ( 0.4227941177499999800, 0.2435906280966020600, -0.1247402211016756700 ) ) ;
#1201 = CARTESIAN_POINT ( 'NONE',  ( 0.3743294119999998100, 0.3131375109610287600, 0.06460000000000024100 ) ) ;
#1202 = CARTESIAN_POINT ( 'NONE',  ( 0.2352941179999999700, 0.1366470287920788000, 0.1118904821689497000 ) ) ;
#1203 = CARTESIAN_POINT ( 'NONE',  ( -0.4867204486621682900, 0.08698585707815005600, 0.06596871855574532000 ) ) ;
#1204 = CARTESIAN_POINT ( 'NONE',  ( -0.5507789097947554100, 0.04536245629716099300, 0.09000000032264836300 ) ) ;
#1205 = CARTESIAN_POINT ( 'NONE',  ( -0.2897705872499998200, 0.1200753739659694000, -0.1645998331148611500 ) ) ;
#1206 = CARTESIAN_POINT ( 'NONE',  ( 0.2750647062499997900, 0.1143906280966015400, 0.09904074323622372200 ) ) ;
#1207 = AXIS2_PLACEMENT_3D ( 'NONE', #723, #480, #4 ) ;
#1208 =( NAMED_UNIT ( * ) SI_UNIT ( $, .STERADIAN. ) SOLID_ANGLE_UNIT ( ) );
#1209 = CARTESIAN_POINT ( 'NONE',  ( -0.2389705872500000100, 0.1200753739659694600, -0.1645998331148612000 ) ) ;
#1210 = CARTESIAN_POINT ( 'NONE',  ( 0.08756470649999978400, 0.3440506300445015900, -0.1095770572215696600 ) ) ;
#1211 = CARTESIAN_POINT ( 'NONE',  ( 0.4074176472499997900, 0.3843804931412827000, -0.01200320141079756400 ) ) ;
#1212 = CARTESIAN_POINT ( 'NONE',  ( 0.2022058827499999800, 0.08310092635630070300, 0.05826321001962992500 ) ) ;
#1213 = CARTESIAN_POINT ( 'NONE',  ( 0.008023530000000148400, 0.2912470287920792500, -0.1558845726811990100 ) ) ;
#1214 = CARTESIAN_POINT ( 'NONE',  ( 0.3786764707499999900, 0.3193931312278573400, -0.05826321001962992500 ) ) ;
#1215 = CARTESIAN_POINT ( 'NONE',  ( -0.4485294105000001100, 0.1777523141924696500, 0.1784600750472860000 ) ) ;
#1216 = CARTESIAN_POINT ( 'NONE',  ( 0.3389058825000002000, 0.3440506300445015900, -0.1095770572215696700 ) ) ;
#1217 = EDGE_LOOP ( 'NONE', ( #1119, #659, #1651, #1485 ) ) ;
#1218 = CARTESIAN_POINT ( 'NONE',  ( -0.1219941167500001900, 0.01811356444287530800, 0.01200320141079755500 ) ) ;
#1219 = CARTESIAN_POINT ( 'NONE',  ( -0.1507352932500001200, 0.08310092635630070300, 0.05826321001962992500 ) ) ;
#1220 = ADVANCED_FACE ( 'NONE', ( #203 ), #1561, .T. ) ;
#1221 = CARTESIAN_POINT ( 'NONE',  ( 0.02573529474999994600, 0.3193931312278573400, -0.05826321001962992500 ) ) ;
#1222 = VERTEX_POINT ( 'NONE', #317 ) ;
#1223 = CARTESIAN_POINT ( 'NONE',  ( 0.4161117647500001100, 0.1429838187724491200, -0.1181461024357783500 ) ) ;
#1224 = CARTESIAN_POINT ( 'NONE',  ( -0.02941176400000006900, 0.3571316014732779900, 0.09000000000000021900 ) ) ;
#1225 = DIRECTION ( 'NONE',  ( 0.0000000000000000000, 1.000000000000000000, 0.0000000000000000000 ) ) ;
#1226 = CARTESIAN_POINT ( 'NONE',  ( 0.01470588299999996000, 0.3260446455486270000, -0.03343942062724567600 ) ) ;
#1227 = CARTESIAN_POINT ( 'NONE',  ( -0.1905058814999999200, 0.09874577722645105900, 0.07865197662792677800 ) ) ;
#1228 = CARTESIAN_POINT ( 'NONE',  ( -0.07787646975000013500, 0.08023965940209511200, 0.1379824596170297100 ) ) ;
#1229 = CARTESIAN_POINT ( 'NONE',  ( 0.3235294120000000200, 0.3131375109610287600, 0.06460000000000022700 ) ) ;
#1230 = CARTESIAN_POINT ( 'NONE',  ( -0.4662411752499998100, 0.2824186836181886700, 0.1645998331148611500 ) ) ;
#1231 = CARTESIAN_POINT ( 'NONE',  ( 0.3719941177500000200, 0.2435906280966020600, -0.1247402211016756200 ) ) ;
#1232 = CARTESIAN_POINT ( 'NONE',  ( -0.2058823520000000500, 0.04536245611088003700, -0.09000000000000023300 ) ) ;
#1233 = CARTESIAN_POINT ( 'NONE',  ( -0.1617647050000000900, 0.07644941203553105900, 0.03343942062724568300 ) ) ;
#1234 = CARTESIAN_POINT ( 'NONE',  ( -0.3051470577500001200, 0.3222543981820629200, -0.1379824596170297300 ) ) ;
#1235 = CARTESIAN_POINT ( 'NONE',  ( -0.4154411752500000200, 0.2595102388117089300, 0.1181461024357783200 ) ) ;
#1236 = DIRECTION ( 'NONE',  ( 1.000000000000000000, 0.0000000000000000000, -0.0000000000000000000 ) ) ;
#1237 = CARTESIAN_POINT ( 'NONE',  ( 0.5000000000000000000, 0.0000000000000000000, -0.03937007874015751400 ) ) ;
#1238 = CARTESIAN_POINT ( 'NONE',  ( 0.003676471249999968800, 0.3326961598693966000, -0.008615631234861425800 ) ) ;
#1239 = CARTESIAN_POINT ( 'NONE',  ( -0.3933823517500000300, 0.3392294884091087100, 0.1210073693899839100 ) ) ;
#1240 = CARTESIAN_POINT ( 'NONE',  ( -0.2830882342500001300, 0.2435906280966020600, -0.1247402211016756700 ) ) ;
#1241 =( CONVERSION_BASED_UNIT ( 'INCH', #517 ) LENGTH_UNIT ( ) NAMED_UNIT ( #1154 ) );
#1242 = CARTESIAN_POINT ( 'NONE',  ( -0.07352941100000003100, 0.2346864494193246800, 0.1247976167565479600 ) ) ;
#1243 = CARTESIAN_POINT ( 'NONE',  ( 0.01470588299999996000, 0.3260446455486270000, -0.03343942062724567600 ) ) ;
#1244 = CARTESIAN_POINT ( 'NONE',  ( -0.3315529400000001800, 0.3571316014732779900, 0.09000000000000023300 ) ) ;
#1245 = CARTESIAN_POINT ( 'NONE',  ( 0.2309470592499997500, 0.01811356444287530800, 0.01200320141079755500 ) ) ;
#1246 = CARTESIAN_POINT ( 'NONE',  ( 0.3389058825000002000, 0.3037482803577069000, -0.07865197662792682000 ) ) ;
#1247 = CARTESIAN_POINT ( 'NONE',  ( 0.2506705885000001800, 0.2798990054200059000, 0.1025012515656278700 ) ) ;
#1248 = EDGE_LOOP ( 'NONE', ( #770, #1069 ) ) ;
#1249 = CARTESIAN_POINT ( 'NONE',  ( 0.03676470649999993800, 0.3037482803577069000, -0.07865197662792682000 ) ) ;
#1250 = CARTESIAN_POINT ( 'NONE',  ( 0.4735941177499997700, 0.2435906280966020600, -0.1247402211016756200 ) ) ;
#1251 = VERTEX_POINT ( 'NONE', #141 ) ;
#1252 = CARTESIAN_POINT ( 'NONE',  ( -0.1881705872500001300, 0.1200753739659694600, -0.1645998331148611500 ) ) ;
#1253 = CARTESIAN_POINT ( 'NONE',  ( -0.4000647047499998900, 0.3843804931412827000, -0.01200320141079759900 ) ) ;
#1254 = CARTESIAN_POINT ( 'NONE',  ( -0.1727941167500000900, 0.01811356444287530800, 0.01200320141079755700 ) ) ;
#1255 = CARTESIAN_POINT ( 'NONE',  ( -0.3492647047500001500, 0.3326961598693966000, -0.008615631234861425800 ) ) ;
#1256 = CARTESIAN_POINT ( 'NONE',  ( 0.4405058824999999500, 0.3037482803577069000, -0.07865197662792682000 ) ) ;
#1257 = CARTESIAN_POINT ( 'NONE',  ( -0.3713235282500000300, 0.3259872498937547200, 0.04234359930452301400 ) ) ;
#1258 = CARTESIAN_POINT ( 'NONE',  ( -0.2874352930000002600, 0.3751136775241114000, -0.04658742811845360100 ) ) ;
#1259 = CARTESIAN_POINT ( 'NONE',  ( 0.09191176524999995800, 0.1926313975572175900, -0.1314491310773175700 ) ) ;
#1260 = CARTESIAN_POINT ( 'NONE',  ( -0.1286764697499999700, 0.08023965940209512600, 0.1379824596170296800 ) ) ;
#1261 = CARTESIAN_POINT ( 'NONE',  ( 0.2175823532500001400, 0.2132502302028765900, 0.1831334643492037200 ) ) ;
#1262 = CARTESIAN_POINT ( 'NONE',  ( -0.3756705870000002800, 0.2478344569105326300, 0.1738666487320324200 ) ) ;
#1263 = CARTESIAN_POINT ( 'NONE',  ( -0.3425823517500001200, 0.3392294884091086600, 0.1210073693899838800 ) ) ;
#1264 = CARTESIAN_POINT ( 'NONE',  ( 0.1514058827500001100, 0.08310092635630067500, 0.05826321001962993200 ) ) ;
#1265 = AXIS2_PLACEMENT_3D ( 'NONE', #413, #1454, #1773 ) ;
#1266 = CARTESIAN_POINT ( 'NONE',  ( -0.4999789097947556800, 0.08935654675683765700, 0.06460000023158991900 ) ) ;
#1267 = CARTESIAN_POINT ( 'NONE',  ( 0.4161117647500001100, 0.1200753739659694000, -0.1645998331148611500 ) ) ;
#1268 = CARTESIAN_POINT ( 'NONE',  ( -0.04712352874999985900, 0.3326961598693964900, -0.008615631234861418800 ) ) ;
#1269 = EDGE_LOOP ( 'NONE', ( #1329, #1567, #468, #1326 ) ) ;
#1270 = DIRECTION ( 'NONE',  ( 0.0000000000000000000, -0.8660254037844377100, -0.5000000000000014400 ) ) ;
#1271 = CARTESIAN_POINT ( 'NONE',  ( -0.4705882340000000500, 0.1366470287920788000, 0.1118904821689497000 ) ) ;
#1272 = CARTESIAN_POINT ( 'NONE',  ( -0.4441823517499998200, 0.3002877720283027000, 0.08685640069547744000 ) ) ;
#1273 = CARTESIAN_POINT ( 'NONE',  ( 0.3125000002500000200, 0.3392294884091087100, 0.1210073693899839100 ) ) ;
#1274 = CARTESIAN_POINT ( 'NONE',  ( 0.4448529412499999700, 0.1926313975572175900, -0.1314491310773175700 ) ) ;
#1275 = CARTESIAN_POINT ( 'NONE',  ( -0.08890588150000026900, 0.09874577722645105900, 0.07865197662792677800 ) ) ;
#1276 = CARTESIAN_POINT ( 'NONE',  ( 0.2396411767500001000, 0.2824186836181886700, 0.1645998331148611500 ) ) ;
#1277 = CARTESIAN_POINT ( 'NONE',  ( -0.4993294104999999000, 0.1843830447572482600, 0.1280946760894966200 ) ) ;
#1278 = CARTESIAN_POINT ( 'NONE',  ( 0.2904411767499999700, 0.2824186836181887300, 0.1645998331148611800 ) ) ;
#1279 = ADVANCED_FACE ( 'NONE', ( #1797 ), #1548, .T. ) ;
#1280 = CARTESIAN_POINT ( 'NONE',  ( -0.2941176460000001200, 0.2658470287920792800, -0.1118904821689497100 ) ) ;
#1281 = CARTESIAN_POINT ( 'NONE',  ( 0.3058176472500001600, 0.3326961598693964900, -0.008615631234861418800 ) ) ;
#1282 = CARTESIAN_POINT ( 'NONE',  ( -0.4999789097947556800, 0.08935654675683765700, 0.06460000023158991900 ) ) ;
#1283 = CARTESIAN_POINT ( 'NONE',  ( -0.09993529325000025100, 0.08310092635630067500, 0.05826321001962993200 ) ) ;
#1284 =( NAMED_UNIT ( * ) SI_UNIT ( $, .STERADIAN. ) SOLID_ANGLE_UNIT ( ) );
#1285 = CARTESIAN_POINT ( 'NONE',  ( 0.09625882400000014500, 0.04536245611088000900, -0.09000000000000023300 ) ) ;
#1286 = CARTESIAN_POINT ( 'NONE',  ( -0.4221235282499998200, 0.3259872498937546600, 0.04234359930452300000 ) ) ;
#1287 = CARTESIAN_POINT ( 'NONE',  ( 0.4227941177499999800, 0.2602396594020955900, -0.1737866857453682400 ) ) ;
#1288 = CARTESIAN_POINT ( 'NONE',  ( 0.4889705882499999500, 0.1022062855558552700, -0.08685640069547745400 ) ) ;
#1289 = EDGE_LOOP ( 'NONE', ( #288, #866, #579, #1679 ) ) ;
#1290 = CARTESIAN_POINT ( 'NONE',  ( 0.4117647059999999800, 0.2658470287920792800, -0.1118904821689497100 ) ) ;
#1291 = CARTESIAN_POINT ( 'NONE',  ( 0.2242647062499999700, 0.08023965940209512600, 0.1379824596170297100 ) ) ;
#1292 = ORIENTED_EDGE ( 'NONE', *, *, #1648, .F. ) ;
#1293 = CARTESIAN_POINT ( 'NONE',  ( 0.08756470649999978400, 0.3037482803577069000, -0.07865197662792682000 ) ) ;
#1294 = CARTESIAN_POINT ( 'NONE',  ( 0.4779411765000000100, 0.09166997157050936500, -0.1428036012524225600 ) ) ;
#1295 = CARTESIAN_POINT ( 'NONE',  ( -0.1330235285000002100, 0.07315235270258238500, -0.01686398403483074800 ) ) ;
#1296 = CARTESIAN_POINT ( 'NONE',  ( 0.3676470590000000000, 0.3260446455486270000, -0.03343942062724567600 ) ) ;
#1297 = CARTESIAN_POINT ( 'NONE',  ( 0.1072882357500001000, 0.02746034304671072400, -0.05899263061001650700 ) ) ;
#1298 = CARTESIAN_POINT ( 'NONE',  ( 0.4007352942499999300, 0.3222543981820629200, -0.1379824596170297300 ) ) ;
#1299 = EDGE_CURVE ( 'NONE', #363, #491, #634, .T. ) ;
#1300 = CARTESIAN_POINT ( 'NONE',  ( -0.08890588150000026900, 0.09874577722645105900, 0.07865197662792677800 ) ) ;
#1301 = CARTESIAN_POINT ( 'NONE',  ( 0.5000000000000000000, -0.2700000000000000200, -0.02540000000000023800 ) ) ;
#1302 = CARTESIAN_POINT ( 'NONE',  ( 0.2463235297499999900, 0.1422543981820625100, 0.1737866857453682600 ) ) ;
#1303 = CARTESIAN_POINT ( 'NONE',  ( -0.1109647050000002500, 0.07644941203553104500, 0.03343942062724567600 ) ) ;
#1304 = CARTESIAN_POINT ( 'NONE',  ( 0.3235294120000000200, 0.3571316014732779900, 0.09000000000000021900 ) ) ;
#1305 = CARTESIAN_POINT ( 'NONE',  ( -0.3866999987500002200, 0.2098626600269404000, 0.1314491310773175400 ) ) ;
#1306 = CARTESIAN_POINT ( 'NONE',  ( 0.5177117647499998000, 0.1200753739659694600, -0.1645998331148611500 ) ) ;
#1307 = EDGE_CURVE ( 'NONE', #366, #1251, #862, .T. ) ;
#1308 = CARTESIAN_POINT ( 'NONE',  ( 0.4294764707499997800, 0.3193931312278572900, -0.05826321001962993200 ) ) ;
#1309 = CIRCLE ( 'NONE', #1207, 0.01397007874015727300 ) ;
#1310 = CARTESIAN_POINT ( 'NONE',  ( -0.4197882340000003200, 0.1366470287920787700, 0.1118904821689497100 ) ) ;
#1311 = VERTEX_POINT ( 'NONE', #1562 ) ;
#1312 = CARTESIAN_POINT ( 'NONE',  ( 0.008023530000000148400, 0.2912470287920792500, -0.1558845726811990100 ) ) ;
#1313 = CARTESIAN_POINT ( 'NONE',  ( 0.3455882355000000100, 0.3797071038393650100, 0.02349471459960947300 ) ) ;
#1314 = CARTESIAN_POINT ( 'NONE',  ( 0.1096235299999998300, 0.2658470287920792800, -0.1118904821689497100 ) ) ;
#1315 = CARTESIAN_POINT ( 'NONE',  ( -0.4491789097947558300, 0.08935654675683768500, 0.06460000023158994600 ) ) ;
#1316 = CARTESIAN_POINT ( 'NONE',  ( -0.3338882342499998000, 0.2435906280966020600, -0.1247402211016756200 ) ) ;
#1317 = CARTESIAN_POINT ( 'NONE',  ( -0.4418470575000002000, 0.05844342753965643000, 0.1095770572215695900 ) ) ;
#1318 = CARTESIAN_POINT ( 'NONE',  ( 0.02573529474999994600, 0.3193931312278573400, -0.05826321001962992500 ) ) ;
#1319 = CARTESIAN_POINT ( 'NONE',  ( -0.3315529400000001800, 0.3131375109610287600, 0.06460000000000024100 ) ) ;
#1320 = CARTESIAN_POINT ( 'NONE',  ( -0.5324176457499998300, 0.1143906280966015400, 0.09904074323622372200 ) ) ;
#1321 = DIRECTION ( 'NONE',  ( 0.0000000000000000000, 0.0000000000000000000, -1.000000000000000000 ) ) ;
#1322 = CARTESIAN_POINT ( 'NONE',  ( 0.3566176472500000000, 0.3843804931412826400, -0.01200320141079756600 ) ) ;
#1323 = CARTESIAN_POINT ( 'NONE',  ( 0.2640352944999998000, 0.05844342753965643000, 0.1095770572215695900 ) ) ;
#1324 = CARTESIAN_POINT ( 'NONE',  ( -0.4999789097947556800, 3.199893664397774600E-010, 0.02540000000000014100 ) ) ;
#1325 = CARTESIAN_POINT ( 'NONE',  ( 0.5000000000000000000, 0.08935654662312932100, -0.06460000000000026800 ) ) ;
#1326 = ORIENTED_EDGE ( 'NONE', *, *, #1027, .F. ) ;
#1327 = CARTESIAN_POINT ( 'NONE',  ( 0.3633000002499997500, 0.3002877720283027000, 0.08685640069547744000 ) ) ;
#1328 = CARTESIAN_POINT ( 'NONE',  ( -0.4044117635000000200, 0.3108240860136486900, 0.1428036012524225300 ) ) ;
#1329 = ORIENTED_EDGE ( 'NONE', *, *, #277, .F. ) ;
#1330 = DIRECTION ( 'NONE',  ( -1.000000000000000000, -0.0000000000000000000, -0.0000000000000000000 ) ) ;
#1331 = CARTESIAN_POINT ( 'NONE',  ( -0.2346235284999999300, 0.02278695374479297900, -0.02349471459960938600 ) ) ;
#1332 = CARTESIAN_POINT ( 'NONE',  ( 0.003676471249999968800, 0.3843804931412826400, -0.01200320141079756600 ) ) ;
#1333 = CARTESIAN_POINT ( 'NONE',  ( -0.09558823450000000800, 0.1777523141924696500, 0.1784600750472860000 ) ) ;
#1334 = CARTESIAN_POINT ( 'NONE',  ( 0.1580882357499999700, 0.07650680769040334200, -0.04234359930452300700 ) ) ;
#1335 = CARTESIAN_POINT ( 'NONE',  ( -0.01403529349999990000, 0.3037482803577069000, -0.07865197662792682000 ) ) ;
#1336 = CARTESIAN_POINT ( 'NONE',  ( 0.5397705882499999100, 0.06326456917504930100, -0.1210073693899838800 ) ) ;
#1337 = CARTESIAN_POINT ( 'NONE',  ( -0.1463882344999998500, 0.1777523141924696500, 0.1784600750472860000 ) ) ;
#1338 = EDGE_CURVE ( 'NONE', #540, #1939, #40, .T. ) ;
#1339 = CARTESIAN_POINT ( 'NONE',  ( -0.06918235224999984300, 0.3750337145374472700, 0.05899263061001652100 ) ) ;
#1340 = CARTESIAN_POINT ( 'NONE',  ( -0.2279411755000000400, 0.09166997157050936500, -0.1428036012524225600 ) ) ;
#1341 = AXIS2_PLACEMENT_3D ( 'NONE', #1237, #1551, #693 ) ;
#1342 = CARTESIAN_POINT ( 'NONE',  ( -0.07352941100000003100, 0.2346864494193246800, 0.1247976167565479600 ) ) ;
#1343 = CARTESIAN_POINT ( 'NONE',  ( -0.07352941100000003100, 0.2346864494193246800, 0.1247976167565479600 ) ) ;
#1344 = CARTESIAN_POINT ( 'NONE',  ( -0.3449176459999999700, 0.2912470287920792500, -0.1558845726811990100 ) ) ;
#1345 = CARTESIAN_POINT ( 'NONE',  ( 0.1801470592499999600, 0.06979789771476147000, 0.008615631234861410200 ) ) ;
#1346 = CARTESIAN_POINT ( 'NONE',  ( 0.02573529474999994600, 0.3658468619069402100, -0.08117165482610963500 ) ) ;
#1347 = CARTESIAN_POINT ( 'NONE',  ( -0.2897705872499998200, 0.1429838187724491200, -0.1181461024357783500 ) ) ;
#1348 = CARTESIAN_POINT ( 'NONE',  ( -0.0006705875000002112100, 0.3108240860136486900, 0.1428036012524225300 ) ) ;
#1349 = CARTESIAN_POINT ( 'NONE',  ( 0.3455882355000000100, 0.3293417048815756000, 0.01686398403483079300 ) ) ;
#1350 = CARTESIAN_POINT ( 'NONE',  ( -0.2015352932499999400, 0.03664719567721780300, 0.08117165482610964900 ) ) ;
#1351 = CARTESIAN_POINT ( 'NONE',  ( 0.3455882355000000100, 0.3293417048815756000, 0.01686398403483079300 ) ) ;
#1352 = CARTESIAN_POINT ( 'NONE',  ( 0.08088235349999996200, 0.2247417433916885100, -0.1784600750472860000 ) ) ;
#1353 = EDGE_CURVE ( 'NONE', #982, #515, #318, .T. ) ;
#1354 = CARTESIAN_POINT ( 'NONE',  ( -0.09558823450000000800, 0.1777523141924696500, 0.1784600750472860000 ) ) ;
#1355 = CARTESIAN_POINT ( 'NONE',  ( -0.007352940500000021100, 0.3797071038393650100, 0.02349471459960947300 ) ) ;
#1356 = CARTESIAN_POINT ( 'NONE',  ( -0.09993529325000025100, 0.03664719567721784500, 0.08117165482610963500 ) ) ;
#1357 = CARTESIAN_POINT ( 'NONE',  ( 0.1647705887499998600, 0.1200753739659694600, -0.1645998331148611500 ) ) ;
#1358 = CARTESIAN_POINT ( 'NONE',  ( 0.1250000004999999900, 0.1225950521641522000, -0.1025012515656279200 ) ) ;
#1359 = CARTESIAN_POINT ( 'NONE',  ( -0.02506470524999988800, 0.3658468619069402100, -0.08117165482610964900 ) ) ;
#1360 = CARTESIAN_POINT ( 'NONE',  ( -0.5470813505154108500, 0.05126136787813921600, 0.1002172148414210400 ) ) ;
#1361 = CARTESIAN_POINT ( 'NONE',  ( 0.003676471249999968800, 0.3843804931412827000, -0.01200320141079756600 ) ) ;
#1362 = CARTESIAN_POINT ( 'NONE',  ( 0.2794117649999999800, 0.2346864494193246800, 0.1247976167565479600 ) ) ;
#1363 = CARTESIAN_POINT ( 'NONE',  ( -0.02506470524999988800, 0.3658468619069402100, -0.08117165482610964900 ) ) ;
#1364 = ADVANCED_FACE ( 'NONE', ( #764 ), #1601, .T. ) ;
#1365 = CARTESIAN_POINT ( 'NONE',  ( 0.3499352942500000300, 0.3222543981820628600, -0.1379824596170297100 ) ) ;
#1366 = CARTESIAN_POINT ( 'NONE',  ( 0.3455882355000000100, 0.3293417048815756000, 0.01686398403483079300 ) ) ;
#1367 = CARTESIAN_POINT ( 'NONE',  ( 0.2132352944999999800, 0.09874577722645107300, 0.07865197662792676500 ) ) ;
#1368 = CARTESIAN_POINT ( 'NONE',  ( -0.2941176460000001200, 0.2658470287920792800, -0.1118904821689497100 ) ) ;
#1369 = SURFACE_SIDE_STYLE ('',( #147 ) ) ;
#1370 = CARTESIAN_POINT ( 'NONE',  ( 0.003676471249999968800, 0.3326961598693966000, -0.008615631234861425800 ) ) ;
#1371 = CARTESIAN_POINT ( 'NONE',  ( -0.5434470574999998900, 0.05844342753965641600, 0.1095770572215696300 ) ) ;
#1372 = CARTESIAN_POINT ( 'NONE',  ( -0.2720588224999999600, 0.2247417433916885100, -0.1784600750472860000 ) ) ;
#1373 = CARTESIAN_POINT ( 'NONE',  ( -0.3272058812500001100, 0.3193931312278573400, -0.05826321001962992500 ) ) ;
#1374 = CARTESIAN_POINT ( 'NONE',  ( -0.2389705872500000100, 0.1429838187724491200, -0.1181461024357783500 ) ) ;
#1375 = CARTESIAN_POINT ( 'NONE',  ( 0.3522705884999998100, 0.3108240860136486900, 0.1428036012524225300 ) ) ;
#1376 = CARTESIAN_POINT ( 'NONE',  ( -0.1397058815000001000, 0.09874577722645107300, 0.07865197662792676500 ) ) ;
#1377 = CARTESIAN_POINT ( 'NONE',  ( 0.3125000002500000200, 0.3002877720283028100, 0.08685640069547745400 ) ) ;
#1378 = CARTESIAN_POINT ( 'NONE',  ( -0.1507352932500001200, 0.08310092635630070300, 0.05826321001962992500 ) ) ;
#1379 = CARTESIAN_POINT ( 'NONE',  ( -0.5434470574999998900, 0.05844342753965641600, 0.1095770572215696300 ) ) ;
#1380 = ORIENTED_EDGE ( 'NONE', *, *, #382, .F. ) ;
#1381 = CARTESIAN_POINT ( 'NONE',  ( -0.2830882342500001300, 0.2435906280966020600, -0.1247402211016756700 ) ) ;
#1382 = CARTESIAN_POINT ( 'NONE',  ( -0.2279411755000000400, 0.1225950521641522000, -0.1025012515656279200 ) ) ;
#1383 = CARTESIAN_POINT ( 'NONE',  ( 0.2286117650000001600, 0.2346864494193247100, 0.1247976167565479800 ) ) ;
#1384 = CARTESIAN_POINT ( 'NONE',  ( 0.1029411769999999500, 0.1678076081648333400, -0.1247976167565479800 ) ) ;
#1385 = CARTESIAN_POINT ( 'NONE',  ( -0.3272058812500001100, 0.3658468619069402100, -0.08117165482610963500 ) ) ;
#1386 = CARTESIAN_POINT ( 'NONE',  ( 0.2286117650000001600, 0.2478344569105326300, 0.1738666487320325000 ) ) ;
#1387 = CARTESIAN_POINT ( 'NONE',  ( -0.1176470579999999800, 0.1366470287920788000, 0.1118904821689497000 ) ) ;
#1388 = CARTESIAN_POINT ( 'NONE',  ( -0.2433176460000002500, 0.2912470287920792500, -0.1558845726811989600 ) ) ;
#1389 = CARTESIAN_POINT ( 'NONE',  ( -0.2543470577500002200, 0.3222543981820628600, -0.1379824596170297100 ) ) ;
#1390 = CARTESIAN_POINT ( 'NONE',  ( 0.4161117647500001100, 0.1429838187724491200, -0.1181461024357783500 ) ) ;
#1391 = CARTESIAN_POINT ( 'NONE',  ( 0.2617000002500001200, 0.3002877720283027000, 0.08685640069547744000 ) ) ;
#1392 = EDGE_CURVE ( 'NONE', #366, #982, #1191, .T. ) ;
#1393 = CARTESIAN_POINT ( 'NONE',  ( -0.007352940500000021100, 0.3293417048815756000, 0.01686398403483079300 ) ) ;
#1394 = CARTESIAN_POINT ( 'NONE',  ( -0.4044117635000000200, 0.2798990054200058400, 0.1025012515656278800 ) ) ;
#1395 = CARTESIAN_POINT ( 'NONE',  ( -0.1991999990000001600, 0.1546596006736254100, -0.1738666487320325000 ) ) ;
#1396 = CARTESIAN_POINT ( 'NONE',  ( -0.2984647047500002000, 0.3843804931412827000, -0.01200320141079756400 ) ) ;
#1397 = CARTESIAN_POINT ( 'NONE',  ( 0.08088235349999996200, 0.2181110128269098400, -0.1280946760894966200 ) ) ;
#1398 = CARTESIAN_POINT ( 'NONE',  ( -0.03609411699999988400, 0.3260446455486270000, -0.03343942062724566300 ) ) ;
#1399 = CARTESIAN_POINT ( 'NONE',  ( -0.1397058815000001000, 0.05844342753965643000, 0.1095770572215695900 ) ) ;
#1400 = CARTESIAN_POINT ( 'NONE',  ( 0.2971235297499997800, 0.1589034294875559500, 0.1247402211016756200 ) ) ;
#1401 = LINE ( 'NONE', #1324, #462 ) ;
#1402 = CARTESIAN_POINT ( 'NONE',  ( -0.3866999987500002200, 0.2132502302028765900, 0.1831334643492036300 ) ) ;
#1403 = CARTESIAN_POINT ( 'NONE',  ( -0.1661117637500002000, 0.06326456917504930100, -0.1210073693899838800 ) ) ;
#1404 = CARTESIAN_POINT ( 'NONE',  ( -0.08021176399999990800, 0.3131375109610287600, 0.06460000000000024100 ) ) ;
#1405 = CARTESIAN_POINT ( 'NONE',  ( -0.4595588222500000500, 0.1589034294875560100, 0.1247402211016756500 ) ) ;
#1406 = CARTESIAN_POINT ( 'NONE',  ( 0.4184470589999997900, 0.3260446455486270000, -0.03343942062724566300 ) ) ;
#1407 = CARTESIAN_POINT ( 'NONE',  ( -0.1771411755000001900, 0.09166997157050937900, -0.1428036012524225300 ) ) ;
#1408 = CARTESIAN_POINT ( 'NONE',  ( -0.03375882275000017400, 0.2132502302028765900, 0.1831334643492036300 ) ) ;
#1409 = CARTESIAN_POINT ( 'NONE',  ( 0.07420000050000015400, 0.1225950521641522300, -0.1025012515656279100 ) ) ;
#1410 = CARTESIAN_POINT ( 'NONE',  ( 0.1514058827500001100, 0.08310092635630067500, 0.05826321001962993200 ) ) ;
#1411 = CARTESIAN_POINT ( 'NONE',  ( -0.3602941165000000400, 0.3797071038393650100, 0.02349471459960947300 ) ) ;
#1412 = CARTESIAN_POINT ( 'NONE',  ( -0.2677117637499998900, 0.06326456917504925900, -0.1210073693899838800 ) ) ;
#1413 = CARTESIAN_POINT ( 'NONE',  ( 0.4381705882500001000, 0.06326456917504925900, -0.1210073693899838800 ) ) ;
#1414 = CARTESIAN_POINT ( 'NONE',  ( 0.5397705882499999100, 0.1022062855558552600, -0.08685640069547748100 ) ) ;
#1415 = CARTESIAN_POINT ( 'NONE',  ( 0.5000000000000000000, 0.08935654662312932100, -0.06460000000000026800 ) ) ;
#1416 = CARTESIAN_POINT ( 'NONE',  ( 0.4779411765000000100, 0.09166997157050936500, -0.1428036012524225600 ) ) ;
#1417 = AXIS2_PLACEMENT_3D ( 'NONE', #1190, #120, #1174 ) ;
#1418 = CARTESIAN_POINT ( 'NONE',  ( -0.2653764695000002100, 0.3037482803577069000, -0.07865197662792682000 ) ) ;
#1419 = CIRCLE ( 'NONE', #1690, 0.01397007874015732500 ) ;
#1420 = CARTESIAN_POINT ( 'NONE',  ( -0.3051470577500001200, 0.2881034294875565200, -0.09904074323622373600 ) ) ;
#1421 = CARTESIAN_POINT ( 'NONE',  ( 0.2175823532500001400, 0.2098626600269404000, 0.1314491310773175400 ) ) ;
#1422 = ORIENTED_EDGE ( 'NONE', *, *, #1353, .F. ) ;
#1423 = CARTESIAN_POINT ( 'NONE',  ( 0.07653529474999978800, 0.3193931312278572900, -0.05826321001962993200 ) ) ;
#1424 = EDGE_CURVE ( 'NONE', #366, #313, #1817, .T. ) ;
#1425 = CARTESIAN_POINT ( 'NONE',  ( -0.3272058812500000500, 0.3658468619069402700, -0.08117165482610963500 ) ) ;
#1426 = CARTESIAN_POINT ( 'NONE',  ( 0.3676470590000000000, 0.3751136775241115100, -0.04658742811845360100 ) ) ;
#1427 = CARTESIAN_POINT ( 'NONE',  ( -0.1397058815000001000, 0.09874577722645107300, 0.07865197662792676500 ) ) ;
#1428 = CARTESIAN_POINT ( 'NONE',  ( -0.2764058812500002100, 0.3193931312278572900, -0.05826321001962993200 ) ) ;
#1429 = DIMENSIONAL_EXPONENTS ( 1.000000000000000000, 0.0000000000000000000, 0.0000000000000000000, 0.0000000000000000000, 0.0000000000000000000, 0.0000000000000000000, 0.0000000000000000000 ) ;
#1430 = CARTESIAN_POINT ( 'NONE',  ( 0.2175823532500001400, 0.2132502302028765900, 0.1831334643492037200 ) ) ;
#1431 = CARTESIAN_POINT ( 'NONE',  ( -0.1661117637500002000, 0.1022062855558552600, -0.08685640069547748100 ) ) ;
#1432 = CARTESIAN_POINT ( 'NONE',  ( -0.4485294105000001100, 0.1843830447572482600, 0.1280946760894966200 ) ) ;
#1433 = CARTESIAN_POINT ( 'NONE',  ( -0.07787646975000013500, 0.1143906280966015400, 0.09904074323622372200 ) ) ;
#1434 = DIRECTION ( 'NONE',  ( 0.0000000000000000000, 0.0000000000000000000, 1.000000000000000000 ) ) ;
#1435 = CARTESIAN_POINT ( 'NONE',  ( 0.2352941179999999700, 0.1112470287920788200, 0.1558845726811989900 ) ) ;
#1436 = CARTESIAN_POINT ( 'NONE',  ( 0.2065529415000001700, 0.1777523141924696500, 0.1784600750472860000 ) ) ;
#1437 = CARTESIAN_POINT ( 'NONE',  ( -0.05581764625000022000, 0.1589034294875559500, 0.1247402211016756200 ) ) ;
#1438 = CARTESIAN_POINT ( 'NONE',  ( 0.1139705887500000000, 0.1200753739659694600, -0.1645998331148612000 ) ) ;
#1439 = ORIENTED_EDGE ( 'NONE', *, *, #1392, .T. ) ;
#1440 = CARTESIAN_POINT ( 'NONE',  ( 0.2242647062499999700, 0.08023965940209512600, 0.1379824596170297100 ) ) ;
#1441 = CARTESIAN_POINT ( 'NONE',  ( -0.4087588222500002100, 0.1589034294875559500, 0.1247402211016756200 ) ) ;
#1442 = DIRECTION ( 'NONE',  ( 0.0000000000000000000, 0.0000000000000000000, 1.000000000000000000 ) ) ;
#1443 = CARTESIAN_POINT ( 'NONE',  ( 0.4735941177499997700, 0.2602396594020955400, -0.1737866857453682400 ) ) ;
#1444 = CARTESIAN_POINT ( 'NONE',  ( 0.4448529412499999700, 0.1926313975572175900, -0.1314491310773175700 ) ) ;
#1445 = CARTESIAN_POINT ( 'NONE',  ( 0.05882352999999998500, 0.2912470287920792500, -0.1558845726811989900 ) ) ;
#1446 = AXIS2_PLACEMENT_3D ( 'NONE', #73, #1878, #1126 ) ;
#1447 = CARTESIAN_POINT ( 'NONE',  ( -0.4308176457500001400, 0.08023965940209511200, 0.1379824596170297100 ) ) ;
#1448 = CARTESIAN_POINT ( 'NONE',  ( -0.4308176457500001400, 0.1143906280966015400, 0.09904074323622372200 ) ) ;
#1449 = DIRECTION ( 'NONE',  ( -2.251465578827859800E-017, -1.000000000000000000, 2.069787841119108400E-009 ) ) ;
#1450 = CARTESIAN_POINT ( 'NONE',  ( -0.3118294107499998100, 0.1926313975572175600, -0.1314491310773175900 ) ) ;
#1451 = CARTESIAN_POINT ( 'NONE',  ( -0.3866999987500002200, 0.2132502302028765900, 0.1831334643492036300 ) ) ;
#1452 = CARTESIAN_POINT ( 'NONE',  ( -0.1991999990000001600, 0.1678076081648333700, -0.1247976167565479800 ) ) ;
#1453 = CARTESIAN_POINT ( 'NONE',  ( 0.5000000000000000000, -0.2700000000000000200, -3.213942933772876300E-016 ) ) ;
#1454 = DIRECTION ( 'NONE',  ( -2.251465578827859800E-017, -0.5000000017924899300, -0.8660254027495442000 ) ) ;
#1455 = CARTESIAN_POINT ( 'NONE',  ( -0.06249999925000004200, 0.2824186836181886700, 0.1645998331148611800 ) ) ;
#1456 = CARTESIAN_POINT ( 'NONE',  ( 0.1514058827500001100, 0.03664719567721780300, 0.08117165482610964900 ) ) ;
#1457 = CARTESIAN_POINT ( 'NONE',  ( 0.4007352942499999300, 0.3222543981820629200, -0.1379824596170297300 ) ) ;
#1458 = FACE_OUTER_BOUND ( 'NONE', #1736, .T. ) ;
#1459 = CARTESIAN_POINT ( 'NONE',  ( 0.4625647059999998300, 0.2912470287920792500, -0.1558845726811989600 ) ) ;
#1460 = CARTESIAN_POINT ( 'NONE',  ( -0.4999789097947556800, 0.01209844326812611900, 0.03238503969272693600 ) ) ;
#1461 = CARTESIAN_POINT ( 'NONE',  ( -0.3756705870000002800, 0.2346864494193247100, 0.1247976167565479800 ) ) ;
#1462 = ORIENTED_EDGE ( 'NONE', *, *, #238, .F. ) ;
#1463 = CARTESIAN_POINT ( 'NONE',  ( -0.3890352929999998900, 0.3260446455486270000, -0.03343942062724566300 ) ) ;
#1464 = CARTESIAN_POINT ( 'NONE',  ( -0.02941176400000006900, 0.3571316014732779900, 0.09000000000000021900 ) ) ;
#1465 = CARTESIAN_POINT ( 'NONE',  ( 0.03676470649999993800, 0.3037482803577069000, -0.07865197662792682000 ) ) ;
#1466 = CARTESIAN_POINT ( 'NONE',  ( -0.1176470579999999800, 0.1366470287920788000, 0.1118904821689497000 ) ) ;
#1467 = CARTESIAN_POINT ( 'NONE',  ( -0.4999789097947556800, 2.674167520629013800E-010, -0.02539999999999968300 ) ) ;
#1468 = CARTESIAN_POINT ( 'NONE',  ( 0.4779411765000000100, 0.1225950521641522000, -0.1025012515656279200 ) ) ;
#1469 = CARTESIAN_POINT ( 'NONE',  ( -0.04044117575000006500, 0.3392294884091087100, 0.1210073693899839100 ) ) ;
#1470 = CARTESIAN_POINT ( 'NONE',  ( 0.2199176474999997900, 0.07315235270258238500, -0.01686398403483074800 ) ) ;
#1471 = CARTESIAN_POINT ( 'NONE',  ( -0.2499999990000000000, 0.1546596006736254100, -0.1738666487320325000 ) ) ;
#1472 = CARTESIAN_POINT ( 'NONE',  ( -0.4999789097947556800, 0.08935654675683769900, 0.06460000023158993200 ) ) ;
#1473 = CARTESIAN_POINT ( 'NONE',  ( -0.1948529402500000200, 0.07650680769040334200, -0.04234359930452300700 ) ) ;
#1474 = CARTESIAN_POINT ( 'NONE',  ( 0.1470588239999999800, 0.08935654662312932100, -0.06460000000000026800 ) ) ;
#1475 = CARTESIAN_POINT ( 'NONE',  ( -0.1617647050000000900, 0.02738038006004655000, 0.04658742811845362200 ) ) ;
#1476 = CARTESIAN_POINT ( 'NONE',  ( 0.2419764709999998300, 0.02738038006004655000, 0.04658742811845360800 ) ) ;
#1477 = CARTESIAN_POINT ( 'NONE',  ( -0.4999789097947556800, 0.04536245627087470700, 0.09000000027711911600 ) ) ;
#1478 = CARTESIAN_POINT ( 'NONE',  ( -0.3118294107499998100, 0.1892438273812813200, -0.1831334643492037200 ) ) ;
#1479 = CARTESIAN_POINT ( 'NONE',  ( 0.4558823529999999600, 0.1678076081648333400, -0.1247976167565479800 ) ) ;
#1480 = EDGE_CURVE ( 'NONE', #313, #1222, #1509, .T. ) ;
#1481 = CARTESIAN_POINT ( 'NONE',  ( -0.2389705872500000100, 0.1200753739659694600, -0.1645998331148612000 ) ) ;
#1482 = VECTOR ( 'NONE', #653, 39.37007874015748900 ) ;
#1483 = CARTESIAN_POINT ( 'NONE',  ( -0.3823529400000000300, 0.3131375109610287600, 0.06460000000000022700 ) ) ;
#1484 = CARTESIAN_POINT ( 'NONE',  ( -0.02506470524999988800, 0.3193931312278572900, -0.05826321001962993200 ) ) ;
#1485 = ORIENTED_EDGE ( 'NONE', *, *, #1480, .F. ) ;
#1486 = CARTESIAN_POINT ( 'NONE',  ( 0.1647705887499998600, 0.1200753739659694600, -0.1645998331148611500 ) ) ;
#1487 = CARTESIAN_POINT ( 'NONE',  ( -0.08455882274999999800, 0.2098626600269404300, 0.1314491310773175400 ) ) ;
#1488 = CARTESIAN_POINT ( 'NONE',  ( -0.5213882339999998900, 0.1112470287920788200, 0.1558845726811990100 ) ) ;
#1489 = CARTESIAN_POINT ( 'NONE',  ( 0.3412411767499997600, 0.2595102388117089300, 0.1181461024357783500 ) ) ;
#1490 = CARTESIAN_POINT ( 'NONE',  ( -0.07352941100000003100, 0.2478344569105326300, 0.1738666487320324500 ) ) ;
#1491 = CARTESIAN_POINT ( 'NONE',  ( -0.1353588227499998300, 0.2098626600269404000, 0.1314491310773175400 ) ) ;
#1492 = CARTESIAN_POINT ( 'NONE',  ( 0.3014705884999999700, 0.2798990054200058400, 0.1025012515656278800 ) ) ;
#1493 = CARTESIAN_POINT ( 'NONE',  ( -0.2346235284999999300, 0.02278695374479297900, -0.02349471459960938600 ) ) ;
#1494 = CARTESIAN_POINT ( 'NONE',  ( 0.06985294174999996700, 0.2602396594020955900, -0.1737866857453682600 ) ) ;
#1495 = CARTESIAN_POINT ( 'NONE',  ( 0.2573529414999999900, 0.1843830447572482600, 0.1280946760894966200 ) ) ;
#1496 = CARTESIAN_POINT ( 'NONE',  ( -0.4374999987500001200, 0.2098626600269404300, 0.1314491310773175400 ) ) ;
#1497 = CARTESIAN_POINT ( 'NONE',  ( 0.2727294120000001700, 0.3571316014732780500, 0.09000000000000023300 ) ) ;
#1498 = CARTESIAN_POINT ( 'NONE',  ( -0.4999789097947556800, 0.04536245627087470700, 0.09000000027711911600 ) ) ;
#1499 = CARTESIAN_POINT ( 'NONE',  ( 0.3940529412500001200, 0.1926313975572175600, -0.1314491310773175900 ) ) ;
#1500 = CARTESIAN_POINT ( 'NONE',  ( -0.007352940500000021100, 0.3797071038393650100, 0.02349471459960947300 ) ) ;
#1501 = CARTESIAN_POINT ( 'NONE',  ( 0.2683823532499999800, 0.2098626600269404300, 0.1314491310773175400 ) ) ;
#1502 = CARTESIAN_POINT ( 'NONE',  ( -0.1243294109999998800, 0.2478344569105326300, 0.1738666487320325000 ) ) ;
#1503 = CARTESIAN_POINT ( 'NONE',  ( 0.2242647062499999700, 0.1143906280966015800, 0.09904074323622373600 ) ) ;
#1504 = CARTESIAN_POINT ( 'NONE',  ( -0.4595588222500000500, 0.1422543981820625100, 0.1737866857453682400 ) ) ;
#1505 = ADVANCED_BREP_SHAPE_REPRESENTATION ( 'ANT-916-HETH', ( #473, #804 ), #1708 ) ;
#1506 = CARTESIAN_POINT ( 'NONE',  ( -0.4816176457500000500, 0.08023965940209512600, 0.1379824596170297100 ) ) ;
#1507 = CARTESIAN_POINT ( 'NONE',  ( -0.2169117637500000400, 0.1022062855558552700, -0.08685640069547746800 ) ) ;
#1508 = CARTESIAN_POINT ( 'NONE',  ( 0.1691176474999999700, 0.07315235270258238500, -0.01686398403483074100 ) ) ;
#1509 = LINE ( 'NONE', #1699, #1937 ) ;
#1510 = CARTESIAN_POINT ( 'NONE',  ( 0.4050823530000001200, 0.1678076081648333700, -0.1247976167565479800 ) ) ;
#1511 = FACE_OUTER_BOUND ( 'NONE', #816, .T. ) ;
#1512 = CARTESIAN_POINT ( 'NONE',  ( -0.2169117637500000400, 0.1022062855558552700, -0.08685640069547746800 ) ) ;
#1513 = CARTESIAN_POINT ( 'NONE',  ( -0.4264705870000001200, 0.2346864494193246800, 0.1247976167565479600 ) ) ;
#1514 = EDGE_LOOP ( 'NONE', ( #1422, #64, #223, #1880 ) ) ;
#1515 = CARTESIAN_POINT ( 'NONE',  ( -0.1794764697499997800, 0.1143906280966015400, 0.09904074323622372200 ) ) ;
#1516 = CARTESIAN_POINT ( 'NONE',  ( -0.1440529402500002100, 0.02746034304671075800, -0.05899263061001650700 ) ) ;
#1517 = CARTESIAN_POINT ( 'NONE',  ( 0.3853588237499997500, 0.3750337145374472700, 0.05899263061001652800 ) ) ;
#1518 = CARTESIAN_POINT ( 'NONE',  ( -0.007352940500000021100, 0.3293417048815756000, 0.01686398403483079300 ) ) ;
#1519 = CARTESIAN_POINT ( 'NONE',  ( 0.1316823534999997900, 0.2181110128269098400, -0.1280946760894966200 ) ) ;
#1520 = CARTESIAN_POINT ( 'NONE',  ( -0.5103588222499999500, 0.1422543981820625100, 0.1737866857453682400 ) ) ;
#1521 = CARTESIAN_POINT ( 'NONE',  ( -0.2830882342500001300, 0.2602396594020955900, -0.1737866857453682600 ) ) ;
#1522 = CARTESIAN_POINT ( 'NONE',  ( -0.1066176462500000600, 0.1589034294875560100, 0.1247402211016756500 ) ) ;
#1523 = CARTESIAN_POINT ( 'NONE',  ( -0.4816176457500000500, 0.08023965940209512600, 0.1379824596170297100 ) ) ;
#1524 = CARTESIAN_POINT ( 'NONE',  ( -0.2389705872500000100, 0.1429838187724491200, -0.1181461024357783600 ) ) ;
#1525 = CARTESIAN_POINT ( 'NONE',  ( -0.2610294107499999700, 0.1926313975572175900, -0.1314491310773175700 ) ) ;
#1526 = CARTESIAN_POINT ( 'NONE',  ( 0.2640352944999998000, 0.05844342753965643000, 0.1095770572215695900 ) ) ;
#1527 = CARTESIAN_POINT ( 'NONE',  ( -0.1838235285000000600, 0.07315235270258238500, -0.01686398403483074100 ) ) ;
#1528 = CARTESIAN_POINT ( 'NONE',  ( 0.3830235295000000700, 0.2181110128269098400, -0.1280946760894966200 ) ) ;
#1529 = CARTESIAN_POINT ( 'NONE',  ( 0.3566176472500000000, 0.3326961598693966000, -0.008615631234861425800 ) ) ;
#1530 = EDGE_CURVE ( 'NONE', #540, #1172, #786, .T. ) ;
#1531 = CARTESIAN_POINT ( 'NONE',  ( -0.1397058815000001000, 0.09874577722645107300, 0.07865197662792676500 ) ) ;
#1532 = CARTESIAN_POINT ( 'NONE',  ( -0.3051470577500001200, 0.2881034294875564600, -0.09904074323622374900 ) ) ;
#1533 = CARTESIAN_POINT ( 'NONE',  ( 0.003676471249999968800, 0.3326961598693966000, -0.008615631234861425800 ) ) ;
#1534 = CARTESIAN_POINT ( 'NONE',  ( -0.08890588150000026900, 0.05844342753965643000, 0.1095770572215695900 ) ) ;
#1535 = CARTESIAN_POINT ( 'NONE',  ( -0.01838235225000000800, 0.3259872498937547200, 0.04234359930452301400 ) ) ;
#1536 = CARTESIAN_POINT ( 'NONE',  ( -0.3161764695000000600, 0.3037482803577069000, -0.07865197662792682000 ) ) ;
#1537 = FACE_OUTER_BOUND ( 'NONE', #1778, .T. ) ;
#1538 = CARTESIAN_POINT ( 'NONE',  ( -0.2874352930000002600, 0.3751136775241114000, -0.04658742811845360100 ) ) ;
#1539 = CARTESIAN_POINT ( 'NONE',  ( 0.03241764774999982000, 0.3750337145374472700, 0.05899263061001652800 ) ) ;
#1540 = EDGE_CURVE ( 'NONE', #24, #580, #1309, .T. ) ;
#1541 = CARTESIAN_POINT ( 'NONE',  ( 0.2463235297499999600, 0.1589034294875560100, 0.1247402211016756500 ) ) ;
#1542 = EDGE_LOOP ( 'NONE', ( #718, #43, #956, #340 ) ) ;
#1543 = CARTESIAN_POINT ( 'NONE',  ( -0.1838235285000000600, 0.02278695374479301800, -0.02349471459960939700 ) ) ;
#1544 = CARTESIAN_POINT ( 'NONE',  ( -0.3823529400000000300, 0.3131375109610287600, 0.06460000000000022700 ) ) ;
#1545 = CARTESIAN_POINT ( 'NONE',  ( -0.1397058815000001000, 0.09874577722645107300, 0.07865197662792676500 ) ) ;
#1546 = CARTESIAN_POINT ( 'NONE',  ( -0.3890352929999998900, 0.3260446455486270000, -0.03343942062724566300 ) ) ;
#1547 = CARTESIAN_POINT ( 'NONE',  ( 0.05882352999999998500, 0.2658470287920792800, -0.1118904821689497100 ) ) ;
#1548 =( BOUNDED_SURFACE ( )  B_SPLINE_SURFACE ( 3, 2, ( 
 ( #931, #81, #836, #859, #1149, #1444, #1133, #100, #1290, #699, #543, #843, #1296, #1748, #1902, #389, #245, #691, #1808, #3, #1362, #1501, #1818, #22, #159, #308, #1367, #29, #135, #1345, #336, #1684, #792, #946, #506, #385, #1721, #665, #1715, #972, #378, #1729, #1125, #1318, #688, #848, #1894, #1592, #695, #1158, #251, #1165, #1342, #1612, #593, #268, #1466, #1780, #1376, #1219, #1081, #470, #1527, #616, #922, #1507, #779, #1824, #768, #167, #631, #1667, #456, #1653, #1839, #751, #1814, #518, #42, #76, #824, #845, #1875, #674, #1886, #970, #1432, #1142, #1129, #551, #1588, #1897, #692 ),
 ( #1000, #1123, #533, #257, #1170, #264, #711, #875, #247, #425, #237, #1308, #137, #885, #1036, #15, #1201, #1327, #289, #1489, #728, #613, #604, #1642, #746, #1206, #1649, #909, #1183, #442, #1470, #581, #1623, #1784, #1932, #125, #683, #1065, #1519, #1003, #1314, #687, #1293, #1011, #707, #996, #546, #1157, #92, #95, #701, #250, #234, #855, #1145, #1599, #104, #1433, #1300, #560, #1164, #259, #1901, #392, #1137, #1892, #411, #398, #1452, #568, #714, #989, #1754, #86, #552, #1428, #1009, #1905, #1591, #403, #694, #1745, #851, #1151, #242, #1305, #97, #1441, #1310, #1448, #565, #1029, #1787 ),
 ( #1173, #1336, #1922, #1790, #419, #1631, #1023, #573, #1459, #743, #119, #584, #880, #127, #1625, #869, #893, #132, #1197, #729, #1638, #1934, #1032, #1611, #1779, #1189, #1323, #444, #1476, #429, #592, #1016, #284, #450, #108, #1486, #599, #1813, #911, #1052, #773, #1659, #1210, #641, #1652, #1045, #294, #18, #140, #1823, #1348, #1063, #608, #146, #1056, #165, #1073, #1228, #314, #1356, #155, #1218, #475, #1516, #629, #1828, #1407, #1686, #1395, #325, #332, #36, #1388, #1692, #1080, #1845, #1538, #790, #1851, #1858, #1244, #938, #1087, #204, #1262, #1402, #686, #814, #976, #70, #525, #987, #1135 ),
 ( #1891, #1128, #1416, #668, #1868, #1735, #1121, #1287, #545, #1298, #964, #1742, #219, #84, #213, #673, #837, #1273, #229, #1278, #1583, #361, #993, #1574, #1565, #1291, #90, #390, #868, #704, #1769, #1744, #849, #999, #396, #1438, #556, #1594, #1750, #402, #1445, #590, #283, #5, #292, #1332, #433, #10, #455, #1469, #1028, #1622, #883, #1931, #1354, #1635, #733, #117, #1789, #458, #891, #1035, #130, #447, #1195, #602, #1340, #1481, #901, #1049, #1617, #162, #920, #1234, #645, #1385, #321, #759, #1810, #482, #33, #1239, #466, #935, #39, #152, #1215, #1504, #623, #1523, #1698, #368, #962 ),
 ( #1110, #1413, #357, #1267, #649, #350, #523, #795, #1849, #514, #942, #1709, #810, #1094, #339, #948, #51, #677, #228, #386, #1731, #1430, #1436, #400, #530, #1571, #561, #1456, #870, #1160, #1781, #422, #1917, #1017, #1187, #575, #1180, #275, #1759, #254, #1312, #405, #1053, #1359, #1806, #463, #280, #1633, #601, #157, #1192, #889, #618, #761, #1337, #1033, #1646, #595, #1640, #1350, #905, #737, #1493, #2, #437, #585, #134, #286, #611, #730, #1935, #744, #1344, #899, #7, #497, #1840, #1253, #1852, #1689, #791, #183, #49, #1230, #478, #490, #1847, #1520, #1089, #197, #1379, #780, #635 ),
 ( #925, #1832, #37, #1390, #1510, #484, #1528, #626, #932, #1082, #1246, #327, #1575, #1281, #372, #966, #1726, #1860, #1695, #362, #215, #949, #1568, #799, #58, #832, #207, #1264, #512, #65, #1705, #527, #347, #1863, #1409, #669, #1713, #1552, #664, #1107, #971, #1887, #354, #343, #1398, #1268, #825, #71, #1404, #977, #505, #1549, #658, #807, #958, #1558, #519, #815, #1870, #246, #710, #1620, #1776, #1182, #1925, #1014, #1783, #1765, #1026, #1450, #1616, #1316, #272, #1768, #867, #872, #1463, #1912, #1929, #256, #1607, #1019, #566, #110, #1010, #1175, #124, #263, #1597, #1320, #424, #1162, #432 ),
 ( #1325, #577, #1468, #727, #1479, #612, #440, #1200, #758, #151, #1647, #1214, #597, #1634, #453, #621, #739, #588, #301, #13, #1793, #895, #1495, #1641, #1047, #1503, #143, #1809, #763, #908, #1061, #1821, #1474, #1628, #1678, #50, #1384, #309, #654, #1834, #493, #338, #1249, #1083, #1226, #1238, #1393, #1535, #1848, #32, #323, #794, #178, #485, #1664, #1522, #1691, #638, #1531, #1853, #1233, #777, #1669, #644, #186, #1512, #320, #161, #330, #940, #1093, #192, #1368, #647, #481, #1373, #44, #1255, #947, #498, #1544, #627, #522, #803, #349, #834, #968, #1405, #1271, #1723, #536, #983, #1282 ) ),
 .UNSPECIFIED., .T., .F., .F. ) 
 B_SPLINE_SURFACE_WITH_KNOTS ( ( 4, 3, 4 ),
 ( 3, 2, 2, 2, 2, 2, 2, 2, 2, 2, 2, 2, 2, 2, 2, 2, 2, 2, 2, 2, 2, 2, 2, 2, 2, 2, 2, 2, 2, 2, 2, 2, 2, 2, 2, 2, 2, 2, 2, 2, 2, 2, 2, 2, 2, 2, 3 ),
 ( 0.0000000000000000000, 0.5000000000000000000, 1.000000000000000000 ),
 ( 0.0000000000000000000, 0.02083333333333333200, 0.04166666666666666400, 0.06250000000000000000, 0.08333333333333332900, 0.1041666666666666700, 0.1250000000000000000, 0.1458333333333333400, 0.1666666666666666600, 0.1875000000000000000, 0.2083333333333333400, 0.2291666666666666600, 0.2500000000000000000, 0.2708333333333333100, 0.2916666666666666900, 0.3125000000000000000, 0.3333333333333333100, 0.3541666666666666900, 0.3750000000000000000, 0.3958333333333333100, 0.4166666666666666900, 0.4375000000000000000, 0.4583333333333333100, 0.4791666666666666900, 0.5000000000000000000, 0.5208333333333333700, 0.5416666666666666300, 0.5625000000000000000, 0.5833333333333333700, 0.6041666666666666300, 0.6250000000000000000, 0.6458333333333333700, 0.6666666666666666300, 0.6875000000000000000, 0.7083333333333333700, 0.7291666666666666300, 0.7500000000000000000, 0.7708333333333333700, 0.7916666666666666300, 0.8125000000000000000, 0.8333333333333333700, 0.8541666666666666300, 0.8750000000000000000, 0.8958333333333333700, 0.9166666666666666300, 0.9375000000000000000, 0.9444543708963082400 ),
 .UNSPECIFIED. ) 
 GEOMETRIC_REPRESENTATION_ITEM ( )  RATIONAL_B_SPLINE_SURFACE ( (
 ( 1.000000000000000000, 0.9807852804032304300, 1.000000000000000000, 0.9807852804032304300, 1.000000000000000000, 0.9807852804032304300, 1.000000000000000000, 0.9807852804032304300, 1.000000000000000000, 0.9807852804032304300, 1.000000000000000000, 0.9807852804032304300, 1.000000000000000000, 0.9807852804032304300, 1.000000000000000000, 0.9807852804032304300, 1.000000000000000000, 0.9807852804032304300, 1.000000000000000000, 0.9807852804032304300, 1.000000000000000000, 0.9807852804032304300, 1.000000000000000000, 0.9807852804032304300, 1.000000000000000000, 0.9807852804032304300, 1.000000000000000000, 0.9807852804032304300, 1.000000000000000000, 0.9807852804032304300, 1.000000000000000000, 0.9807852804032304300, 1.000000000000000000, 0.9807852804032304300, 1.000000000000000000, 0.9807852804032304300, 1.000000000000000000, 0.9807852804032304300, 1.000000000000000000, 0.9807852804032304300, 1.000000000000000000, 0.9807852804032304300, 1.000000000000000000, 0.9807852804032304300, 1.000000000000000000, 0.9807852804032304300, 1.000000000000000000, 0.9807852804032304300, 1.000000000000000000, 0.9807852804032304300, 1.000000000000000000, 0.9807852804032304300, 1.000000000000000000, 0.9807852804032304300, 1.000000000000000000, 0.9807852804032304300, 1.000000000000000000, 0.9807852804032304300, 1.000000000000000000, 0.9807852804032304300, 1.000000000000000000, 0.9807852804032304300, 1.000000000000000000, 0.9807852804032304300, 1.000000000000000000, 0.9807852804032304300, 1.000000000000000000, 0.9807852804032304300, 1.000000000000000000, 0.9807852804032304300, 1.000000000000000000, 0.9807852804032304300, 1.000000000000000000, 0.9807852804032304300, 1.000000000000000000, 0.9807852804032304300, 1.000000000000000000, 0.9807852804032304300, 1.000000000000000000, 0.9807852804032304300, 1.000000000000000000, 0.9807852804032304300, 1.000000000000000000, 0.9807852804032304300, 1.000000000000000000, 0.9807852804032304300, 1.000000000000000000, 0.9807852804032304300, 1.000000000000000000, 0.9807852804032304300, 1.000000000000000000, 0.9935859382362641800, 0.9914540298603857800),
 ( 0.3333333333333333700, 0.3269284268010768700, 0.3333333333333333700, 0.3269284268010768700, 0.3333333333333333700, 0.3269284268010768700, 0.3333333333333333700, 0.3269284268010768700, 0.3333333333333333700, 0.3269284268010768700, 0.3333333333333333700, 0.3269284268010768700, 0.3333333333333333700, 0.3269284268010768700, 0.3333333333333333700, 0.3269284268010768700, 0.3333333333333333700, 0.3269284268010768700, 0.3333333333333333700, 0.3269284268010768700, 0.3333333333333333700, 0.3269284268010768700, 0.3333333333333333700, 0.3269284268010768700, 0.3333333333333333700, 0.3269284268010768700, 0.3333333333333333700, 0.3269284268010768700, 0.3333333333333333700, 0.3269284268010768700, 0.3333333333333333700, 0.3269284268010768700, 0.3333333333333333700, 0.3269284268010768700, 0.3333333333333333700, 0.3269284268010768700, 0.3333333333333333700, 0.3269284268010768700, 0.3333333333333333700, 0.3269284268010768700, 0.3333333333333333700, 0.3269284268010768700, 0.3333333333333333700, 0.3269284268010768700, 0.3333333333333333700, 0.3269284268010768700, 0.3333333333333333700, 0.3269284268010768700, 0.3333333333333333700, 0.3269284268010768700, 0.3333333333333333700, 0.3269284268010768700, 0.3333333333333333700, 0.3269284268010768700, 0.3333333333333333700, 0.3269284268010768700, 0.3333333333333333700, 0.3269284268010768700, 0.3333333333333333700, 0.3269284268010768700, 0.3333333333333333700, 0.3269284268010768700, 0.3333333333333333700, 0.3269284268010768700, 0.3333333333333333700, 0.3269284268010768700, 0.3333333333333333700, 0.3269284268010768700, 0.3333333333333333700, 0.3269284268010768700, 0.3333333333333333700, 0.3269284268010768700, 0.3333333333333333700, 0.3269284268010768700, 0.3333333333333333700, 0.3269284268010768700, 0.3333333333333333700, 0.3269284268010768700, 0.3333333333333333700, 0.3269284268010768700, 0.3333333333333333700, 0.3269284268010768700, 0.3333333333333333700, 0.3269284268010768700, 0.3333333333333333700, 0.3269284268010768700, 0.3333333333333333700, 0.3269284268010768700, 0.3333333333333333700, 0.3269284268010768700, 0.3333333333333333700, 0.3311953127454214700, 0.3304846766201286500),
 ( 0.3333333333333333700, 0.3269284268010768700, 0.3333333333333333700, 0.3269284268010768700, 0.3333333333333333700, 0.3269284268010768700, 0.3333333333333333700, 0.3269284268010768700, 0.3333333333333333700, 0.3269284268010768700, 0.3333333333333333700, 0.3269284268010768700, 0.3333333333333333700, 0.3269284268010768700, 0.3333333333333333700, 0.3269284268010768700, 0.3333333333333333700, 0.3269284268010768700, 0.3333333333333333700, 0.3269284268010768700, 0.3333333333333333700, 0.3269284268010768700, 0.3333333333333333700, 0.3269284268010768700, 0.3333333333333333700, 0.3269284268010768700, 0.3333333333333333700, 0.3269284268010768700, 0.3333333333333333700, 0.3269284268010768700, 0.3333333333333333700, 0.3269284268010768700, 0.3333333333333333700, 0.3269284268010768700, 0.3333333333333333700, 0.3269284268010768700, 0.3333333333333333700, 0.3269284268010768700, 0.3333333333333333700, 0.3269284268010768700, 0.3333333333333333700, 0.3269284268010768700, 0.3333333333333333700, 0.3269284268010768700, 0.3333333333333333700, 0.3269284268010768700, 0.3333333333333333700, 0.3269284268010768700, 0.3333333333333333700, 0.3269284268010768700, 0.3333333333333333700, 0.3269284268010768700, 0.3333333333333333700, 0.3269284268010768700, 0.3333333333333333700, 0.3269284268010768700, 0.3333333333333333700, 0.3269284268010768700, 0.3333333333333333700, 0.3269284268010768700, 0.3333333333333333700, 0.3269284268010768700, 0.3333333333333333700, 0.3269284268010768700, 0.3333333333333333700, 0.3269284268010768700, 0.3333333333333333700, 0.3269284268010768700, 0.3333333333333333700, 0.3269284268010768700, 0.3333333333333333700, 0.3269284268010768700, 0.3333333333333333700, 0.3269284268010768700, 0.3333333333333333700, 0.3269284268010768700, 0.3333333333333333700, 0.3269284268010768700, 0.3333333333333333700, 0.3269284268010768700, 0.3333333333333333700, 0.3269284268010768700, 0.3333333333333333700, 0.3269284268010768700, 0.3333333333333333700, 0.3269284268010768700, 0.3333333333333333700, 0.3269284268010768700, 0.3333333333333333700, 0.3269284268010768700, 0.3333333333333333700, 0.3311953127454214700, 0.3304846766201286500),
 ( 1.000000000000000000, 0.9807852804032304300, 1.000000000000000000, 0.9807852804032304300, 1.000000000000000000, 0.9807852804032304300, 1.000000000000000000, 0.9807852804032304300, 1.000000000000000000, 0.9807852804032304300, 1.000000000000000000, 0.9807852804032304300, 1.000000000000000000, 0.9807852804032304300, 1.000000000000000000, 0.9807852804032304300, 1.000000000000000000, 0.9807852804032304300, 1.000000000000000000, 0.9807852804032304300, 1.000000000000000000, 0.9807852804032304300, 1.000000000000000000, 0.9807852804032304300, 1.000000000000000000, 0.9807852804032304300, 1.000000000000000000, 0.9807852804032304300, 1.000000000000000000, 0.9807852804032304300, 1.000000000000000000, 0.9807852804032304300, 1.000000000000000000, 0.9807852804032304300, 1.000000000000000000, 0.9807852804032304300, 1.000000000000000000, 0.9807852804032304300, 1.000000000000000000, 0.9807852804032304300, 1.000000000000000000, 0.9807852804032304300, 1.000000000000000000, 0.9807852804032304300, 1.000000000000000000, 0.9807852804032304300, 1.000000000000000000, 0.9807852804032304300, 1.000000000000000000, 0.9807852804032304300, 1.000000000000000000, 0.9807852804032304300, 1.000000000000000000, 0.9807852804032304300, 1.000000000000000000, 0.9807852804032304300, 1.000000000000000000, 0.9807852804032304300, 1.000000000000000000, 0.9807852804032304300, 1.000000000000000000, 0.9807852804032304300, 1.000000000000000000, 0.9807852804032304300, 1.000000000000000000, 0.9807852804032304300, 1.000000000000000000, 0.9807852804032304300, 1.000000000000000000, 0.9807852804032304300, 1.000000000000000000, 0.9807852804032304300, 1.000000000000000000, 0.9807852804032304300, 1.000000000000000000, 0.9807852804032304300, 1.000000000000000000, 0.9807852804032304300, 1.000000000000000000, 0.9807852804032304300, 1.000000000000000000, 0.9807852804032304300, 1.000000000000000000, 0.9807852804032304300, 1.000000000000000000, 0.9807852804032304300, 1.000000000000000000, 0.9807852804032304300, 1.000000000000000000, 0.9807852804032304300, 1.000000000000000000, 0.9935859382362641800, 0.9914540298603857800),
 ( 0.3333333333333333700, 0.3269284268010768700, 0.3333333333333333700, 0.3269284268010768700, 0.3333333333333333700, 0.3269284268010768700, 0.3333333333333333700, 0.3269284268010768700, 0.3333333333333333700, 0.3269284268010768700, 0.3333333333333333700, 0.3269284268010768700, 0.3333333333333333700, 0.3269284268010768700, 0.3333333333333333700, 0.3269284268010768700, 0.3333333333333333700, 0.3269284268010768700, 0.3333333333333333700, 0.3269284268010768700, 0.3333333333333333700, 0.3269284268010768700, 0.3333333333333333700, 0.3269284268010768700, 0.3333333333333333700, 0.3269284268010768700, 0.3333333333333333700, 0.3269284268010768700, 0.3333333333333333700, 0.3269284268010768700, 0.3333333333333333700, 0.3269284268010768700, 0.3333333333333333700, 0.3269284268010768700, 0.3333333333333333700, 0.3269284268010768700, 0.3333333333333333700, 0.3269284268010768700, 0.3333333333333333700, 0.3269284268010768700, 0.3333333333333333700, 0.3269284268010768700, 0.3333333333333333700, 0.3269284268010768700, 0.3333333333333333700, 0.3269284268010768700, 0.3333333333333333700, 0.3269284268010768700, 0.3333333333333333700, 0.3269284268010768700, 0.3333333333333333700, 0.3269284268010768700, 0.3333333333333333700, 0.3269284268010768700, 0.3333333333333333700, 0.3269284268010768700, 0.3333333333333333700, 0.3269284268010768700, 0.3333333333333333700, 0.3269284268010768700, 0.3333333333333333700, 0.3269284268010768700, 0.3333333333333333700, 0.3269284268010768700, 0.3333333333333333700, 0.3269284268010768700, 0.3333333333333333700, 0.3269284268010768700, 0.3333333333333333700, 0.3269284268010768700, 0.3333333333333333700, 0.3269284268010768700, 0.3333333333333333700, 0.3269284268010768700, 0.3333333333333333700, 0.3269284268010768700, 0.3333333333333333700, 0.3269284268010768700, 0.3333333333333333700, 0.3269284268010768700, 0.3333333333333333700, 0.3269284268010768700, 0.3333333333333333700, 0.3269284268010768700, 0.3333333333333333700, 0.3269284268010768700, 0.3333333333333333700, 0.3269284268010768700, 0.3333333333333333700, 0.3269284268010768700, 0.3333333333333333700, 0.3311953127454214700, 0.3304846766201286500),
 ( 0.3333333333333333700, 0.3269284268010768700, 0.3333333333333333700, 0.3269284268010768700, 0.3333333333333333700, 0.3269284268010768700, 0.3333333333333333700, 0.3269284268010768700, 0.3333333333333333700, 0.3269284268010768700, 0.3333333333333333700, 0.3269284268010768700, 0.3333333333333333700, 0.3269284268010768700, 0.3333333333333333700, 0.3269284268010768700, 0.3333333333333333700, 0.3269284268010768700, 0.3333333333333333700, 0.3269284268010768700, 0.3333333333333333700, 0.3269284268010768700, 0.3333333333333333700, 0.3269284268010768700, 0.3333333333333333700, 0.3269284268010768700, 0.3333333333333333700, 0.3269284268010768700, 0.3333333333333333700, 0.3269284268010768700, 0.3333333333333333700, 0.3269284268010768700, 0.3333333333333333700, 0.3269284268010768700, 0.3333333333333333700, 0.3269284268010768700, 0.3333333333333333700, 0.3269284268010768700, 0.3333333333333333700, 0.3269284268010768700, 0.3333333333333333700, 0.3269284268010768700, 0.3333333333333333700, 0.3269284268010768700, 0.3333333333333333700, 0.3269284268010768700, 0.3333333333333333700, 0.3269284268010768700, 0.3333333333333333700, 0.3269284268010768700, 0.3333333333333333700, 0.3269284268010768700, 0.3333333333333333700, 0.3269284268010768700, 0.3333333333333333700, 0.3269284268010768700, 0.3333333333333333700, 0.3269284268010768700, 0.3333333333333333700, 0.3269284268010768700, 0.3333333333333333700, 0.3269284268010768700, 0.3333333333333333700, 0.3269284268010768700, 0.3333333333333333700, 0.3269284268010768700, 0.3333333333333333700, 0.3269284268010768700, 0.3333333333333333700, 0.3269284268010768700, 0.3333333333333333700, 0.3269284268010768700, 0.3333333333333333700, 0.3269284268010768700, 0.3333333333333333700, 0.3269284268010768700, 0.3333333333333333700, 0.3269284268010768700, 0.3333333333333333700, 0.3269284268010768700, 0.3333333333333333700, 0.3269284268010768700, 0.3333333333333333700, 0.3269284268010768700, 0.3333333333333333700, 0.3269284268010768700, 0.3333333333333333700, 0.3269284268010768700, 0.3333333333333333700, 0.3269284268010768700, 0.3333333333333333700, 0.3311953127454214700, 0.3304846766201286500),
 ( 1.000000000000000000, 0.9807852804032304300, 1.000000000000000000, 0.9807852804032304300, 1.000000000000000000, 0.9807852804032304300, 1.000000000000000000, 0.9807852804032304300, 1.000000000000000000, 0.9807852804032304300, 1.000000000000000000, 0.9807852804032304300, 1.000000000000000000, 0.9807852804032304300, 1.000000000000000000, 0.9807852804032304300, 1.000000000000000000, 0.9807852804032304300, 1.000000000000000000, 0.9807852804032304300, 1.000000000000000000, 0.9807852804032304300, 1.000000000000000000, 0.9807852804032304300, 1.000000000000000000, 0.9807852804032304300, 1.000000000000000000, 0.9807852804032304300, 1.000000000000000000, 0.9807852804032304300, 1.000000000000000000, 0.9807852804032304300, 1.000000000000000000, 0.9807852804032304300, 1.000000000000000000, 0.9807852804032304300, 1.000000000000000000, 0.9807852804032304300, 1.000000000000000000, 0.9807852804032304300, 1.000000000000000000, 0.9807852804032304300, 1.000000000000000000, 0.9807852804032304300, 1.000000000000000000, 0.9807852804032304300, 1.000000000000000000, 0.9807852804032304300, 1.000000000000000000, 0.9807852804032304300, 1.000000000000000000, 0.9807852804032304300, 1.000000000000000000, 0.9807852804032304300, 1.000000000000000000, 0.9807852804032304300, 1.000000000000000000, 0.9807852804032304300, 1.000000000000000000, 0.9807852804032304300, 1.000000000000000000, 0.9807852804032304300, 1.000000000000000000, 0.9807852804032304300, 1.000000000000000000, 0.9807852804032304300, 1.000000000000000000, 0.9807852804032304300, 1.000000000000000000, 0.9807852804032304300, 1.000000000000000000, 0.9807852804032304300, 1.000000000000000000, 0.9807852804032304300, 1.000000000000000000, 0.9807852804032304300, 1.000000000000000000, 0.9807852804032304300, 1.000000000000000000, 0.9807852804032304300, 1.000000000000000000, 0.9807852804032304300, 1.000000000000000000, 0.9807852804032304300, 1.000000000000000000, 0.9807852804032304300, 1.000000000000000000, 0.9807852804032304300, 1.000000000000000000, 0.9807852804032304300, 1.000000000000000000, 0.9935859382362641800, 0.9914540298603857800) ) ) 
 REPRESENTATION_ITEM ( '' )  SURFACE ( )  );
#1549 = CARTESIAN_POINT ( 'NONE',  ( -0.1132999992499998700, 0.2595102388117089300, 0.1181461024357783500 ) ) ;
#1550 = CARTESIAN_POINT ( 'NONE',  ( 0.2352941179999999700, 0.1366470287920788000, 0.1118904821689497000 ) ) ;
#1551 = DIRECTION ( 'NONE',  ( 1.000000000000000000, 0.0000000000000000000, -0.0000000000000000000 ) ) ;
#1552 = CARTESIAN_POINT ( 'NONE',  ( 0.04111176525000011900, 0.1926313975572175600, -0.1314491310773175900 ) ) ;
#1553 = CARTESIAN_POINT ( 'NONE',  ( 0.2683823532499999800, 0.2098626600269404300, 0.1314491310773175400 ) ) ;
#1554 = CARTESIAN_POINT ( 'NONE',  ( 0.2065529415000001700, 0.1843830447572482600, 0.1280946760894966200 ) ) ;
#1555 = CARTESIAN_POINT ( 'NONE',  ( 0.5000000000000000000, 0.06735950136700466500, -0.07730000000000025700 ) ) ;
#1556 = CARTESIAN_POINT ( 'NONE',  ( -0.3161764695000000600, 0.3037482803577069000, -0.07865197662792682000 ) ) ;
#1557 = CARTESIAN_POINT ( 'NONE',  ( 0.3743294119999998100, 0.3131375109610287600, 0.06460000000000024100 ) ) ;
#1558 = CARTESIAN_POINT ( 'NONE',  ( -0.1574176462499998800, 0.1589034294875559500, 0.1247402211016756200 ) ) ;
#1559 = CARTESIAN_POINT ( 'NONE',  ( 0.1183176475000001100, 0.07315235270258238500, -0.01686398403483074800 ) ) ;
#1560 = CARTESIAN_POINT ( 'NONE',  ( 0.5000000000000000000, 0.08935654662312932100, -0.06460000000000026800 ) ) ;
#1561 = CYLINDRICAL_SURFACE ( 'NONE', #877, 0.02539999999999991600 ) ;
#1562 = CARTESIAN_POINT ( 'NONE',  ( -0.4999789097947556800, -0.2699999996274380900, 0.02540000000000017600 ) ) ;
#1563 = CARTESIAN_POINT ( 'NONE',  ( -0.4999789097947556800, 0.08935654675683769900, 0.06460000023158993200 ) ) ;
#1564 = CARTESIAN_POINT ( 'NONE',  ( -0.5470813505154108500, 0.09359065440273982300, 0.07193368976395345100 ) ) ;
#1565 = CARTESIAN_POINT ( 'NONE',  ( 0.2352941179999999700, 0.1112470287920788200, 0.1558845726811989900 ) ) ;
#1566 = CARTESIAN_POINT ( 'NONE',  ( 0.05882352999999998500, 0.2912470287920792500, -0.1558845726811989900 ) ) ;
#1567 = ORIENTED_EDGE ( 'NONE', *, *, #492, .T. ) ;
#1568 = CARTESIAN_POINT ( 'NONE',  ( 0.2065529415000001700, 0.1843830447572482600, 0.1280946760894966200 ) ) ;
#1569 = CARTESIAN_POINT ( 'NONE',  ( 0.4117647059999999800, 0.2658470287920792800, -0.1118904821689497100 ) ) ;
#1570 = CARTESIAN_POINT ( 'NONE',  ( 0.5000000000000000000, 0.06735950136700466500, -0.07730000000000025700 ) ) ;
#1571 = CARTESIAN_POINT ( 'NONE',  ( 0.1734647062500001300, 0.08023965940209511200, 0.1379824596170297100 ) ) ;
#1572 = CARTESIAN_POINT ( 'NONE',  ( 0.2419764709999998300, 0.07644941203553104500, 0.03343942062724567600 ) ) ;
#1573 = CARTESIAN_POINT ( 'NONE',  ( -0.4962813505154111100, 0.09359065440273983700, 0.07193368976395346500 ) ) ;
#1574 = CARTESIAN_POINT ( 'NONE',  ( 0.2463235297499999600, 0.1422543981820625100, 0.1737866857453682400 ) ) ;
#1575 = CARTESIAN_POINT ( 'NONE',  ( 0.3168470590000001500, 0.3260446455486270000, -0.03343942062724566300 ) ) ;
#1576 = CARTESIAN_POINT ( 'NONE',  ( 0.1624352945000001600, 0.09874577722645105900, 0.07865197662792677800 ) ) ;
#1577 = CARTESIAN_POINT ( 'NONE',  ( -0.4264705870000001200, 0.2346864494193246800, 0.1247976167565479600 ) ) ;
#1578 = CARTESIAN_POINT ( 'NONE',  ( 0.5000000000000000000, 0.04536245611088002300, -0.09000000000000024600 ) ) ;
#1579 = CARTESIAN_POINT ( 'NONE',  ( 0.1537411769999997600, 0.1678076081648333700, -0.1247976167565479800 ) ) ;
#1580 = CARTESIAN_POINT ( 'NONE',  ( -0.4595588222500001100, 0.1589034294875559800, 0.1247402211016756500 ) ) ;
#1581 = CARTESIAN_POINT ( 'NONE',  ( -0.4264705870000001200, 0.2478344569105326300, 0.1738666487320324500 ) ) ;
#1582 = CARTESIAN_POINT ( 'NONE',  ( 0.3455882355000000100, 0.3797071038393650100, 0.02349471459960947300 ) ) ;
#1583 = CARTESIAN_POINT ( 'NONE',  ( 0.2794117649999999800, 0.2478344569105326300, 0.1738666487320324500 ) ) ;
#1584 = CARTESIAN_POINT ( 'NONE',  ( 0.5000000000000000000, 0.08935654662312932100, -0.06460000000000026800 ) ) ;
#1585 = ORIENTED_EDGE ( 'NONE', *, *, #1530, .F. ) ;
#1586 = CARTESIAN_POINT ( 'NONE',  ( 0.3014705884999999700, 0.3108240860136486900, 0.1428036012524225300 ) ) ;
#1587 = CARTESIAN_POINT ( 'NONE',  ( 0.2309470592499997500, 0.06979789771476145600, 0.008615631234861408400 ) ) ;
#1588 = CARTESIAN_POINT ( 'NONE',  ( -0.4926470575000000400, 0.09874577722645107300, 0.07865197662792676500 ) ) ;
#1589 = AXIS2_PLACEMENT_3D ( 'NONE', #696, #1004, #1442 ) ;
#1590 = CARTESIAN_POINT ( 'NONE',  ( 0.2683823532499999800, 0.2098626600269404300, 0.1314491310773175400 ) ) ;
#1591 = CARTESIAN_POINT ( 'NONE',  ( -0.3094941165000001900, 0.3293417048815756600, 0.01686398403483080000 ) ) ;
#1592 = CARTESIAN_POINT ( 'NONE',  ( -0.01838235225000000800, 0.3259872498937547200, 0.04234359930452301400 ) ) ;
#1593 = CARTESIAN_POINT ( 'NONE',  ( 0.1758000004999998000, 0.1225950521641522300, -0.1025012515656279100 ) ) ;
#1594 = CARTESIAN_POINT ( 'NONE',  ( 0.09191176524999995800, 0.1892438273812814000, -0.1831334643492037200 ) ) ;
#1595 = CARTESIAN_POINT ( 'NONE',  ( -0.3536117635000001800, 0.3108240860136486900, 0.1428036012524225300 ) ) ;
#1596 = CARTESIAN_POINT ( 'NONE',  ( 0.1029411769999999500, 0.1678076081648333400, -0.1247976167565479800 ) ) ;
#1597 = CARTESIAN_POINT ( 'NONE',  ( -0.5213882339999998900, 0.1366470287920787700, 0.1118904821689497100 ) ) ;
#1598 = CARTESIAN_POINT ( 'NONE',  ( 0.3125000002500000200, 0.3392294884091087100, 0.1210073693899839100 ) ) ;
#1599 = CARTESIAN_POINT ( 'NONE',  ( -0.05581764625000022000, 0.1589034294875559500, 0.1247402211016756200 ) ) ;
#1600 = AXIS2_PLACEMENT_3D ( 'NONE', #1555, #226, #809 ) ;
#1601 = CYLINDRICAL_SURFACE ( 'NONE', #702, 0.02539999999999991600 ) ;
#1602 = CARTESIAN_POINT ( 'NONE',  ( 0.03008235350000012700, 0.2247417433916884800, -0.1784600750472860000 ) ) ;
#1603 = ORIENTED_EDGE ( 'NONE', *, *, #1194, .F. ) ;
#1604 = ORIENTED_EDGE ( 'NONE', *, *, #1392, .F. ) ;
#1605 = SURFACE_SIDE_STYLE ('',( #1876 ) ) ;
#1606 = CARTESIAN_POINT ( 'NONE',  ( -0.05147058750000004700, 0.3108240860136486900, 0.1428036012524225300 ) ) ;
#1607 = CARTESIAN_POINT ( 'NONE',  ( -0.4331529399999999300, 0.3131375109610287600, 0.06460000000000024100 ) ) ;
#1608 = AXIS2_PLACEMENT_3D ( 'NONE', #521, #1116, #852 ) ;
#1609 = DIRECTION ( 'NONE',  ( -2.251465578827859800E-017, -1.000000000000000000, 2.069788007652562100E-009 ) ) ;
#1610 = CARTESIAN_POINT ( 'NONE',  ( 0.3786764707499999900, 0.3658468619069402100, -0.08117165482610963500 ) ) ;
#1611 = CARTESIAN_POINT ( 'NONE',  ( 0.2971235297499997800, 0.1422543981820625100, 0.1737866857453682400 ) ) ;
#1612 = CARTESIAN_POINT ( 'NONE',  ( -0.08455882274999999800, 0.2098626600269404300, 0.1314491310773175400 ) ) ;
#1613 = CARTESIAN_POINT ( 'NONE',  ( -0.5226414731464447100, 0.05587733734480383700, 0.08392923079788360000 ) ) ;
#1614 = CARTESIAN_POINT ( 'NONE',  ( -0.4999789097947556800, 3.725619743917517200E-010, 0.02540000000000014500 ) ) ;
#1615 = CARTESIAN_POINT ( 'NONE',  ( -0.3866999987500002200, 0.2098626600269404000, 0.1314491310773175400 ) ) ;
#1616 = CARTESIAN_POINT ( 'NONE',  ( -0.3228588224999998100, 0.2181110128269098400, -0.1280946760894966200 ) ) ;
#1617 = CARTESIAN_POINT ( 'NONE',  ( -0.2720588224999999600, 0.2247417433916885100, -0.1784600750472860000 ) ) ;
#1618 = CARTESIAN_POINT ( 'NONE',  ( -0.4999789097947556800, 0.04536245627087470700, 0.09000000027711911600 ) ) ;
#1619 = CARTESIAN_POINT ( 'NONE',  ( -0.3559470577499999100, 0.3222543981820628600, -0.1379824596170297100 ) ) ;
#1620 = CARTESIAN_POINT ( 'NONE',  ( -0.2235941167499999000, 0.06979789771476145600, 0.008615631234861408400 ) ) ;
#1621 = AXIS2_PLACEMENT_3D ( 'NONE', #1166, #1330, #881 ) ;
#1622 = CARTESIAN_POINT ( 'NONE',  ( -0.06249999925000003500, 0.2824186836181887300, 0.1645998331148611800 ) ) ;
#1623 = CARTESIAN_POINT ( 'NONE',  ( 0.1978588239999998200, 0.08935654662312932100, -0.06460000000000026800 ) ) ;
#1624 = CARTESIAN_POINT ( 'NONE',  ( -0.1397058815000001000, 0.05844342753965643000, 0.1095770572215695900 ) ) ;
#1625 = CARTESIAN_POINT ( 'NONE',  ( 0.3963882354999998500, 0.3797071038393650100, 0.02349471459960947000 ) ) ;
#1626 = DIRECTION ( 'NONE',  ( 0.0000000000000000000, -1.000000000000000000, 1.264744441511232700E-016 ) ) ;
#1627 = ORIENTED_EDGE ( 'NONE', *, *, #1865, .F. ) ;
#1628 = CARTESIAN_POINT ( 'NONE',  ( 0.1360294122499999800, 0.1022062855558552700, -0.08685640069547746800 ) ) ;
#1629 = CARTESIAN_POINT ( 'NONE',  ( -0.2610294107499999700, 0.1892438273812814000, -0.1831334643492037200 ) ) ;
#1630 = CARTESIAN_POINT ( 'NONE',  ( 0.1250000004999999900, 0.1225950521641522000, -0.1025012515656279200 ) ) ;
#1631 = CARTESIAN_POINT ( 'NONE',  ( 0.4956529412499995900, 0.1892438273812813700, -0.1831334643492036600 ) ) ;
#1632 = CARTESIAN_POINT ( 'NONE',  ( -0.4999789097947556800, -0.2699999996800107000, 2.603792618961250900E-016 ) ) ;
#1633 = CARTESIAN_POINT ( 'NONE',  ( -0.06918235224999984300, 0.3750337145374472700, 0.05899263061001652100 ) ) ;
#1634 = CARTESIAN_POINT ( 'NONE',  ( 0.3566176472500000000, 0.3326961598693966000, -0.008615631234861425800 ) ) ;
#1635 = CARTESIAN_POINT ( 'NONE',  ( -0.1066176462500000600, 0.1422543981820625100, 0.1737866857453682400 ) ) ;
#1636 = CARTESIAN_POINT ( 'NONE',  ( -0.3713235282500000300, 0.3750337145374472700, 0.05899263061001652800 ) ) ;
#1637 = CARTESIAN_POINT ( 'NONE',  ( 0.1139705887500000000, 0.1429838187724491200, -0.1181461024357783600 ) ) ;
#1638 = CARTESIAN_POINT ( 'NONE',  ( 0.3302117649999998200, 0.2478344569105326300, 0.1738666487320324200 ) ) ;
#1639 = CARTESIAN_POINT ( 'NONE',  ( 0.04779411825000000300, 0.2881034294875565200, -0.09904074323622373600 ) ) ;
#1640 = CARTESIAN_POINT ( 'NONE',  ( -0.1905058814999999200, 0.05844342753965641600, 0.1095770572215696300 ) ) ;
#1641 = CARTESIAN_POINT ( 'NONE',  ( 0.2463235297499999600, 0.1589034294875560100, 0.1247402211016756500 ) ) ;
#1642 = CARTESIAN_POINT ( 'NONE',  ( 0.2971235297499997800, 0.1589034294875559500, 0.1247402211016756200 ) ) ;
#1643 = CARTESIAN_POINT ( 'NONE',  ( 0.1537411769999997600, 0.1546596006736254100, -0.1738666487320325000 ) ) ;
#1644 = CARTESIAN_POINT ( 'NONE',  ( 0.4448529412499999700, 0.1926313975572175900, -0.1314491310773175700 ) ) ;
#1645 = CARTESIAN_POINT ( 'NONE',  ( -0.4773163464430665300, 0.05587733734480383000, 0.08392923079788358600 ) ) ;
#1646 = CARTESIAN_POINT ( 'NONE',  ( -0.1684470579999998200, 0.1112470287920788200, 0.1558845726811990100 ) ) ;
#1647 = CARTESIAN_POINT ( 'NONE',  ( 0.3897058824999999300, 0.3037482803577069000, -0.07865197662792682000 ) ) ;
#1648 = EDGE_CURVE ( 'NONE', #491, #580, #562, .T. ) ;
#1649 = CARTESIAN_POINT ( 'NONE',  ( 0.2640352944999998000, 0.09874577722645105900, 0.07865197662792677800 ) ) ;
#1650 = CARTESIAN_POINT ( 'NONE',  ( -0.4962813505154110600, 0.05126136787813925100, 0.1002172148414210300 ) ) ;
#1651 = ORIENTED_EDGE ( 'NONE', *, *, #185, .F. ) ;
#1652 = CARTESIAN_POINT ( 'NONE',  ( 0.06550588299999979300, 0.3751136775241114000, -0.04658742811845360100 ) ) ;
#1653 = CARTESIAN_POINT ( 'NONE',  ( -0.3051470577500001200, 0.2881034294875565200, -0.09904074323622373600 ) ) ;
#1654 = CARTESIAN_POINT ( 'NONE',  ( 0.4227941177499999800, 0.2435906280966020600, -0.1247402211016756700 ) ) ;
#1655 = DIRECTION ( 'NONE',  ( 0.0000000000000000000, -0.5000000000000014400, 0.8660254037844378200 ) ) ;
#1656 = CARTESIAN_POINT ( 'NONE',  ( 0.4007352942499999300, 0.2881034294875565200, -0.09904074323622373600 ) ) ;
#1657 = CARTESIAN_POINT ( 'NONE',  ( -0.4962813505154110600, 0.09359065440273985100, 0.07193368976395347900 ) ) ;
#1658 = APPLICATION_PROTOCOL_DEFINITION ( 'draft international standard', 'automotive_design', 1998, #16 ) ;
#1659 = CARTESIAN_POINT ( 'NONE',  ( 0.09859411824999983500, 0.3222543981820628600, -0.1379824596170297100 ) ) ;
#1660 = CARTESIAN_POINT ( 'NONE',  ( 0.3412411767499997600, 0.2824186836181886700, 0.1645998331148611500 ) ) ;
#1661 = ADVANCED_FACE ( 'NONE', ( #1752 ), #657, .T. ) ;
#1662 = CARTESIAN_POINT ( 'NONE',  ( 0.1911764710000000100, 0.07644941203553105900, 0.03343942062724568300 ) ) ;
#1663 = CARTESIAN_POINT ( 'NONE',  ( 0.5000000000000000000, 0.06735950136700466500, -0.07730000000000025700 ) ) ;
#1664 = CARTESIAN_POINT ( 'NONE',  ( -0.09558823450000000800, 0.1843830447572482600, 0.1280946760894966200 ) ) ;
#1665 = CARTESIAN_POINT ( 'NONE',  ( -0.1286764697499999700, 0.1143906280966015700, 0.09904074323622374900 ) ) ;
#1666 = CARTESIAN_POINT ( 'NONE',  ( 0.04779411825000000300, 0.2881034294875565200, -0.09904074323622373600 ) ) ;
#1667 = CARTESIAN_POINT ( 'NONE',  ( -0.2830882342500001300, 0.2435906280966020600, -0.1247402211016756700 ) ) ;
#1668 = CARTESIAN_POINT ( 'NONE',  ( -0.01838235225000000800, 0.3259872498937547200, 0.04234359930452301400 ) ) ;
#1669 = CARTESIAN_POINT ( 'NONE',  ( -0.1838235285000000600, 0.07315235270258238500, -0.01686398403483074100 ) ) ;
#1670 = CARTESIAN_POINT ( 'NONE',  ( -0.4816176457500000500, 0.1143906280966015800, 0.09904074323622373600 ) ) ;
#1671 =( LENGTH_UNIT ( ) NAMED_UNIT ( * ) SI_UNIT ( $, .METRE. ) );
#1672 = CARTESIAN_POINT ( 'NONE',  ( 0.4161117647500001100, 0.1200753739659694000, -0.1645998331148611500 ) ) ;
#1673 = CARTESIAN_POINT ( 'NONE',  ( 0.2530058827499998600, 0.03664719567721784500, 0.08117165482610963500 ) ) ;
#1674 = CARTESIAN_POINT ( 'NONE',  ( 0.2904411767499999700, 0.2595102388117089300, 0.1181461024357783200 ) ) ;
#1675 = CARTESIAN_POINT ( 'NONE',  ( 0.3058176472500001600, 0.3326961598693964900, -0.008615631234861418800 ) ) ;
#1676 = CARTESIAN_POINT ( 'NONE',  ( -0.2566823519999998900, 0.04536245611088000900, -0.09000000000000023300 ) ) ;
#1677 = VECTOR ( 'NONE', #1755, 39.37007874015748100 ) ;
#1678 = CARTESIAN_POINT ( 'NONE',  ( 0.1250000004999999900, 0.1225950521641522000, -0.1025012515656279200 ) ) ;
#1679 = ORIENTED_EDGE ( 'NONE', *, *, #1540, .F. ) ;
#1680 = CARTESIAN_POINT ( 'NONE',  ( 0.3719941177500000200, 0.2602396594020955400, -0.1737866857453682400 ) ) ;
#1681 = CARTESIAN_POINT ( 'NONE',  ( -0.3272058812500000500, 0.3193931312278573400, -0.05826321001962992500 ) ) ;
#1682 = CARTESIAN_POINT ( 'NONE',  ( 0.2794117649999999800, 0.2346864494193246800, 0.1247976167565479600 ) ) ;
#1683 = CARTESIAN_POINT ( 'NONE',  ( 0.2794117649999999800, 0.2346864494193246800, 0.1247976167565479600 ) ) ;
#1684 = CARTESIAN_POINT ( 'NONE',  ( 0.1580882357499999700, 0.07650680769040334200, -0.04234359930452300700 ) ) ;
#1685 = CARTESIAN_POINT ( 'NONE',  ( 0.1844941180000001200, 0.1112470287920788200, 0.1558845726811990100 ) ) ;
#1686 = CARTESIAN_POINT ( 'NONE',  ( -0.1881705872500001300, 0.1200753739659694600, -0.1645998331148611500 ) ) ;
#1687 = CARTESIAN_POINT ( 'NONE',  ( -0.2764058812500002100, 0.3658468619069401600, -0.08117165482610963500 ) ) ;
#1688 = CARTESIAN_POINT ( 'NONE',  ( -0.09558823450000000800, 0.1843830447572482600, 0.1280946760894966200 ) ) ;
#1689 = CARTESIAN_POINT ( 'NONE',  ( -0.4221235282499998200, 0.3750337145374472700, 0.05899263061001652100 ) ) ;
#1690 = AXIS2_PLACEMENT_3D ( 'NONE', #269, #260, #1923 ) ;
#1691 = CARTESIAN_POINT ( 'NONE',  ( -0.1176470579999999800, 0.1366470287920788000, 0.1118904821689497000 ) ) ;
#1692 = CARTESIAN_POINT ( 'NONE',  ( -0.2543470577500002200, 0.3222543981820628600, -0.1379824596170297100 ) ) ;
#1693 = CARTESIAN_POINT ( 'NONE',  ( -0.05581764625000022000, 0.1422543981820625100, 0.1737866857453682400 ) ) ;
#1694 = CARTESIAN_POINT ( 'NONE',  ( -0.2830882342500001300, 0.2435906280966020600, -0.1247402211016756700 ) ) ;
#1695 = CARTESIAN_POINT ( 'NONE',  ( 0.2506705885000001800, 0.2798990054200059000, 0.1025012515656278700 ) ) ;
#1696 = CARTESIAN_POINT ( 'NONE',  ( 0.3609647060000001900, 0.2658470287920792800, -0.1118904821689497100 ) ) ;
#1697 = CARTESIAN_POINT ( 'NONE',  ( -0.4595588222500000500, 0.1589034294875560100, 0.1247402211016756500 ) ) ;
#1698 = CARTESIAN_POINT ( 'NONE',  ( -0.4926470575000000400, 0.05844342753965643000, 0.1095770572215695900 ) ) ;
#1699 = CARTESIAN_POINT ( 'NONE',  ( -0.4999789097947556800, 0.08935654678312400500, 0.06460000027711915200 ) ) ;
#1700 = CARTESIAN_POINT ( 'NONE',  ( -0.1176470579999999800, 0.1366470287920788000, 0.1118904821689497000 ) ) ;
#1701 = TOROIDAL_SURFACE ( 'NONE', #1341, 0.03937007874015719500, 0.02539999999999991600 ) ;
#1702 = CARTESIAN_POINT ( 'NONE',  ( -0.2102294107500001200, 0.1892438273812813700, -0.1831334643492036600 ) ) ;
#1703 = ADVANCED_FACE ( 'NONE', ( #1537 ), #144, .T. ) ;
#1704 = CARTESIAN_POINT ( 'NONE',  ( -0.1727941167500000600, 0.06979789771476147000, 0.008615631234861410200 ) ) ;
#1705 = CARTESIAN_POINT ( 'NONE',  ( 0.1183176475000001100, 0.07315235270258238500, -0.01686398403483074800 ) ) ;
#1706 = ORIENTED_EDGE ( 'NONE', *, *, #637, .F. ) ;
#1707 = CARTESIAN_POINT ( 'NONE',  ( -0.4962813505154111100, 0.05126136787813923700, 0.1002172148414210300 ) ) ;
#1708 =( GEOMETRIC_REPRESENTATION_CONTEXT ( 3 ) GLOBAL_UNCERTAINTY_ASSIGNED_CONTEXT ( ( #231 ) ) GLOBAL_UNIT_ASSIGNED_CONTEXT ( ( #138, #1800, #1208 ) ) REPRESENTATION_CONTEXT ( 'NONE', 'WORKASPACE' ) );
#1709 = CARTESIAN_POINT ( 'NONE',  ( 0.3278764707500000900, 0.3658468619069402100, -0.08117165482610964900 ) ) ;
#1710 = CARTESIAN_POINT ( 'NONE',  ( 0.3081529414999998900, 0.1843830447572482600, 0.1280946760894966200 ) ) ;
#1711 = CARTESIAN_POINT ( 'NONE',  ( -0.02941176400000006900, 0.3131375109610287600, 0.06460000000000022700 ) ) ;
#1712 = CARTESIAN_POINT ( 'NONE',  ( 0.01035882424999977500, 0.3392294884091086600, 0.1210073693899838800 ) ) ;
#1713 = CARTESIAN_POINT ( 'NONE',  ( 0.05214117700000011500, 0.1678076081648333700, -0.1247976167565479800 ) ) ;
#1714 = CARTESIAN_POINT ( 'NONE',  ( 0.4558823529999999600, 0.1678076081648333400, -0.1247976167565479800 ) ) ;
#1715 = CARTESIAN_POINT ( 'NONE',  ( 0.08088235349999996200, 0.2181110128269098400, -0.1280946760894966200 ) ) ;
#1716 = CARTESIAN_POINT ( 'NONE',  ( 0.1206529417499997800, 0.2435906280966020600, -0.1247402211016756200 ) ) ;
#1717 = CARTESIAN_POINT ( 'NONE',  ( -0.007352940500000021100, 0.3293417048815756000, 0.01686398403483079300 ) ) ;
#1718 = CARTESIAN_POINT ( 'NONE',  ( 0.4779411765000000100, 0.1225950521641522000, -0.1025012515656279200 ) ) ;
#1719 = CARTESIAN_POINT ( 'NONE',  ( 0.04779411825000000300, 0.3222543981820629200, -0.1379824596170297300 ) ) ;
#1720 = CARTESIAN_POINT ( 'NONE',  ( 0.1403764710000001400, 0.07644941203553104500, 0.03343942062724567600 ) ) ;
#1721 = CARTESIAN_POINT ( 'NONE',  ( 0.1029411769999999500, 0.1678076081648333400, -0.1247976167565479800 ) ) ;
#1722 = CARTESIAN_POINT ( 'NONE',  ( -0.4999789097947556800, 0.08935654675683769900, 0.06460000023158993200 ) ) ;
#1723 = CARTESIAN_POINT ( 'NONE',  ( -0.4816176457500000500, 0.1143906280966015800, 0.09904074323622373600 ) ) ;
#1724 = CARTESIAN_POINT ( 'NONE',  ( -0.2874352930000002600, 0.3260446455486270000, -0.03343942062724566300 ) ) ;
#1725 = CARTESIAN_POINT ( 'NONE',  ( -0.5103588222499999500, 0.1589034294875559500, 0.1247402211016756200 ) ) ;
#1726 = CARTESIAN_POINT ( 'NONE',  ( 0.2727294120000001700, 0.3131375109610287600, 0.06460000000000024100 ) ) ;
#1727 = CARTESIAN_POINT ( 'NONE',  ( 0.09625882400000014500, 0.08935654662312932100, -0.06460000000000026800 ) ) ;
#1728 = CARTESIAN_POINT ( 'NONE',  ( -0.4154411752500000200, 0.2824186836181886700, 0.1645998331148611800 ) ) ;
#1729 = CARTESIAN_POINT ( 'NONE',  ( 0.04779411825000000300, 0.2881034294875565200, -0.09904074323622373600 ) ) ;
#1730 = CARTESIAN_POINT ( 'NONE',  ( 0.4889705882499999500, 0.06326456917504930100, -0.1210073693899838800 ) ) ;
#1731 = CARTESIAN_POINT ( 'NONE',  ( 0.2286117650000001600, 0.2478344569105326300, 0.1738666487320325000 ) ) ;
#1732 = CARTESIAN_POINT ( 'NONE',  ( 0.2530058827499998600, 0.08310092635630067500, 0.05826321001962993200 ) ) ;
#1733 = ORIENTED_EDGE ( 'NONE', *, *, #344, .F. ) ;
#1734 = CARTESIAN_POINT ( 'NONE',  ( -0.4882999987499999600, 0.2098626600269404000, 0.1314491310773175400 ) ) ;
#1735 = CARTESIAN_POINT ( 'NONE',  ( 0.4448529412499999700, 0.1892438273812814000, -0.1831334643492037200 ) ) ;
#1736 = EDGE_LOOP ( 'NONE', ( #1439, #933, #1603, #319 ) ) ;
#1737 = CARTESIAN_POINT ( 'NONE',  ( 0.1955235297500001200, 0.1589034294875559500, 0.1247402211016756200 ) ) ;
#1738 = CARTESIAN_POINT ( 'NONE',  ( -0.3382352930000000500, 0.3751136775241115100, -0.04658742811845360100 ) ) ;
#1739 = CARTESIAN_POINT ( 'NONE',  ( 0.3786764707499999900, 0.3658468619069402700, -0.08117165482610963500 ) ) ;
#1740 = CARTESIAN_POINT ( 'NONE',  ( -0.06684705800000015400, 0.1366470287920787700, 0.1118904821689497100 ) ) ;
#1741 = CARTESIAN_POINT ( 'NONE',  ( -0.1617647050000000900, 0.07644941203553105900, 0.03343942062724568300 ) ) ;
#1742 = CARTESIAN_POINT ( 'NONE',  ( 0.3786764707499999900, 0.3658468619069402100, -0.08117165482610963500 ) ) ;
#1743 = CARTESIAN_POINT ( 'NONE',  ( -0.1991999990000001600, 0.1678076081648333700, -0.1247976167565479800 ) ) ;
#1744 = CARTESIAN_POINT ( 'NONE',  ( 0.1580882357499999700, 0.02746034304671076500, -0.05899263061001650700 ) ) ;
#1745 = CARTESIAN_POINT ( 'NONE',  ( -0.3425823517500001200, 0.3002877720283027000, 0.08685640069547744000 ) ) ;
#1746 = DIRECTION ( 'NONE',  ( 0.0000000000000000000, 1.000000000000000000, 0.0000000000000000000 ) ) ;
#1747 = CARTESIAN_POINT ( 'NONE',  ( -0.4999789097947556800, 3.199893632273265800E-010, 2.262311619753217800E-016 ) ) ;
#1748 = CARTESIAN_POINT ( 'NONE',  ( 0.3566176472500000000, 0.3326961598693966000, -0.008615631234861425800 ) ) ;
#1749 = PRODUCT_DEFINITION_SHAPE ( 'NONE', 'NONE',  #941 ) ;
#1750 = CARTESIAN_POINT ( 'NONE',  ( 0.08088235349999996200, 0.2247417433916885100, -0.1784600750472860000 ) ) ;
#1751 = CARTESIAN_POINT ( 'NONE',  ( -0.4087588222500002100, 0.1422543981820625100, 0.1737866857453682400 ) ) ;
#1752 = FACE_OUTER_BOUND ( 'NONE', #1269, .T. ) ;
#1753 = CARTESIAN_POINT ( 'NONE',  ( 0.04111176525000011900, 0.1926313975572175600, -0.1314491310773175900 ) ) ;
#1754 = CARTESIAN_POINT ( 'NONE',  ( -0.2433176460000002500, 0.2658470287920792800, -0.1118904821689497100 ) ) ;
#1755 = DIRECTION ( 'NONE',  ( 0.0000000000000000000, -0.5000000000000010000, -0.8660254037844380400 ) ) ;
#1756 =( BOUNDED_SURFACE ( )  B_SPLINE_SURFACE ( 3, 2, ( 
 ( #305, #752, #633, #1046, #1805, #1644, #290, #1654, #6, #904, #1831, #19, #133, #457, #1349, #600, #1229, #1057, #1492, #617, #1825, #148, #12, #625, #1202, #472, #1198, #1212, #1662, #918, #1508, #28, #609, #296, #1358, #477, #1815, #451, #1064, #169, #913, #1639, #769, #1221, #316, #1370, #1518, #1668, #775, #924, #1040, #285, #1343, #1487, #1688, #1102, #511, #1088, #930, #1378, #31, #1704, #496, #806, #1862, #174, #1382, #48, #334, #504, #489, #1694, #1280, #1420, #876, #1042, #1188, #131, #448, #1919, #1483, #1176, #25, #1235, #1513, #1496, #778, #926, #614, #1670, #467, #1657, #955 ),
 ( #1105, #1414, #499, #787, #781, #351, #943, #1250, #1095, #193, #1256, #1843, #1406, #796, #1854, #52, #1557, #508, #201, #346, #937, #1084, #1710, #1400, #1867, #661, #678, #1732, #1572, #1587, #380, #1127, #1148, #537, #1593, #222, #1579, #395, #542, #1716, #89, #969, #236, #1423, #1141, #998, #841, #685, #821, #835, #93, #233, #387, #985, #80, #1437, #1740, #1893, #1275, #1283, #1303, #375, #1295, #555, #671, #1431, #550, #690, #1743, #68, #828, #1118, #217, #369, #1418, #531, #1724, #1882, #75, #973, #1319, #423, #1005, #1775, #1461, #1615, #715, #858, #98, #1153, #1018, #1167, #1315 ),
 ( #1181, #416, #116, #1306, #271, #401, #1161, #1443, #703, #1760, #255, #1907, #912, #1211, #1838, #1517, #156, #166, #1375, #1660, #624, #483, #615, #1074, #750, #767, #1526, #1673, #929, #1245, #304, #916, #27, #326, #295, #1357, #1643, #1804, #315, #476, #1830, #630, #774, #903, #57, #47, #663, #1539, #353, #1712, #1099, #196, #205, #1408, #1869, #1693, #189, #783, #1534, #965, #53, #63, #1113, #214, #1846, #1403, #939, #1252, #41, #1702, #805, #333, #1106, #1389, #342, #1687, #1258, #1396, #798, #210, #1859, #1263, #1595, #1155, #705, #1451, #1909, #1751, #1904, #1447, #1317, #1177, #1762 ),
 ( #239, #1001, #427, #860, #103, #564, #1766, #1163, #526, #1457, #572, #1610, #258, #1322, #1313, #567, #1304, #1598, #409, #713, #266, #96, #397, #873, #107, #1440, #1899, #94, #700, #559, #1020, #1171, #248, #418, #1150, #720, #1771, #1007, #1921, #112, #1566, #1719, #850, #1346, #724, #278, #1355, #1795, #1464, #1933, #1801, #1043, #1490, #606, #1333, #1050, #1031, #747, #1624, #897, #1475, #139, #1938, #126, #1038, #740, #591, #1209, #1471, #1629, #734, #1785, #1196, #273, #892, #878, #449, #1926, #886, #1636, #118, #11, #1328, #435, #582, #324, #628, #772, #34, #1506, #1835, #1650, #1071 ),
 ( #486, #303, #1062, #1672, #1844, #153, #1812, #1680, #782, #1365, #1216, #1078, #310, #1085, #187, #459, #1497, #760, #910, #1276, #1386, #1261, #509, #56, #1685, #1096, #516, #963, #829, #370, #1883, #1297, #1285, #376, #1889, #83, #1134, #1908, #1602, #732, #1213, #300, #282, #1363, #1788, #1041, #23, #1339, #446, #596, #142, #1792, #1502, #136, #1199, #452, #1060, #1798, #287, #9, #160, #276, #1331, #438, #1676, #1412, #445, #1205, #620, #1478, #871, #576, #1774, #1619, #586, #731, #890, #874, #431, #726, #1782, #1030, #1936, #1034, #281, #914, #1059, #298, #1488, #8, #1371, #1360, #1204 ),
 ( #479, #1066, #754, #1223, #1807, #1499, #307, #1231, #1696, #643, #1103, #176, #636, #1675, #934, #38, #184, #1391, #1247, #329, #1383, #1421, #1554, #1737, #384, #959, #1576, #1410, #1720, #675, #1559, #364, #1727, #1888, #817, #66, #528, #1753, #1156, #428, #1022, #583, #1335, #1484, #898, #598, #742, #1796, #1044, #721, #164, #17, #749, #1491, #1837, #1827, #1803, #1515, #1227, #469, #765, #461, #927, #312, #154, #35, #1822, #1347, #1072, #182, #902, #1051, #195, #352, #502, #1112, #1546, #975, #538, #1286, #830, #1272, #532, #680, #377, #1734, #1277, #1725, #1890, #371, #1885, #1564, #359 ),
 ( #1415, #524, #1718, #823, #1873, #69, #882, #1927, #129, #1656, #170, #322, #776, #1529, #1351, #753, #1054, #328, #198, #808, #1683, #1553, #1090, #1541, #1550, #800, #54, #1864, #383, #879, #1002, #1334, #1786, #748, #1630, #1637, #741, #1802, #1039, #293, #460, #1666, #1079, #181, #1243, #1533, #1717, #1872, #1711, #501, #656, #1857, #1120, #812, #202, #662, #1700, #986, #1427, #544, #1741, #1764, #1928, #1473, #915, #936, #172, #1524, #45, #1077, #179, #1240, #494, #650, #1556, #1131, #684, #857, #74, #1140, #570, #756, #865, #1879, #1577, #211, #1101, #1697, #60, #221, #535, #801, #1266 ) ),
 .UNSPECIFIED., .T., .F., .T. ) 
 B_SPLINE_SURFACE_WITH_KNOTS ( ( 4, 3, 4 ),
 ( 3, 2, 2, 2, 2, 2, 2, 2, 2, 2, 2, 2, 2, 2, 2, 2, 2, 2, 2, 2, 2, 2, 2, 2, 2, 2, 2, 2, 2, 2, 2, 2, 2, 2, 2, 2, 2, 2, 2, 2, 2, 2, 2, 2, 2, 2, 3 ),
 ( 0.0000000000000000000, 0.5000000000000000000, 1.000000000000000000 ),
 ( 0.0000000000000000000, 0.02083333333333333200, 0.04166666666666666400, 0.06250000000000000000, 0.08333333333333332900, 0.1041666666666666700, 0.1250000000000000000, 0.1458333333333333400, 0.1666666666666666600, 0.1875000000000000000, 0.2083333333333333400, 0.2291666666666666600, 0.2500000000000000000, 0.2708333333333333100, 0.2916666666666666900, 0.3125000000000000000, 0.3333333333333333100, 0.3541666666666666900, 0.3750000000000000000, 0.3958333333333333100, 0.4166666666666666900, 0.4375000000000000000, 0.4583333333333333100, 0.4791666666666666900, 0.5000000000000000000, 0.5208333333333333700, 0.5416666666666666300, 0.5625000000000000000, 0.5833333333333333700, 0.6041666666666666300, 0.6250000000000000000, 0.6458333333333333700, 0.6666666666666666300, 0.6875000000000000000, 0.7083333333333333700, 0.7291666666666666300, 0.7500000000000000000, 0.7708333333333333700, 0.7916666666666666300, 0.8125000000000000000, 0.8333333333333333700, 0.8541666666666666300, 0.8750000000000000000, 0.8958333333333333700, 0.9166666666666666300, 0.9375000000000000000, 0.9444543708963082400 ),
 .UNSPECIFIED. ) 
 GEOMETRIC_REPRESENTATION_ITEM ( )  RATIONAL_B_SPLINE_SURFACE ( (
 ( 1.000000000000000000, 0.9807852804032304300, 1.000000000000000000, 0.9807852804032304300, 1.000000000000000000, 0.9807852804032304300, 1.000000000000000000, 0.9807852804032304300, 1.000000000000000000, 0.9807852804032304300, 1.000000000000000000, 0.9807852804032304300, 1.000000000000000000, 0.9807852804032304300, 1.000000000000000000, 0.9807852804032304300, 1.000000000000000000, 0.9807852804032304300, 1.000000000000000000, 0.9807852804032304300, 1.000000000000000000, 0.9807852804032304300, 1.000000000000000000, 0.9807852804032304300, 1.000000000000000000, 0.9807852804032304300, 1.000000000000000000, 0.9807852804032304300, 1.000000000000000000, 0.9807852804032304300, 1.000000000000000000, 0.9807852804032304300, 1.000000000000000000, 0.9807852804032304300, 1.000000000000000000, 0.9807852804032304300, 1.000000000000000000, 0.9807852804032304300, 1.000000000000000000, 0.9807852804032304300, 1.000000000000000000, 0.9807852804032304300, 1.000000000000000000, 0.9807852804032304300, 1.000000000000000000, 0.9807852804032304300, 1.000000000000000000, 0.9807852804032304300, 1.000000000000000000, 0.9807852804032304300, 1.000000000000000000, 0.9807852804032304300, 1.000000000000000000, 0.9807852804032304300, 1.000000000000000000, 0.9807852804032304300, 1.000000000000000000, 0.9807852804032304300, 1.000000000000000000, 0.9807852804032304300, 1.000000000000000000, 0.9807852804032304300, 1.000000000000000000, 0.9807852804032304300, 1.000000000000000000, 0.9807852804032304300, 1.000000000000000000, 0.9807852804032304300, 1.000000000000000000, 0.9807852804032304300, 1.000000000000000000, 0.9807852804032304300, 1.000000000000000000, 0.9807852804032304300, 1.000000000000000000, 0.9807852804032304300, 1.000000000000000000, 0.9807852804032304300, 1.000000000000000000, 0.9807852804032304300, 1.000000000000000000, 0.9807852804032304300, 1.000000000000000000, 0.9807852804032304300, 1.000000000000000000, 0.9807852804032304300, 1.000000000000000000, 0.9807852804032304300, 1.000000000000000000, 0.9807852804032304300, 1.000000000000000000, 0.9935859382362641800, 0.9914540298603857800),
 ( 0.3333333333333333700, 0.3269284268010768700, 0.3333333333333333700, 0.3269284268010768700, 0.3333333333333333700, 0.3269284268010768700, 0.3333333333333333700, 0.3269284268010768700, 0.3333333333333333700, 0.3269284268010768700, 0.3333333333333333700, 0.3269284268010768700, 0.3333333333333333700, 0.3269284268010768700, 0.3333333333333333700, 0.3269284268010768700, 0.3333333333333333700, 0.3269284268010768700, 0.3333333333333333700, 0.3269284268010768700, 0.3333333333333333700, 0.3269284268010768700, 0.3333333333333333700, 0.3269284268010768700, 0.3333333333333333700, 0.3269284268010768700, 0.3333333333333333700, 0.3269284268010768700, 0.3333333333333333700, 0.3269284268010768700, 0.3333333333333333700, 0.3269284268010768700, 0.3333333333333333700, 0.3269284268010768700, 0.3333333333333333700, 0.3269284268010768700, 0.3333333333333333700, 0.3269284268010768700, 0.3333333333333333700, 0.3269284268010768700, 0.3333333333333333700, 0.3269284268010768700, 0.3333333333333333700, 0.3269284268010768700, 0.3333333333333333700, 0.3269284268010768700, 0.3333333333333333700, 0.3269284268010768700, 0.3333333333333333700, 0.3269284268010768700, 0.3333333333333333700, 0.3269284268010768700, 0.3333333333333333700, 0.3269284268010768700, 0.3333333333333333700, 0.3269284268010768700, 0.3333333333333333700, 0.3269284268010768700, 0.3333333333333333700, 0.3269284268010768700, 0.3333333333333333700, 0.3269284268010768700, 0.3333333333333333700, 0.3269284268010768700, 0.3333333333333333700, 0.3269284268010768700, 0.3333333333333333700, 0.3269284268010768700, 0.3333333333333333700, 0.3269284268010768700, 0.3333333333333333700, 0.3269284268010768700, 0.3333333333333333700, 0.3269284268010768700, 0.3333333333333333700, 0.3269284268010768700, 0.3333333333333333700, 0.3269284268010768700, 0.3333333333333333700, 0.3269284268010768700, 0.3333333333333333700, 0.3269284268010768700, 0.3333333333333333700, 0.3269284268010768700, 0.3333333333333333700, 0.3269284268010768700, 0.3333333333333333700, 0.3269284268010768700, 0.3333333333333333700, 0.3269284268010768700, 0.3333333333333333700, 0.3311953127454214700, 0.3304846766201286500),
 ( 0.3333333333333333700, 0.3269284268010768700, 0.3333333333333333700, 0.3269284268010768700, 0.3333333333333333700, 0.3269284268010768700, 0.3333333333333333700, 0.3269284268010768700, 0.3333333333333333700, 0.3269284268010768700, 0.3333333333333333700, 0.3269284268010768700, 0.3333333333333333700, 0.3269284268010768700, 0.3333333333333333700, 0.3269284268010768700, 0.3333333333333333700, 0.3269284268010768700, 0.3333333333333333700, 0.3269284268010768700, 0.3333333333333333700, 0.3269284268010768700, 0.3333333333333333700, 0.3269284268010768700, 0.3333333333333333700, 0.3269284268010768700, 0.3333333333333333700, 0.3269284268010768700, 0.3333333333333333700, 0.3269284268010768700, 0.3333333333333333700, 0.3269284268010768700, 0.3333333333333333700, 0.3269284268010768700, 0.3333333333333333700, 0.3269284268010768700, 0.3333333333333333700, 0.3269284268010768700, 0.3333333333333333700, 0.3269284268010768700, 0.3333333333333333700, 0.3269284268010768700, 0.3333333333333333700, 0.3269284268010768700, 0.3333333333333333700, 0.3269284268010768700, 0.3333333333333333700, 0.3269284268010768700, 0.3333333333333333700, 0.3269284268010768700, 0.3333333333333333700, 0.3269284268010768700, 0.3333333333333333700, 0.3269284268010768700, 0.3333333333333333700, 0.3269284268010768700, 0.3333333333333333700, 0.3269284268010768700, 0.3333333333333333700, 0.3269284268010768700, 0.3333333333333333700, 0.3269284268010768700, 0.3333333333333333700, 0.3269284268010768700, 0.3333333333333333700, 0.3269284268010768700, 0.3333333333333333700, 0.3269284268010768700, 0.3333333333333333700, 0.3269284268010768700, 0.3333333333333333700, 0.3269284268010768700, 0.3333333333333333700, 0.3269284268010768700, 0.3333333333333333700, 0.3269284268010768700, 0.3333333333333333700, 0.3269284268010768700, 0.3333333333333333700, 0.3269284268010768700, 0.3333333333333333700, 0.3269284268010768700, 0.3333333333333333700, 0.3269284268010768700, 0.3333333333333333700, 0.3269284268010768700, 0.3333333333333333700, 0.3269284268010768700, 0.3333333333333333700, 0.3269284268010768700, 0.3333333333333333700, 0.3311953127454214700, 0.3304846766201286500),
 ( 1.000000000000000000, 0.9807852804032304300, 1.000000000000000000, 0.9807852804032304300, 1.000000000000000000, 0.9807852804032304300, 1.000000000000000000, 0.9807852804032304300, 1.000000000000000000, 0.9807852804032304300, 1.000000000000000000, 0.9807852804032304300, 1.000000000000000000, 0.9807852804032304300, 1.000000000000000000, 0.9807852804032304300, 1.000000000000000000, 0.9807852804032304300, 1.000000000000000000, 0.9807852804032304300, 1.000000000000000000, 0.9807852804032304300, 1.000000000000000000, 0.9807852804032304300, 1.000000000000000000, 0.9807852804032304300, 1.000000000000000000, 0.9807852804032304300, 1.000000000000000000, 0.9807852804032304300, 1.000000000000000000, 0.9807852804032304300, 1.000000000000000000, 0.9807852804032304300, 1.000000000000000000, 0.9807852804032304300, 1.000000000000000000, 0.9807852804032304300, 1.000000000000000000, 0.9807852804032304300, 1.000000000000000000, 0.9807852804032304300, 1.000000000000000000, 0.9807852804032304300, 1.000000000000000000, 0.9807852804032304300, 1.000000000000000000, 0.9807852804032304300, 1.000000000000000000, 0.9807852804032304300, 1.000000000000000000, 0.9807852804032304300, 1.000000000000000000, 0.9807852804032304300, 1.000000000000000000, 0.9807852804032304300, 1.000000000000000000, 0.9807852804032304300, 1.000000000000000000, 0.9807852804032304300, 1.000000000000000000, 0.9807852804032304300, 1.000000000000000000, 0.9807852804032304300, 1.000000000000000000, 0.9807852804032304300, 1.000000000000000000, 0.9807852804032304300, 1.000000000000000000, 0.9807852804032304300, 1.000000000000000000, 0.9807852804032304300, 1.000000000000000000, 0.9807852804032304300, 1.000000000000000000, 0.9807852804032304300, 1.000000000000000000, 0.9807852804032304300, 1.000000000000000000, 0.9807852804032304300, 1.000000000000000000, 0.9807852804032304300, 1.000000000000000000, 0.9807852804032304300, 1.000000000000000000, 0.9807852804032304300, 1.000000000000000000, 0.9807852804032304300, 1.000000000000000000, 0.9807852804032304300, 1.000000000000000000, 0.9935859382362641800, 0.9914540298603857800),
 ( 0.3333333333333333700, 0.3269284268010768700, 0.3333333333333333700, 0.3269284268010768700, 0.3333333333333333700, 0.3269284268010768700, 0.3333333333333333700, 0.3269284268010768700, 0.3333333333333333700, 0.3269284268010768700, 0.3333333333333333700, 0.3269284268010768700, 0.3333333333333333700, 0.3269284268010768700, 0.3333333333333333700, 0.3269284268010768700, 0.3333333333333333700, 0.3269284268010768700, 0.3333333333333333700, 0.3269284268010768700, 0.3333333333333333700, 0.3269284268010768700, 0.3333333333333333700, 0.3269284268010768700, 0.3333333333333333700, 0.3269284268010768700, 0.3333333333333333700, 0.3269284268010768700, 0.3333333333333333700, 0.3269284268010768700, 0.3333333333333333700, 0.3269284268010768700, 0.3333333333333333700, 0.3269284268010768700, 0.3333333333333333700, 0.3269284268010768700, 0.3333333333333333700, 0.3269284268010768700, 0.3333333333333333700, 0.3269284268010768700, 0.3333333333333333700, 0.3269284268010768700, 0.3333333333333333700, 0.3269284268010768700, 0.3333333333333333700, 0.3269284268010768700, 0.3333333333333333700, 0.3269284268010768700, 0.3333333333333333700, 0.3269284268010768700, 0.3333333333333333700, 0.3269284268010768700, 0.3333333333333333700, 0.3269284268010768700, 0.3333333333333333700, 0.3269284268010768700, 0.3333333333333333700, 0.3269284268010768700, 0.3333333333333333700, 0.3269284268010768700, 0.3333333333333333700, 0.3269284268010768700, 0.3333333333333333700, 0.3269284268010768700, 0.3333333333333333700, 0.3269284268010768700, 0.3333333333333333700, 0.3269284268010768700, 0.3333333333333333700, 0.3269284268010768700, 0.3333333333333333700, 0.3269284268010768700, 0.3333333333333333700, 0.3269284268010768700, 0.3333333333333333700, 0.3269284268010768700, 0.3333333333333333700, 0.3269284268010768700, 0.3333333333333333700, 0.3269284268010768700, 0.3333333333333333700, 0.3269284268010768700, 0.3333333333333333700, 0.3269284268010768700, 0.3333333333333333700, 0.3269284268010768700, 0.3333333333333333700, 0.3269284268010768700, 0.3333333333333333700, 0.3269284268010768700, 0.3333333333333333700, 0.3311953127454214700, 0.3304846766201286500),
 ( 0.3333333333333333700, 0.3269284268010768700, 0.3333333333333333700, 0.3269284268010768700, 0.3333333333333333700, 0.3269284268010768700, 0.3333333333333333700, 0.3269284268010768700, 0.3333333333333333700, 0.3269284268010768700, 0.3333333333333333700, 0.3269284268010768700, 0.3333333333333333700, 0.3269284268010768700, 0.3333333333333333700, 0.3269284268010768700, 0.3333333333333333700, 0.3269284268010768700, 0.3333333333333333700, 0.3269284268010768700, 0.3333333333333333700, 0.3269284268010768700, 0.3333333333333333700, 0.3269284268010768700, 0.3333333333333333700, 0.3269284268010768700, 0.3333333333333333700, 0.3269284268010768700, 0.3333333333333333700, 0.3269284268010768700, 0.3333333333333333700, 0.3269284268010768700, 0.3333333333333333700, 0.3269284268010768700, 0.3333333333333333700, 0.3269284268010768700, 0.3333333333333333700, 0.3269284268010768700, 0.3333333333333333700, 0.3269284268010768700, 0.3333333333333333700, 0.3269284268010768700, 0.3333333333333333700, 0.3269284268010768700, 0.3333333333333333700, 0.3269284268010768700, 0.3333333333333333700, 0.3269284268010768700, 0.3333333333333333700, 0.3269284268010768700, 0.3333333333333333700, 0.3269284268010768700, 0.3333333333333333700, 0.3269284268010768700, 0.3333333333333333700, 0.3269284268010768700, 0.3333333333333333700, 0.3269284268010768700, 0.3333333333333333700, 0.3269284268010768700, 0.3333333333333333700, 0.3269284268010768700, 0.3333333333333333700, 0.3269284268010768700, 0.3333333333333333700, 0.3269284268010768700, 0.3333333333333333700, 0.3269284268010768700, 0.3333333333333333700, 0.3269284268010768700, 0.3333333333333333700, 0.3269284268010768700, 0.3333333333333333700, 0.3269284268010768700, 0.3333333333333333700, 0.3269284268010768700, 0.3333333333333333700, 0.3269284268010768700, 0.3333333333333333700, 0.3269284268010768700, 0.3333333333333333700, 0.3269284268010768700, 0.3333333333333333700, 0.3269284268010768700, 0.3333333333333333700, 0.3269284268010768700, 0.3333333333333333700, 0.3269284268010768700, 0.3333333333333333700, 0.3269284268010768700, 0.3333333333333333700, 0.3311953127454214700, 0.3304846766201286500),
 ( 1.000000000000000000, 0.9807852804032304300, 1.000000000000000000, 0.9807852804032304300, 1.000000000000000000, 0.9807852804032304300, 1.000000000000000000, 0.9807852804032304300, 1.000000000000000000, 0.9807852804032304300, 1.000000000000000000, 0.9807852804032304300, 1.000000000000000000, 0.9807852804032304300, 1.000000000000000000, 0.9807852804032304300, 1.000000000000000000, 0.9807852804032304300, 1.000000000000000000, 0.9807852804032304300, 1.000000000000000000, 0.9807852804032304300, 1.000000000000000000, 0.9807852804032304300, 1.000000000000000000, 0.9807852804032304300, 1.000000000000000000, 0.9807852804032304300, 1.000000000000000000, 0.9807852804032304300, 1.000000000000000000, 0.9807852804032304300, 1.000000000000000000, 0.9807852804032304300, 1.000000000000000000, 0.9807852804032304300, 1.000000000000000000, 0.9807852804032304300, 1.000000000000000000, 0.9807852804032304300, 1.000000000000000000, 0.9807852804032304300, 1.000000000000000000, 0.9807852804032304300, 1.000000000000000000, 0.9807852804032304300, 1.000000000000000000, 0.9807852804032304300, 1.000000000000000000, 0.9807852804032304300, 1.000000000000000000, 0.9807852804032304300, 1.000000000000000000, 0.9807852804032304300, 1.000000000000000000, 0.9807852804032304300, 1.000000000000000000, 0.9807852804032304300, 1.000000000000000000, 0.9807852804032304300, 1.000000000000000000, 0.9807852804032304300, 1.000000000000000000, 0.9807852804032304300, 1.000000000000000000, 0.9807852804032304300, 1.000000000000000000, 0.9807852804032304300, 1.000000000000000000, 0.9807852804032304300, 1.000000000000000000, 0.9807852804032304300, 1.000000000000000000, 0.9807852804032304300, 1.000000000000000000, 0.9807852804032304300, 1.000000000000000000, 0.9807852804032304300, 1.000000000000000000, 0.9807852804032304300, 1.000000000000000000, 0.9807852804032304300, 1.000000000000000000, 0.9807852804032304300, 1.000000000000000000, 0.9807852804032304300, 1.000000000000000000, 0.9807852804032304300, 1.000000000000000000, 0.9807852804032304300, 1.000000000000000000, 0.9935859382362641800, 0.9914540298603857800) ) ) 
 REPRESENTATION_ITEM ( '' )  SURFACE ( )  );
#1757 = PRESENTATION_STYLE_ASSIGNMENT (( #1024 ) ) ;
#1758 = CARTESIAN_POINT ( 'NONE',  ( 0.4448529412499999700, 0.1892438273812814300, -0.1831334643492037200 ) ) ;
#1759 = CARTESIAN_POINT ( 'NONE',  ( 0.03008235350000012700, 0.2247417433916884800, -0.1784600750472860000 ) ) ;
#1760 = CARTESIAN_POINT ( 'NONE',  ( 0.4515352942499997700, 0.3222543981820628600, -0.1379824596170297100 ) ) ;
#1761 = EDGE_CURVE ( 'NONE', #982, #24, #1895, .T. ) ;
#1762 = CARTESIAN_POINT ( 'NONE',  ( -0.4491789097947558300, 0.04536245629716101300, 0.09000000032264836300 ) ) ;
#1763 = CARTESIAN_POINT ( 'NONE',  ( -0.02941176400000006900, 0.3131375109610287600, 0.06460000000000022700 ) ) ;
#1764 = CARTESIAN_POINT ( 'NONE',  ( -0.1727941167500000600, 0.06979789771476147000, 0.008615631234861410200 ) ) ;
#1765 = CARTESIAN_POINT ( 'NONE',  ( -0.2897705872499998200, 0.1429838187724491200, -0.1181461024357783500 ) ) ;
#1766 = CARTESIAN_POINT ( 'NONE',  ( 0.4338235294999999700, 0.2247417433916885100, -0.1784600750472860000 ) ) ;
#1767 = CARTESIAN_POINT ( 'NONE',  ( -0.07352941100000003100, 0.2478344569105326300, 0.1738666487320324500 ) ) ;
#1768 = CARTESIAN_POINT ( 'NONE',  ( -0.3559470577499999100, 0.2881034294875564600, -0.09904074323622373600 ) ) ;
#1769 = CARTESIAN_POINT ( 'NONE',  ( 0.1691176474999999700, 0.02278695374479301800, -0.02349471459960939700 ) ) ;
#1770 = DIRECTION ( 'NONE',  ( 1.000000000000000000, 0.0000000000000000000, -0.0000000000000000000 ) ) ;
#1771 = CARTESIAN_POINT ( 'NONE',  ( 0.1029411769999999500, 0.1546596006736254100, -0.1738666487320325000 ) ) ;
#1772 = DIRECTION ( 'NONE',  ( 0.0000000000000000000, 0.0000000000000000000, 1.000000000000000000 ) ) ;
#1773 = DIRECTION ( 'NONE',  ( 0.0000000000000000000, 0.8660254027495442000, -0.5000000017924898200 ) ) ;
#1774 = CARTESIAN_POINT ( 'NONE',  ( -0.3449176459999999700, 0.2912470287920792500, -0.1558845726811990100 ) ) ;
#1775 = CARTESIAN_POINT ( 'NONE',  ( -0.3646411752500000600, 0.2595102388117089300, 0.1181461024357783500 ) ) ;
#1776 = CARTESIAN_POINT ( 'NONE',  ( -0.2346235284999999300, 0.07315235270258238500, -0.01686398403483074800 ) ) ;
#1777 = ORIENTED_EDGE ( 'NONE', *, *, #1338, .T. ) ;
#1778 = EDGE_LOOP ( 'NONE', ( #1918, #1100, #443, #863 ) ) ;
#1779 = CARTESIAN_POINT ( 'NONE',  ( 0.2860941179999998400, 0.1112470287920788200, 0.1558845726811989600 ) ) ;
#1780 = CARTESIAN_POINT ( 'NONE',  ( -0.1286764697499999900, 0.1143906280966015800, 0.09904074323622373600 ) ) ;
#1781 = CARTESIAN_POINT ( 'NONE',  ( 0.1183176475000001100, 0.02278695374479297900, -0.02349471459960938600 ) ) ;
#1782 = CARTESIAN_POINT ( 'NONE',  ( -0.4331529399999999300, 0.3571316014732780500, 0.09000000000000023300 ) ) ;
#1783 = CARTESIAN_POINT ( 'NONE',  ( -0.2787411754999998300, 0.1225950521641522300, -0.1025012515656279100 ) ) ;
#1784 = CARTESIAN_POINT ( 'NONE',  ( 0.1868294122499998000, 0.1022062855558552600, -0.08685640069547748100 ) ) ;
#1785 = CARTESIAN_POINT ( 'NONE',  ( -0.2830882342500001300, 0.2602396594020955900, -0.1737866857453682400 ) ) ;
#1786 = CARTESIAN_POINT ( 'NONE',  ( 0.1470588239999999800, 0.08935654662312932100, -0.06460000000000026800 ) ) ;
#1787 = CARTESIAN_POINT ( 'NONE',  ( -0.4491789097947558300, 0.08935654675683768500, 0.06460000023158994600 ) ) ;
#1788 = CARTESIAN_POINT ( 'NONE',  ( -0.03609411699999988400, 0.3751136775241114000, -0.04658742811845360800 ) ) ;
#1789 = CARTESIAN_POINT ( 'NONE',  ( -0.1397058815000001000, 0.05844342753965643000, 0.1095770572215695900 ) ) ;
#1790 = CARTESIAN_POINT ( 'NONE',  ( 0.5177117647499998000, 0.1200753739659694600, -0.1645998331148611500 ) ) ;
#1791 = CARTESIAN_POINT ( 'NONE',  ( -0.4999789097947556800, 0.06735950152699936300, 0.07730000027711914100 ) ) ;
#1792 = CARTESIAN_POINT ( 'NONE',  ( -0.1132999992499998700, 0.2824186836181886700, 0.1645998331148611500 ) ) ;
#1793 = CARTESIAN_POINT ( 'NONE',  ( 0.2794117649999999800, 0.2346864494193246800, 0.1247976167565479600 ) ) ;
#1794 = AXIS2_PLACEMENT_3D ( 'NONE', #1092, #1236, #191 ) ;
#1795 = CARTESIAN_POINT ( 'NONE',  ( -0.01838235225000000800, 0.3750337145374472700, 0.05899263061001652800 ) ) ;
#1796 = CARTESIAN_POINT ( 'NONE',  ( -0.06918235224999984300, 0.3259872498937546600, 0.04234359930452300000 ) ) ;
#1797 = FACE_OUTER_BOUND ( 'NONE', #1514, .T. ) ;
#1798 = CARTESIAN_POINT ( 'NONE',  ( -0.1794764697499997800, 0.08023965940209511200, 0.1379824596170297100 ) ) ;
#1799 = FACE_OUTER_BOUND ( 'NONE', #672, .T. ) ;
#1800 =( NAMED_UNIT ( * ) PLANE_ANGLE_UNIT ( ) SI_UNIT ( $, .RADIAN. ) );
#1801 = CARTESIAN_POINT ( 'NONE',  ( -0.05147058750000004700, 0.3108240860136486900, 0.1428036012524225300 ) ) ;
#1802 = CARTESIAN_POINT ( 'NONE',  ( 0.09191176524999995800, 0.1926313975572175900, -0.1314491310773175700 ) ) ;
#1803 = CARTESIAN_POINT ( 'NONE',  ( -0.1684470579999998200, 0.1366470287920787700, 0.1118904821689497100 ) ) ;
#1804 = CARTESIAN_POINT ( 'NONE',  ( 0.1427117652499997900, 0.1892438273812813700, -0.1831334643492036600 ) ) ;
#1805 = CARTESIAN_POINT ( 'NONE',  ( 0.4558823529999999600, 0.1678076081648333400, -0.1247976167565479800 ) ) ;
#1806 = CARTESIAN_POINT ( 'NONE',  ( -0.03609411699999988400, 0.3751136775241114000, -0.04658742811845360800 ) ) ;
#1807 = CARTESIAN_POINT ( 'NONE',  ( 0.4050823530000001200, 0.1678076081648333700, -0.1247976167565479800 ) ) ;
#1808 = CARTESIAN_POINT ( 'NONE',  ( 0.3014705884999999700, 0.2798990054200058400, 0.1025012515656278800 ) ) ;
#1809 = CARTESIAN_POINT ( 'NONE',  ( 0.2022058827499999800, 0.08310092635630070300, 0.05826321001962992500 ) ) ;
#1810 = CARTESIAN_POINT ( 'NONE',  ( -0.3602941165000000400, 0.3797071038393650100, 0.02349471459960947300 ) ) ;
#1811 = PRODUCT_DEFINITION_FORMATION_WITH_SPECIFIED_SOURCE ( 'ANY', '', #771, .NOT_KNOWN. ) ;
#1812 = CARTESIAN_POINT ( 'NONE',  ( 0.3830235295000000700, 0.2247417433916884800, -0.1784600750472860000 ) ) ;
#1813 = CARTESIAN_POINT ( 'NONE',  ( 0.1427117652499997900, 0.1892438273812813700, -0.1831334643492036600 ) ) ;
#1814 = CARTESIAN_POINT ( 'NONE',  ( -0.3382352930000000500, 0.3260446455486270000, -0.03343942062724567600 ) ) ;
#1815 = CARTESIAN_POINT ( 'NONE',  ( 0.1029411769999999500, 0.1678076081648333400, -0.1247976167565479800 ) ) ;
#1816 = CARTESIAN_POINT ( 'NONE',  ( 0.03676470649999993800, 0.3440506300445015400, -0.1095770572215696400 ) ) ;
#1817 =( BOUNDED_CURVE ( )  B_SPLINE_CURVE ( 2, ( #1560, #1288, #682, #513, #1714, #1274, #365, #529, #1569, #670, #826, #1877, #1124, #220, #1366, #632, #923, #1377, #642, #1674, #1682, #1590, #1136, #1900, #847, #838, #995, #240, #988, #1008, #206, #230, #91, #510, #1143, #681, #1596, #1259, #1397, #503, #1547, #113, #1465, #1185, #410, #249, #706, #1913, #1763, #861, #163, #331, #1242, #1856, #311, #474, #1387, #1665, #1545, #1836, #495, #500, #921, #30, #1097, #1850, #944, #1374, #173, #1525, #640, #1381, #487, #1532, #1536, #1681, #1086, #46, #194, #1257, #188, #651, #1394, #789, #341, #655, #797, #1580, #1111, #1884, #358, #1573, #1563 ),
 .UNSPECIFIED., .F., .T. ) 
 B_SPLINE_CURVE_WITH_KNOTS ( ( 3, 2, 2, 2, 2, 2, 2, 2, 2, 2, 2, 2, 2, 2, 2, 2, 2, 2, 2, 2, 2, 2, 2, 2, 2, 2, 2, 2, 2, 2, 2, 2, 2, 2, 2, 2, 2, 2, 2, 2, 2, 2, 2, 2, 2, 2, 3 ),
 ( 0.0000000000000000000, 0.02083333333333333200, 0.04166666666666666400, 0.06250000000000000000, 0.08333333333333332900, 0.1041666666666666700, 0.1250000000000000000, 0.1458333333333333400, 0.1666666666666666600, 0.1875000000000000000, 0.2083333333333333400, 0.2291666666666666600, 0.2500000000000000000, 0.2708333333333333100, 0.2916666666666666900, 0.3124999999999999400, 0.3333333333333333100, 0.3541666666666666900, 0.3750000000000000000, 0.3958333333333333100, 0.4166666666666666900, 0.4375000000000000600, 0.4583333333333333100, 0.4791666666666666900, 0.5000000000000000000, 0.5208333333333333700, 0.5416666666666666300, 0.5625000000000000000, 0.5833333333333333700, 0.6041666666666666300, 0.6249999999999998900, 0.6458333333333333700, 0.6666666666666666300, 0.6875000000000000000, 0.7083333333333333700, 0.7291666666666666300, 0.7500000000000000000, 0.7708333333333333700, 0.7916666666666666300, 0.8125000000000000000, 0.8333333333333333700, 0.8541666666666666300, 0.8750000000000001100, 0.8958333333333333700, 0.9166666666666666300, 0.9375000000000000000, 0.9444543708963082400 ),
 .UNSPECIFIED. ) 
 CURVE ( )  GEOMETRIC_REPRESENTATION_ITEM ( )  RATIONAL_B_SPLINE_CURVE ( ( 1.000000000000000000, 0.9807852804032304300, 1.000000000000000000, 0.9807852804032304300, 1.000000000000000000, 0.9807852804032304300, 1.000000000000000000, 0.9807852804032304300, 1.000000000000000000, 0.9807852804032304300, 1.000000000000000000, 0.9807852804032304300, 1.000000000000000000, 0.9807852804032304300, 1.000000000000000000, 0.9807852804032304300, 1.000000000000000000, 0.9807852804032304300, 1.000000000000000000, 0.9807852804032304300, 1.000000000000000000, 0.9807852804032304300, 1.000000000000000000, 0.9807852804032304300, 1.000000000000000000, 0.9807852804032304300, 1.000000000000000000, 0.9807852804032304300, 1.000000000000000000, 0.9807852804032304300, 1.000000000000000000, 0.9807852804032304300, 1.000000000000000000, 0.9807852804032304300, 1.000000000000000000, 0.9807852804032304300, 1.000000000000000000, 0.9807852804032304300, 1.000000000000000000, 0.9807852804032304300, 1.000000000000000000, 0.9807852804032304300, 1.000000000000000000, 0.9807852804032304300, 1.000000000000000000, 0.9807852804032304300, 1.000000000000000000, 0.9807852804032304300, 1.000000000000000000, 0.9807852804032304300, 1.000000000000000000, 0.9807852804032304300, 1.000000000000000000, 0.9807852804032304300, 1.000000000000000000, 0.9807852804032304300, 1.000000000000000000, 0.9807852804032304300, 1.000000000000000000, 0.9807852804032304300, 1.000000000000000000, 0.9807852804032304300, 1.000000000000000000, 0.9807852804032304300, 1.000000000000000000, 0.9807852804032304300, 1.000000000000000000, 0.9807852804032304300, 1.000000000000000000, 0.9807852804032304300, 1.000000000000000000, 0.9807852804032304300, 1.000000000000000000, 0.9807852804032304300, 1.000000000000000000, 0.9807852804032304300, 1.000000000000000000, 0.9807852804032304300, 1.000000000000000000, 0.9807852804032304300, 1.000000000000000000, 0.9807852804032304300, 1.000000000000000000, 0.9807852804032304300, 1.000000000000000000, 0.9807852804032304300, 1.000000000000000000, 0.9807852804032304300, 1.000000000000000000, 0.9807852804032304300, 1.000000000000000000, 0.9935859382362641800, 0.9914540298603857800 ) ) 
 REPRESENTATION_ITEM ( '' )  );
#1818 = CARTESIAN_POINT ( 'NONE',  ( 0.2573529414999999900, 0.1843830447572482600, 0.1280946760894966200 ) ) ;
#1819 = CARTESIAN_POINT ( 'NONE',  ( 0.5000000000000000000, 0.0000000000000000000, -3.213942933772876300E-016 ) ) ;
#1820 = ADVANCED_FACE ( 'NONE', ( #1144 ), #1701, .T. ) ;
#1821 = CARTESIAN_POINT ( 'NONE',  ( 0.1580882357499999700, 0.07650680769040334200, -0.04234359930452300700 ) ) ;
#1822 = CARTESIAN_POINT ( 'NONE',  ( -0.2787411754999998300, 0.1225950521641522300, -0.1025012515656279100 ) ) ;
#1823 = CARTESIAN_POINT ( 'NONE',  ( 0.01035882424999977500, 0.3392294884091086600, 0.1210073693899838800 ) ) ;
#1824 = CARTESIAN_POINT ( 'NONE',  ( -0.2389705872500000100, 0.1429838187724491200, -0.1181461024357783600 ) ) ;
#1825 = CARTESIAN_POINT ( 'NONE',  ( 0.2794117649999999800, 0.2346864494193246800, 0.1247976167565479600 ) ) ;
#1826 = LENGTH_MEASURE_WITH_UNIT ( LENGTH_MEASURE( 0.02539999999999999900 ), #114 );
#1827 = CARTESIAN_POINT ( 'NONE',  ( -0.1574176462499998800, 0.1589034294875559500, 0.1247402211016756200 ) ) ;
#1828 = CARTESIAN_POINT ( 'NONE',  ( -0.1661117637500002000, 0.06326456917504930100, -0.1210073693899838800 ) ) ;
#1829 = LENGTH_MEASURE_WITH_UNIT ( LENGTH_MEASURE( 0.02539999999999999900 ), #896 );
#1830 = CARTESIAN_POINT ( 'NONE',  ( 0.1096235299999998300, 0.2912470287920792500, -0.1558845726811989600 ) ) ;
#1831 = CARTESIAN_POINT ( 'NONE',  ( 0.3897058824999999300, 0.3037482803577069000, -0.07865197662792682000 ) ) ;
#1832 = CARTESIAN_POINT ( 'NONE',  ( 0.4381705882500001000, 0.1022062855558552600, -0.08685640069547748100 ) ) ;
#1833 = ORIENTED_EDGE ( 'NONE', *, *, #1299, .T. ) ;
#1834 = CARTESIAN_POINT ( 'NONE',  ( 0.06985294174999996700, 0.2435906280966020600, -0.1247402211016756700 ) ) ;
#1835 = CARTESIAN_POINT ( 'NONE',  ( -0.4926470575000000400, 0.05844342753965643000, 0.1095770572215695900 ) ) ;
#1836 = CARTESIAN_POINT ( 'NONE',  ( -0.1507352932500001200, 0.08310092635630068900, 0.05826321001962992500 ) ) ;
#1837 = CARTESIAN_POINT ( 'NONE',  ( -0.1463882344999998500, 0.1843830447572482600, 0.1280946760894966200 ) ) ;
#1838 = CARTESIAN_POINT ( 'NONE',  ( 0.3963882354999998500, 0.3797071038393650100, 0.02349471459960947000 ) ) ;
#1839 = CARTESIAN_POINT ( 'NONE',  ( -0.3161764695000000600, 0.3037482803577069000, -0.07865197662792682000 ) ) ;
#1840 = CARTESIAN_POINT ( 'NONE',  ( -0.3890352929999998900, 0.3751136775241114000, -0.04658742811845360800 ) ) ;
#1841 = AXIS2_PLACEMENT_3D ( 'NONE', #1791, #725, #578 ) ;
#1842 = DIRECTION ( 'NONE',  ( 0.0000000000000000000, -1.264744442920989300E-016, -1.000000000000000000 ) ) ;
#1843 = CARTESIAN_POINT ( 'NONE',  ( 0.4294764707499997800, 0.3193931312278572900, -0.05826321001962993200 ) ) ;
#1844 = CARTESIAN_POINT ( 'NONE',  ( 0.4050823530000001200, 0.1546596006736254100, -0.1738666487320325000 ) ) ;
#1845 = CARTESIAN_POINT ( 'NONE',  ( -0.2764058812500002100, 0.3658468619069401600, -0.08117165482610963500 ) ) ;
#1846 = CARTESIAN_POINT ( 'NONE',  ( -0.1550823520000002000, 0.04536245611088003000, -0.09000000000000023300 ) ) ;
#1847 = CARTESIAN_POINT ( 'NONE',  ( -0.4993294104999999000, 0.1777523141924696500, 0.1784600750472860000 ) ) ;
#1848 = CARTESIAN_POINT ( 'NONE',  ( -0.02941176400000006900, 0.3131375109610287600, 0.06460000000000022700 ) ) ;
#1849 = CARTESIAN_POINT ( 'NONE',  ( 0.3609647060000001900, 0.2912470287920792500, -0.1558845726811990100 ) ) ;
#1850 = CARTESIAN_POINT ( 'NONE',  ( -0.2169117637500000400, 0.1022062855558552700, -0.08685640069547745400 ) ) ;
#1851 = CARTESIAN_POINT ( 'NONE',  ( -0.3094941165000001900, 0.3797071038393650100, 0.02349471459960947000 ) ) ;
#1852 = CARTESIAN_POINT ( 'NONE',  ( -0.4110941164999998800, 0.3797071038393650100, 0.02349471459960946600 ) ) ;
#1853 = CARTESIAN_POINT ( 'NONE',  ( -0.1507352932500001200, 0.08310092635630070300, 0.05826321001962992500 ) ) ;
#1854 = CARTESIAN_POINT ( 'NONE',  ( 0.3963882354999998500, 0.3293417048815756600, 0.01686398403483080000 ) ) ;
#1855 = ORIENTED_EDGE ( 'NONE', *, *, #1027, .T. ) ;
#1856 = CARTESIAN_POINT ( 'NONE',  ( -0.08455882275000001200, 0.2098626600269404300, 0.1314491310773175400 ) ) ;
#1857 = CARTESIAN_POINT ( 'NONE',  ( -0.06249999925000003500, 0.2595102388117089300, 0.1181461024357783200 ) ) ;
#1858 = CARTESIAN_POINT ( 'NONE',  ( -0.3205235282500001300, 0.3750337145374472700, 0.05899263061001652800 ) ) ;
#1859 = CARTESIAN_POINT ( 'NONE',  ( -0.3315529400000001800, 0.3571316014732779900, 0.09000000000000023300 ) ) ;
#1860 = CARTESIAN_POINT ( 'NONE',  ( 0.2617000002500001200, 0.3002877720283027000, 0.08685640069547744000 ) ) ;
#1861 = CARTESIAN_POINT ( 'NONE',  ( -0.1176470579999999800, 0.1112470287920788200, 0.1558845726811989900 ) ) ;
#1862 = CARTESIAN_POINT ( 'NONE',  ( -0.2058823520000000500, 0.08935654662312932100, -0.06460000000000026800 ) ) ;
#1863 = CARTESIAN_POINT ( 'NONE',  ( 0.08522941225000013600, 0.1022062855558552600, -0.08685640069547748100 ) ) ;
#1864 = CARTESIAN_POINT ( 'NONE',  ( 0.2022058827499999800, 0.08310092635630070300, 0.05826321001962992500 ) ) ;
#1865 = EDGE_CURVE ( 'NONE', #1311, #1939, #1098, .T. ) ;
#1866 = CARTESIAN_POINT ( 'NONE',  ( -0.4999789097947556800, -0.2699999996800107000, 2.603792618961250900E-016 ) ) ;
#1867 = CARTESIAN_POINT ( 'NONE',  ( 0.2860941179999998400, 0.1366470287920787700, 0.1118904821689497100 ) ) ;
#1868 = CARTESIAN_POINT ( 'NONE',  ( 0.4558823529999999600, 0.1546596006736254100, -0.1738666487320325000 ) ) ;
#1869 = CARTESIAN_POINT ( 'NONE',  ( -0.04478823450000016200, 0.1777523141924696500, 0.1784600750472860000 ) ) ;
#1870 = CARTESIAN_POINT ( 'NONE',  ( -0.1905058814999999200, 0.09874577722645105900, 0.07865197662792677800 ) ) ;
#1871 = CARTESIAN_POINT ( 'NONE',  ( -0.4705882340000000500, 0.1112470287920788200, 0.1558845726811989900 ) ) ;
#1872 = CARTESIAN_POINT ( 'NONE',  ( -0.01838235225000000800, 0.3259872498937547200, 0.04234359930452301400 ) ) ;
#1873 = CARTESIAN_POINT ( 'NONE',  ( 0.4558823529999999600, 0.1678076081648333400, -0.1247976167565479800 ) ) ;
#1874 = FACE_OUTER_BOUND ( 'NONE', #1217, .T. ) ;
#1875 = CARTESIAN_POINT ( 'NONE',  ( -0.4044117635000000200, 0.2798990054200058400, 0.1025012515656278800 ) ) ;
#1876 = SURFACE_STYLE_FILL_AREA ( #420 ) ;
#1877 = CARTESIAN_POINT ( 'NONE',  ( 0.3786764707499999900, 0.3193931312278573400, -0.05826321001962992500 ) ) ;
#1878 = DIRECTION ( 'NONE',  ( 0.0000000000000000000, 0.5000000000000014400, -0.8660254037844378200 ) ) ;
#1879 = CARTESIAN_POINT ( 'NONE',  ( -0.4154411752500000200, 0.2595102388117089300, 0.1181461024357783200 ) ) ;
#1880 = ORIENTED_EDGE ( 'NONE', *, *, #492, .F. ) ;
#1881 = DIMENSIONAL_EXPONENTS ( 1.000000000000000000, 0.0000000000000000000, 0.0000000000000000000, 0.0000000000000000000, 0.0000000000000000000, 0.0000000000000000000, 0.0000000000000000000 ) ;
#1882 = CARTESIAN_POINT ( 'NONE',  ( -0.2984647047500002000, 0.3326961598693964900, -0.008615631234861418800 ) ) ;
#1883 = CARTESIAN_POINT ( 'NONE',  ( 0.1183176475000001100, 0.02278695374479297900, -0.02349471459960938600 ) ) ;
#1884 = CARTESIAN_POINT ( 'NONE',  ( -0.4816176457500000500, 0.1143906280966015700, 0.09904074323622374900 ) ) ;
#1885 = CARTESIAN_POINT ( 'NONE',  ( -0.5434470574999998900, 0.09874577722645105900, 0.07865197662792677800 ) ) ;
#1886 = CARTESIAN_POINT ( 'NONE',  ( -0.4264705870000001200, 0.2346864494193246800, 0.1247976167565479600 ) ) ;
#1887 = CARTESIAN_POINT ( 'NONE',  ( -0.003005881749999840600, 0.2881034294875564600, -0.09904074323622373600 ) ) ;
#1888 = CARTESIAN_POINT ( 'NONE',  ( 0.08522941225000013600, 0.1022062855558552600, -0.08685640069547748100 ) ) ;
#1889 = CARTESIAN_POINT ( 'NONE',  ( 0.07420000050000015400, 0.09166997157050933700, -0.1428036012524225600 ) ) ;
#1890 = CARTESIAN_POINT ( 'NONE',  ( -0.5213882339999998900, 0.1366470287920787700, 0.1118904821689497100 ) ) ;
#1891 = CARTESIAN_POINT ( 'NONE',  ( 0.5000000000000000000, 0.04536245611088003700, -0.09000000000000023300 ) ) ;
#1892 = CARTESIAN_POINT ( 'NONE',  ( -0.1661117637500002000, 0.1022062855558552600, -0.08685640069547748100 ) ) ;
#1893 = CARTESIAN_POINT ( 'NONE',  ( -0.07787646975000013500, 0.1143906280966015400, 0.09904074323622372200 ) ) ;
#1894 = CARTESIAN_POINT ( 'NONE',  ( -0.007352940500000021100, 0.3293417048815756000, 0.01686398403483079300 ) ) ;
#1895 = LINE ( 'NONE', #802, #1482 ) ;
#1896 = ORIENTED_EDGE ( 'NONE', *, *, #1540, .T. ) ;
#1897 = CARTESIAN_POINT ( 'NONE',  ( -0.4962813505154110600, 0.09359065440273985100, 0.07193368976395347900 ) ) ;
#1898 = AXIS2_PLACEMENT_3D ( 'NONE', #1632, #735, #109 ) ;
#1899 = CARTESIAN_POINT ( 'NONE',  ( 0.2132352944999999800, 0.05844342753965643000, 0.1095770572215695900 ) ) ;
#1900 = CARTESIAN_POINT ( 'NONE',  ( 0.2463235297499999900, 0.1589034294875559800, 0.1247402211016756500 ) ) ;
#1901 = CARTESIAN_POINT ( 'NONE',  ( -0.1330235285000002100, 0.07315235270258238500, -0.01686398403483074800 ) ) ;
#1902 = CARTESIAN_POINT ( 'NONE',  ( 0.3455882355000000100, 0.3293417048815756000, 0.01686398403483079300 ) ) ;
#1903 = ADVANCED_FACE ( 'NONE', ( #736 ), #241, .T. ) ;
#1904 = CARTESIAN_POINT ( 'NONE',  ( -0.4197882340000003200, 0.1112470287920788200, 0.1558845726811989600 ) ) ;
#1905 = CARTESIAN_POINT ( 'NONE',  ( -0.2984647047500002000, 0.3326961598693964900, -0.008615631234861418800 ) ) ;
#1906 = DIRECTION ( 'NONE',  ( 0.0000000000000000000, 0.0000000000000000000, 1.000000000000000000 ) ) ;
#1907 = CARTESIAN_POINT ( 'NONE',  ( 0.4294764707499997800, 0.3658468619069401600, -0.08117165482610963500 ) ) ;
#1908 = CARTESIAN_POINT ( 'NONE',  ( 0.04111176525000011900, 0.1892438273812813200, -0.1831334643492037200 ) ) ;
#1909 = CARTESIAN_POINT ( 'NONE',  ( -0.3977294105000002700, 0.1777523141924696500, 0.1784600750472860000 ) ) ;
#1910 = PRODUCT_RELATED_PRODUCT_CATEGORY ( 'part', '', ( #771 ) ) ;
#1911 = CARTESIAN_POINT ( 'NONE',  ( 0.4338235294999999700, 0.2247417433916885100, -0.1784600750472860000 ) ) ;
#1912 = CARTESIAN_POINT ( 'NONE',  ( -0.4000647047499998900, 0.3326961598693964900, -0.008615631234861418800 ) ) ;
#1913 = CARTESIAN_POINT ( 'NONE',  ( -0.01838235225000001100, 0.3259872498937547200, 0.04234359930452301400 ) ) ;
#1914 =( NAMED_UNIT ( * ) PLANE_ANGLE_UNIT ( ) SI_UNIT ( $, .RADIAN. ) );
#1915 = LINE ( 'NONE', #1301, #539 ) ;
#1916 = SHAPE_DEFINITION_REPRESENTATION ( #1749, #1505 ) ;
#1917 = CARTESIAN_POINT ( 'NONE',  ( 0.09625882400000014500, 0.04536245611088000900, -0.09000000000000023300 ) ) ;
#1918 = ORIENTED_EDGE ( 'NONE', *, *, #1530, .T. ) ;
#1919 = CARTESIAN_POINT ( 'NONE',  ( -0.3713235282500000300, 0.3259872498937547200, 0.04234359930452301400 ) ) ;
#1920 = AXIS2_PLACEMENT_3D ( 'NONE', #667, #379, #1906 ) ;
#1921 = CARTESIAN_POINT ( 'NONE',  ( 0.08088235349999996200, 0.2247417433916885100, -0.1784600750472860000 ) ) ;
#1922 = CARTESIAN_POINT ( 'NONE',  ( 0.5287411764999998500, 0.09166997157050937900, -0.1428036012524225300 ) ) ;
#1923 = DIRECTION ( 'NONE',  ( 0.0000000000000000000, 0.0000000000000000000, 1.000000000000000000 ) ) ;
#1924 = CARTESIAN_POINT ( 'NONE',  ( 0.1139705887500000000, 0.1200753739659694400, -0.1645998331148612000 ) ) ;
#1925 = CARTESIAN_POINT ( 'NONE',  ( -0.2566823519999998900, 0.08935654662312932100, -0.06460000000000026800 ) ) ;
#1926 = CARTESIAN_POINT ( 'NONE',  ( -0.3492647047500001500, 0.3843804931412826400, -0.01200320141079756600 ) ) ;
#1927 = CARTESIAN_POINT ( 'NONE',  ( 0.4227941177499999800, 0.2435906280966020600, -0.1247402211016756700 ) ) ;
#1928 = CARTESIAN_POINT ( 'NONE',  ( -0.1838235285000000600, 0.07315235270258238500, -0.01686398403483074100 ) ) ;
#1929 = CARTESIAN_POINT ( 'NONE',  ( -0.4110941164999998800, 0.3293417048815756600, 0.01686398403483080000 ) ) ;
#1930 = AXIS2_PLACEMENT_3D ( 'NONE', #1747, #399, #253 ) ;
#1931 = CARTESIAN_POINT ( 'NONE',  ( -0.08455882274999999800, 0.2132502302028765900, 0.1831334643492036900 ) ) ;
#1932 = CARTESIAN_POINT ( 'NONE',  ( 0.1758000004999998000, 0.1225950521641522300, -0.1025012515656279100 ) ) ;
#1933 = CARTESIAN_POINT ( 'NONE',  ( -0.04044117575000006500, 0.3392294884091087100, 0.1210073693899839100 ) ) ;
#1934 = CARTESIAN_POINT ( 'NONE',  ( 0.3191823532499998300, 0.2132502302028765900, 0.1831334643492036300 ) ) ;
#1935 = CARTESIAN_POINT ( 'NONE',  ( -0.3228588224999998100, 0.2247417433916884800, -0.1784600750472860000 ) ) ;
#1936 = CARTESIAN_POINT ( 'NONE',  ( -0.4552117634999998100, 0.3108240860136487500, 0.1428036012524225300 ) ) ;
#1937 = VECTOR ( 'NONE', #224, 39.37007874015748100 ) ;
#1938 = CARTESIAN_POINT ( 'NONE',  ( -0.1838235285000000600, 0.02278695374479301800, -0.02349471459960939700 ) ) ;
#1939 = VERTEX_POINT ( 'NONE', #408 ) ;
ENDSEC;
END-ISO-10303-21;
