ISO-10303-21;
HEADER;
FILE_DESCRIPTION (( 'STEP AP214' ),
    '1' );
FILE_NAME ('SQA411CEJW-T1_GE3.STEP',
    '2025-06-11T04:47:46',
    ( '' ),
    ( '' ),
    'SwSTEP 2.0',
    'SolidWorks 2024',
    '' );
FILE_SCHEMA (( 'AUTOMOTIVE_DESIGN' ));
ENDSEC;

DATA;
#1 = VERTEX_POINT ( 'NONE', #1078 ) ;
#2 = LINE ( 'NONE', #901, #864 ) ;
#3 = EDGE_LOOP ( 'NONE', ( #1398, #1003, #1910, #1517 ) ) ;
#4 = ORIENTED_EDGE ( 'NONE', *, *, #2543, .T. ) ;
#5 = CARTESIAN_POINT ( 'NONE',  ( 0.5199999999999999067, 0.000000000000000000, -0.7720000000000000195 ) ) ;
#6 = SURFACE_SIDE_STYLE ('',( #1990 ) ) ;
#7 = VERTEX_POINT ( 'NONE', #1540 ) ;
#8 = CARTESIAN_POINT ( 'NONE',  ( 0.6700000000000002620, 0.000000000000000000, 0.3719999999999998863 ) ) ;
#9 = DIRECTION ( 'NONE',  ( 0.000000000000000000, -1.000000000000000000, 0.000000000000000000 ) ) ;
#10 = VERTEX_POINT ( 'NONE', #2870 ) ;
#11 = STYLED_ITEM ( 'NONE', ( #2538 ), #556 ) ;
#12 = DIRECTION ( 'NONE',  ( -1.000000000000000000, 0.000000000000000000, 0.000000000000000000 ) ) ;
#13 = DIRECTION ( 'NONE',  ( 0.000000000000000000, -1.000000000000000000, 0.000000000000000000 ) ) ;
#14 = AXIS2_PLACEMENT_3D ( 'NONE', #2356, #2413, #2141 ) ;
#15 = VECTOR ( 'NONE', #2050, 1000.000000000000000 ) ;
#16 = PRESENTATION_STYLE_ASSIGNMENT (( #2023 ) ) ;
#17 = EDGE_CURVE ( 'NONE', #2814, #1193, #2673, .T. ) ;
#18 = MECHANICAL_DESIGN_GEOMETRIC_PRESENTATION_REPRESENTATION (  '', ( #1568 ), #445 ) ;
#19 = VERTEX_POINT ( 'NONE', #2853 ) ;
#20 = LINE ( 'NONE', #1738, #1979 ) ;
#21 = ORIENTED_EDGE ( 'NONE', *, *, #2225, .F. ) ;
#22 = AXIS2_PLACEMENT_3D ( 'NONE', #1641, #1829, #2564 ) ;
#23 = ORIENTED_EDGE ( 'NONE', *, *, #647, .T. ) ;
#24 = VECTOR ( 'NONE', #1147, 1000.000000000000000 ) ;
#25 = CARTESIAN_POINT ( 'NONE',  ( 0.7799999999999999156, 0.2099999999999999922, -0.7720000000000000195 ) ) ;
#26 =( NAMED_UNIT ( * ) SI_UNIT ( $, .STERADIAN. ) SOLID_ANGLE_UNIT ( ) );
#27 = FACE_OUTER_BOUND ( 'NONE', #2212, .T. ) ;
#28 = CARTESIAN_POINT ( 'NONE',  ( 0.7799999999999999156, -0.05000000000000000278, 0.7920000000000000373 ) ) ;
#29 = DIRECTION ( 'NONE',  ( -0.000000000000000000, -0.000000000000000000, 1.000000000000000000 ) ) ;
#30 = CARTESIAN_POINT ( 'NONE',  ( 1.024999999999999467, 0.2200000000000000289, 1.024999999999999911 ) ) ;
#31 = EDGE_CURVE ( 'NONE', #1487, #2045, #220, .T. ) ;
#32 = EDGE_CURVE ( 'NONE', #750, #1740, #1996, .T. ) ;
#33 = EDGE_CURVE ( 'NONE', #345, #2418, #1268, .T. ) ;
#34 = ORIENTED_EDGE ( 'NONE', *, *, #739, .T. ) ;
#35 = LINE ( 'NONE', #2280, #1888 ) ;
#36 = EDGE_LOOP ( 'NONE', ( #1763, #2319, #1045, #1797 ) ) ;
#37 = VERTEX_POINT ( 'NONE', #853 ) ;
#38 = LINE ( 'NONE', #2701, #1229 ) ;
#39 = DIRECTION ( 'NONE',  ( 0.000000000000000000, 0.000000000000000000, 1.000000000000000000 ) ) ;
#40 = LINE ( 'NONE', #1598, #1843 ) ;
#41 = ADVANCED_FACE ( 'NONE', ( #1333 ), #1526, .F. ) ;
#42 = CARTESIAN_POINT ( 'NONE',  ( -1.024999999999999911, 0.6999999999999999556, -1.024999999999999911 ) ) ;
#43 = DIRECTION ( 'NONE',  ( -1.000000000000000000, 0.000000000000000000, 0.000000000000000000 ) ) ;
#44 =( NAMED_UNIT ( * ) PLANE_ANGLE_UNIT ( ) SI_UNIT ( $, .RADIAN. ) );
#45 = CARTESIAN_POINT ( 'NONE',  ( -0.7949999999999999289, 0.2099999999999999922, 0.3820000000000000617 ) ) ;
#46 = ORIENTED_EDGE ( 'NONE', *, *, #560, .F. ) ;
#47 = DIRECTION ( 'NONE',  ( 1.000000000000000000, 0.000000000000000000, 0.000000000000000000 ) ) ;
#48 = VERTEX_POINT ( 'NONE', #1068 ) ;
#49 = ORIENTED_EDGE ( 'NONE', *, *, #1102, .F. ) ;
#50 = DIRECTION ( 'NONE',  ( 0.000000000000000000, -1.000000000000000000, 0.000000000000000000 ) ) ;
#51 = EDGE_CURVE ( 'NONE', #1622, #2814, #843, .T. ) ;
#52 = CARTESIAN_POINT ( 'NONE',  ( -0.7800000000000001377, 0.000000000000000000, -0.7919999999999995932 ) ) ;
#53 = ORIENTED_EDGE ( 'NONE', *, *, #2544, .F. ) ;
#54 = LINE ( 'NONE', #262, #720 ) ;
#55 = CARTESIAN_POINT ( 'NONE',  ( 0.8800000000000005596, 0.000000000000000000, -0.5120000000000001217 ) ) ;
#56 = CARTESIAN_POINT ( 'NONE',  ( -0.5200000000000002398, 0.000000000000000000, -0.7919999999999995932 ) ) ;
#57 = FACE_OUTER_BOUND ( 'NONE', #976, .T. ) ;
#58 = ORIENTED_EDGE ( 'NONE', *, *, #1312, .T. ) ;
#59 = VECTOR ( 'NONE', #2665, 1000.000000000000000 ) ;
#60 = LINE ( 'NONE', #91, #1838 ) ;
#61 = DIRECTION ( 'NONE',  ( 0.000000000000000000, 0.000000000000000000, -1.000000000000000000 ) ) ;
#62 = DIRECTION ( 'NONE',  ( -0.000000000000000000, 0.000000000000000000, 1.000000000000000000 ) ) ;
#63 = AXIS2_PLACEMENT_3D ( 'NONE', #1475, #2371, #360 ) ;
#64 =( LENGTH_UNIT ( ) NAMED_UNIT ( * ) SI_UNIT ( .MILLI., .METRE. ) );
#65 = ORIENTED_EDGE ( 'NONE', *, *, #2497, .F. ) ;
#66 = AXIS2_PLACEMENT_3D ( 'NONE', #518, #765, #39 ) ;
#67 = VECTOR ( 'NONE', #2346, 1000.000000000000000 ) ;
#68 = VERTEX_POINT ( 'NONE', #1299 ) ;
#69 = FACE_OUTER_BOUND ( 'NONE', #1451, .T. ) ;
#70 = VECTOR ( 'NONE', #2474, 1000.000000000000000 ) ;
#71 = DIRECTION ( 'NONE',  ( 0.000000000000000000, -1.000000000000000000, 0.000000000000000000 ) ) ;
#72 = ADVANCED_FACE ( 'NONE', ( #2196 ), #712, .T. ) ;
#73 = ADVANCED_FACE ( 'NONE', ( #267 ), #2009, .F. ) ;
#74 = MECHANICAL_DESIGN_GEOMETRIC_PRESENTATION_REPRESENTATION (  '', ( #1521 ), #162 ) ;
#75 = FACE_OUTER_BOUND ( 'NONE', #1902, .T. ) ;
#76 = ADVANCED_FACE ( 'NONE', ( #2292 ), #2741, .T. ) ;
#77 = FACE_OUTER_BOUND ( 'NONE', #2496, .T. ) ;
#78 = FACE_OUTER_BOUND ( 'NONE', #1804, .T. ) ;
#79 = LINE ( 'NONE', #2792, #1275 ) ;
#80 =( NAMED_UNIT ( * ) SI_UNIT ( $, .STERADIAN. ) SOLID_ANGLE_UNIT ( ) );
#81 = ORIENTED_EDGE ( 'NONE', *, *, #1461, .T. ) ;
#82 = ADVANCED_FACE ( 'NONE', ( #1382 ), #685, .T. ) ;
#83 = VERTEX_POINT ( 'NONE', #700 ) ;
#84 = CARTESIAN_POINT ( 'NONE',  ( -0.5000000000000002220, 0.2099999999999999922, -0.9919999999999996598 ) ) ;
#85 = CARTESIAN_POINT ( 'NONE',  ( 0.1299999999999998934, 0.000000000000000000, 0.7920000000000000373 ) ) ;
#86 = DIRECTION ( 'NONE',  ( 1.000000000000000000, 0.000000000000000000, -0.000000000000000000 ) ) ;
#87 = DIRECTION ( 'NONE',  ( 0.000000000000000000, 0.000000000000000000, 1.000000000000000000 ) ) ;
#88 = LINE ( 'NONE', #1149, #815 ) ;
#89 = SURFACE_SIDE_STYLE ('',( #995 ) ) ;
#90 = ADVANCED_FACE ( 'NONE', ( #1576 ), #747, .T. ) ;
#91 = CARTESIAN_POINT ( 'NONE',  ( 1.024999999999999911, 0.09832391021716703483, 1.024999999999999911 ) ) ;
#92 = CARTESIAN_POINT ( 'NONE',  ( -0.1300000000000000044, 0.2099999999999999922, 0.7720000000000000195 ) ) ;
#93 = ORIENTED_EDGE ( 'NONE', *, *, #51, .F. ) ;
#94 = ORIENTED_EDGE ( 'NONE', *, *, #32, .T. ) ;
#95 = EDGE_LOOP ( 'NONE', ( #1694, #840, #2676, #2159 ) ) ;
#96 = LINE ( 'NONE', #2091, #772 ) ;
#97 = PLANE ( 'NONE',  #386 ) ;
#98 = CARTESIAN_POINT ( 'NONE',  ( 0.1500000000000004940, 0.000000000000000000, 8.131516293641311605E-17 ) ) ;
#99 = LINE ( 'NONE', #520, #2407 ) ;
#100 = EDGE_LOOP ( 'NONE', ( #356, #617, #185, #1052 ) ) ;
#101 = SURFACE_STYLE_FILL_AREA ( #2767 ) ;
#102 = CARTESIAN_POINT ( 'NONE',  ( -0.1500000000000002720, -0.000000000000000000, 0.000000000000000000 ) ) ;
#103 = CARTESIAN_POINT ( 'NONE',  ( -0.1500000000000000777, 0.2099999999999999922, 0.7920000000000000373 ) ) ;
#104 = EDGE_CURVE ( 'NONE', #896, #190, #1588, .T. ) ;
#105 = CARTESIAN_POINT ( 'NONE',  ( 0.4999999999999994449, 0.2099999999999999922, -0.9919999999999999929 ) ) ;
#106 = VERTEX_POINT ( 'NONE', #1820 ) ;
#107 = ORIENTED_EDGE ( 'NONE', *, *, #2254, .F. ) ;
#108 = LINE ( 'NONE', #624, #59 ) ;
#109 = AXIS2_PLACEMENT_3D ( 'NONE', #850, #2820, #377 ) ;
#110 = ORIENTED_EDGE ( 'NONE', *, *, #282, .F. ) ;
#111 =( NAMED_UNIT ( * ) PLANE_ANGLE_UNIT ( ) SI_UNIT ( $, .RADIAN. ) );
#112 = ORIENTED_EDGE ( 'NONE', *, *, #153, .F. ) ;
#113 = VECTOR ( 'NONE', #875, 1000.000000000000000 ) ;
#114 = VECTOR ( 'NONE', #330, 1000.000000000000000 ) ;
#115 = VECTOR ( 'NONE', #2579, 1000.000000000000000 ) ;
#116 = CARTESIAN_POINT ( 'NONE',  ( 0.5199999999999999067, 0.2099999999999999922, -0.7920000000000000373 ) ) ;
#117 = PRESENTATION_STYLE_ASSIGNMENT (( #2126 ) ) ;
#118 = VECTOR ( 'NONE', #577, 1000.000000000000000 ) ;
#119 = DIRECTION ( 'NONE',  ( 0.000000000000000000, 0.000000000000000000, -1.000000000000000000 ) ) ;
#120 = AXIS2_PLACEMENT_3D ( 'NONE', #1624, #992, #2762 ) ;
#121 = FACE_OUTER_BOUND ( 'NONE', #2687, .T. ) ;
#122 = ORIENTED_EDGE ( 'NONE', *, *, #650, .F. ) ;
#123 = ADVANCED_FACE ( 'NONE', ( #1155, #524 ), #1175, .F. ) ;
#124 = ADVANCED_FACE ( 'NONE', ( #1665 ), #2558, .T. ) ;
#125 = EDGE_CURVE ( 'NONE', #1500, #2610, #2338, .T. ) ;
#126 = ORIENTED_EDGE ( 'NONE', *, *, #1374, .F. ) ;
#127 = ORIENTED_EDGE ( 'NONE', *, *, #2055, .F. ) ;
#128 = CARTESIAN_POINT ( 'NONE',  ( -1.311459024423942132, 0.2200000000000000011, 0.9899999999999997691 ) ) ;
#129 = EDGE_CURVE ( 'NONE', #1963, #1412, #2363, .T. ) ;
#130 = DIRECTION ( 'NONE',  ( 2.710505431213761874E-15, -0.000000000000000000, 1.000000000000000000 ) ) ;
#131 = CARTESIAN_POINT ( 'NONE',  ( 0.6700000000000003730, 0.2099999999999999922, -0.5320000000000000284 ) ) ;
#132 = PLANE ( 'NONE',  #1427 ) ;
#133 = ORIENTED_EDGE ( 'NONE', *, *, #370, .T. ) ;
#134 = PLANE ( 'NONE',  #1931 ) ;
#135 = DIRECTION ( 'NONE',  ( -1.000000000000000000, 0.000000000000000000, 0.000000000000000000 ) ) ;
#136 = CARTESIAN_POINT ( 'NONE',  ( 0.8800000000000000044, 0.000000000000000000, 0.3719999999999999418 ) ) ;
#137 = FILL_AREA_STYLE_COLOUR ( '', #548 ) ;
#138 = DIRECTION ( 'NONE',  ( 0.000000000000000000, -1.000000000000000000, 0.000000000000000000 ) ) ;
#139 = DIRECTION ( 'NONE',  ( 0.000000000000000000, 0.000000000000000000, -1.000000000000000000 ) ) ;
#140 = ORIENTED_EDGE ( 'NONE', *, *, #2412, .T. ) ;
#141 = CARTESIAN_POINT ( 'NONE',  ( -0.1300000000000000044, 0.000000000000000000, 0.7920000000000000373 ) ) ;
#142 = DIRECTION ( 'NONE',  ( -2.581433744013109998E-16, 0.000000000000000000, 1.000000000000000000 ) ) ;
#143 = VERTEX_POINT ( 'NONE', #1894 ) ;
#144 = EDGE_CURVE ( 'NONE', #10, #1621, #567, .T. ) ;
#145 = SURFACE_STYLE_USAGE ( .BOTH. , #1454 ) ;
#146 = VERTEX_POINT ( 'NONE', #337 ) ;
#147 = VECTOR ( 'NONE', #2692, 1000.000000000000000 ) ;
#148 = EDGE_LOOP ( 'NONE', ( #1076, #532, #1230, #939, #2282, #2481, #1912, #2872, #2560, #1313, #179, #2328, #482, #886, #829, #1143 ) ) ;
#149 = CARTESIAN_POINT ( 'NONE',  ( -1.024999999999999911, 0.6999999999999999556, -1.024999999999999911 ) ) ;
#150 = EDGE_CURVE ( 'NONE', #601, #2098, #578, .T. ) ;
#151 = AXIS2_PLACEMENT_3D ( 'NONE', #1488, #2383, #2571 ) ;
#152 = FACE_OUTER_BOUND ( 'NONE', #1594, .T. ) ;
#153 = EDGE_CURVE ( 'NONE', #2399, #2856, #988, .T. ) ;
#154 = AXIS2_PLACEMENT_3D ( 'NONE', #2651, #1752, #2855 ) ;
#155 = VECTOR ( 'NONE', #1495, 1000.000000000000000 ) ;
#156 = EDGE_CURVE ( 'NONE', #1813, #989, #1930, .T. ) ;
#157 = CARTESIAN_POINT ( 'NONE',  ( 0.6700000000000002620, 0.2099999999999999922, 0.3719999999999999418 ) ) ;
#158 = DIRECTION ( 'NONE',  ( -1.000000000000000000, -0.000000000000000000, -0.000000000000000000 ) ) ;
#159 = ORIENTED_EDGE ( 'NONE', *, *, #1842, .F. ) ;
#160 = VECTOR ( 'NONE', #9, 1000.000000000000000 ) ;
#161 = DIRECTION ( 'NONE',  ( 0.000000000000000000, -1.000000000000000000, 0.000000000000000000 ) ) ;
#162 =( GEOMETRIC_REPRESENTATION_CONTEXT ( 3 ) GLOBAL_UNCERTAINTY_ASSIGNED_CONTEXT ( ( #2163 ) ) GLOBAL_UNIT_ASSIGNED_CONTEXT ( ( #1489, #456, #2247 ) ) REPRESENTATION_CONTEXT ( 'NONE', 'WORKASPACE' ) );
#163 = CARTESIAN_POINT ( 'NONE',  ( -0.7949999999999999289, 0.2099999999999999922, -0.5820000000000000728 ) ) ;
#164 = FILL_AREA_STYLE_COLOUR ( '', #1639 ) ;
#165 = ORIENTED_EDGE ( 'NONE', *, *, #1554, .T. ) ;
#166 = CARTESIAN_POINT ( 'NONE',  ( 0.6500000000000001332, 0.2099999999999999922, -0.5119999999999998996 ) ) ;
#167 = VERTEX_POINT ( 'NONE', #606 ) ;
#168 = VERTEX_POINT ( 'NONE', #2401 ) ;
#169 = LINE ( 'NONE', #2354, #1928 ) ;
#170 = FACE_OUTER_BOUND ( 'NONE', #1219, .T. ) ;
#171 = DIRECTION ( 'NONE',  ( -0.000000000000000000, 1.000000000000000000, 0.000000000000000000 ) ) ;
#172 = CARTESIAN_POINT ( 'NONE',  ( 0.000000000000000000, 0.000000000000000000, 0.5820000000000000728 ) ) ;
#173 = ORIENTED_EDGE ( 'NONE', *, *, #1106, .T. ) ;
#174 = PLANE ( 'NONE',  #2105 ) ;
#175 =( NAMED_UNIT ( * ) SI_UNIT ( $, .STERADIAN. ) SOLID_ANGLE_UNIT ( ) );
#176 = DIRECTION ( 'NONE',  ( 0.000000000000000000, 0.000000000000000000, -1.000000000000000000 ) ) ;
#177 = ORIENTED_EDGE ( 'NONE', *, *, #1225, .F. ) ;
#178 = PLANE ( 'NONE',  #250 ) ;
#179 = ORIENTED_EDGE ( 'NONE', *, *, #1807, .F. ) ;
#180 = ORIENTED_EDGE ( 'NONE', *, *, #1012, .F. ) ;
#181 = CARTESIAN_POINT ( 'NONE',  ( -0.1500000000000000777, -0.000000000000000000, 0.7920000000000000373 ) ) ;
#182 = FACE_BOUND ( 'NONE', #2611, .T. ) ;
#183 = FACE_OUTER_BOUND ( 'NONE', #365, .T. ) ;
#184 = DIRECTION ( 'NONE',  ( 0.000000000000000000, 0.000000000000000000, -1.000000000000000000 ) ) ;
#185 = ORIENTED_EDGE ( 'NONE', *, *, #368, .T. ) ;
#186 = EDGE_CURVE ( 'NONE', #505, #2639, #401, .T. ) ;
#187 = SURFACE_STYLE_USAGE ( .BOTH. , #1950 ) ;
#188 = ADVANCED_FACE ( 'NONE', ( #1948 ), #174, .F. ) ;
#189 = EDGE_CURVE ( 'NONE', #1285, #750, #1169, .T. ) ;
#190 = VERTEX_POINT ( 'NONE', #1036 ) ;
#191 = LINE ( 'NONE', #1318, #395 ) ;
#192 = VERTEX_POINT ( 'NONE', #2839 ) ;
#193 = VERTEX_POINT ( 'NONE', #1732 ) ;
#194 = LINE ( 'NONE', #672, #342 ) ;
#195 = AXIS2_PLACEMENT_3D ( 'NONE', #755, #2095, #2067 ) ;
#196 = VECTOR ( 'NONE', #2535, 1000.000000000000000 ) ;
#197 = LINE ( 'NONE', #1091, #1924 ) ;
#198 = LINE ( 'NONE', #881, #1327 ) ;
#199 = EDGE_LOOP ( 'NONE', ( #375, #320, #1821, #329 ) ) ;
#200 = COLOUR_RGB ( '',0.1098039215686274495, 0.1098039215686274495, 0.1098039215686274495 ) ;
#201 = VECTOR ( 'NONE', #579, 1000.000000000000000 ) ;
#202 = CARTESIAN_POINT ( 'NONE',  ( 0.7799999999999999156, 0.2099999999999999922, 0.7719999999999999085 ) ) ;
#203 = CIRCLE ( 'NONE', #586, 0.01999999999999999695 ) ;
#204 = CARTESIAN_POINT ( 'NONE',  ( -0.1300000000000002265, 0.2099999999999999922, -0.7719999999999997975 ) ) ;
#205 = EDGE_LOOP ( 'NONE', ( #1100, #786, #1034, #704 ) ) ;
#206 = VECTOR ( 'NONE', #2484, 1000.000000000000000 ) ;
#207 = EDGE_CURVE ( 'NONE', #835, #900, #1358, .T. ) ;
#208 = VERTEX_POINT ( 'NONE', #1779 ) ;
#209 = ADVANCED_FACE ( 'NONE', ( #2697 ), #2445, .F. ) ;
#210 = CARTESIAN_POINT ( 'NONE',  ( -0.5000000000000002220, 0.2200000000000000011, -0.9899999999999997691 ) ) ;
#211 = VERTEX_POINT ( 'NONE', #2754 ) ;
#212 = EDGE_CURVE ( 'NONE', #991, #1384, #746, .T. ) ;
#213 = LINE ( 'NONE', #1989, #493 ) ;
#214 = LINE ( 'NONE', #1105, #1937 ) ;
#215 = CARTESIAN_POINT ( 'NONE',  ( 0.7799999999999999156, -0.05000000000000000278, 0.7920000000000000373 ) ) ;
#216 = FACE_OUTER_BOUND ( 'NONE', #2726, .T. ) ;
#217 = ORIENTED_EDGE ( 'NONE', *, *, #1978, .T. ) ;
#218 = DIRECTION ( 'NONE',  ( -1.000000000000000000, 0.000000000000000000, 0.000000000000000000 ) ) ;
#219 = DIRECTION ( 'NONE',  ( 0.000000000000000000, 1.000000000000000000, -0.000000000000000000 ) ) ;
#220 = LINE ( 'NONE', #1934, #1408 ) ;
#221 = ORIENTED_EDGE ( 'NONE', *, *, #2497, .T. ) ;
#222 = CARTESIAN_POINT ( 'NONE',  ( 1.024999999999999911, 0.6999999999999999556, -1.024999999999999911 ) ) ;
#223 = VERTEX_POINT ( 'NONE', #1410 ) ;
#224 = ORIENTED_EDGE ( 'NONE', *, *, #719, .F. ) ;
#225 = DIRECTION ( 'NONE',  ( 1.000000000000000000, 0.000000000000000000, -2.710505431213761479E-15 ) ) ;
#226 = DIRECTION ( 'NONE',  ( 0.000000000000000000, 1.000000000000000000, 0.000000000000000000 ) ) ;
#227 = EDGE_CURVE ( 'NONE', #223, #48, #2306, .T. ) ;
#228 = DIRECTION ( 'NONE',  ( -2.168404344971009262E-15, 0.000000000000000000, -1.000000000000000000 ) ) ;
#229 = CARTESIAN_POINT ( 'NONE',  ( 0.8800000000000002265, -0.05000000000000000278, 0.3519999999999999241 ) ) ;
#230 = VERTEX_POINT ( 'NONE', #1644 ) ;
#231 = VECTOR ( 'NONE', #2637, 1000.000000000000000 ) ;
#232 = PLANE ( 'NONE',  #436 ) ;
#233 = DIRECTION ( 'NONE',  ( 0.000000000000000000, -1.000000000000000000, 0.000000000000000000 ) ) ;
#234 = DIRECTION ( 'NONE',  ( 5.421010862427523156E-16, 0.000000000000000000, 1.000000000000000000 ) ) ;
#235 = ORIENTED_EDGE ( 'NONE', *, *, #507, .F. ) ;
#236 = FACE_OUTER_BOUND ( 'NONE', #2071, .T. ) ;
#237 = VERTEX_POINT ( 'NONE', #1426 ) ;
#238 = ORIENTED_EDGE ( 'NONE', *, *, #2155, .F. ) ;
#239 = DIRECTION ( 'NONE',  ( 0.000000000000000000, -1.000000000000000000, 0.000000000000000000 ) ) ;
#240 = DIRECTION ( 'NONE',  ( 1.000000000000000000, 0.000000000000000000, 0.000000000000000000 ) ) ;
#241 = ADVANCED_FACE ( 'NONE', ( #2769 ), #2109, .T. ) ;
#242 = CARTESIAN_POINT ( 'NONE',  ( -1.024999999999999911, 0.1481926499693902721, 1.024999999999999911 ) ) ;
#243 = AXIS2_PLACEMENT_3D ( 'NONE', #2534, #86, #1564 ) ;
#244 = DIRECTION ( 'NONE',  ( 0.000000000000000000, -1.000000000000000000, 0.000000000000000000 ) ) ;
#245 = ADVANCED_FACE ( 'NONE', ( #2712 ), #1205, .T. ) ;
#246 = ORIENTED_EDGE ( 'NONE', *, *, #860, .F. ) ;
#247 = EDGE_CURVE ( 'NONE', #193, #146, #2309, .T. ) ;
#248 = DIRECTION ( 'NONE',  ( -1.000000000000000000, -0.000000000000000000, -0.000000000000000000 ) ) ;
#249 = CARTESIAN_POINT ( 'NONE',  ( 0.000000000000000000, -0.000000000000000000, 0.9899999999999997691 ) ) ;
#250 = AXIS2_PLACEMENT_3D ( 'NONE', #540, #1856, #315 ) ;
#251 = AXIS2_PLACEMENT_3D ( 'NONE', #1261, #2832, #783 ) ;
#252 = MECHANICAL_DESIGN_GEOMETRIC_PRESENTATION_REPRESENTATION (  '', ( #1274 ), #1515 ) ;
#253 = AXIS2_PLACEMENT_3D ( 'NONE', #1359, #1332, #1311 ) ;
#254 = ORIENTED_EDGE ( 'NONE', *, *, #1920, .T. ) ;
#255 = DIRECTION ( 'NONE',  ( -0.000000000000000000, 0.000000000000000000, 1.000000000000000000 ) ) ;
#256 = ORIENTED_EDGE ( 'NONE', *, *, #1901, .T. ) ;
#257 = VECTOR ( 'NONE', #2143, 1000.000000000000000 ) ;
#258 = EDGE_LOOP ( 'NONE', ( #2240, #2800, #2633, #437 ) ) ;
#259 = VECTOR ( 'NONE', #349, 1000.000000000000000 ) ;
#260 = LINE ( 'NONE', #25, #1004 ) ;
#261 = LINE ( 'NONE', #2734, #2690 ) ;
#262 = CARTESIAN_POINT ( 'NONE',  ( -0.5000000000000000000, 0.2099999999999999922, 0.9919999999999999929 ) ) ;
#263 = CYLINDRICAL_SURFACE ( 'NONE', #393, 0.02000000000000005246 ) ;
#264 = CARTESIAN_POINT ( 'NONE',  ( 1.024999999999999911, 0.1481926499693902721, 0.1031376208511891462 ) ) ;
#265 = CARTESIAN_POINT ( 'NONE',  ( 0.7999999999999994893, 0.2200000000000000011, -0.9899999999999997691 ) ) ;
#266 = CARTESIAN_POINT ( 'NONE',  ( 1.024999999999999911, 0.6999999999999999556, 0.1031376208511891462 ) ) ;
#267 = FACE_OUTER_BOUND ( 'NONE', #100, .T. ) ;
#268 = VERTEX_POINT ( 'NONE', #1161 ) ;
#269 = FACE_OUTER_BOUND ( 'NONE', #541, .T. ) ;
#270 = ORIENTED_EDGE ( 'NONE', *, *, #1369, .F. ) ;
#271 = VERTEX_POINT ( 'NONE', #1651 ) ;
#272 = CARTESIAN_POINT ( 'NONE',  ( 0.1299999999999998934, 0.000000000000000000, 0.7720000000000000195 ) ) ;
#273 = CARTESIAN_POINT ( 'NONE',  ( -0.7591301318541354703, 0.6999999999999999556, 0.7521244455315212463 ) ) ;
#274 = VERTEX_POINT ( 'NONE', #2782 ) ;
#275 = CARTESIAN_POINT ( 'NONE',  ( 0.6700000000000002620, 0.2099999999999999922, 0.3519999999999998685 ) ) ;
#276 = PLANE ( 'NONE',  #825 ) ;
#277 = CARTESIAN_POINT ( 'NONE',  ( -0.7800000000000000266, 0.2099999999999999922, 0.7920000000000000373 ) ) ;
#278 = ORIENTED_EDGE ( 'NONE', *, *, #629, .T. ) ;
#279 = MECHANICAL_DESIGN_GEOMETRIC_PRESENTATION_REPRESENTATION (  '', ( #1300 ), #758 ) ;
#280 = LINE ( 'NONE', #1660, #2861 ) ;
#281 = CARTESIAN_POINT ( 'NONE',  ( 0.6700000000000002620, 0.000000000000000000, 0.3519999999999998685 ) ) ;
#282 = EDGE_CURVE ( 'NONE', #932, #2888, #340, .T. ) ;
#283 = VECTOR ( 'NONE', #2825, 1000.000000000000000 ) ;
#284 = ORIENTED_EDGE ( 'NONE', *, *, #562, .T. ) ;
#285 = EDGE_CURVE ( 'NONE', #1769, #2809, #1480, .T. ) ;
#286 = EDGE_CURVE ( 'NONE', #10, #2699, #506, .T. ) ;
#287 = ORIENTED_EDGE ( 'NONE', *, *, #792, .T. ) ;
#288 = CARTESIAN_POINT ( 'NONE',  ( -0.5200000000000002398, 0.000000000000000000, -0.7719999999999994644 ) ) ;
#289 = DIRECTION ( 'NONE',  ( 0.000000000000000000, 0.000000000000000000, 1.000000000000000000 ) ) ;
#290 = CARTESIAN_POINT ( 'NONE',  ( 1.024999999999999911, 0.6999999999999999556, -0.1031376208511891462 ) ) ;
#291 = CLOSED_SHELL ( 'NONE', ( #742, #2367, #1683, #1501, #2834, #123, #2681, #2334, #2193, #2272, #41, #245, #2738, #983, #1961, #304, #2626, #124, #188, #2133, #82, #709, #2876, #472, #2784, #2507, #596, #771, #431, #332, #2893, #1809, #656, #241, #1944, #774, #1064, #1136, #2004, #1557, #1315, #595, #2135, #789, #594, #1314, #2139, #1167, #1156, #2277, #2291, #935, #1721, #1411, #2752, #683, #2229, #830, #2467, #359, #1101, #308, #72, #76, #2875, #2185, #1922, #90, #419, #1027, #1537, #2233, #2572, #1774, #2110, #686, #73, #1259, #806, #209, #2195, #1196, #1444, #523, #1119, #2595 ) ) ;
#292 = FILL_AREA_STYLE_COLOUR ( '', #2160 ) ;
#293 = VERTEX_POINT ( 'NONE', #1151 ) ;
#294 = EDGE_CURVE ( 'NONE', #1285, #2785, #2052, .T. ) ;
#295 = DIRECTION ( 'NONE',  ( 0.000000000000000000, 0.000000000000000000, -1.000000000000000000 ) ) ;
#296 = DIRECTION ( 'NONE',  ( 0.000000000000000000, -1.000000000000000000, 0.000000000000000000 ) ) ;
#297 = CARTESIAN_POINT ( 'NONE',  ( 0.4999999999999998890, 0.2099999999999999922, 0.7920000000000000373 ) ) ;
#298 = AXIS2_PLACEMENT_3D ( 'NONE', #1307, #1970, #2863 ) ;
#299 = AXIS2_PLACEMENT_3D ( 'NONE', #2815, #2393, #1277 ) ;
#300 =( NAMED_UNIT ( * ) PLANE_ANGLE_UNIT ( ) SI_UNIT ( $, .RADIAN. ) );
#301 = ORIENTED_EDGE ( 'NONE', *, *, #2711, .T. ) ;
#302 = AXIS2_PLACEMENT_3D ( 'NONE', #85, #1826, #2716 ) ;
#303 = CIRCLE ( 'NONE', #1569, 0.02000000000000005246 ) ;
#304 = ADVANCED_FACE ( 'NONE', ( #1394 ), #2289, .T. ) ;
#305 = EDGE_LOOP ( 'NONE', ( #1141, #2580, #1959, #1625 ) ) ;
#306 = DIRECTION ( 'NONE',  ( 0.000000000000000000, -1.000000000000000000, 0.000000000000000000 ) ) ;
#307 = CARTESIAN_POINT ( 'NONE',  ( -0.8000000000000002665, -0.05000000000000000278, -0.9919999999999996598 ) ) ;
#308 = ADVANCED_FACE ( 'NONE', ( #57 ), #1234, .T. ) ;
#309 = VECTOR ( 'NONE', #2629, 1000.000000000000000 ) ;
#310 = DIRECTION ( 'NONE',  ( 0.000000000000000000, -1.000000000000000000, 0.000000000000000000 ) ) ;
#311 = CARTESIAN_POINT ( 'NONE',  ( 0.8800000000000005596, 0.2099999999999999922, -0.5120000000000001217 ) ) ;
#312 = CARTESIAN_POINT ( 'NONE',  ( -0.8000000000000002665, 0.000000000000000000, -0.9899999999999997691 ) ) ;
#313 = DIRECTION ( 'NONE',  ( 0.000000000000000000, -0.000000000000000000, -1.000000000000000000 ) ) ;
#314 = CARTESIAN_POINT ( 'NONE',  ( 0.5000000000000016653, -0.000000000000000000, -1.084202172485508181E-15 ) ) ;
#315 = DIRECTION ( 'NONE',  ( 1.000000000000000000, 0.000000000000000000, -0.000000000000000000 ) ) ;
#316 = ORIENTED_EDGE ( 'NONE', *, *, #104, .T. ) ;
#317 = ORIENTED_EDGE ( 'NONE', *, *, #984, .T. ) ;
#318 = ORIENTED_EDGE ( 'NONE', *, *, #2331, .T. ) ;
#319 = CARTESIAN_POINT ( 'NONE',  ( -0.1499999999999999667, 0.2200000000000000011, 0.9899999999999997691 ) ) ;
#320 = ORIENTED_EDGE ( 'NONE', *, *, #719, .T. ) ;
#321 = PLANE ( 'NONE',  #2208 ) ;
#322 = CARTESIAN_POINT ( 'NONE',  ( 0.8800000000000002265, 0.2099999999999999922, 0.3519999999999999241 ) ) ;
#323 = LINE ( 'NONE', #1423, #2075 ) ;
#324 = CARTESIAN_POINT ( 'NONE',  ( 1.026000000000000023, 0.09832391021716703483, 0.1031376208511891462 ) ) ;
#325 = ORIENTED_EDGE ( 'NONE', *, *, #986, .T. ) ;
#326 = ORIENTED_EDGE ( 'NONE', *, *, #2857, .F. ) ;
#327 = ORIENTED_EDGE ( 'NONE', *, *, #1691, .F. ) ;
#328 = DIRECTION ( 'NONE',  ( 0.000000000000000000, -1.000000000000000000, 0.000000000000000000 ) ) ;
#329 = ORIENTED_EDGE ( 'NONE', *, *, #2678, .F. ) ;
#330 = DIRECTION ( 'NONE',  ( 5.421010862427523156E-16, -0.000000000000000000, 1.000000000000000000 ) ) ;
#331 = DIRECTION ( 'NONE',  ( 0.000000000000000000, 0.000000000000000000, -1.000000000000000000 ) ) ;
#332 = ADVANCED_FACE ( 'NONE', ( #2550 ), #97, .T. ) ;
#333 = LINE ( 'NONE', #1222, #2725 ) ;
#334 = EDGE_CURVE ( 'NONE', #2699, #2243, #1530, .T. ) ;
#335 = CARTESIAN_POINT ( 'NONE',  ( -1.024999999999999911, 0.2200000000000000011, 0.9899999999999997691 ) ) ;
#336 = EDGE_CURVE ( 'NONE', #1442, #83, #54, .T. ) ;
#337 = CARTESIAN_POINT ( 'NONE',  ( 0.1500000000000000777, 0.000000000000000000, -0.7919999999999998153 ) ) ;
#338 = VERTEX_POINT ( 'NONE', #1827 ) ;
#339 = AXIS2_PLACEMENT_3D ( 'NONE', #277, #1171, #2066 ) ;
#340 = LINE ( 'NONE', #2794, #1605 ) ;
#341 = CARTESIAN_POINT ( 'NONE',  ( 0.8000000000000021538, 0.000000000000000000, -2.168404344971015179E-15 ) ) ;
#342 = VECTOR ( 'NONE', #2001, 1000.000000000000000 ) ;
#343 = ORIENTED_EDGE ( 'NONE', *, *, #2378, .F. ) ;
#344 = DIRECTION ( 'NONE',  ( 0.000000000000000000, 0.000000000000000000, -1.000000000000000000 ) ) ;
#345 = VERTEX_POINT ( 'NONE', #2718 ) ;
#346 = VECTOR ( 'NONE', #2569, 1000.000000000000114 ) ;
#347 = VECTOR ( 'NONE', #219, 1000.000000000000000 ) ;
#348 = DIRECTION ( 'NONE',  ( 0.000000000000000000, 0.000000000000000000, -1.000000000000000000 ) ) ;
#349 = DIRECTION ( 'NONE',  ( 0.000000000000000000, -1.000000000000000000, 0.000000000000000000 ) ) ;
#350 = CIRCLE ( 'NONE', #1046, 0.02000000000000005246 ) ;
#351 = FACE_OUTER_BOUND ( 'NONE', #2348, .T. ) ;
#352 = DIRECTION ( 'NONE',  ( 0.000000000000000000, -1.000000000000000000, 0.000000000000000000 ) ) ;
#353 = UNCERTAINTY_MEASURE_WITH_UNIT (LENGTH_MEASURE( 1.000000000000000082E-05 ), #2879, 'distance_accuracy_value', 'NONE');
#354 = LINE ( 'NONE', #2032, #2503 ) ;
#355 = EDGE_CURVE ( 'NONE', #1432, #2456, #1612, .T. ) ;
#356 = ORIENTED_EDGE ( 'NONE', *, *, #428, .F. ) ;
#357 = PLANE ( 'NONE',  #2818 ) ;
#358 = VERTEX_POINT ( 'NONE', #2747 ) ;
#359 = ADVANCED_FACE ( 'NONE', ( #753 ), #1638, .T. ) ;
#360 = DIRECTION ( 'NONE',  ( 2.168404344971009262E-15, 0.000000000000000000, 1.000000000000000000 ) ) ;
#361 = PLANE ( 'NONE',  #2169 ) ;
#362 = ORIENTED_EDGE ( 'NONE', *, *, #207, .T. ) ;
#363 = CARTESIAN_POINT ( 'NONE',  ( 0.8800000000000005596, -0.05000000000000000278, -0.5120000000000001217 ) ) ;
#364 = DIRECTION ( 'NONE',  ( 0.000000000000000000, 0.000000000000000000, 1.000000000000000000 ) ) ;
#365 = EDGE_LOOP ( 'NONE', ( #620, #749, #1929, #416 ) ) ;
#366 = ORIENTED_EDGE ( 'NONE', *, *, #2510, .F. ) ;
#367 = DIRECTION ( 'NONE',  ( -1.000000000000000000, 0.000000000000000000, -2.581433744013109998E-16 ) ) ;
#368 = EDGE_CURVE ( 'NONE', #2436, #2045, #2151, .T. ) ;
#369 = ORIENTED_EDGE ( 'NONE', *, *, #2838, .F. ) ;
#370 = EDGE_CURVE ( 'NONE', #2639, #1486, #1546, .T. ) ;
#371 = DIRECTION ( 'NONE',  ( -1.000000000000000000, 0.000000000000000000, 0.000000000000000000 ) ) ;
#372 = ORIENTED_EDGE ( 'NONE', *, *, #1628, .T. ) ;
#373 = DIRECTION ( 'NONE',  ( -1.000000000000000000, -0.000000000000000000, -0.000000000000000000 ) ) ;
#374 = EDGE_CURVE ( 'NONE', #2392, #2660, #108, .T. ) ;
#375 = ORIENTED_EDGE ( 'NONE', *, *, #1280, .F. ) ;
#376 = DIRECTION ( 'NONE',  ( -0.000000000000000000, -1.000000000000000000, -0.000000000000000000 ) ) ;
#377 = DIRECTION ( 'NONE',  ( -0.000000000000000000, 0.000000000000000000, 1.000000000000000000 ) ) ;
#378 = CARTESIAN_POINT ( 'NONE',  ( -0.7800000000000000266, 0.2099999999999999922, 0.7720000000000000195 ) ) ;
#379 = ORIENTED_EDGE ( 'NONE', *, *, #2074, .T. ) ;
#380 = DIRECTION ( 'NONE',  ( 0.000000000000000000, 0.000000000000000000, 1.000000000000000000 ) ) ;
#381 = UNCERTAINTY_MEASURE_WITH_UNIT (LENGTH_MEASURE( 1.000000000000000082E-05 ), #2555, 'distance_accuracy_value', 'NONE');
#382 = PRESENTATION_STYLE_ASSIGNMENT (( #2649 ) ) ;
#383 = DIRECTION ( 'NONE',  ( 1.000000000000000000, 0.000000000000000000, 0.000000000000000000 ) ) ;
#384 =( NAMED_UNIT ( * ) SI_UNIT ( $, .STERADIAN. ) SOLID_ANGLE_UNIT ( ) );
#385 = ORIENTED_EDGE ( 'NONE', *, *, #2540, .F. ) ;
#386 = AXIS2_PLACEMENT_3D ( 'NONE', #1966, #2524, #2858 ) ;
#387 = CARTESIAN_POINT ( 'NONE',  ( 0.5199999999999999067, -0.05000000000000000278, -0.7920000000000000373 ) ) ;
#388 = VERTEX_POINT ( 'NONE', #447 ) ;
#389 = VECTOR ( 'NONE', #1890, 1000.000000000000000 ) ;
#390 = EDGE_LOOP ( 'NONE', ( #1739, #1206, #2381, #922, #408, #1635 ) ) ;
#391 = LINE ( 'NONE', #149, #1796 ) ;
#392 = AXIS2_PLACEMENT_3D ( 'NONE', #1673, #2773, #2521 ) ;
#393 = AXIS2_PLACEMENT_3D ( 'NONE', #275, #1166, #2064 ) ;
#394 = CARTESIAN_POINT ( 'NONE',  ( 0.8800000000000004485, 0.2099999999999999922, -0.5320000000000000284 ) ) ;
#395 = VECTOR ( 'NONE', #1125, 1000.000000000000000 ) ;
#396 = AXIS2_PLACEMENT_3D ( 'NONE', #552, #2121, #1643 ) ;
#397 = FACE_OUTER_BOUND ( 'NONE', #451, .T. ) ;
#398 = LINE ( 'NONE', #1075, #257 ) ;
#399 = EDGE_LOOP ( 'NONE', ( #1731, #990, #1208, #2199, #610, #1252, #773, #535, #58, #2583, #1680, #221, #759, #2308, #612, #165 ) ) ;
#400 = AXIS2_PLACEMENT_3D ( 'NONE', #56, #1168, #2737 ) ;
#401 = LINE ( 'NONE', #1494, #1736 ) ;
#402 = AXIS2_PLACEMENT_3D ( 'NONE', #2048, #71, #969 ) ;
#403 = CARTESIAN_POINT ( 'NONE',  ( 0.6500000000000001332, -0.05000000000000000278, 0.3519999999999997020 ) ) ;
#404 = FILL_AREA_STYLE ('',( #164 ) ) ;
#405 = VERTEX_POINT ( 'NONE', #1310 ) ;
#406 = DIRECTION ( 'NONE',  ( 0.000000000000000000, -1.000000000000000000, 0.000000000000000000 ) ) ;
#407 = ORIENTED_EDGE ( 'NONE', *, *, #1334, .F. ) ;
#408 = ORIENTED_EDGE ( 'NONE', *, *, #355, .F. ) ;
#409 = DIRECTION ( 'NONE',  ( 0.000000000000000000, -0.000000000000000000, -1.000000000000000000 ) ) ;
#410 = EDGE_CURVE ( 'NONE', #2639, #338, #1601, .T. ) ;
#411 = DIRECTION ( 'NONE',  ( 0.000000000000000000, -1.000000000000000000, 0.000000000000000000 ) ) ;
#412 = LINE ( 'NONE', #1239, #2778 ) ;
#413 = ORIENTED_EDGE ( 'NONE', *, *, #931, .F. ) ;
#414 = EDGE_CURVE ( 'NONE', #2028, #1145, #2883, .T. ) ;
#415 = FACE_OUTER_BOUND ( 'NONE', #1255, .T. ) ;
#416 = ORIENTED_EDGE ( 'NONE', *, *, #897, .F. ) ;
#417 = CARTESIAN_POINT ( 'NONE',  ( -0.5000000000000000000, 0.2099999999999999922, 0.9899999999999997691 ) ) ;
#418 = ORIENTED_EDGE ( 'NONE', *, *, #954, .T. ) ;
#419 = ADVANCED_FACE ( 'NONE', ( #2022 ), #429, .T. ) ;
#420 = VERTEX_POINT ( 'NONE', #1122 ) ;
#421 = DIRECTION ( 'NONE',  ( -1.000000000000000000, -0.000000000000000000, -0.000000000000000000 ) ) ;
#422 = LINE ( 'NONE', #2655, #2457 ) ;
#423 = VECTOR ( 'NONE', #2347, 1000.000000000000000 ) ;
#424 = CARTESIAN_POINT ( 'NONE',  ( 0.7799999999999999156, 0.2099999999999999922, 0.7920000000000000373 ) ) ;
#425 = DIRECTION ( 'NONE',  ( 0.000000000000000000, 0.000000000000000000, -1.000000000000000000 ) ) ;
#426 = ORIENTED_EDGE ( 'NONE', *, *, #2107, .F. ) ;
#427 = EDGE_CURVE ( 'NONE', #2073, #1780, #2206, .T. ) ;
#428 = EDGE_CURVE ( 'NONE', #2325, #19, #872, .T. ) ;
#429 = PLANE ( 'NONE',  #2156 ) ;
#430 = DIRECTION ( 'NONE',  ( 0.000000000000000000, 0.000000000000000000, -1.000000000000000000 ) ) ;
#431 = ADVANCED_FACE ( 'NONE', ( #2898 ), #232, .T. ) ;
#432 = ORIENTED_EDGE ( 'NONE', *, *, #525, .T. ) ;
#433 = EDGE_LOOP ( 'NONE', ( #2562, #287, #1529, #2077, #317, #2014, #870, #2710 ) ) ;
#434 = DIRECTION ( 'NONE',  ( 5.421010862427523156E-16, 0.000000000000000000, -1.000000000000000000 ) ) ;
#435 = EDGE_LOOP ( 'NONE', ( #1098, #2897, #2127, #856 ) ) ;
#436 = AXIS2_PLACEMENT_3D ( 'NONE', #1764, #1790, #2463 ) ;
#437 = ORIENTED_EDGE ( 'NONE', *, *, #2622, .F. ) ;
#438 = DIRECTION ( 'NONE',  ( 1.000000000000000000, 0.000000000000000000, 0.000000000000000000 ) ) ;
#439 =( NAMED_UNIT ( * ) PLANE_ANGLE_UNIT ( ) SI_UNIT ( $, .RADIAN. ) );
#440 = EDGE_CURVE ( 'NONE', #2325, #2436, #1137, .T. ) ;
#441 = AXIS2_PLACEMENT_3D ( 'NONE', #1201, #43, #1448 ) ;
#442 = VECTOR ( 'NONE', #239, 1000.000000000000000 ) ;
#443 = CARTESIAN_POINT ( 'NONE',  ( 1.024999999999999911, 0.6999999999999999556, 0.9899999999999997691 ) ) ;
#444 = LINE ( 'NONE', #1373, #1988 ) ;
#445 =( GEOMETRIC_REPRESENTATION_CONTEXT ( 3 ) GLOBAL_UNCERTAINTY_ASSIGNED_CONTEXT ( ( #2130 ) ) GLOBAL_UNIT_ASSIGNED_CONTEXT ( ( #1015, #111, #2799 ) ) REPRESENTATION_CONTEXT ( 'NONE', 'WORKASPACE' ) );
#446 = VECTOR ( 'NONE', #1066, 1000.000000000000000 ) ;
#447 = CARTESIAN_POINT ( 'NONE',  ( -1.026000000000000023, 0.09832391021716703483, -0.1031376208511891462 ) ) ;
#448 = COLOUR_RGB ( '',0.1098039215686274495, 0.1098039215686274495, 0.1098039215686274495 ) ;
#449 =( NAMED_UNIT ( * ) SI_UNIT ( $, .STERADIAN. ) SOLID_ANGLE_UNIT ( ) );
#450 = VECTOR ( 'NONE', #2219, 1000.000000000000000 ) ;
#451 = EDGE_LOOP ( 'NONE', ( #2601, #2578, #94, #2370 ) ) ;
#452 = FILL_AREA_STYLE ('',( #2434 ) ) ;
#453 = ORIENTED_EDGE ( 'NONE', *, *, #2364, .F. ) ;
#454 = EDGE_LOOP ( 'NONE', ( #1563, #1040, #2145, #2433 ) ) ;
#455 = LINE ( 'NONE', #878, #2119 ) ;
#456 =( NAMED_UNIT ( * ) PLANE_ANGLE_UNIT ( ) SI_UNIT ( $, .RADIAN. ) );
#457 = CARTESIAN_POINT ( 'NONE',  ( 0.7799999999999999156, 0.2099999999999999922, -0.7920000000000000373 ) ) ;
#458 = CARTESIAN_POINT ( 'NONE',  ( 0.4999999999999994449, 0.2099999999999999922, -0.9919999999999999929 ) ) ;
#459 = EDGE_LOOP ( 'NONE', ( #1824, #2007, #2756, #1880 ) ) ;
#460 = EDGE_CURVE ( 'NONE', #1621, #1172, #2706, .T. ) ;
#461 = CYLINDRICAL_SURFACE ( 'NONE', #770, 0.02000000000000016001 ) ;
#462 = DIRECTION ( 'NONE',  ( 1.000000000000000000, 0.000000000000000000, 0.000000000000000000 ) ) ;
#463 = CARTESIAN_POINT ( 'NONE',  ( -0.8000000000000001554, 0.2099999999999999922, -0.7919999999999995932 ) ) ;
#464 = VERTEX_POINT ( 'NONE', #1994 ) ;
#465 = DIRECTION ( 'NONE',  ( 0.000000000000000000, -1.000000000000000000, 0.000000000000000000 ) ) ;
#466 = ORIENTED_EDGE ( 'NONE', *, *, #1861, .F. ) ;
#467 = EDGE_CURVE ( 'NONE', #1431, #2519, #2040, .T. ) ;
#468 = EDGE_CURVE ( 'NONE', #1432, #2796, #2222, .T. ) ;
#469 = ORIENTED_EDGE ( 'NONE', *, *, #1336, .F. ) ;
#470 = LINE ( 'NONE', #1351, #1889 ) ;
#471 = LINE ( 'NONE', #1772, #908 ) ;
#472 = ADVANCED_FACE ( 'NONE', ( #476 ), #461, .T. ) ;
#473 = DIRECTION ( 'NONE',  ( 1.000000000000000000, 0.000000000000000000, -0.000000000000000000 ) ) ;
#474 = DIRECTION ( 'NONE',  ( -1.000000000000000000, -0.000000000000000000, -0.000000000000000000 ) ) ;
#475 = ORIENTED_EDGE ( 'NONE', *, *, #1899, .T. ) ;
#476 = FACE_OUTER_BOUND ( 'NONE', #2570, .T. ) ;
#477 = LINE ( 'NONE', #943, #495 ) ;
#478 = DIRECTION ( 'NONE',  ( 0.000000000000000000, 0.000000000000000000, 1.000000000000000000 ) ) ;
#479 = SURFACE_STYLE_FILL_AREA ( #2478 ) ;
#480 = ORIENTED_EDGE ( 'NONE', *, *, #1534, .T. ) ;
#481 = DIRECTION ( 'NONE',  ( 5.421010862427523156E-16, 0.000000000000000000, 1.000000000000000000 ) ) ;
#482 = ORIENTED_EDGE ( 'NONE', *, *, #186, .T. ) ;
#483 = ORIENTED_EDGE ( 'NONE', *, *, #1280, .T. ) ;
#484 = CARTESIAN_POINT ( 'NONE',  ( -0.8000000000000001554, -0.05000000000000000278, -0.7919999999999995932 ) ) ;
#485 = CARTESIAN_POINT ( 'NONE',  ( 0.1299999999999998934, -0.05000000000000000278, -0.7719999999999997975 ) ) ;
#486 = ORIENTED_EDGE ( 'NONE', *, *, #2080, .T. ) ;
#487 = CARTESIAN_POINT ( 'NONE',  ( -0.5200000000000000178, 0.2099999999999999922, 0.7920000000000000373 ) ) ;
#488 = DIRECTION ( 'NONE',  ( 0.000000000000000000, -1.000000000000000000, 0.000000000000000000 ) ) ;
#489 = ORIENTED_EDGE ( 'NONE', *, *, #1897, .F. ) ;
#490 = VECTOR ( 'NONE', #1021, 1000.000000000000000 ) ;
#491 = DIRECTION ( 'NONE',  ( -0.000000000000000000, -0.000000000000000000, -1.000000000000000000 ) ) ;
#492 = VECTOR ( 'NONE', #481, 1000.000000000000000 ) ;
#493 = VECTOR ( 'NONE', #968, 1000.000000000000000 ) ;
#494 = DIRECTION ( 'NONE',  ( -0.7071067811865475727, 0.000000000000000000, 0.7071067811865475727 ) ) ;
#495 = VECTOR ( 'NONE', #699, 1000.000000000000000 ) ;
#496 = ORIENTED_EDGE ( 'NONE', *, *, #608, .F. ) ;
#497 = PLANE ( 'NONE',  #2589 ) ;
#498 = ORIENTED_EDGE ( 'NONE', *, *, #2713, .T. ) ;
#499 = AXIS2_PLACEMENT_3D ( 'NONE', #131, #619, #2851 ) ;
#500 = ORIENTED_EDGE ( 'NONE', *, *, #1972, .T. ) ;
#501 = LINE ( 'NONE', #1871, #2866 ) ;
#502 = DIRECTION ( 'NONE',  ( 0.000000000000000000, -1.000000000000000000, 0.000000000000000000 ) ) ;
#503 = CARTESIAN_POINT ( 'NONE',  ( 0.8000000000000000444, -0.05000000000000000278, 0.7920000000000000373 ) ) ;
#504 = FACE_OUTER_BOUND ( 'NONE', #1566, .T. ) ;
#505 = VERTEX_POINT ( 'NONE', #698 ) ;
#506 = LINE ( 'NONE', #2721, #1559 ) ;
#507 = EDGE_CURVE ( 'NONE', #37, #1172, #1379, .T. ) ;
#508 = ORIENTED_EDGE ( 'NONE', *, *, #1755, .F. ) ;
#509 =( NAMED_UNIT ( * ) SI_UNIT ( $, .STERADIAN. ) SOLID_ANGLE_UNIT ( ) );
#510 = EDGE_CURVE ( 'NONE', #2339, #106, #2008, .T. ) ;
#511 = LINE ( 'NONE', #1409, #2211 ) ;
#512 = EDGE_CURVE ( 'NONE', #2243, #37, #1345, .T. ) ;
#513 = DIRECTION ( 'NONE',  ( 0.7071067811865474617, 0.000000000000000000, 0.7071067811865474617 ) ) ;
#514 = DIRECTION ( 'NONE',  ( 0.000000000000000000, 0.000000000000000000, 1.000000000000000000 ) ) ;
#515 = ORIENTED_EDGE ( 'NONE', *, *, #2751, .T. ) ;
#516 = ORIENTED_EDGE ( 'NONE', *, *, #1771, .F. ) ;
#517 = CARTESIAN_POINT ( 'NONE',  ( 0.8000000000000000444, 0.000000000000000000, -0.7920000000000000373 ) ) ;
#518 = CARTESIAN_POINT ( 'NONE',  ( 0.7799999999999999156, -0.05000000000000000278, -0.7920000000000000373 ) ) ;
#519 = CARTESIAN_POINT ( 'NONE',  ( 0.6500000000000001332, -0.05000000000000000278, -0.5119999999999998996 ) ) ;
#520 = CARTESIAN_POINT ( 'NONE',  ( 0.8000000000000000444, 0.2099999999999999922, 0.7920000000000000373 ) ) ;
#521 = ORIENTED_EDGE ( 'NONE', *, *, #2843, .F. ) ;
#522 = CARTESIAN_POINT ( 'NONE',  ( 0.000000000000000000, -0.000000000000000000, -0.7720000000000000195 ) ) ;
#523 = ADVANCED_FACE ( 'NONE', ( #2443 ), #1357, .F. ) ;
#524 = FACE_OUTER_BOUND ( 'NONE', #852, .T. ) ;
#525 = EDGE_CURVE ( 'NONE', #230, #143, #2679, .T. ) ;
#526 = EDGE_CURVE ( 'NONE', #2392, #2856, #2476, .T. ) ;
#527 = LINE ( 'NONE', #2757, #492 ) ;
#528 = ORIENTED_EDGE ( 'NONE', *, *, #2891, .F. ) ;
#529 = ORIENTED_EDGE ( 'NONE', *, *, #1498, .T. ) ;
#530 = CARTESIAN_POINT ( 'NONE',  ( 0.7999999999999994893, 0.2099999999999999922, -0.9919999999999999929 ) ) ;
#531 = PLANE ( 'NONE',  #392 ) ;
#532 = ORIENTED_EDGE ( 'NONE', *, *, #1017, .T. ) ;
#533 = CYLINDRICAL_SURFACE ( 'NONE', #1422, 0.02000000000000016001 ) ;
#534 = LINE ( 'NONE', #1874, #1138 ) ;
#535 = ORIENTED_EDGE ( 'NONE', *, *, #1197, .T. ) ;
#536 = AXIS2_PLACEMENT_3D ( 'NONE', #2138, #135, #87 ) ;
#537 = CARTESIAN_POINT ( 'NONE',  ( -0.7800000000000000266, 0.000000000000000000, 0.7720000000000000195 ) ) ;
#538 = LINE ( 'NONE', #522, #2590 ) ;
#539 = VECTOR ( 'NONE', #1770, 1000.000000000000000 ) ;
#540 = CARTESIAN_POINT ( 'NONE',  ( -1.024999999999999911, 0.6999999999999999556, -1.024999999999999911 ) ) ;
#541 = EDGE_LOOP ( 'NONE', ( #343, #2168, #2330, #1093 ) ) ;
#542 = ORIENTED_EDGE ( 'NONE', *, *, #460, .T. ) ;
#543 = VECTOR ( 'NONE', #406, 1000.000000000000000 ) ;
#544 = AXIS2_PLACEMENT_3D ( 'NONE', #952, #1840, #2732 ) ;
#545 = ORIENTED_EDGE ( 'NONE', *, *, #1240, .T. ) ;
#546 = VECTOR ( 'NONE', #2864, 1000.000000000000000 ) ;
#547 = DIRECTION ( 'NONE',  ( 0.000000000000000000, -1.000000000000000000, 0.000000000000000000 ) ) ;
#548 = COLOUR_RGB ( '',0.1098039215686274495, 0.1098039215686274495, 0.1098039215686274495 ) ;
#549 = CARTESIAN_POINT ( 'NONE',  ( -0.1500000000000000777, -0.000000000000000000, 0.000000000000000000 ) ) ;
#550 = CARTESIAN_POINT ( 'NONE',  ( -0.1300000000000002265, -0.05000000000000000278, -0.7719999999999997975 ) ) ;
#551 = CARTESIAN_POINT ( 'NONE',  ( 0.1499999999999995226, -0.05000000000000000278, -0.9919999999999999929 ) ) ;
#552 = CARTESIAN_POINT ( 'NONE',  ( 0.1299999999999998934, 0.2099999999999999922, -0.7919999999999998153 ) ) ;
#553 = CARTESIAN_POINT ( 'NONE',  ( -0.8000000000000000444, 0.2099999999999999922, 0.9919999999999999929 ) ) ;
#554 = VERTEX_POINT ( 'NONE', #1642 ) ;
#555 = VERTEX_POINT ( 'NONE', #551 ) ;
#556 = MANIFOLD_SOLID_BREP ( 'Cut-Extrude2', #291 ) ;
#557 = DIRECTION ( 'NONE',  ( 0.000000000000000000, -0.000000000000000000, 1.000000000000000000 ) ) ;
#558 = ORIENTED_EDGE ( 'NONE', *, *, #1864, .F. ) ;
#559 = EDGE_CURVE ( 'NONE', #1876, #268, #1831, .T. ) ;
#560 = EDGE_CURVE ( 'NONE', #2731, #223, #280, .T. ) ;
#561 = PLANE ( 'NONE',  #299 ) ;
#562 = EDGE_CURVE ( 'NONE', #146, #972, #2085, .T. ) ;
#563 = CARTESIAN_POINT ( 'NONE',  ( 1.026000000000000023, 0.09832391021716703483, -0.1031376208511891462 ) ) ;
#564 = ORIENTED_EDGE ( 'NONE', *, *, #1378, .F. ) ;
#565 = CARTESIAN_POINT ( 'NONE',  ( -1.024999999999999911, 0.6999999999999999556, 1.024999999999999911 ) ) ;
#566 = DIRECTION ( 'NONE',  ( 0.000000000000000000, -1.000000000000000000, 0.000000000000000000 ) ) ;
#567 = LINE ( 'NONE', #1450, #423 ) ;
#568 = ORIENTED_EDGE ( 'NONE', *, *, #1553, .F. ) ;
#569 = EDGE_LOOP ( 'NONE', ( #1751, #2642, #831, #2248, #1016, #2132 ) ) ;
#570 =( GEOMETRIC_REPRESENTATION_CONTEXT ( 3 ) GLOBAL_UNCERTAINTY_ASSIGNED_CONTEXT ( ( #1466 ) ) GLOBAL_UNIT_ASSIGNED_CONTEXT ( ( #2515, #930, #2770 ) ) REPRESENTATION_CONTEXT ( 'NONE', 'WORKASPACE' ) );
#571 = ORIENTED_EDGE ( 'NONE', *, *, #189, .F. ) ;
#572 = FILL_AREA_STYLE ('',( #845 ) ) ;
#573 = EDGE_LOOP ( 'NONE', ( #1134, #1237, #2285, #951, #2828, #2621 ) ) ;
#574 = PLANE ( 'NONE',  #251 ) ;
#575 = LINE ( 'NONE', #394, #1192 ) ;
#576 = DIRECTION ( 'NONE',  ( 0.000000000000000000, 0.000000000000000000, 1.000000000000000000 ) ) ;
#577 = DIRECTION ( 'NONE',  ( -0.000000000000000000, -1.000000000000000000, -0.000000000000000000 ) ) ;
#578 = LINE ( 'NONE', #1464, #283 ) ;
#579 = DIRECTION ( 'NONE',  ( 1.000000000000000000, 0.000000000000000000, 0.000000000000000000 ) ) ;
#580 = VECTOR ( 'NONE', #808, 1000.000000000000000 ) ;
#581 = VECTOR ( 'NONE', #2268, 1000.000000000000000 ) ;
#582 = ORIENTED_EDGE ( 'NONE', *, *, #688, .T. ) ;
#583 = ORIENTED_EDGE ( 'NONE', *, *, #984, .F. ) ;
#584 = AXIS2_PLACEMENT_3D ( 'NONE', #2480, #1361, #2044 ) ;
#585 = VECTOR ( 'NONE', #462, 1000.000000000000000 ) ;
#586 = AXIS2_PLACEMENT_3D ( 'NONE', #229, #2427, #1108 ) ;
#587 = LINE ( 'NONE', #2612, #2586 ) ;
#588 = LINE ( 'NONE', #2372, #1269 ) ;
#589 = ORIENTED_EDGE ( 'NONE', *, *, #963, .T. ) ;
#590 = VECTOR ( 'NONE', #1637, 1000.000000000000000 ) ;
#591 = FACE_OUTER_BOUND ( 'NONE', #2422, .T. ) ;
#592 = LINE ( 'NONE', #851, #1380 ) ;
#593 = VERTEX_POINT ( 'NONE', #2513 ) ;
#594 = ADVANCED_FACE ( 'NONE', ( #78 ), #960, .T. ) ;
#595 = ADVANCED_FACE ( 'NONE', ( #1407 ), #2336, .T. ) ;
#596 = ADVANCED_FACE ( 'NONE', ( #973 ), #1678, .F. ) ;
#597 = ORIENTED_EDGE ( 'NONE', *, *, #1067, .F. ) ;
#598 = VERTEX_POINT ( 'NONE', #942 ) ;
#599 = CARTESIAN_POINT ( 'NONE',  ( -0.8000000000000000444, 0.2099999999999999922, 0.7920000000000000373 ) ) ;
#600 = ORIENTED_EDGE ( 'NONE', *, *, #2230, .F. ) ;
#601 = VERTEX_POINT ( 'NONE', #537 ) ;
#602 = DIRECTION ( 'NONE',  ( 0.000000000000000000, -1.000000000000000000, 0.000000000000000000 ) ) ;
#603 = PLANE ( 'NONE',  #1974 ) ;
#604 = PLANE ( 'NONE',  #499 ) ;
#605 = ORIENTED_EDGE ( 'NONE', *, *, #1592, .T. ) ;
#606 = CARTESIAN_POINT ( 'NONE',  ( -0.8000000000000000444, 0.000000000000000000, 0.7920000000000000373 ) ) ;
#607 = DIRECTION ( 'NONE',  ( -1.000000000000000000, 0.000000000000000000, -0.000000000000000000 ) ) ;
#608 = EDGE_CURVE ( 'NONE', #168, #667, #60, .T. ) ;
#609 = EDGE_CURVE ( 'NONE', #106, #628, #323, .T. ) ;
#610 = ORIENTED_EDGE ( 'NONE', *, *, #1157, .F. ) ;
#611 = LINE ( 'NONE', #166, #1467 ) ;
#612 = ORIENTED_EDGE ( 'NONE', *, *, #2843, .T. ) ;
#613 = EDGE_CURVE ( 'NONE', #1290, #2228, #1853, .T. ) ;
#614 = COLOUR_RGB ( '',0.1098039215686274495, 0.1098039215686274495, 0.1098039215686274495 ) ;
#615 = FACE_OUTER_BOUND ( 'NONE', #573, .T. ) ;
#616 = CARTESIAN_POINT ( 'NONE',  ( 0.4999999999999998890, 0.2099999999999999922, 0.9919999999999999929 ) ) ;
#617 = ORIENTED_EDGE ( 'NONE', *, *, #440, .T. ) ;
#618 = LINE ( 'NONE', #1238, #2353 ) ;
#619 = DIRECTION ( 'NONE',  ( 0.000000000000000000, 0.000000000000000000, -1.000000000000000000 ) ) ;
#620 = ORIENTED_EDGE ( 'NONE', *, *, #1228, .F. ) ;
#621 = DIRECTION ( 'NONE',  ( 0.000000000000000000, 0.000000000000000000, -1.000000000000000000 ) ) ;
#622 = UNCERTAINTY_MEASURE_WITH_UNIT (LENGTH_MEASURE( 1.000000000000000082E-05 ), #64, 'distance_accuracy_value', 'NONE');
#623 = CARTESIAN_POINT ( 'NONE',  ( 0.1499999999999995226, 0.2099999999999999922, -0.9919999999999999929 ) ) ;
#624 = CARTESIAN_POINT ( 'NONE',  ( -0.4999999999999994449, -0.000000000000000000, -2.710505431213758620E-16 ) ) ;
#625 = ORIENTED_EDGE ( 'NONE', *, *, #374, .F. ) ;
#626 = VECTOR ( 'NONE', #248, 1000.000000000000000 ) ;
#627 = DIRECTION ( 'NONE',  ( -1.445602896647340297E-15, 0.000000000000000000, -1.000000000000000000 ) ) ;
#628 = VERTEX_POINT ( 'NONE', #2106 ) ;
#629 = EDGE_CURVE ( 'NONE', #1001, #1621, #997, .T. ) ;
#630 = COLOUR_RGB ( '',0.7921568627450980005, 0.8196078431372548767, 0.9333333333333333481 ) ;
#631 = VERTEX_POINT ( 'NONE', #2779 ) ;
#632 = FACE_OUTER_BOUND ( 'NONE', #2744, .T. ) ;
#633 = AXIS2_PLACEMENT_3D ( 'NONE', #2213, #2668, #1303 ) ;
#634 = VECTOR ( 'NONE', #2643, 1000.000000000000000 ) ;
#635 = CARTESIAN_POINT ( 'NONE',  ( -0.1300000000000002265, 0.000000000000000000, -0.7719999999999997975 ) ) ;
#636 = MECHANICAL_DESIGN_GEOMETRIC_PRESENTATION_REPRESENTATION (  '', ( #1986 ), #1005 ) ;
#637 = CARTESIAN_POINT ( 'NONE',  ( -0.5000000000000002220, 0.2099999999999999922, -0.9899999999999997691 ) ) ;
#638 = LINE ( 'NONE', #1251, #1852 ) ;
#639 = EDGE_LOOP ( 'NONE', ( #2144, #1858, #498, #127 ) ) ;
#640 = VECTOR ( 'NONE', #1686, 1000.000000000000000 ) ;
#641 = PLANE ( 'NONE',  #2264 ) ;
#642 = ORIENTED_EDGE ( 'NONE', *, *, #285, .F. ) ;
#643 = PLANE ( 'NONE',  #1425 ) ;
#644 = ORIENTED_EDGE ( 'NONE', *, *, #2755, .F. ) ;
#645 = ORIENTED_EDGE ( 'NONE', *, *, #1849, .F. ) ;
#646 = DIRECTION ( 'NONE',  ( -2.710505431213761479E-15, 0.000000000000000000, -1.000000000000000000 ) ) ;
#647 = EDGE_CURVE ( 'NONE', #37, #10, #2304, .T. ) ;
#648 = DIRECTION ( 'NONE',  ( -1.000000000000000000, 0.000000000000000000, 0.000000000000000000 ) ) ;
#649 = EDGE_CURVE ( 'NONE', #844, #1356, #1250, .T. ) ;
#650 = EDGE_CURVE ( 'NONE', #48, #653, #2771, .T. ) ;
#651 = DIRECTION ( 'NONE',  ( 0.000000000000000000, -0.000000000000000000, -1.000000000000000000 ) ) ;
#652 = DIRECTION ( 'NONE',  ( -1.000000000000000000, 0.000000000000000000, -0.000000000000000000 ) ) ;
#653 = VERTEX_POINT ( 'NONE', #2157 ) ;
#654 = DIRECTION ( 'NONE',  ( 0.000000000000000000, 0.000000000000000000, -1.000000000000000000 ) ) ;
#655 = LINE ( 'NONE', #2607, #2082 ) ;
#656 = ADVANCED_FACE ( 'NONE', ( #397 ), #1283, .T. ) ;
#657 = ORIENTED_EDGE ( 'NONE', *, *, #2225, .T. ) ;
#658 = DIRECTION ( 'NONE',  ( 0.000000000000000000, -1.000000000000000000, 0.000000000000000000 ) ) ;
#659 = ORIENTED_EDGE ( 'NONE', *, *, #2326, .F. ) ;
#660 = ORIENTED_EDGE ( 'NONE', *, *, #1808, .F. ) ;
#661 = LINE ( 'NONE', #2232, #1565 ) ;
#662 = CARTESIAN_POINT ( 'NONE',  ( 0.4999999999999993339, 0.2099999999999999922, -0.9899999999999997691 ) ) ;
#663 = LINE ( 'NONE', #1599, #1090 ) ;
#664 = CARTESIAN_POINT ( 'NONE',  ( -1.024999999999999911, 0.2200000000000000289, 1.024999999999999911 ) ) ;
#665 = LINE ( 'NONE', #2041, #2165 ) ;
#666 = DIRECTION ( 'NONE',  ( 0.000000000000000000, -1.000000000000000000, 0.000000000000000000 ) ) ;
#667 = VERTEX_POINT ( 'NONE', #2835 ) ;
#668 = LINE ( 'NONE', #210, #2865 ) ;
#669 = ORIENTED_EDGE ( 'NONE', *, *, #559, .T. ) ;
#670 = VECTOR ( 'NONE', #1663, 1000.000000000000000 ) ;
#671 = ORIENTED_EDGE ( 'NONE', *, *, #860, .T. ) ;
#672 = CARTESIAN_POINT ( 'NONE',  ( 0.1299999999999998934, 0.2099999999999999922, -0.7719999999999997975 ) ) ;
#673 = FACE_OUTER_BOUND ( 'NONE', #433, .T. ) ;
#674 = VECTOR ( 'NONE', #2220, 1000.000000000000000 ) ;
#675 = VECTOR ( 'NONE', #1182, 1000.000000000000000 ) ;
#676 = LINE ( 'NONE', #1572, #1465 ) ;
#677 = DIRECTION ( 'NONE',  ( -1.000000000000000000, 0.000000000000000000, 0.000000000000000000 ) ) ;
#678 = ORIENTED_EDGE ( 'NONE', *, *, #1743, .T. ) ;
#679 = VECTOR ( 'NONE', #2011, 1000.000000000000000 ) ;
#680 = AXIS2_PLACEMENT_3D ( 'NONE', #1202, #1907, #2781 ) ;
#681 = CARTESIAN_POINT ( 'NONE',  ( 0.9000000000000005773, -0.05000000000000000278, -0.5119999999999998996 ) ) ;
#682 = MECHANICAL_DESIGN_GEOMETRIC_PRESENTATION_REPRESENTATION (  '', ( #1190 ), #779 ) ;
#683 = ADVANCED_FACE ( 'NONE', ( #1925 ), #1906, .T. ) ;
#684 = CARTESIAN_POINT ( 'NONE',  ( 1.026000000000000023, 0.09832391021716703483, -0.1031376208511891462 ) ) ;
#685 = PLANE ( 'NONE',  #1781 ) ;
#686 = ADVANCED_FACE ( 'NONE', ( #1050 ), #1262, .F. ) ;
#687 = STYLED_ITEM ( 'NONE', ( #117 ), #2272 ) ;
#688 = EDGE_CURVE ( 'NONE', #358, #420, #2359, .T. ) ;
#689 = ORIENTED_EDGE ( 'NONE', *, *, #1553, .T. ) ;
#690 = FACE_OUTER_BOUND ( 'NONE', #2197, .T. ) ;
#691 = ORIENTED_EDGE ( 'NONE', *, *, #743, .T. ) ;
#692 = VERTEX_POINT ( 'NONE', #2850 ) ;
#693 = DIRECTION ( 'NONE',  ( 0.000000000000000000, 0.000000000000000000, -1.000000000000000000 ) ) ;
#694 = CARTESIAN_POINT ( 'NONE',  ( 1.024999999999999911, 0.6999999999999999556, 1.024999999999999911 ) ) ;
#695 = CARTESIAN_POINT ( 'NONE',  ( -0.7800000000000001377, -0.05000000000000000278, -0.7719999999999995755 ) ) ;
#696 = FACE_OUTER_BOUND ( 'NONE', #1260, .T. ) ;
#697 = ORIENTED_EDGE ( 'NONE', *, *, #1987, .T. ) ;
#698 = CARTESIAN_POINT ( 'NONE',  ( 1.024999999999999911, 0.000000000000000000, -0.9899999999999995470 ) ) ;
#699 = DIRECTION ( 'NONE',  ( -0.000000000000000000, -1.000000000000000000, -0.000000000000000000 ) ) ;
#700 = CARTESIAN_POINT ( 'NONE',  ( -0.5000000000000000000, -0.05000000000000000278, 0.9919999999999999929 ) ) ;
#701 = ORIENTED_EDGE ( 'NONE', *, *, #2192, .T. ) ;
#702 =( NAMED_UNIT ( * ) PLANE_ANGLE_UNIT ( ) SI_UNIT ( $, .RADIAN. ) );
#703 = ORIENTED_EDGE ( 'NONE', *, *, #2326, .T. ) ;
#704 = ORIENTED_EDGE ( 'NONE', *, *, #2060, .F. ) ;
#705 = DIRECTION ( 'NONE',  ( 1.000000000000000000, 0.000000000000000000, -2.710505431213758718E-15 ) ) ;
#706 = EDGE_CURVE ( 'NONE', #2889, #7, #826, .T. ) ;
#707 = CARTESIAN_POINT ( 'NONE',  ( 0.1299999999999998934, 0.2099999999999999922, 0.7719999999999999085 ) ) ;
#708 = DIRECTION ( 'NONE',  ( -0.000000000000000000, -0.000000000000000000, -1.000000000000000000 ) ) ;
#709 = ADVANCED_FACE ( 'NONE', ( #351 ), #838, .T. ) ;
#710 = PLANE ( 'NONE',  #822 ) ;
#711 = DIRECTION ( 'NONE',  ( -1.000000000000000000, 0.000000000000000000, 0.000000000000000000 ) ) ;
#712 = PLANE ( 'NONE',  #1875 ) ;
#713 = ORIENTED_EDGE ( 'NONE', *, *, #1861, .T. ) ;
#714 = DIRECTION ( 'NONE',  ( -1.000000000000000000, 0.000000000000000000, 0.000000000000000000 ) ) ;
#715 = ORIENTED_EDGE ( 'NONE', *, *, #1154, .F. ) ;
#716 = VERTEX_POINT ( 'NONE', #637 ) ;
#717 = CARTESIAN_POINT ( 'NONE',  ( 0.1299999999999998934, -0.05000000000000000278, 0.7920000000000000373 ) ) ;
#718 = FACE_OUTER_BOUND ( 'NONE', #2043, .T. ) ;
#719 = EDGE_CURVE ( 'NONE', #464, #1954, #618, .T. ) ;
#720 = VECTOR ( 'NONE', #2049, 1000.000000000000000 ) ;
#721 = EDGE_CURVE ( 'NONE', #1545, #68, #2384, .T. ) ;
#722 = DIRECTION ( 'NONE',  ( -0.000000000000000000, 1.000000000000000000, 0.000000000000000000 ) ) ;
#723 = EDGE_CURVE ( 'NONE', #1103, #2420, #2373, .T. ) ;
#724 = VECTOR ( 'NONE', #228, 1000.000000000000000 ) ;
#725 = DIRECTION ( 'NONE',  ( -5.421010862427523156E-16, 0.000000000000000000, 1.000000000000000000 ) ) ;
#726 = AXIS2_PLACEMENT_3D ( 'NONE', #1248, #836, #348 ) ;
#727 = CARTESIAN_POINT ( 'NONE',  ( 0.7799999999999999156, 0.2099999999999999922, -0.7920000000000000373 ) ) ;
#728 = DIRECTION ( 'NONE',  ( 0.000000000000000000, -1.000000000000000000, 0.000000000000000000 ) ) ;
#729 = VECTOR ( 'NONE', #47, 1000.000000000000000 ) ;
#730 = CIRCLE ( 'NONE', #2776, 0.02000000000000016001 ) ;
#731 = CIRCLE ( 'NONE', #1429, 0.02000000000000005246 ) ;
#732 = ORIENTED_EDGE ( 'NONE', *, *, #562, .F. ) ;
#733 = DIRECTION ( 'NONE',  ( 0.000000000000000000, 0.000000000000000000, -1.000000000000000000 ) ) ;
#734 = ORIENTED_EDGE ( 'NONE', *, *, #2661, .F. ) ;
#735 = VECTOR ( 'NONE', #2526, 1000.000000000000000 ) ;
#736 = ORIENTED_EDGE ( 'NONE', *, *, #468, .F. ) ;
#737 = CARTESIAN_POINT ( 'NONE',  ( -1.311459024423942132, 0.2099999999999999922, -0.9899999999999997691 ) ) ;
#738 = DIRECTION ( 'NONE',  ( 0.000000000000000000, 0.000000000000000000, -1.000000000000000000 ) ) ;
#739 = EDGE_CURVE ( 'NONE', #388, #1487, #333, .T. ) ;
#740 = CARTESIAN_POINT ( 'NONE',  ( -1.024999999999999911, 0.000000000000000000, 0.9899999999999997691 ) ) ;
#741 = DIRECTION ( 'NONE',  ( 0.000000000000000000, -1.000000000000000000, 0.000000000000000000 ) ) ;
#742 = ADVANCED_FACE ( 'NONE', ( #2791 ), #793, .F. ) ;
#743 = EDGE_CURVE ( 'NONE', #631, #230, #2813, .T. ) ;
#744 = CARTESIAN_POINT ( 'NONE',  ( -0.1500000000000000777, 0.2099999999999999922, 0.9919999999999999929 ) ) ;
#745 = DIRECTION ( 'NONE',  ( -0.000000000000000000, -0.000000000000000000, 1.000000000000000000 ) ) ;
#746 = LINE ( 'NONE', #1879, #670 ) ;
#747 = CYLINDRICAL_SURFACE ( 'NONE', #2241, 0.02000000000000005246 ) ;
#748 = DIRECTION ( 'NONE',  ( 1.000000000000000000, 0.000000000000000000, 0.000000000000000000 ) ) ;
#749 = ORIENTED_EDGE ( 'NONE', *, *, #2364, .T. ) ;
#750 = VERTEX_POINT ( 'NONE', #2591 ) ;
#751 = PLANE ( 'NONE',  #1932 ) ;
#752 = CARTESIAN_POINT ( 'NONE',  ( -0.7949999999999999289, -0.05000000000000000278, -0.5820000000000000728 ) ) ;
#753 = FACE_OUTER_BOUND ( 'NONE', #1784, .T. ) ;
#754 = DIRECTION ( 'NONE',  ( -1.000000000000000000, -0.000000000000000000, -0.000000000000000000 ) ) ;
#755 = CARTESIAN_POINT ( 'NONE',  ( -0.5200000000000002398, -0.05000000000000000278, -0.7919999999999995932 ) ) ;
#756 = LINE ( 'NONE', #2086, #1847 ) ;
#757 = DIRECTION ( 'NONE',  ( 0.000000000000000000, -1.000000000000000000, 0.000000000000000000 ) ) ;
#758 =( GEOMETRIC_REPRESENTATION_CONTEXT ( 3 ) GLOBAL_UNCERTAINTY_ASSIGNED_CONTEXT ( ( #2807 ) ) GLOBAL_UNIT_ASSIGNED_CONTEXT ( ( #2224, #834, #384 ) ) REPRESENTATION_CONTEXT ( 'NONE', 'WORKASPACE' ) );
#759 = ORIENTED_EDGE ( 'NONE', *, *, #2512, .F. ) ;
#760 = FACE_OUTER_BOUND ( 'NONE', #1867, .T. ) ;
#761 = ORIENTED_EDGE ( 'NONE', *, *, #2804, .F. ) ;
#762 = AXIS2_PLACEMENT_3D ( 'NONE', #1722, #2432, #176 ) ;
#763 = CARTESIAN_POINT ( 'NONE',  ( -0.7800000000000000266, 0.2099999999999999922, 0.7920000000000000373 ) ) ;
#764 = ORIENTED_EDGE ( 'NONE', *, *, #2362, .F. ) ;
#765 = DIRECTION ( 'NONE',  ( 0.000000000000000000, -1.000000000000000000, 0.000000000000000000 ) ) ;
#766 = DIRECTION ( 'NONE',  ( -5.421010862427523156E-16, 0.000000000000000000, 1.000000000000000000 ) ) ;
#767 = ORIENTED_EDGE ( 'NONE', *, *, #2575, .T. ) ;
#768 = SURFACE_STYLE_USAGE ( .BOTH. , #1617 ) ;
#769 = PLANE ( 'NONE',  #1231 ) ;
#770 = AXIS2_PLACEMENT_3D ( 'NONE', #915, #1555, #654 ) ;
#771 = ADVANCED_FACE ( 'NONE', ( #591 ), #1478, .F. ) ;
#772 = VECTOR ( 'NONE', #1872, 1000.000000000000000 ) ;
#773 = ORIENTED_EDGE ( 'NONE', *, *, #1413, .T. ) ;
#774 = ADVANCED_FACE ( 'NONE', ( #2604 ), #603, .F. ) ;
#775 = ORIENTED_EDGE ( 'NONE', *, *, #33, .F. ) ;
#776 = AXIS2_PLACEMENT_3D ( 'NONE', #1213, #296, #2539 ) ;
#777 = EDGE_CURVE ( 'NONE', #876, #1963, #2439, .T. ) ;
#778 = EDGE_LOOP ( 'NONE', ( #2191, #1072, #2258, #1744 ) ) ;
#779 =( GEOMETRIC_REPRESENTATION_CONTEXT ( 3 ) GLOBAL_UNCERTAINTY_ASSIGNED_CONTEXT ( ( #2349 ) ) GLOBAL_UNIT_ASSIGNED_CONTEXT ( ( #941, #1210, #2536 ) ) REPRESENTATION_CONTEXT ( 'NONE', 'WORKASPACE' ) );
#780 = CARTESIAN_POINT ( 'NONE',  ( -0.1500000000000003830, 0.2200000000000000011, -0.9899999999999997691 ) ) ;
#781 = ORIENTED_EDGE ( 'NONE', *, *, #2414, .F. ) ;
#782 = VECTOR ( 'NONE', #2335, 1000.000000000000000 ) ;
#783 = DIRECTION ( 'NONE',  ( 5.421010862427523156E-16, 0.000000000000000000, -1.000000000000000000 ) ) ;
#784 = LINE ( 'NONE', #2557, #1571 ) ;
#785 = EDGE_LOOP ( 'NONE', ( #1304, #802, #1127, #600 ) ) ;
#786 = ORIENTED_EDGE ( 'NONE', *, *, #895, .F. ) ;
#787 = CARTESIAN_POINT ( 'NONE',  ( -0.7800000000000001377, -0.05000000000000000278, -0.7919999999999995932 ) ) ;
#788 = ORIENTED_EDGE ( 'NONE', *, *, #807, .F. ) ;
#789 = ADVANCED_FACE ( 'NONE', ( #27 ), #2895, .T. ) ;
#790 = CARTESIAN_POINT ( 'NONE',  ( 0.1499999999999995226, 0.2099999999999999922, -0.9919999999999999929 ) ) ;
#791 = LINE ( 'NONE', #2587, #640 ) ;
#792 = EDGE_CURVE ( 'NONE', #1001, #628, #1761, .T. ) ;
#793 = CYLINDRICAL_SURFACE ( 'NONE', #861, 0.1252271710487145862 ) ;
#794 = LINE ( 'NONE', #102, #2688 ) ;
#795 = DIRECTION ( 'NONE',  ( -0.000000000000000000, 0.000000000000000000, 1.000000000000000000 ) ) ;
#796 = EDGE_LOOP ( 'NONE', ( #2528, #1115, #2186, #1984 ) ) ;
#797 = DIRECTION ( 'NONE',  ( 0.000000000000000000, 0.000000000000000000, -1.000000000000000000 ) ) ;
#798 = DIRECTION ( 'NONE',  ( 2.710505431213761479E-15, 0.000000000000000000, 1.000000000000000000 ) ) ;
#799 = VECTOR ( 'NONE', #2465, 1000.000000000000000 ) ;
#800 = ORIENTED_EDGE ( 'NONE', *, *, #2380, .T. ) ;
#801 = DIRECTION ( 'NONE',  ( 0.000000000000000000, 1.000000000000000000, 0.000000000000000000 ) ) ;
#802 = ORIENTED_EDGE ( 'NONE', *, *, #1154, .T. ) ;
#803 = CYLINDRICAL_SURFACE ( 'NONE', #1611, 0.02000000000000005246 ) ;
#804 = EDGE_CURVE ( 'NONE', #2298, #2178, #1295, .T. ) ;
#805 = CARTESIAN_POINT ( 'NONE',  ( -0.8000000000000002665, 0.2099999999999999922, -0.9919999999999996598 ) ) ;
#806 = ADVANCED_FACE ( 'NONE', ( #868 ), #1120, .F. ) ;
#807 = EDGE_CURVE ( 'NONE', #1256, #1769, #814, .T. ) ;
#808 = DIRECTION ( 'NONE',  ( 0.000000000000000000, 0.000000000000000000, -1.000000000000000000 ) ) ;
#809 = DIRECTION ( 'NONE',  ( 1.000000000000000000, 0.000000000000000000, -1.445602896647340100E-15 ) ) ;
#810 = ORIENTED_EDGE ( 'NONE', *, *, #1224, .T. ) ;
#811 = VECTOR ( 'NONE', #928, 1000.000000000000000 ) ;
#812 = DIRECTION ( 'NONE',  ( 0.000000000000000000, 1.000000000000000000, 0.000000000000000000 ) ) ;
#813 = DIRECTION ( 'NONE',  ( 0.000000000000000000, 0.000000000000000000, 1.000000000000000000 ) ) ;
#814 = CIRCLE ( 'NONE', #1698, 0.02000000000000005246 ) ;
#815 = VECTOR ( 'NONE', #754, 1000.000000000000000 ) ;
#816 = ORIENTED_EDGE ( 'NONE', *, *, #1496, .T. ) ;
#817 = DIRECTION ( 'NONE',  ( 0.000000000000000000, 0.000000000000000000, -1.000000000000000000 ) ) ;
#818 = VERTEX_POINT ( 'NONE', #2426 ) ;
#819 = PRESENTATION_LAYER_ASSIGNMENT (  '', '', ( #1568 ) ) ;
#820 = VECTOR ( 'NONE', #728, 1000.000000000000000 ) ;
#821 = ORIENTED_EDGE ( 'NONE', *, *, #1629, .F. ) ;
#822 = AXIS2_PLACEMENT_3D ( 'NONE', #28, #2461, #926 ) ;
#823 = DIRECTION ( 'NONE',  ( 0.000000000000000000, 0.000000000000000000, -1.000000000000000000 ) ) ;
#824 = SURFACE_STYLE_USAGE ( .BOTH. , #2817 ) ;
#825 = AXIS2_PLACEMENT_3D ( 'NONE', #1009, #1019, #2833 ) ;
#826 = LINE ( 'NONE', #1745, #1748 ) ;
#827 = EDGE_CURVE ( 'NONE', #2650, #2452, #1354, .T. ) ;
#828 = CARTESIAN_POINT ( 'NONE',  ( -0.7949999999999998179, 0.000000000000000000, 0.3820000000000000617 ) ) ;
#829 = ORIENTED_EDGE ( 'NONE', *, *, #1458, .T. ) ;
#830 = ADVANCED_FACE ( 'NONE', ( #183 ), #1328, .T. ) ;
#831 = ORIENTED_EDGE ( 'NONE', *, *, #2175, .T. ) ;
#832 = SURFACE_STYLE_FILL_AREA ( #2180 ) ;
#833 = APPLICATION_PROTOCOL_DEFINITION ( 'draft international standard', 'automotive_design', 1998, #1541 ) ;
#834 =( NAMED_UNIT ( * ) PLANE_ANGLE_UNIT ( ) SI_UNIT ( $, .RADIAN. ) );
#835 = VERTEX_POINT ( 'NONE', #2203 ) ;
#836 = DIRECTION ( 'NONE',  ( 0.000000000000000000, -1.000000000000000000, 0.000000000000000000 ) ) ;
#837 = SURFACE_STYLE_FILL_AREA ( #1249 ) ;
#838 = CYLINDRICAL_SURFACE ( 'NONE', #2117, 0.02000000000000005246 ) ;
#839 = CARTESIAN_POINT ( 'NONE',  ( -0.7591301318541354703, 0.6979999999999999538, 0.7521244455315212463 ) ) ;
#840 = ORIENTED_EDGE ( 'NONE', *, *, #1978, .F. ) ;
#841 = DIRECTION ( 'NONE',  ( -0.000000000000000000, 1.000000000000000000, 0.000000000000000000 ) ) ;
#842 = DIRECTION ( 'NONE',  ( 0.000000000000000000, 0.000000000000000000, -1.000000000000000000 ) ) ;
#843 = LINE ( 'NONE', #1962, #231 ) ;
#844 = VERTEX_POINT ( 'NONE', #8 ) ;
#845 = FILL_AREA_STYLE_COLOUR ( '', #200 ) ;
#846 = EDGE_LOOP ( 'NONE', ( #2184, #2010, #1514, #1204 ) ) ;
#847 = ORIENTED_EDGE ( 'NONE', *, *, #2060, .T. ) ;
#848 = PLANE ( 'NONE',  #2400 ) ;
#849 =( NAMED_UNIT ( * ) PLANE_ANGLE_UNIT ( ) SI_UNIT ( $, .RADIAN. ) );
#850 = CARTESIAN_POINT ( 'NONE',  ( -0.1500000000000002720, 0.2099999999999999922, -0.7919999999999998153 ) ) ;
#851 = CARTESIAN_POINT ( 'NONE',  ( -0.8000000000000001554, -0.05000000000000000278, -0.7919999999999995932 ) ) ;
#852 = EDGE_LOOP ( 'NONE', ( #874, #1870, #2788, #23 ) ) ;
#853 = CARTESIAN_POINT ( 'NONE',  ( -1.024999999999999911, 0.6999999999999999556, 1.024999999999999911 ) ) ;
#854 = VECTOR ( 'NONE', #1837, 1000.000000000000000 ) ;
#855 = EDGE_CURVE ( 'NONE', #2519, #1780, #197, .T. ) ;
#856 = ORIENTED_EDGE ( 'NONE', *, *, #1463, .T. ) ;
#857 = EDGE_CURVE ( 'NONE', #1622, #230, #2881, .T. ) ;
#858 = LINE ( 'NONE', #1782, #2164 ) ;
#859 = ORIENTED_EDGE ( 'NONE', *, *, #2880, .T. ) ;
#860 = EDGE_CURVE ( 'NONE', #1145, #271, #1038, .T. ) ;
#861 = AXIS2_PLACEMENT_3D ( 'NONE', #1505, #2576, #576 ) ;
#862 = VERTEX_POINT ( 'NONE', #2657 ) ;
#863 = LINE ( 'NONE', #1548, #442 ) ;
#864 = VECTOR ( 'NONE', #2408, 1000.000000000000000 ) ;
#865 = VECTOR ( 'NONE', #2790, 1000.000000000000000 ) ;
#866 = CARTESIAN_POINT ( 'NONE',  ( 0.7999999999999999334, 0.2099999999999999922, 0.9899999999999997691 ) ) ;
#867 = COLOUR_RGB ( '',0.1098039215686274495, 0.1098039215686274495, 0.1098039215686274495 ) ;
#868 = FACE_OUTER_BOUND ( 'NONE', #1455, .T. ) ;
#869 = LINE ( 'NONE', #2646, #70 ) ;
#870 = ORIENTED_EDGE ( 'NONE', *, *, #286, .F. ) ;
#871 = VECTOR ( 'NONE', #2605, 1000.000000000000000 ) ;
#872 = LINE ( 'NONE', #2274, #626 ) ;
#873 = SURFACE_SIDE_STYLE ('',( #832 ) ) ;
#874 = ORIENTED_EDGE ( 'NONE', *, *, #286, .T. ) ;
#875 = DIRECTION ( 'NONE',  ( -0.000000000000000000, -0.000000000000000000, -1.000000000000000000 ) ) ;
#876 = VERTEX_POINT ( 'NONE', #662 ) ;
#877 = ORIENTED_EDGE ( 'NONE', *, *, #1199, .F. ) ;
#878 = CARTESIAN_POINT ( 'NONE',  ( 1.024999999999999911, 0.000000000000000000, 1.024999999999999911 ) ) ;
#879 = EDGE_CURVE ( 'NONE', #876, #2809, #1550, .T. ) ;
#880 = DIRECTION ( 'NONE',  ( 0.000000000000000000, -1.000000000000000000, 0.000000000000000000 ) ) ;
#881 = CARTESIAN_POINT ( 'NONE',  ( 0.4999999999999994449, -0.05000000000000000278, -0.9919999999999999929 ) ) ;
#882 = ORIENTED_EDGE ( 'NONE', *, *, #1278, .F. ) ;
#883 = DIRECTION ( 'NONE',  ( -0.000000000000000000, -1.000000000000000000, -0.000000000000000000 ) ) ;
#884 = DIRECTION ( 'NONE',  ( 0.000000000000000000, 0.000000000000000000, -1.000000000000000000 ) ) ;
#885 = DIRECTION ( 'NONE',  ( 0.000000000000000000, 0.000000000000000000, -1.000000000000000000 ) ) ;
#886 = ORIENTED_EDGE ( 'NONE', *, *, #410, .T. ) ;
#887 = CARTESIAN_POINT ( 'NONE',  ( -0.7800000000000000266, -0.05000000000000000278, 0.7920000000000000373 ) ) ;
#888 = VERTEX_POINT ( 'NONE', #1802 ) ;
#889 = ORIENTED_EDGE ( 'NONE', *, *, #526, .T. ) ;
#890 = LINE ( 'NONE', #905, #539 ) ;
#891 = LINE ( 'NONE', #2644, #450 ) ;
#892 = EDGE_CURVE ( 'NONE', #900, #1384, #2005, .T. ) ;
#893 = DIRECTION ( 'NONE',  ( 0.000000000000000000, 0.000000000000000000, -1.000000000000000000 ) ) ;
#894 = CARTESIAN_POINT ( 'NONE',  ( 0.1800000000000002431, 0.000000000000000000, -0.5820000000000000728 ) ) ;
#895 = EDGE_CURVE ( 'NONE', #2436, #1726, #1787, .T. ) ;
#896 = VERTEX_POINT ( 'NONE', #2036 ) ;
#897 = EDGE_CURVE ( 'NONE', #2518, #2202, #676, .T. ) ;
#898 = DIRECTION ( 'NONE',  ( 0.000000000000000000, -1.000000000000000000, 0.000000000000000000 ) ) ;
#899 = PLANE ( 'NONE',  #1754 ) ;
#900 = VERTEX_POINT ( 'NONE', #1132 ) ;
#901 = CARTESIAN_POINT ( 'NONE',  ( 0.6700000000000003730, 0.2099999999999999922, -0.5320000000000000284 ) ) ;
#902 = ORIENTED_EDGE ( 'NONE', *, *, #428, .T. ) ;
#903 = VECTOR ( 'NONE', #2735, 1000.000000000000000 ) ;
#904 = ORIENTED_EDGE ( 'NONE', *, *, #414, .F. ) ;
#905 = CARTESIAN_POINT ( 'NONE',  ( -0.8000000000000000444, 0.2200000000000000011, 0.9899999999999997691 ) ) ;
#906 = ORIENTED_EDGE ( 'NONE', *, *, #743, .F. ) ;
#907 = VECTOR ( 'NONE', #1586, 1000.000000000000000 ) ;
#908 = VECTOR ( 'NONE', #2702, 1000.000000000000000 ) ;
#909 = VECTOR ( 'NONE', #1859, 1000.000000000000000 ) ;
#910 = CARTESIAN_POINT ( 'NONE',  ( 0.9000000000000005773, 0.2099999999999999922, -0.5119999999999998996 ) ) ;
#911 = DIRECTION ( 'NONE',  ( 0.000000000000000000, 0.000000000000000000, 1.000000000000000000 ) ) ;
#912 = ORIENTED_EDGE ( 'NONE', *, *, #2380, .F. ) ;
#913 = COLOUR_RGB ( '',0.1098039215686274495, 0.1098039215686274495, 0.1098039215686274495 ) ;
#914 = VECTOR ( 'NONE', #233, 1000.000000000000000 ) ;
#915 = CARTESIAN_POINT ( 'NONE',  ( -0.5200000000000002398, 0.2099999999999999922, -0.7919999999999995932 ) ) ;
#916 = CARTESIAN_POINT ( 'NONE',  ( 0.4999999999999998890, 0.2099999999999999922, 0.9919999999999999929 ) ) ;
#917 = DIRECTION ( 'NONE',  ( 0.000000000000000000, 0.000000000000000000, 1.000000000000000000 ) ) ;
#918 = PRESENTATION_LAYER_ASSIGNMENT (  '', '', ( #1670 ) ) ;
#919 = EDGE_CURVE ( 'NONE', #1769, #1560, #1816, .T. ) ;
#920 = ORIENTED_EDGE ( 'NONE', *, *, #104, .F. ) ;
#921 = LINE ( 'NONE', #1868, #2357 ) ;
#922 = ORIENTED_EDGE ( 'NONE', *, *, #2412, .F. ) ;
#923 = ORIENTED_EDGE ( 'NONE', *, *, #1496, .F. ) ;
#924 = DIRECTION ( 'NONE',  ( -1.000000000000000000, 0.000000000000000000, 0.000000000000000000 ) ) ;
#925 = DIRECTION ( 'NONE',  ( 1.000000000000000000, 0.000000000000000000, 0.000000000000000000 ) ) ;
#926 = DIRECTION ( 'NONE',  ( 0.000000000000000000, -0.000000000000000000, -1.000000000000000000 ) ) ;
#927 = VERTEX_POINT ( 'NONE', #2522 ) ;
#928 = DIRECTION ( 'NONE',  ( 0.000000000000000000, 1.000000000000000000, 0.000000000000000000 ) ) ;
#929 = CARTESIAN_POINT ( 'NONE',  ( 0.9000000000000005773, 0.000000000000000000, -0.5119999999999998996 ) ) ;
#930 =( NAMED_UNIT ( * ) PLANE_ANGLE_UNIT ( ) SI_UNIT ( $, .RADIAN. ) );
#931 = EDGE_CURVE ( 'NONE', #2856, #83, #2333, .T. ) ;
#932 = VERTEX_POINT ( 'NONE', #2508 ) ;
#933 = CARTESIAN_POINT ( 'NONE',  ( -0.5000000000000002220, 0.000000000000000000, -0.9899999999999997691 ) ) ;
#934 = ORIENTED_EDGE ( 'NONE', *, *, #2537, .T. ) ;
#935 = ADVANCED_FACE ( 'NONE', ( #75 ), #321, .T. ) ;
#936 = VERTEX_POINT ( 'NONE', #1655 ) ;
#937 = DIRECTION ( 'NONE',  ( 0.000000000000000000, -1.000000000000000000, 0.000000000000000000 ) ) ;
#938 = CARTESIAN_POINT ( 'NONE',  ( -0.8000000000000000444, -0.05000000000000000278, 0.9919999999999999929 ) ) ;
#939 = ORIENTED_EDGE ( 'NONE', *, *, #2510, .T. ) ;
#940 = LINE ( 'NONE', #1626, #196 ) ;
#941 =( LENGTH_UNIT ( ) NAMED_UNIT ( * ) SI_UNIT ( .MILLI., .METRE. ) );
#942 = CARTESIAN_POINT ( 'NONE',  ( -0.7591301318541354703, 0.6979999999999999538, 0.6268972744828066324 ) ) ;
#943 = CARTESIAN_POINT ( 'NONE',  ( -1.026000000000000023, 0.09832391021716703483, 0.1031376208511891462 ) ) ;
#944 = DIRECTION ( 'NONE',  ( 0.000000000000000000, 0.000000000000000000, -1.000000000000000000 ) ) ;
#945 = UNCERTAINTY_MEASURE_WITH_UNIT (LENGTH_MEASURE( 1.000000000000000082E-05 ), #1742, 'distance_accuracy_value', 'NONE');
#946 = ORIENTED_EDGE ( 'NONE', *, *, #1645, .F. ) ;
#947 =( LENGTH_UNIT ( ) NAMED_UNIT ( * ) SI_UNIT ( .MILLI., .METRE. ) );
#948 = VERTEX_POINT ( 'NONE', #519 ) ;
#949 = EDGE_CURVE ( 'NONE', #1726, #1487, #88, .T. ) ;
#950 = EDGE_CURVE ( 'NONE', #1490, #1364, #40, .T. ) ;
#951 = ORIENTED_EDGE ( 'NONE', *, *, #777, .T. ) ;
#952 = CARTESIAN_POINT ( 'NONE',  ( 1.026000000000000023, 0.09832391021716703483, 0.1031376208511891462 ) ) ;
#953 = CARTESIAN_POINT ( 'NONE',  ( 0.9000000000000005773, 0.2099999999999999922, -0.5119999999999998996 ) ) ;
#954 = EDGE_CURVE ( 'NONE', #271, #2452, #971, .T. ) ;
#955 = VECTOR ( 'NONE', #2511, 1000.000000000000000 ) ;
#956 = DIRECTION ( 'NONE',  ( 0.000000000000000000, -1.000000000000000000, 0.000000000000000000 ) ) ;
#957 = VECTOR ( 'NONE', #708, 1000.000000000000000 ) ;
#958 = FILL_AREA_STYLE_COLOUR ( '', #448 ) ;
#959 = AXIS2_PLACEMENT_3D ( 'NONE', #1713, #823, #2585 ) ;
#960 = CYLINDRICAL_SURFACE ( 'NONE', #2026, 0.02000000000000016001 ) ;
#961 = CARTESIAN_POINT ( 'NONE',  ( 0.4999999999999998890, 0.000000000000000000, -0.7920000000000000373 ) ) ;
#962 = VECTOR ( 'NONE', #13, 1000.000000000000000 ) ;
#963 = EDGE_CURVE ( 'NONE', #1666, #593, #940, .T. ) ;
#964 = AXIS2_PLACEMENT_3D ( 'NONE', #1551, #2441, #425 ) ;
#965 = ORIENTED_EDGE ( 'NONE', *, *, #2332, .T. ) ;
#966 = AXIS2_PLACEMENT_3D ( 'NONE', #2344, #741, #331 ) ;
#967 = ORIENTED_EDGE ( 'NONE', *, *, #1148, .T. ) ;
#968 = DIRECTION ( 'NONE',  ( -1.000000000000000000, 0.000000000000000000, 0.000000000000000000 ) ) ;
#969 = DIRECTION ( 'NONE',  ( 0.000000000000000000, 0.000000000000000000, 1.000000000000000000 ) ) ;
#970 = ORIENTED_EDGE ( 'NONE', *, *, #2020, .F. ) ;
#971 = LINE ( 'NONE', #503, #1659 ) ;
#972 = VERTEX_POINT ( 'NONE', #1828 ) ;
#973 = FACE_OUTER_BOUND ( 'NONE', #1580, .T. ) ;
#974 = FACE_OUTER_BOUND ( 'NONE', #2559, .T. ) ;
#975 = DIRECTION ( 'NONE',  ( 1.000000000000000000, 0.000000000000000000, 0.000000000000000000 ) ) ;
#976 = EDGE_LOOP ( 'NONE', ( #761, #318, #689, #1753 ) ) ;
#977 = VERTEX_POINT ( 'NONE', #1862 ) ;
#978 = LINE ( 'NONE', #2520, #1705 ) ;
#979 = PLANE ( 'NONE',  #2081 ) ;
#980 = EDGE_CURVE ( 'NONE', #2616, #1215, #1209, .T. ) ;
#981 = DIRECTION ( 'NONE',  ( 1.000000000000000000, 0.000000000000000000, 0.000000000000000000 ) ) ;
#982 = FILL_AREA_STYLE ('',( #958 ) ) ;
#983 = ADVANCED_FACE ( 'NONE', ( #1392 ), #533, .T. ) ;
#984 = EDGE_CURVE ( 'NONE', #211, #896, #2101, .T. ) ;
#985 = DIRECTION ( 'NONE',  ( 1.000000000000000000, 0.000000000000000000, 0.000000000000000000 ) ) ;
#986 = EDGE_CURVE ( 'NONE', #927, #1285, #2553, .T. ) ;
#987 = STYLED_ITEM ( 'NONE', ( #16 ), #123 ) ;
#988 = CIRCLE ( 'NONE', #2013, 0.02000000000000016001 ) ;
#989 = VERTEX_POINT ( 'NONE', #740 ) ;
#990 = ORIENTED_EDGE ( 'NONE', *, *, #510, .T. ) ;
#991 = VERTEX_POINT ( 'NONE', #2749 ) ;
#992 = DIRECTION ( 'NONE',  ( 0.000000000000000000, -1.000000000000000000, 0.000000000000000000 ) ) ;
#993 = ORIENTED_EDGE ( 'NONE', *, *, #1067, .T. ) ;
#994 = LINE ( 'NONE', #2286, #2030 ) ;
#995 = SURFACE_STYLE_FILL_AREA ( #982 ) ;
#996 = VECTOR ( 'NONE', #1574, 1000.000000000000000 ) ;
#997 = LINE ( 'NONE', #2739, #2492 ) ;
#998 = LINE ( 'NONE', #2096, #2552 ) ;
#999 = DIRECTION ( 'NONE',  ( 1.000000000000000000, 0.000000000000000000, 0.000000000000000000 ) ) ;
#1000 = VECTOR ( 'NONE', #1186, 1000.000000000000000 ) ;
#1001 = VERTEX_POINT ( 'NONE', #1419 ) ;
#1002 = AXIS2_PLACEMENT_3D ( 'NONE', #2845, #2351, #344 ) ;
#1003 = ORIENTED_EDGE ( 'NONE', *, *, #144, .F. ) ;
#1004 = VECTOR ( 'NONE', #306, 1000.000000000000000 ) ;
#1005 =( GEOMETRIC_REPRESENTATION_CONTEXT ( 3 ) GLOBAL_UNCERTAINTY_ASSIGNED_CONTEXT ( ( #2841 ) ) GLOBAL_UNIT_ASSIGNED_CONTEXT ( ( #2223, #44, #449 ) ) REPRESENTATION_CONTEXT ( 'NONE', 'WORKASPACE' ) );
#1006 = ORIENTED_EDGE ( 'NONE', *, *, #1112, .T. ) ;
#1007 = AXIS2_PLACEMENT_3D ( 'NONE', #378, #139, #1263 ) ;
#1008 = DIRECTION ( 'NONE',  ( 0.000000000000000000, -1.000000000000000000, 0.000000000000000000 ) ) ;
#1009 = CARTESIAN_POINT ( 'NONE',  ( 0.000000000000000000, 0.2200000000000000011, 0.000000000000000000 ) ) ;
#1010 = DIRECTION ( 'NONE',  ( 0.000000000000000000, -1.000000000000000000, 0.000000000000000000 ) ) ;
#1011 = FACE_OUTER_BOUND ( 'NONE', #2031, .T. ) ;
#1012 = EDGE_CURVE ( 'NONE', #1552, #1789, #2093, .T. ) ;
#1013 = ORIENTED_EDGE ( 'NONE', *, *, #2748, .T. ) ;
#1014 = EDGE_CURVE ( 'NONE', #1418, #631, #1873, .T. ) ;
#1015 =( LENGTH_UNIT ( ) NAMED_UNIT ( * ) SI_UNIT ( .MILLI., .METRE. ) );
#1016 = ORIENTED_EDGE ( 'NONE', *, *, #1118, .T. ) ;
#1017 = EDGE_CURVE ( 'NONE', #193, #2610, #994, .T. ) ;
#1018 = LINE ( 'NONE', #790, #1039 ) ;
#1019 = DIRECTION ( 'NONE',  ( 0.000000000000000000, -1.000000000000000000, 0.000000000000000000 ) ) ;
#1020 = ORIENTED_EDGE ( 'NONE', *, *, #1498, .F. ) ;
#1021 = DIRECTION ( 'NONE',  ( 1.000000000000000000, 0.000000000000000000, 0.000000000000000000 ) ) ;
#1022 = CARTESIAN_POINT ( 'NONE',  ( 0.1500000000000000777, -0.05000000000000000278, -0.7919999999999998153 ) ) ;
#1023 = DIRECTION ( 'NONE',  ( 0.000000000000000000, 0.000000000000000000, -1.000000000000000000 ) ) ;
#1024 = ORIENTED_EDGE ( 'NONE', *, *, #1336, .T. ) ;
#1025 = DIRECTION ( 'NONE',  ( -1.000000000000000000, 0.000000000000000000, 0.000000000000000000 ) ) ;
#1026 = ORIENTED_EDGE ( 'NONE', *, *, #1282, .T. ) ;
#1027 = ADVANCED_FACE ( 'NONE', ( #2777 ), #263, .T. ) ;
#1028 = EDGE_CURVE ( 'NONE', #68, #1622, #1227, .T. ) ;
#1029 = FACE_OUTER_BOUND ( 'NONE', #454, .T. ) ;
#1030 = EDGE_CURVE ( 'NONE', #667, #2420, #2302, .T. ) ;
#1031 = FILL_AREA_STYLE ('',( #137 ) ) ;
#1032 = DIRECTION ( 'NONE',  ( 0.000000000000000000, -0.000000000000000000, -1.000000000000000000 ) ) ;
#1033 = CARTESIAN_POINT ( 'NONE',  ( 0.4999999999999994449, 0.2099999999999999922, -0.9919999999999999929 ) ) ;
#1034 = ORIENTED_EDGE ( 'NONE', *, *, #440, .F. ) ;
#1035 = ORIENTED_EDGE ( 'NONE', *, *, #2659, .T. ) ;
#1036 = CARTESIAN_POINT ( 'NONE',  ( -1.024999999999999911, 0.2200000000000000289, -1.024999999999999467 ) ) ;
#1037 =( NAMED_UNIT ( * ) PLANE_ANGLE_UNIT ( ) SI_UNIT ( $, .RADIAN. ) );
#1038 = CIRCLE ( 'NONE', #2677, 0.02000000000000016001 ) ;
#1039 = VECTOR ( 'NONE', #602, 1000.000000000000000 ) ;
#1040 = ORIENTED_EDGE ( 'NONE', *, *, #1647, .T. ) ;
#1041 = CARTESIAN_POINT ( 'NONE',  ( 0.7999999999999994893, 0.000000000000000000, -0.9899999999999997691 ) ) ;
#1042 = VERTEX_POINT ( 'NONE', #1059 ) ;
#1043 = VECTOR ( 'NONE', #658, 1000.000000000000000 ) ;
#1044 = PRESENTATION_LAYER_ASSIGNMENT (  '', '', ( #2358 ) ) ;
#1045 = ORIENTED_EDGE ( 'NONE', *, *, #150, .T. ) ;
#1046 = AXIS2_PLACEMENT_3D ( 'NONE', #281, #566, #61 ) ;
#1047 = PLANE ( 'NONE',  #959 ) ;
#1048 = DIRECTION ( 'NONE',  ( -0.000000000000000000, 1.000000000000000000, 0.000000000000000000 ) ) ;
#1049 = VECTOR ( 'NONE', #1294, 1000.000000000000000 ) ;
#1050 = FACE_OUTER_BOUND ( 'NONE', #2471, .T. ) ;
#1051 = DIRECTION ( 'NONE',  ( -1.000000000000000000, -0.000000000000000000, -0.000000000000000000 ) ) ;
#1052 = ORIENTED_EDGE ( 'NONE', *, *, #1685, .T. ) ;
#1053 = DIRECTION ( 'NONE',  ( -0.000000000000000000, -0.000000000000000000, 1.000000000000000000 ) ) ;
#1054 = CARTESIAN_POINT ( 'NONE',  ( 0.5199999999999999067, 0.2099999999999999922, 0.7720000000000000195 ) ) ;
#1055 = ORIENTED_EDGE ( 'NONE', *, *, #2705, .T. ) ;
#1056 = DIRECTION ( 'NONE',  ( 0.000000000000000000, -1.000000000000000000, 0.000000000000000000 ) ) ;
#1057 = ORIENTED_EDGE ( 'NONE', *, *, #1645, .T. ) ;
#1058 = ORIENTED_EDGE ( 'NONE', *, *, #427, .F. ) ;
#1059 = CARTESIAN_POINT ( 'NONE',  ( -0.5949999999999999734, -0.05000000000000000278, 0.5820000000000000728 ) ) ;
#1060 = DIRECTION ( 'NONE',  ( 0.000000000000000000, -1.000000000000000000, 0.000000000000000000 ) ) ;
#1061 = CARTESIAN_POINT ( 'NONE',  ( 0.5199999999999999067, -0.05000000000000000278, 0.7920000000000000373 ) ) ;
#1062 = LINE ( 'NONE', #1945, #118 ) ;
#1063 = ORIENTED_EDGE ( 'NONE', *, *, #688, .F. ) ;
#1064 = ADVANCED_FACE ( 'NONE', ( #2154 ), #561, .T. ) ;
#1065 = EDGE_CURVE ( 'NONE', #1493, #948, #1904, .T. ) ;
#1066 = DIRECTION ( 'NONE',  ( -1.000000000000000000, -0.000000000000000000, -0.000000000000000000 ) ) ;
#1067 = EDGE_CURVE ( 'NONE', #2243, #190, #391, .T. ) ;
#1068 = CARTESIAN_POINT ( 'NONE',  ( 0.4999999999999998890, -0.05000000000000000278, 0.7920000000000000373 ) ) ;
#1069 = ORIENTED_EDGE ( 'NONE', *, *, #1278, .T. ) ;
#1070 = CARTESIAN_POINT ( 'NONE',  ( 0.5000000000000000000, 0.000000000000000000, 0.9899999999999997691 ) ) ;
#1071 = ORIENTED_EDGE ( 'NONE', *, *, #1808, .T. ) ;
#1072 = ORIENTED_EDGE ( 'NONE', *, *, #1597, .F. ) ;
#1073 = CARTESIAN_POINT ( 'NONE',  ( -0.1500000000000000777, 0.2099999999999999922, 0.9919999999999999929 ) ) ;
#1074 = DIRECTION ( 'NONE',  ( 0.000000000000000000, 0.000000000000000000, 1.000000000000000000 ) ) ;
#1075 = CARTESIAN_POINT ( 'NONE',  ( -0.7591301318541354703, 0.6979999999999999538, 0.6268972744828066324 ) ) ;
#1076 = ORIENTED_EDGE ( 'NONE', *, *, #1334, .T. ) ;
#1077 =( LENGTH_UNIT ( ) NAMED_UNIT ( * ) SI_UNIT ( .MILLI., .METRE. ) );
#1078 = CARTESIAN_POINT ( 'NONE',  ( 0.5199999999999999067, 0.000000000000000000, 0.7720000000000000195 ) ) ;
#1079 = EDGE_LOOP ( 'NONE', ( #1316, #644 ) ) ;
#1080 = AXIS2_PLACEMENT_3D ( 'NONE', #457, #1991, #1074 ) ;
#1081 = DIRECTION ( 'NONE',  ( 0.000000000000000000, 0.000000000000000000, 1.000000000000000000 ) ) ;
#1082 = ORIENTED_EDGE ( 'NONE', *, *, #1845, .F. ) ;
#1083 = VECTOR ( 'NONE', #1292, 1000.000000000000000 ) ;
#1084 = ORIENTED_EDGE ( 'NONE', *, *, #427, .T. ) ;
#1085 = CYLINDRICAL_SURFACE ( 'NONE', #2161, 0.02000000000000005246 ) ;
#1086 = AXIS2_PLACEMENT_3D ( 'NONE', #52, #1841, #738 ) ;
#1087 = VECTOR ( 'NONE', #884, 1000.000000000000000 ) ;
#1088 = FILL_AREA_STYLE_COLOUR ( '', #1709 ) ;
#1089 = AXIS2_PLACEMENT_3D ( 'NONE', #1620, #2517, #2295 ) ;
#1090 = VECTOR ( 'NONE', #474, 1000.000000000000000 ) ;
#1091 = CARTESIAN_POINT ( 'NONE',  ( -0.7949999999999999289, -0.05000000000000000278, -0.5820000000000000728 ) ) ;
#1092 = CARTESIAN_POINT ( 'NONE',  ( -1.026000000000000023, 0.1481926499693902721, 0.1031376208511891462 ) ) ;
#1093 = ORIENTED_EDGE ( 'NONE', *, *, #1414, .F. ) ;
#1094 = CARTESIAN_POINT ( 'NONE',  ( -1.024999999999999911, 0.6999999999999999556, 0.1031376208511891462 ) ) ;
#1095 = LINE ( 'NONE', #266, #962 ) ;
#1096 = CARTESIAN_POINT ( 'NONE',  ( -0.5200000000000002398, -0.05000000000000000278, -0.7919999999999995932 ) ) ;
#1097 = DIRECTION ( 'NONE',  ( -0.000000000000000000, -0.000000000000000000, 1.000000000000000000 ) ) ;
#1098 = ORIENTED_EDGE ( 'NONE', *, *, #1362, .T. ) ;
#1099 = DIRECTION ( 'NONE',  ( 0.000000000000000000, -0.000000000000000000, -1.000000000000000000 ) ) ;
#1100 = ORIENTED_EDGE ( 'NONE', *, *, #2588, .F. ) ;
#1101 = ADVANCED_FACE ( 'NONE', ( #2343 ), #1047, .T. ) ;
#1102 = EDGE_CURVE ( 'NONE', #1364, #1042, #2173, .T. ) ;
#1103 = VERTEX_POINT ( 'NONE', #1456 ) ;
#1104 = CARTESIAN_POINT ( 'NONE',  ( 1.026000000000000023, 0.09832391021716703483, 0.1031376208511891462 ) ) ;
#1105 = CARTESIAN_POINT ( 'NONE',  ( -0.8000000000000000444, 0.2099999999999999922, 0.9919999999999999929 ) ) ;
#1106 = EDGE_CURVE ( 'NONE', #2270, #835, #2603, .T. ) ;
#1107 = DIRECTION ( 'NONE',  ( 0.000000000000000000, -1.000000000000000000, 0.000000000000000000 ) ) ;
#1108 = DIRECTION ( 'NONE',  ( 0.000000000000000000, 0.000000000000000000, 1.000000000000000000 ) ) ;
#1109 = ORIENTED_EDGE ( 'NONE', *, *, #2713, .F. ) ;
#1110 = DIRECTION ( 'NONE',  ( 0.000000000000000000, 0.000000000000000000, 1.000000000000000000 ) ) ;
#1111 = CARTESIAN_POINT ( 'NONE',  ( -0.5200000000000002398, 0.2099999999999999922, -0.7719999999999994644 ) ) ;
#1112 = EDGE_CURVE ( 'NONE', #1500, #555, #1018, .T. ) ;
#1113 = ORIENTED_EDGE ( 'NONE', *, *, #2104, .F. ) ;
#1114 = DIRECTION ( 'NONE',  ( -0.000000000000000000, 1.000000000000000000, 0.000000000000000000 ) ) ;
#1115 = ORIENTED_EDGE ( 'NONE', *, *, #2362, .T. ) ;
#1116 = VERTEX_POINT ( 'NONE', #1919 ) ;
#1117 = FACE_OUTER_BOUND ( 'NONE', #1712, .T. ) ;
#1118 = EDGE_CURVE ( 'NONE', #2418, #555, #169, .T. ) ;
#1119 = ADVANCED_FACE ( 'NONE', ( #1684 ), #1220, .F. ) ;
#1120 = PLANE ( 'NONE',  #1317 ) ;
#1121 = DIRECTION ( 'NONE',  ( -2.168404344971009262E-15, 0.000000000000000000, -1.000000000000000000 ) ) ;
#1122 = CARTESIAN_POINT ( 'NONE',  ( -0.1500000000000002720, 0.2099999999999999922, -0.9919999999999996598 ) ) ;
#1123 = SURFACE_SIDE_STYLE ('',( #2054 ) ) ;
#1124 = ORIENTED_EDGE ( 'NONE', *, *, #1760, .T. ) ;
#1125 = DIRECTION ( 'NONE',  ( -0.000000000000000000, 1.000000000000000000, -0.000000000000000000 ) ) ;
#1126 = ORIENTED_EDGE ( 'NONE', *, *, #649, .T. ) ;
#1127 = ORIENTED_EDGE ( 'NONE', *, *, #1378, .T. ) ;
#1128 = DIRECTION ( 'NONE',  ( -1.000000000000000000, 0.000000000000000000, -0.000000000000000000 ) ) ;
#1129 = CARTESIAN_POINT ( 'NONE',  ( -0.1500000000000002720, 0.000000000000000000, -0.7919999999999998153 ) ) ;
#1130 = VECTOR ( 'NONE', #1010, 1000.000000000000000 ) ;
#1131 = CIRCLE ( 'NONE', #402, 0.02000000000000016001 ) ;
#1132 = CARTESIAN_POINT ( 'NONE',  ( -0.5200000000000002398, -0.05000000000000000278, -0.7719999999999994644 ) ) ;
#1133 = DIRECTION ( 'NONE',  ( 0.000000000000000000, 0.000000000000000000, 1.000000000000000000 ) ) ;
#1134 = ORIENTED_EDGE ( 'NONE', *, *, #919, .F. ) ;
#1135 = AXIS2_PLACEMENT_3D ( 'NONE', #1054, #1023, #607 ) ;
#1136 = ADVANCED_FACE ( 'NONE', ( #1955 ), #574, .T. ) ;
#1137 = LINE ( 'NONE', #1094, #811 ) ;
#1138 = VECTOR ( 'NONE', #2765, 1000.000000000000000 ) ;
#1139 = LINE ( 'NONE', #1346, #1893 ) ;
#1140 = AXIS2_PLACEMENT_3D ( 'NONE', #322, #1627, #2065 ) ;
#1141 = ORIENTED_EDGE ( 'NONE', *, *, #739, .F. ) ;
#1142 = LINE ( 'NONE', #1385, #1323 ) ;
#1143 = ORIENTED_EDGE ( 'NONE', *, *, #879, .T. ) ;
#1144 = DIRECTION ( 'NONE',  ( -0.000000000000000000, 1.000000000000000000, 0.000000000000000000 ) ) ;
#1145 = VERTEX_POINT ( 'NONE', #1695 ) ;
#1146 = LINE ( 'NONE', #1389, #2446 ) ;
#1147 = DIRECTION ( 'NONE',  ( -5.421010862427523156E-16, 0.000000000000000000, 1.000000000000000000 ) ) ;
#1148 = EDGE_CURVE ( 'NONE', #2028, #1973, #1750, .T. ) ;
#1149 = CARTESIAN_POINT ( 'NONE',  ( 1.026000000000000023, 0.1481926499693902721, -0.1031376208511891462 ) ) ;
#1150 = LINE ( 'NONE', #1536, #1896 ) ;
#1151 = CARTESIAN_POINT ( 'NONE',  ( -0.7591301318541354703, 0.6999999999999999556, 0.6268972744828066324 ) ) ;
#1152 = CARTESIAN_POINT ( 'NONE',  ( 0.1500000000000000777, 0.2099999999999999922, -0.7919999999999998153 ) ) ;
#1153 = FACE_BOUND ( 'NONE', #205, .T. ) ;
#1154 = EDGE_CURVE ( 'NONE', #601, #936, #587, .T. ) ;
#1155 = FACE_BOUND ( 'NONE', #1079, .T. ) ;
#1156 = ADVANCED_FACE ( 'NONE', ( #2563 ), #803, .T. ) ;
#1157 = EDGE_CURVE ( 'NONE', #1723, #1001, #2125, .T. ) ;
#1158 = ORIENTED_EDGE ( 'NONE', *, *, #2543, .F. ) ;
#1159 = CARTESIAN_POINT ( 'NONE',  ( 0.000000000000000000, -0.000000000000000000, 0.9899999999999997691 ) ) ;
#1160 = ORIENTED_EDGE ( 'NONE', *, *, #2415, .T. ) ;
#1161 = CARTESIAN_POINT ( 'NONE',  ( -0.1500000000000000777, -0.05000000000000000278, 0.9919999999999999929 ) ) ;
#1162 = ORIENTED_EDGE ( 'NONE', *, *, #2192, .F. ) ;
#1163 = CARTESIAN_POINT ( 'NONE',  ( -0.7800000000000001377, -0.05000000000000000278, -0.7719999999999995755 ) ) ;
#1164 = DIRECTION ( 'NONE',  ( 0.000000000000000000, 1.000000000000000000, 0.000000000000000000 ) ) ;
#1165 = ORIENTED_EDGE ( 'NONE', *, *, #2017, .F. ) ;
#1166 = DIRECTION ( 'NONE',  ( 0.000000000000000000, -1.000000000000000000, 0.000000000000000000 ) ) ;
#1167 = ADVANCED_FACE ( 'NONE', ( #615 ), #2803, .T. ) ;
#1168 = DIRECTION ( 'NONE',  ( 0.000000000000000000, -1.000000000000000000, 0.000000000000000000 ) ) ;
#1169 = CIRCLE ( 'NONE', #1178, 0.02000000000000005246 ) ;
#1170 = VECTOR ( 'NONE', #2111, 1000.000000000000000 ) ;
#1171 = DIRECTION ( 'NONE',  ( 0.000000000000000000, -1.000000000000000000, 0.000000000000000000 ) ) ;
#1172 = VERTEX_POINT ( 'NONE', #2140 ) ;
#1173 = DIRECTION ( 'NONE',  ( 0.000000000000000000, -1.000000000000000000, 0.000000000000000000 ) ) ;
#1174 = DIRECTION ( 'NONE',  ( -0.000000000000000000, -1.000000000000000000, -0.000000000000000000 ) ) ;
#1175 = PLANE ( 'NONE',  #1302 ) ;
#1176 = EDGE_LOOP ( 'NONE', ( #65, #325, #2859, #21, #1579, #2137 ) ) ;
#1177 = ORIENTED_EDGE ( 'NONE', *, *, #2711, .F. ) ;
#1178 = AXIS2_PLACEMENT_3D ( 'NONE', #141, #1507, #621 ) ;
#1179 = EDGE_LOOP ( 'NONE', ( #1725, #713, #366, #582, #859, #775 ) ) ;
#1180 = DIRECTION ( 'NONE',  ( 0.000000000000000000, -1.000000000000000000, 0.000000000000000000 ) ) ;
#1181 = CARTESIAN_POINT ( 'NONE',  ( 0.7999999999999999334, -0.05000000000000000278, 0.9919999999999999929 ) ) ;
#1182 = DIRECTION ( 'NONE',  ( 0.000000000000000000, 1.000000000000000000, -0.000000000000000000 ) ) ;
#1183 = VECTOR ( 'NONE', #2189, 1000.000000000000000 ) ;
#1184 = LINE ( 'NONE', #1863, #1801 ) ;
#1185 = VECTOR ( 'NONE', #2674, 1000.000000000000000 ) ;
#1186 = DIRECTION ( 'NONE',  ( 1.000000000000000000, 0.000000000000000000, 0.000000000000000000 ) ) ;
#1187 = DIRECTION ( 'NONE',  ( -1.000000000000000000, -0.000000000000000000, -0.000000000000000000 ) ) ;
#1188 = VECTOR ( 'NONE', #2787, 1000.000000000000000 ) ;
#1189 =( GEOMETRIC_REPRESENTATION_CONTEXT ( 3 ) GLOBAL_UNCERTAINTY_ASSIGNED_CONTEXT ( ( #1704 ) ) GLOBAL_UNIT_ASSIGNED_CONTEXT ( ( #1077, #1037, #175 ) ) REPRESENTATION_CONTEXT ( 'NONE', 'WORKASPACE' ) );
#1190 = STYLED_ITEM ( 'NONE', ( #2750 ), #2193 ) ;
#1191 = ORIENTED_EDGE ( 'NONE', *, *, #2880, .F. ) ;
#1192 = VECTOR ( 'NONE', #2174, 1000.000000000000000 ) ;
#1193 = VERTEX_POINT ( 'NONE', #136 ) ;
#1194 = CARTESIAN_POINT ( 'NONE',  ( 0.6700000000000002620, -0.05000000000000000278, 0.3719999999999999418 ) ) ;
#1195 = DIRECTION ( 'NONE',  ( -1.000000000000000000, 0.000000000000000000, 0.000000000000000000 ) ) ;
#1196 = ADVANCED_FACE ( 'NONE', ( #1029 ), #848, .F. ) ;
#1197 = EDGE_CURVE ( 'NONE', #1497, #2796, #890, .T. ) ;
#1198 = DIRECTION ( 'NONE',  ( 0.000000000000000000, 0.000000000000000000, -1.000000000000000000 ) ) ;
#1199 = EDGE_CURVE ( 'NONE', #554, #1789, #2424, .T. ) ;
#1200 = CYLINDRICAL_SURFACE ( 'NONE', #1140, 0.01999999999999999695 ) ;
#1201 = CARTESIAN_POINT ( 'NONE',  ( 0.4999999999999998890, 0.2099999999999999922, 0.7920000000000000373 ) ) ;
#1202 = CARTESIAN_POINT ( 'NONE',  ( 0.8800000000000005596, -0.05000000000000000278, -0.5120000000000001217 ) ) ;
#1203 = CARTESIAN_POINT ( 'NONE',  ( -0.5000000000000000000, -0.05000000000000000278, 0.7920000000000000373 ) ) ;
#1204 = ORIENTED_EDGE ( 'NONE', *, *, #613, .F. ) ;
#1205 = PLANE ( 'NONE',  #2204 ) ;
#1206 = ORIENTED_EDGE ( 'NONE', *, *, #1538, .T. ) ;
#1207 = FACE_OUTER_BOUND ( 'NONE', #435, .T. ) ;
#1208 = ORIENTED_EDGE ( 'NONE', *, *, #609, .T. ) ;
#1209 = LINE ( 'NONE', #98, #1977 ) ;
#1210 =( NAMED_UNIT ( * ) PLANE_ANGLE_UNIT ( ) SI_UNIT ( $, .RADIAN. ) );
#1211 = VECTOR ( 'NONE', #2885, 1000.000000000000000 ) ;
#1212 = CARTESIAN_POINT ( 'NONE',  ( 1.026000000000000023, 0.09832391021716703483, 0.1031376208511891462 ) ) ;
#1213 = CARTESIAN_POINT ( 'NONE',  ( -0.5200000000000000178, 0.000000000000000000, 0.7920000000000000373 ) ) ;
#1214 = CARTESIAN_POINT ( 'NONE',  ( 0.1500000000000000777, 0.2099999999999999922, -0.7919999999999998153 ) ) ;
#1215 = VERTEX_POINT ( 'NONE', #1581 ) ;
#1216 = ORIENTED_EDGE ( 'NONE', *, *, #1458, .F. ) ;
#1217 = ORIENTED_EDGE ( 'NONE', *, *, #2717, .F. ) ;
#1218 = PRESENTATION_STYLE_ASSIGNMENT (( #145 ) ) ;
#1219 = EDGE_LOOP ( 'NONE', ( #469, #1124, #2409, #1531 ) ) ;
#1220 = CYLINDRICAL_SURFACE ( 'NONE', #151, 0.1252271710487145862 ) ;
#1221 = AXIS2_PLACEMENT_3D ( 'NONE', #1715, #138, #1032 ) ;
#1222 = CARTESIAN_POINT ( 'NONE',  ( -1.026000000000000023, 0.09832391021716703483, -0.1031376208511891462 ) ) ;
#1223 = LINE ( 'NONE', #2324, #67 ) ;
#1224 = EDGE_CURVE ( 'NONE', #1291, #237, #2890, .T. ) ;
#1225 = EDGE_CURVE ( 'NONE', #628, #505, #455, .T. ) ;
#1226 = AXIS2_PLACEMENT_3D ( 'NONE', #1794, #1983, #434 ) ;
#1227 = CIRCLE ( 'NONE', #2635, 0.02000000000000005246 ) ;
#1228 = EDGE_CURVE ( 'NONE', #2462, #2518, #194, .T. ) ;
#1229 = VECTOR ( 'NONE', #937, 1000.000000000000000 ) ;
#1230 = ORIENTED_EDGE ( 'NONE', *, *, #2620, .T. ) ;
#1231 = AXIS2_PLACEMENT_3D ( 'NONE', #92, #2305, #1866 ) ;
#1232 = FACE_BOUND ( 'NONE', #1768, .T. ) ;
#1233 = EDGE_LOOP ( 'NONE', ( #1674, #1634, #1650, #1917 ) ) ;
#1234 = PLANE ( 'NONE',  #536 ) ;
#1235 = DIRECTION ( 'NONE',  ( 0.000000000000000000, 0.000000000000000000, -1.000000000000000000 ) ) ;
#1236 = LINE ( 'NONE', #1504, #2780 ) ;
#1237 = ORIENTED_EDGE ( 'NONE', *, *, #285, .T. ) ;
#1238 = CARTESIAN_POINT ( 'NONE',  ( -0.5884999999999999121, 0.000000000000000000, 0.5884999999999999121 ) ) ;
#1239 = CARTESIAN_POINT ( 'NONE',  ( -0.1500000000000002720, 0.2099999999999999922, -0.9919999999999996598 ) ) ;
#1240 = EDGE_CURVE ( 'NONE', #653, #1145, #2691, .T. ) ;
#1241 = PLANE ( 'NONE',  #1135 ) ;
#1242 = APPLICATION_PROTOCOL_DEFINITION ( 'draft international standard', 'automotive_design', 1998, #1293 ) ;
#1243 = EDGE_CURVE ( 'NONE', #1116, #1493, #470, .T. ) ;
#1244 = EDGE_CURVE ( 'NONE', #1486, #7, #2246, .T. ) ;
#1245 = ORIENTED_EDGE ( 'NONE', *, *, #1112, .F. ) ;
#1246 = CARTESIAN_POINT ( 'NONE',  ( 0.7999999999999999334, 0.2099999999999999922, 0.9919999999999999929 ) ) ;
#1247 = VERTEX_POINT ( 'NONE', #2654 ) ;
#1248 = CARTESIAN_POINT ( 'NONE',  ( 0.7799999999999999156, 0.000000000000000000, 0.7920000000000000373 ) ) ;
#1249 = FILL_AREA_STYLE ('',( #292 ) ) ;
#1250 = LINE ( 'NONE', #157, #1130 ) ;
#1251 = CARTESIAN_POINT ( 'NONE',  ( 0.4999999999999998890, 0.2099999999999999922, 0.9919999999999999929 ) ) ;
#1252 = ORIENTED_EDGE ( 'NONE', *, *, #1901, .F. ) ;
#1253 = VERTEX_POINT ( 'NONE', #1798 ) ;
#1254 = FACE_OUTER_BOUND ( 'NONE', #3, .T. ) ;
#1255 = EDGE_LOOP ( 'NONE', ( #923, #529, #1126, #660 ) ) ;
#1256 = VERTEX_POINT ( 'NONE', #5 ) ;
#1257 = FACE_BOUND ( 'NONE', #2350, .T. ) ;
#1258 = ORIENTED_EDGE ( 'NONE', *, *, #1865, .T. ) ;
#1259 = ADVANCED_FACE ( 'NONE', ( #632 ), #2878, .F. ) ;
#1260 = EDGE_LOOP ( 'NONE', ( #528, #1113, #2301, #645 ) ) ;
#1261 = CARTESIAN_POINT ( 'NONE',  ( 0.8000000000000000444, 0.2099999999999999922, 0.7920000000000000373 ) ) ;
#1262 = PLANE ( 'NONE',  #1886 ) ;
#1263 = DIRECTION ( 'NONE',  ( -1.000000000000000000, 0.000000000000000000, -0.000000000000000000 ) ) ;
#1264 = ORIENTED_EDGE ( 'NONE', *, *, #2294, .T. ) ;
#1265 = VECTOR ( 'NONE', #491, 1000.000000000000000 ) ;
#1266 = LINE ( 'NONE', #2827, #1616 ) ;
#1267 = VECTOR ( 'NONE', #29, 1000.000000000000000 ) ;
#1268 = LINE ( 'NONE', #2666, #1733 ) ;
#1269 = VECTOR ( 'NONE', #2573, 1000.000000000000000 ) ;
#1270 = VECTOR ( 'NONE', #1198, 1000.000000000000000 ) ;
#1271 = ORIENTED_EDGE ( 'NONE', *, *, #1671, .T. ) ;
#1272 = DIRECTION ( 'NONE',  ( 0.000000000000000000, -1.000000000000000000, 0.000000000000000000 ) ) ;
#1273 = ORIENTED_EDGE ( 'NONE', *, *, #1065, .T. ) ;
#1274 = STYLED_ITEM ( 'NONE', ( #1811 ), #2834 ) ;
#1275 = VECTOR ( 'NONE', #2108, 1000.000000000000000 ) ;
#1276 = AXIS2_PLACEMENT_3D ( 'NONE', #2318, #2554, #1676 ) ;
#1277 = DIRECTION ( 'NONE',  ( 1.000000000000000000, 0.000000000000000000, 0.000000000000000000 ) ) ;
#1278 = EDGE_CURVE ( 'NONE', #1253, #1876, #1758, .T. ) ;
#1279 = PLANE ( 'NONE',  #14 ) ;
#1280 = EDGE_CURVE ( 'NONE', #464, #1042, #863, .T. ) ;
#1281 = CIRCLE ( 'NONE', #2217, 0.02000000000000005246 ) ;
#1282 = EDGE_CURVE ( 'NONE', #83, #2456, #661, .T. ) ;
#1283 = CYLINDRICAL_SURFACE ( 'NONE', #1368, 0.02000000000000005246 ) ;
#1284 = FACE_OUTER_BOUND ( 'NONE', #1434, .T. ) ;
#1285 = VERTEX_POINT ( 'NONE', #181 ) ;
#1286 = DIRECTION ( 'NONE',  ( -1.000000000000000000, 0.000000000000000000, 0.000000000000000000 ) ) ;
#1287 = FILL_AREA_STYLE_COLOUR ( '', #867 ) ;
#1288 = ORIENTED_EDGE ( 'NONE', *, *, #777, .F. ) ;
#1289 = CARTESIAN_POINT ( 'NONE',  ( 0.9000000000000002442, 0.000000000000000000, 0.3519999999999997575 ) ) ;
#1290 = VERTEX_POINT ( 'NONE', #2671 ) ;
#1291 = VERTEX_POINT ( 'NONE', #1567 ) ;
#1292 = DIRECTION ( 'NONE',  ( -1.000000000000000000, -0.000000000000000000, -0.000000000000000000 ) ) ;
#1293 = APPLICATION_CONTEXT ( 'automotive_design' ) ;
#1294 = DIRECTION ( 'NONE',  ( 0.000000000000000000, -1.000000000000000000, 0.000000000000000000 ) ) ;
#1295 = LINE ( 'NONE', #2645, #957 ) ;
#1296 = CARTESIAN_POINT ( 'NONE',  ( 0.1299999999999998934, -0.05000000000000000278, 0.7920000000000000373 ) ) ;
#1297 = ORIENTED_EDGE ( 'NONE', *, *, #156, .F. ) ;
#1298 = CARTESIAN_POINT ( 'NONE',  ( 0.6700000000000002620, 0.000000000000000000, -0.5320000000000001394 ) ) ;
#1299 = CARTESIAN_POINT ( 'NONE',  ( 0.8800000000000004485, 0.000000000000000000, -0.5320000000000000284 ) ) ;
#1300 = STYLED_ITEM ( 'NONE', ( #1558 ), #41 ) ;
#1301 = ORIENTED_EDGE ( 'NONE', *, *, #1982, .F. ) ;
#1302 = AXIS2_PLACEMENT_3D ( 'NONE', #2793, #2122, #313 ) ;
#1303 = DIRECTION ( 'NONE',  ( 0.000000000000000000, 0.000000000000000000, 1.000000000000000000 ) ) ;
#1304 = ORIENTED_EDGE ( 'NONE', *, *, #150, .F. ) ;
#1305 = ORIENTED_EDGE ( 'NONE', *, *, #2840, .T. ) ;
#1306 = DIRECTION ( 'NONE',  ( 0.000000000000000000, 0.000000000000000000, -1.000000000000000000 ) ) ;
#1307 = CARTESIAN_POINT ( 'NONE',  ( -0.1300000000000002265, 0.2099999999999999922, -0.7719999999999997975 ) ) ;
#1308 = CARTESIAN_POINT ( 'NONE',  ( -1.024999999999999911, 0.09832391021716703483, 1.024999999999999911 ) ) ;
#1309 = ORIENTED_EDGE ( 'NONE', *, *, #2592, .F. ) ;
#1310 = CARTESIAN_POINT ( 'NONE',  ( -1.024999999999999911, 0.09832391021716703483, -0.1031376208511891462 ) ) ;
#1311 = DIRECTION ( 'NONE',  ( 0.000000000000000000, 0.000000000000000000, 1.000000000000000000 ) ) ;
#1312 = EDGE_CURVE ( 'NONE', #2796, #2822, #1322, .T. ) ;
#1313 = ORIENTED_EDGE ( 'NONE', *, *, #1671, .F. ) ;
#1314 = ADVANCED_FACE ( 'NONE', ( #1968 ), #2218, .T. ) ;
#1315 = ADVANCED_FACE ( 'NONE', ( #1117 ), #1085, .T. ) ;
#1316 = ORIENTED_EDGE ( 'NONE', *, *, #2574, .F. ) ;
#1317 = AXIS2_PLACEMENT_3D ( 'NONE', #1343, #1535, #473 ) ;
#1318 = CARTESIAN_POINT ( 'NONE',  ( -0.7591301318541354703, 0.6979999999999999538, 0.8773516165802358602 ) ) ;
#1319 = ORIENTED_EDGE ( 'NONE', *, *, #2215, .F. ) ;
#1320 = VECTOR ( 'NONE', #1911, 1000.000000000000000 ) ;
#1321 = ORIENTED_EDGE ( 'NONE', *, *, #2661, .T. ) ;
#1322 = LINE ( 'NONE', #2848, #634 ) ;
#1323 = VECTOR ( 'NONE', #1399, 1000.000000000000000 ) ;
#1324 = VECTOR ( 'NONE', #745, 1000.000000000000000 ) ;
#1325 = CARTESIAN_POINT ( 'NONE',  ( -0.8000000000000001554, 0.2099999999999999922, -0.7919999999999995932 ) ) ;
#1326 =( GEOMETRIC_REPRESENTATION_CONTEXT ( 3 ) GLOBAL_UNCERTAINTY_ASSIGNED_CONTEXT ( ( #622 ) ) GLOBAL_UNIT_ASSIGNED_CONTEXT ( ( #64, #300, #2147 ) ) REPRESENTATION_CONTEXT ( 'NONE', 'WORKASPACE' ) );
#1327 = VECTOR ( 'NONE', #2037, 1000.000000000000000 ) ;
#1328 = PLANE ( 'NONE',  #298 ) ;
#1329 = CARTESIAN_POINT ( 'NONE',  ( 0.7799999999999999156, 0.000000000000000000, 0.7720000000000000195 ) ) ;
#1330 = AXIS2_PLACEMENT_3D ( 'NONE', #694, #648, #1815 ) ;
#1331 = CARTESIAN_POINT ( 'NONE',  ( 0.1800000000000002431, 0.2099999999999999922, -0.5820000000000000728 ) ) ;
#1332 = DIRECTION ( 'NONE',  ( 0.000000000000000000, 1.000000000000000000, 0.000000000000000000 ) ) ;
#1333 = FACE_OUTER_BOUND ( 'NONE', #399, .T. ) ;
#1334 = EDGE_CURVE ( 'NONE', #2809, #193, #213, .T. ) ;
#1335 = ORIENTED_EDGE ( 'NONE', *, *, #650, .T. ) ;
#1336 = EDGE_CURVE ( 'NONE', #274, #1666, #260, .T. ) ;
#1337 = SURFACE_STYLE_FILL_AREA ( #452 ) ;
#1338 = EDGE_LOOP ( 'NONE', ( #2599, #2542, #920, #583 ) ) ;
#1339 = EDGE_CURVE ( 'NONE', #1, #653, #2283, .T. ) ;
#1340 = ORIENTED_EDGE ( 'NONE', *, *, #1897, .T. ) ;
#1341 = CARTESIAN_POINT ( 'NONE',  ( 0.8000000000000000444, 0.2099999999999999922, -0.7920000000000000373 ) ) ;
#1342 = PRESENTATION_STYLE_ASSIGNMENT (( #2034 ) ) ;
#1343 = CARTESIAN_POINT ( 'NONE',  ( 1.026000000000000023, 0.09832391021716703483, -0.1031376208511891462 ) ) ;
#1344 = CARTESIAN_POINT ( 'NONE',  ( -0.8000000000000000444, 0.2099999999999999922, 0.7920000000000000373 ) ) ;
#1345 = LINE ( 'NONE', #1777, #1267 ) ;
#1346 = CARTESIAN_POINT ( 'NONE',  ( -0.1500000000000000777, -0.05000000000000000278, 0.9919999999999999929 ) ) ;
#1347 = ORIENTED_EDGE ( 'NONE', *, *, #1538, .F. ) ;
#1348 = DIRECTION ( 'NONE',  ( 0.000000000000000000, 1.000000000000000000, 0.000000000000000000 ) ) ;
#1349 = VERTEX_POINT ( 'NONE', #288 ) ;
#1350 = ORIENTED_EDGE ( 'NONE', *, *, #2802, .F. ) ;
#1351 = CARTESIAN_POINT ( 'NONE',  ( 0.6500000000000001332, 0.2099999999999999922, 0.3519999999999997020 ) ) ;
#1352 = PRESENTATION_LAYER_ASSIGNMENT (  '', '', ( #987 ) ) ;
#1353 = PRODUCT_DEFINITION ( 'UNKNOWN', '', #2320, #1646 ) ;
#1354 = LINE ( 'NONE', #1583, #1183 ) ;
#1355 = PLANE ( 'NONE',  #1470 ) ;
#1356 = VERTEX_POINT ( 'NONE', #1194 ) ;
#1357 = PLANE ( 'NONE',  #2310 ) ;
#1358 = CIRCLE ( 'NONE', #1835, 0.02000000000000016001 ) ;
#1359 = CARTESIAN_POINT ( 'NONE',  ( -0.7591301318541354703, 0.6979999999999999538, 0.7521244455315212463 ) ) ;
#1360 = ORIENTED_EDGE ( 'NONE', *, *, #2076, .F. ) ;
#1361 = DIRECTION ( 'NONE',  ( 0.000000000000000000, 1.000000000000000000, 0.000000000000000000 ) ) ;
#1362 = EDGE_CURVE ( 'NONE', #1687, #2270, #1469, .T. ) ;
#1363 = VERTEX_POINT ( 'NONE', #272 ) ;
#1364 = VERTEX_POINT ( 'NONE', #1416 ) ;
#1365 = DIRECTION ( 'NONE',  ( -0.000000000000000000, -0.000000000000000000, -1.000000000000000000 ) ) ;
#1366 = CARTESIAN_POINT ( 'NONE',  ( -1.311459024423942132, 0.2099999999999999922, 0.9899999999999997691 ) ) ;
#1367 = ORIENTED_EDGE ( 'NONE', *, *, #949, .F. ) ;
#1368 = AXIS2_PLACEMENT_3D ( 'NONE', #2120, #2176, #1943 ) ;
#1369 = EDGE_CURVE ( 'NONE', #1789, #1813, #501, .T. ) ;
#1370 = CIRCLE ( 'NONE', #1799, 0.1252271710487145862 ) ;
#1371 = VECTOR ( 'NONE', #1741, 1000.000000000000000 ) ;
#1372 = CARTESIAN_POINT ( 'NONE',  ( 1.024999999999999911, 0.2200000000000000289, 1.024999999999999911 ) ) ;
#1373 = CARTESIAN_POINT ( 'NONE',  ( 0.4999999999999998890, -0.05000000000000000278, -0.7920000000000000373 ) ) ;
#1374 = EDGE_CURVE ( 'NONE', #1876, #1542, #1825, .T. ) ;
#1375 = ORIENTED_EDGE ( 'NONE', *, *, #1224, .F. ) ;
#1376 = DIRECTION ( 'NONE',  ( -2.168404344971009262E-15, 0.000000000000000000, -1.000000000000000000 ) ) ;
#1377 = CIRCLE ( 'NONE', #253, 0.1252271710487145862 ) ;
#1378 = EDGE_CURVE ( 'NONE', #936, #2399, #1146, .T. ) ;
#1379 = LINE ( 'NONE', #2663, #1561 ) ;
#1380 = VECTOR ( 'NONE', #2398, 1000.000000000000000 ) ;
#1381 = LINE ( 'NONE', #204, #820 ) ;
#1382 = FACE_OUTER_BOUND ( 'NONE', #2406, .T. ) ;
#1383 = CIRCLE ( 'NONE', #120, 0.02000000000000005246 ) ;
#1384 = VERTEX_POINT ( 'NONE', #1163 ) ;
#1385 = CARTESIAN_POINT ( 'NONE',  ( -0.1500000000000002720, 0.2099999999999999922, -0.9919999999999996598 ) ) ;
#1386 = EDGE_LOOP ( 'NONE', ( #564, #1997, #889, #112 ) ) ;
#1387 = EDGE_CURVE ( 'NONE', #1963, #208, #38, .T. ) ;
#1388 = ORIENTED_EDGE ( 'NONE', *, *, #2230, .T. ) ;
#1389 = CARTESIAN_POINT ( 'NONE',  ( -0.5200000000000000178, 0.2099999999999999922, 0.7720000000000000195 ) ) ;
#1390 = DIRECTION ( 'NONE',  ( 1.000000000000000000, 0.000000000000000000, 5.019454502247707612E-16 ) ) ;
#1391 = ORIENTED_EDGE ( 'NONE', *, *, #609, .F. ) ;
#1392 = FACE_OUTER_BOUND ( 'NONE', #1386, .T. ) ;
#1393 = CARTESIAN_POINT ( 'NONE',  ( -0.5000000000000002220, -0.05000000000000000278, -0.9919999999999996598 ) ) ;
#1394 = FACE_OUTER_BOUND ( 'NONE', #36, .T. ) ;
#1395 = DIRECTION ( 'NONE',  ( 0.000000000000000000, -1.000000000000000000, 0.000000000000000000 ) ) ;
#1396 = CARTESIAN_POINT ( 'NONE',  ( 0.1800000000000002431, -0.05000000000000000278, -0.5820000000000000728 ) ) ;
#1397 = DIRECTION ( 'NONE',  ( 0.000000000000000000, 0.000000000000000000, -1.000000000000000000 ) ) ;
#1398 = ORIENTED_EDGE ( 'NONE', *, *, #460, .F. ) ;
#1399 = DIRECTION ( 'NONE',  ( 0.000000000000000000, -1.000000000000000000, 0.000000000000000000 ) ) ;
#1400 = ORIENTED_EDGE ( 'NONE', *, *, #950, .F. ) ;
#1401 = ORIENTED_EDGE ( 'NONE', *, *, #931, .T. ) ;
#1402 = CARTESIAN_POINT ( 'NONE',  ( -1.026000000000000023, 0.1481926499693902721, -0.1031376208511891462 ) ) ;
#1403 = CARTESIAN_POINT ( 'NONE',  ( -1.024999999999999911, 0.1481926499693902721, 0.1031376208511891462 ) ) ;
#1404 = DIRECTION ( 'NONE',  ( -5.421010862427523156E-16, 0.000000000000000000, 1.000000000000000000 ) ) ;
#1405 = CYLINDRICAL_SURFACE ( 'NONE', #966, 0.02000000000000005246 ) ;
#1406 = ORIENTED_EDGE ( 'NONE', *, *, #1461, .F. ) ;
#1407 = FACE_OUTER_BOUND ( 'NONE', #1936, .T. ) ;
#1408 = VECTOR ( 'NONE', #1097, 1000.000000000000000 ) ;
#1409 = CARTESIAN_POINT ( 'NONE',  ( 1.026000000000000023, 0.09832391021716703483, 0.1031376208511891462 ) ) ;
#1410 = CARTESIAN_POINT ( 'NONE',  ( 0.4999999999999998890, 0.000000000000000000, 0.7920000000000000373 ) ) ;
#1411 = ADVANCED_FACE ( 'NONE', ( #69 ), #751, .T. ) ;
#1412 = VERTEX_POINT ( 'NONE', #530 ) ;
#1413 = EDGE_CURVE ( 'NONE', #989, #1497, #2715, .T. ) ;
#1414 = EDGE_CURVE ( 'NONE', #1810, #1291, #730, .T. ) ;
#1415 = ORIENTED_EDGE ( 'NONE', *, *, #186, .F. ) ;
#1416 = CARTESIAN_POINT ( 'NONE',  ( 0.1800000000000002431, -0.05000000000000000278, 0.5820000000000000728 ) ) ;
#1417 = LINE ( 'NONE', #307, #590 ) ;
#1418 = VERTEX_POINT ( 'NONE', #2312 ) ;
#1419 = CARTESIAN_POINT ( 'NONE',  ( 1.024999999999999023, 0.2200000000000000011, 0.9899999999999997691 ) ) ;
#1420 = VECTOR ( 'NONE', #1107, 1000.000000000000000 ) ;
#1421 = SURFACE_STYLE_USAGE ( .BOTH. , #89 ) ;
#1422 = AXIS2_PLACEMENT_3D ( 'NONE', #487, #1885, #2736 ) ;
#1423 = CARTESIAN_POINT ( 'NONE',  ( 0.000000000000000000, -0.000000000000000000, 0.9899999999999997691 ) ) ;
#1424 = LINE ( 'NONE', #2740, #1324 ) ;
#1425 = AXIS2_PLACEMENT_3D ( 'NONE', #2453, #627, #1578 ) ;
#1426 = CARTESIAN_POINT ( 'NONE',  ( 0.1499999999999999667, -0.05000000000000000278, 0.9919999999999999929 ) ) ;
#1427 = AXIS2_PLACEMENT_3D ( 'NONE', #1765, #142, #2597 ) ;
#1428 = DIRECTION ( 'NONE',  ( -1.000000000000000000, 0.000000000000000000, 0.000000000000000000 ) ) ;
#1429 = AXIS2_PLACEMENT_3D ( 'NONE', #2205, #488, #1584 ) ;
#1430 = ORIENTED_EDGE ( 'NONE', *, *, #1413, .F. ) ;
#1431 = VERTEX_POINT ( 'NONE', #2366 ) ;
#1432 = VERTEX_POINT ( 'NONE', #1636 ) ;
#1433 = DIRECTION ( 'NONE',  ( 0.000000000000000000, 1.000000000000000000, 0.000000000000000000 ) ) ;
#1434 = EDGE_LOOP ( 'NONE', ( #2454, #657, #2245, #2390, #1577, #810 ) ) ;
#1435 = CARTESIAN_POINT ( 'NONE',  ( -0.8000000000000002665, 0.2200000000000000011, -0.9899999999999997691 ) ) ;
#1436 = FACE_OUTER_BOUND ( 'NONE', #1668, .T. ) ;
#1437 = DIRECTION ( 'NONE',  ( -5.421010862427523156E-16, 0.000000000000000000, -1.000000000000000000 ) ) ;
#1438 = DIRECTION ( 'NONE',  ( 1.000000000000000000, 0.000000000000000000, 0.000000000000000000 ) ) ;
#1439 = ORIENTED_EDGE ( 'NONE', *, *, #2894, .T. ) ;
#1440 = ORIENTED_EDGE ( 'NONE', *, *, #374, .T. ) ;
#1441 = LINE ( 'NONE', #1473, #346 ) ;
#1442 = VERTEX_POINT ( 'NONE', #2532 ) ;
#1443 = CARTESIAN_POINT ( 'NONE',  ( 0.6500000000000001332, -0.05000000000000000278, -0.5119999999999998996 ) ) ;
#1444 = ADVANCED_FACE ( 'NONE', ( #2502 ), #2062, .F. ) ;
#1445 = LINE ( 'NONE', #2720, #782 ) ;
#1446 = EDGE_CURVE ( 'NONE', #1172, #1723, #978, .T. ) ;
#1447 = AXIS2_PLACEMENT_3D ( 'NONE', #2527, #1397, #1833 ) ;
#1448 = DIRECTION ( 'NONE',  ( 0.000000000000000000, 0.000000000000000000, 1.000000000000000000 ) ) ;
#1449 = CYLINDRICAL_SURFACE ( 'NONE', #396, 0.02000000000000016001 ) ;
#1450 = CARTESIAN_POINT ( 'NONE',  ( 1.024999999999999911, 0.6999999999999999556, 1.024999999999999911 ) ) ;
#1451 = EDGE_LOOP ( 'NONE', ( #2602, #2493, #284, #1839, #1245, #2231 ) ) ;
#1452 = ORIENTED_EDGE ( 'NONE', *, *, #1102, .T. ) ;
#1453 = ORIENTED_EDGE ( 'NONE', *, *, #2678, .T. ) ;
#1454 = SURFACE_SIDE_STYLE ('',( #2829 ) ) ;
#1455 = EDGE_LOOP ( 'NONE', ( #1367, #1672, #480, #34 ) ) ;
#1456 = CARTESIAN_POINT ( 'NONE',  ( 1.026000000000000023, 0.1481926499693902721, -0.1031376208511891462 ) ) ;
#1457 = FACE_OUTER_BOUND ( 'NONE', #1338, .T. ) ;
#1458 = EDGE_CURVE ( 'NONE', #338, #876, #1690, .T. ) ;
#1459 = VECTOR ( 'NONE', #2473, 1000.000000000000000 ) ;
#1460 = CARTESIAN_POINT ( 'NONE',  ( 1.026000000000000023, 0.09832391021716703483, 0.1031376208511891462 ) ) ;
#1461 = EDGE_CURVE ( 'NONE', #1349, #991, #354, .T. ) ;
#1462 = CARTESIAN_POINT ( 'NONE',  ( 0.4999999999999998890, -0.05000000000000000278, 0.9919999999999999929 ) ) ;
#1463 = EDGE_CURVE ( 'NONE', #692, #1687, #1814, .T. ) ;
#1464 = CARTESIAN_POINT ( 'NONE',  ( -0.7800000000000000266, 0.2099999999999999922, 0.7720000000000000195 ) ) ;
#1465 = VECTOR ( 'NONE', #2460, 1000.000000000000000 ) ;
#1466 = UNCERTAINTY_MEASURE_WITH_UNIT (LENGTH_MEASURE( 1.000000000000000082E-05 ), #2515, 'distance_accuracy_value', 'NONE');
#1467 = VECTOR ( 'NONE', #328, 1000.000000000000000 ) ;
#1468 = VECTOR ( 'NONE', #1661, 1000.000000000000000 ) ;
#1469 = LINE ( 'NONE', #84, #2499 ) ;
#1470 = AXIS2_PLACEMENT_3D ( 'NONE', #2250, #1573, #1776 ) ;
#1471 = ORIENTED_EDGE ( 'NONE', *, *, #892, .T. ) ;
#1472 =( GEOMETRIC_REPRESENTATION_CONTEXT ( 3 ) GLOBAL_UNCERTAINTY_ASSIGNED_CONTEXT ( ( #945 ) ) GLOBAL_UNIT_ASSIGNED_CONTEXT ( ( #1742, #849, #1696 ) ) REPRESENTATION_CONTEXT ( 'NONE', 'WORKASPACE' ) );
#1473 = CARTESIAN_POINT ( 'NONE',  ( -0.7949999999999999289, -0.05000000000000000278, 0.3820000000000000617 ) ) ;
#1474 = VERTEX_POINT ( 'NONE', #1623 ) ;
#1475 = CARTESIAN_POINT ( 'NONE',  ( 0.4999999999999998890, 0.2099999999999999922, -0.7920000000000000373 ) ) ;
#1476 = PLANE ( 'NONE',  #1900 ) ;
#1477 = ORIENTED_EDGE ( 'NONE', *, *, #1773, .T. ) ;
#1478 = PLANE ( 'NONE',  #1221 ) ;
#1479 = FACE_OUTER_BOUND ( 'NONE', #785, .T. ) ;
#1480 = LINE ( 'NONE', #314, #1884 ) ;
#1481 = LINE ( 'NONE', #1960, #2316 ) ;
#1482 = PRODUCT_CONTEXT ( 'NONE', #1293, 'mechanical' ) ;
#1483 = EDGE_LOOP ( 'NONE', ( #2466, #133, #1881, #2314, #2038, #301 ) ) ;
#1484 = VERTEX_POINT ( 'NONE', #484 ) ;
#1485 = CARTESIAN_POINT ( 'NONE',  ( -1.311459024423942132, 0.2099999999999999922, -0.9899999999999997691 ) ) ;
#1486 = VERTEX_POINT ( 'NONE', #517 ) ;
#1487 = VERTEX_POINT ( 'NONE', #1402 ) ;
#1488 = CARTESIAN_POINT ( 'NONE',  ( -0.7591301318541354703, 0.6979999999999999538, 0.7521244455315212463 ) ) ;
#1489 =( LENGTH_UNIT ( ) NAMED_UNIT ( * ) SI_UNIT ( .MILLI., .METRE. ) );
#1490 = VERTEX_POINT ( 'NONE', #2403 ) ;
#1491 = CARTESIAN_POINT ( 'NONE',  ( 0.000000000000000000, 0.000000000000000000, -0.5320000000000000284 ) ) ;
#1492 = PLANE ( 'NONE',  #2123 ) ;
#1493 = VERTEX_POINT ( 'NONE', #403 ) ;
#1494 = CARTESIAN_POINT ( 'NONE',  ( 0.000000000000000000, -0.000000000000000000, -0.9899999999999997691 ) ) ;
#1495 = DIRECTION ( 'NONE',  ( 0.000000000000000000, -1.000000000000000000, 0.000000000000000000 ) ) ;
#1496 = EDGE_CURVE ( 'NONE', #1193, #1474, #1481, .T. ) ;
#1497 = VERTEX_POINT ( 'NONE', #1976 ) ;
#1498 = EDGE_CURVE ( 'NONE', #1193, #844, #2377, .T. ) ;
#1499 = LINE ( 'NONE', #1485, #2551 ) ;
#1500 = VERTEX_POINT ( 'NONE', #623 ) ;
#1501 = ADVANCED_FACE ( 'NONE', ( #1254 ), #641, .F. ) ;
#1502 = ORIENTED_EDGE ( 'NONE', *, *, #950, .T. ) ;
#1503 = DIRECTION ( 'NONE',  ( -1.000000000000000000, -0.000000000000000000, -0.000000000000000000 ) ) ;
#1504 = CARTESIAN_POINT ( 'NONE',  ( 0.1499999999999999667, 0.2200000000000000011, 0.9899999999999997691 ) ) ;
#1505 = CARTESIAN_POINT ( 'NONE',  ( -0.7591301318541354703, 0.6979999999999999538, 0.7521244455315212463 ) ) ;
#1506 = CARTESIAN_POINT ( 'NONE',  ( 0.8000000000000004885, 0.000000000000000000, 4.336808689942020694E-16 ) ) ;
#1507 = DIRECTION ( 'NONE',  ( 0.000000000000000000, -1.000000000000000000, 0.000000000000000000 ) ) ;
#1508 = CARTESIAN_POINT ( 'NONE',  ( 1.024999999999999911, 0.6999999999999999556, -0.9899999999999995470 ) ) ;
#1509 = AXIS2_PLACEMENT_3D ( 'NONE', #1061, #1522, #1688 ) ;
#1510 = CIRCLE ( 'NONE', #1002, 0.02000000000000005246 ) ;
#1511 = VECTOR ( 'NONE', #1503, 1000.000000000000000 ) ;
#1512 = ORIENTED_EDGE ( 'NONE', *, *, #207, .F. ) ;
#1513 = LINE ( 'NONE', #2421, #543 ) ;
#1514 = ORIENTED_EDGE ( 'NONE', *, *, #2801, .F. ) ;
#1515 =( GEOMETRIC_REPRESENTATION_CONTEXT ( 3 ) GLOBAL_UNCERTAINTY_ASSIGNED_CONTEXT ( ( #1734 ) ) GLOBAL_UNIT_ASSIGNED_CONTEXT ( ( #947, #702, #80 ) ) REPRESENTATION_CONTEXT ( 'NONE', 'WORKASPACE' ) );
#1516 = VECTOR ( 'NONE', #714, 1000.000000000000000 ) ;
#1517 = ORIENTED_EDGE ( 'NONE', *, *, #507, .T. ) ;
#1518 = CIRCLE ( 'NONE', #2506, 0.02000000000000016001 ) ;
#1519 = DIRECTION ( 'NONE',  ( 0.000000000000000000, -1.000000000000000000, 0.000000000000000000 ) ) ;
#1520 = SURFACE_SIDE_STYLE ('',( #837 ) ) ;
#1521 = STYLED_ITEM ( 'NONE', ( #1714 ), #2334 ) ;
#1522 = DIRECTION ( 'NONE',  ( 0.000000000000000000, -1.000000000000000000, 0.000000000000000000 ) ) ;
#1523 = DIRECTION ( 'NONE',  ( 0.000000000000000000, -1.000000000000000000, 0.000000000000000000 ) ) ;
#1524 = ORIENTED_EDGE ( 'NONE', *, *, #892, .F. ) ;
#1525 = CARTESIAN_POINT ( 'NONE',  ( 1.026000000000000023, 0.09832391021716703483, -0.1031376208511891462 ) ) ;
#1526 = PLANE ( 'NONE',  #2759 ) ;
#1527 = ORIENTED_EDGE ( 'NONE', *, *, #1923, .T. ) ;
#1528 = LINE ( 'NONE', #2027, #113 ) ;
#1529 = ORIENTED_EDGE ( 'NONE', *, *, #1225, .T. ) ;
#1530 = LINE ( 'NONE', #1844, #903 ) ;
#1531 = ORIENTED_EDGE ( 'NONE', *, *, #963, .F. ) ;
#1532 = CARTESIAN_POINT ( 'NONE',  ( 0.5199999999999999067, 0.2099999999999999922, 0.7920000000000000373 ) ) ;
#1533 = LINE ( 'NONE', #1596, #2323 ) ;
#1534 = EDGE_CURVE ( 'NONE', #405, #388, #2869, .T. ) ;
#1535 = DIRECTION ( 'NONE',  ( 0.000000000000000000, 0.000000000000000000, 1.000000000000000000 ) ) ;
#1536 = CARTESIAN_POINT ( 'NONE',  ( 1.026000000000000023, 0.09832391021716703483, -0.1031376208511891462 ) ) ;
#1537 = ADVANCED_FACE ( 'NONE', ( #415 ), #132, .T. ) ;
#1538 = EDGE_CURVE ( 'NONE', #1497, #167, #1266, .T. ) ;
#1539 = DIRECTION ( 'NONE',  ( 0.000000000000000000, -1.000000000000000000, 0.000000000000000000 ) ) ;
#1540 = CARTESIAN_POINT ( 'NONE',  ( 0.8000000000000000444, -0.05000000000000000278, -0.7920000000000000373 ) ) ;
#1541 = APPLICATION_CONTEXT ( 'automotive_design' ) ;
#1542 = VERTEX_POINT ( 'NONE', #2619 ) ;
#1543 = VECTOR ( 'NONE', #999, 1000.000000000000000 ) ;
#1544 = CARTESIAN_POINT ( 'NONE',  ( 0.4999999999999995559, 0.000000000000000000, -0.9899999999999997691 ) ) ;
#1545 = VERTEX_POINT ( 'NONE', #1298 ) ;
#1546 = LINE ( 'NONE', #341, #2255 ) ;
#1547 = ORIENTED_EDGE ( 'NONE', *, *, #1148, .F. ) ;
#1548 = CARTESIAN_POINT ( 'NONE',  ( -0.5949999999999999734, 0.2099999999999999922, 0.5820000000000000728 ) ) ;
#1549 = LINE ( 'NONE', #707, #206 ) ;
#1550 = LINE ( 'NONE', #2416, #1420 ) ;
#1551 = CARTESIAN_POINT ( 'NONE',  ( -0.1300000000000002265, -0.05000000000000000278, -0.7919999999999998153 ) ) ;
#1552 = VERTEX_POINT ( 'NONE', #2194 ) ;
#1553 = EDGE_CURVE ( 'NONE', #1247, #2519, #2808, .T. ) ;
#1554 = EDGE_CURVE ( 'NONE', #2731, #2178, #655, .T. ) ;
#1555 = DIRECTION ( 'NONE',  ( 0.000000000000000000, -1.000000000000000000, 0.000000000000000000 ) ) ;
#1556 = PRESENTATION_STYLE_ASSIGNMENT (( #2707 ) ) ;
#1557 = ADVANCED_FACE ( 'NONE', ( #2431 ), #1241, .T. ) ;
#1558 = PRESENTATION_STYLE_ASSIGNMENT (( #187 ) ) ;
#1559 = VECTOR ( 'NONE', #1851, 1000.000000000000000 ) ;
#1560 = VERTEX_POINT ( 'NONE', #2389 ) ;
#1561 = VECTOR ( 'NONE', #883, 1000.000000000000000 ) ;
#1562 = LINE ( 'NONE', #2686, #1043 ) ;
#1563 = ORIENTED_EDGE ( 'NONE', *, *, #2107, .T. ) ;
#1564 = DIRECTION ( 'NONE',  ( -0.000000000000000000, 0.000000000000000000, -1.000000000000000000 ) ) ;
#1565 = VECTOR ( 'NONE', #421, 1000.000000000000000 ) ;
#1566 = EDGE_LOOP ( 'NONE', ( #659, #2877, #816, #238 ) ) ;
#1567 = CARTESIAN_POINT ( 'NONE',  ( 0.1500000000000000777, -0.05000000000000000278, 0.7920000000000000373 ) ) ;
#1568 = STYLED_ITEM ( 'NONE', ( #1218 ), #2681 ) ;
#1569 = AXIS2_PLACEMENT_3D ( 'NONE', #1587, #2723, #430 ) ;
#1570 = LINE ( 'NONE', #2438, #1049 ) ;
#1571 = VECTOR ( 'NONE', #1437, 1000.000000000000000 ) ;
#1572 = CARTESIAN_POINT ( 'NONE',  ( -0.1300000000000002265, -0.05000000000000000278, -0.7719999999999997975 ) ) ;
#1573 = DIRECTION ( 'NONE',  ( -0.000000000000000000, 1.000000000000000000, 0.000000000000000000 ) ) ;
#1574 = DIRECTION ( 'NONE',  ( 0.000000000000000000, -1.000000000000000000, 0.000000000000000000 ) ) ;
#1575 = LINE ( 'NONE', #249, #585 ) ;
#1576 = FACE_OUTER_BOUND ( 'NONE', #639, .T. ) ;
#1577 = ORIENTED_EDGE ( 'NONE', *, *, #1414, .T. ) ;
#1578 = DIRECTION ( 'NONE',  ( -1.000000000000000000, 0.000000000000000000, 1.445602896647340297E-15 ) ) ;
#1579 = ORIENTED_EDGE ( 'NONE', *, *, #559, .F. ) ;
#1580 = EDGE_LOOP ( 'NONE', ( #1527, #1939, #173, #362, #1471, #1035 ) ) ;
#1581 = CARTESIAN_POINT ( 'NONE',  ( 0.1499999999999999667, 0.000000000000000000, 0.9899999999999997691 ) ) ;
#1582 = FILL_AREA_STYLE ('',( #1088 ) ) ;
#1583 = CARTESIAN_POINT ( 'NONE',  ( 0.7999999999999999334, 0.2099999999999999922, 0.9919999999999999929 ) ) ;
#1584 = DIRECTION ( 'NONE',  ( 0.000000000000000000, 0.000000000000000000, 1.000000000000000000 ) ) ;
#1585 = ORIENTED_EDGE ( 'NONE', *, *, #334, .F. ) ;
#1586 = DIRECTION ( 'NONE',  ( -5.019454502247707612E-16, 0.000000000000000000, 1.000000000000000000 ) ) ;
#1587 = CARTESIAN_POINT ( 'NONE',  ( 0.6700000000000002620, 0.000000000000000000, -0.5120000000000001217 ) ) ;
#1588 = LINE ( 'NONE', #2278, #799 ) ;
#1589 = ORIENTED_EDGE ( 'NONE', *, *, #2254, .T. ) ;
#1590 = PLANE ( 'NONE',  #584 ) ;
#1591 = ORIENTED_EDGE ( 'NONE', *, *, #2155, .T. ) ;
#1592 = EDGE_CURVE ( 'NONE', #19, #388, #1949, .T. ) ;
#1593 = EDGE_CURVE ( 'NONE', #505, #211, #1735, .T. ) ;
#1594 = EDGE_LOOP ( 'NONE', ( #4, #589, #2100, #486, #379, #1857 ) ) ;
#1595 = CARTESIAN_POINT ( 'NONE',  ( -0.8000000000000002665, 0.2099999999999999922, -0.9919999999999996598 ) ) ;
#1596 = CARTESIAN_POINT ( 'NONE',  ( 0.000000000000000000, -0.000000000000000000, 0.7720000000000000195 ) ) ;
#1597 = EDGE_CURVE ( 'NONE', #1702, #598, #1377, .T. ) ;
#1598 = CARTESIAN_POINT ( 'NONE',  ( 0.1800000000000002431, 0.2099999999999999922, 0.5820000000000000728 ) ) ;
#1599 = CARTESIAN_POINT ( 'NONE',  ( 1.026000000000000023, 0.1481926499693902721, 0.1031376208511891462 ) ) ;
#1600 = ORIENTED_EDGE ( 'NONE', *, *, #1849, .T. ) ;
#1601 = LINE ( 'NONE', #265, #2307 ) ;
#1602 = FILL_AREA_STYLE_COLOUR ( '', #2636 ) ;
#1603 = ORIENTED_EDGE ( 'NONE', *, *, #510, .F. ) ;
#1604 = CYLINDRICAL_SURFACE ( 'NONE', #1985, 0.02000000000000016001 ) ;
#1605 = VECTOR ( 'NONE', #1428, 1000.000000000000000 ) ;
#1606 = ORIENTED_EDGE ( 'NONE', *, *, #2512, .T. ) ;
#1607 = AXIS2_PLACEMENT_3D ( 'NONE', #363, #1913, #1699 ) ;
#1608 = ORIENTED_EDGE ( 'NONE', *, *, #2275, .T. ) ;
#1609 = CARTESIAN_POINT ( 'NONE',  ( 0.1500000000000000777, 0.2099999999999999922, -0.7919999999999998153 ) ) ;
#1610 = CARTESIAN_POINT ( 'NONE',  ( 0.1299999999999998934, -0.05000000000000000278, -0.7919999999999998153 ) ) ;
#1611 = AXIS2_PLACEMENT_3D ( 'NONE', #116, #1008, #1235 ) ;
#1612 = LINE ( 'NONE', #2505, #2581 ) ;
#1613 = AXIS2_PLACEMENT_3D ( 'NONE', #387, #1272, #2391 ) ;
#1614 = DIRECTION ( 'NONE',  ( 0.000000000000000000, -1.000000000000000000, 0.000000000000000000 ) ) ;
#1615 = CYLINDRICAL_SURFACE ( 'NONE', #2455, 0.02000000000000005246 ) ;
#1616 = VECTOR ( 'NONE', #1720, 1000.000000000000000 ) ;
#1617 = SURFACE_SIDE_STYLE ('',( #101 ) ) ;
#1618 = VECTOR ( 'NONE', #911, 1000.000000000000000 ) ;
#1619 = DIRECTION ( 'NONE',  ( 1.000000000000000000, 0.000000000000000000, 0.000000000000000000 ) ) ;
#1620 = CARTESIAN_POINT ( 'NONE',  ( 0.1299999999999998934, 0.000000000000000000, -0.7919999999999998153 ) ) ;
#1621 = VERTEX_POINT ( 'NONE', #30 ) ;
#1622 = VERTEX_POINT ( 'NONE', #929 ) ;
#1623 = CARTESIAN_POINT ( 'NONE',  ( 0.8800000000000000044, -0.05000000000000000278, 0.3719999999999999418 ) ) ;
#1624 = CARTESIAN_POINT ( 'NONE',  ( -0.1300000000000002265, 0.000000000000000000, -0.7919999999999998153 ) ) ;
#1625 = ORIENTED_EDGE ( 'NONE', *, *, #31, .F. ) ;
#1626 = CARTESIAN_POINT ( 'NONE',  ( 0.5199999999999999067, -0.05000000000000000278, -0.7720000000000000195 ) ) ;
#1627 = DIRECTION ( 'NONE',  ( 0.000000000000000000, -1.000000000000000000, 0.000000000000000000 ) ) ;
#1628 = EDGE_CURVE ( 'NONE', #1116, #862, #2491, .T. ) ;
#1629 = EDGE_CURVE ( 'NONE', #237, #268, #1139, .T. ) ;
#1630 = CARTESIAN_POINT ( 'NONE',  ( -1.024999999999999911, 0.000000000000000000, -0.9899999999999997691 ) ) ;
#1631 = EDGE_CURVE ( 'NONE', #2279, #2202, #1381, .T. ) ;
#1632 = DIRECTION ( 'NONE',  ( 0.000000000000000000, -1.000000000000000000, 0.000000000000000000 ) ) ;
#1633 = SURFACE_SIDE_STYLE ('',( #1337 ) ) ;
#1634 = ORIENTED_EDGE ( 'NONE', *, *, #1771, .T. ) ;
#1635 = ORIENTED_EDGE ( 'NONE', *, *, #468, .T. ) ;
#1636 = CARTESIAN_POINT ( 'NONE',  ( -0.8000000000000000444, 0.2099999999999999922, 0.9919999999999999929 ) ) ;
#1637 = DIRECTION ( 'NONE',  ( 1.000000000000000000, 0.000000000000000000, 0.000000000000000000 ) ) ;
#1638 = PLANE ( 'NONE',  #243 ) ;
#1639 = COLOUR_RGB ( '',0.1098039215686274495, 0.1098039215686274495, 0.1098039215686274495 ) ;
#1640 = DIRECTION ( 'NONE',  ( 0.000000000000000000, 0.000000000000000000, 1.000000000000000000 ) ) ;
#1641 = CARTESIAN_POINT ( 'NONE',  ( 1.026000000000000023, 0.1481926499693902721, 0.1031376208511891462 ) ) ;
#1642 = CARTESIAN_POINT ( 'NONE',  ( -0.8000000000000001554, 0.000000000000000000, -0.7919999999999995932 ) ) ;
#1643 = DIRECTION ( 'NONE',  ( 0.000000000000000000, 0.000000000000000000, -1.000000000000000000 ) ) ;
#1644 = CARTESIAN_POINT ( 'NONE',  ( 0.9000000000000005773, -0.05000000000000000278, -0.5119999999999998996 ) ) ;
#1645 = EDGE_CURVE ( 'NONE', #1349, #900, #2276, .T. ) ;
#1646 = PRODUCT_DEFINITION_CONTEXT ( 'detailed design', #1541, 'design' ) ;
#1647 = EDGE_CURVE ( 'NONE', #2150, #168, #1095, .T. ) ;
#1648 = ORIENTED_EDGE ( 'NONE', *, *, #2656, .T. ) ;
#1649 = SURFACE_STYLE_USAGE ( .BOTH. , #1633 ) ;
#1650 = ORIENTED_EDGE ( 'NONE', *, *, #1756, .T. ) ;
#1651 = CARTESIAN_POINT ( 'NONE',  ( 0.8000000000000000444, -0.05000000000000000278, 0.7920000000000000373 ) ) ;
#1652 = ORIENTED_EDGE ( 'NONE', *, *, #227, .F. ) ;
#1653 = DIRECTION ( 'NONE',  ( 0.000000000000000000, -1.000000000000000000, 0.000000000000000000 ) ) ;
#1654 = VECTOR ( 'NONE', #757, 1000.000000000000000 ) ;
#1655 = CARTESIAN_POINT ( 'NONE',  ( -0.5200000000000000178, 0.000000000000000000, 0.7720000000000000195 ) ) ;
#1656 = MECHANICAL_DESIGN_GEOMETRIC_PRESENTATION_REPRESENTATION (  '', ( #11 ), #2584 ) ;
#1657 = ORIENTED_EDGE ( 'NONE', *, *, #2215, .T. ) ;
#1658 =( GEOMETRIC_REPRESENTATION_CONTEXT ( 3 ) GLOBAL_UNCERTAINTY_ASSIGNED_CONTEXT ( ( #353 ) ) GLOBAL_UNIT_ASSIGNED_CONTEXT ( ( #2879, #439, #26 ) ) REPRESENTATION_CONTEXT ( 'NONE', 'WORKASPACE' ) );
#1659 = VECTOR ( 'NONE', #766, 1000.000000000000000 ) ;
#1660 = CARTESIAN_POINT ( 'NONE',  ( 0.4999999999999998890, 0.000000000000000000, 0.000000000000000000 ) ) ;
#1661 = DIRECTION ( 'NONE',  ( -1.000000000000000000, -0.000000000000000000, -0.000000000000000000 ) ) ;
#1662 = CIRCLE ( 'NONE', #633, 0.02000000000000005246 ) ;
#1663 = DIRECTION ( 'NONE',  ( 0.000000000000000000, -1.000000000000000000, 0.000000000000000000 ) ) ;
#1664 = CIRCLE ( 'NONE', #776, 0.02000000000000016001 ) ;
#1665 = FACE_OUTER_BOUND ( 'NONE', #1693, .T. ) ;
#1666 = VERTEX_POINT ( 'NONE', #2477 ) ;
#1667 = CIRCLE ( 'NONE', #400, 0.02000000000000016001 ) ;
#1668 = EDGE_LOOP ( 'NONE', ( #2097, #2670, #678, #2729 ) ) ;
#1669 = EDGE_LOOP ( 'NONE', ( #1401, #1026, #140, #1013, #1388, #2386 ) ) ;
#1670 = STYLED_ITEM ( 'NONE', ( #1342 ), #2367 ) ;
#1671 = EDGE_CURVE ( 'NONE', #2281, #1813, #665, .T. ) ;
#1672 = ORIENTED_EDGE ( 'NONE', *, *, #2588, .T. ) ;
#1673 = CARTESIAN_POINT ( 'NONE',  ( -0.8000000000000002665, 0.2099999999999999922, -0.9919999999999996598 ) ) ;
#1674 = ORIENTED_EDGE ( 'NONE', *, *, #2152, .T. ) ;
#1675 = DIRECTION ( 'NONE',  ( 1.000000000000000000, 0.000000000000000000, 0.000000000000000000 ) ) ;
#1676 = DIRECTION ( 'NONE',  ( 1.000000000000000000, 0.000000000000000000, -0.000000000000000000 ) ) ;
#1677 = ORIENTED_EDGE ( 'NONE', *, *, #512, .F. ) ;
#1678 = PLANE ( 'NONE',  #195 ) ;
#1679 = DIRECTION ( 'NONE',  ( 0.000000000000000000, 0.000000000000000000, -1.000000000000000000 ) ) ;
#1680 = ORIENTED_EDGE ( 'NONE', *, *, #1691, .T. ) ;
#1681 = CARTESIAN_POINT ( 'NONE',  ( 1.024999999999999911, 0.1481926499693902721, 1.024999999999999911 ) ) ;
#1682 = EDGE_CURVE ( 'NONE', #2298, #1927, #2253, .T. ) ;
#1683 = ADVANCED_FACE ( 'NONE', ( #1819, #1153 ), #899, .F. ) ;
#1684 = FACE_OUTER_BOUND ( 'NONE', #778, .T. ) ;
#1685 = EDGE_CURVE ( 'NONE', #2045, #19, #477, .T. ) ;
#1686 = DIRECTION ( 'NONE',  ( 0.000000000000000000, -1.000000000000000000, 0.000000000000000000 ) ) ;
#1687 = VERTEX_POINT ( 'NONE', #2680 ) ;
#1688 = DIRECTION ( 'NONE',  ( 0.000000000000000000, 0.000000000000000000, 1.000000000000000000 ) ) ;
#1689 = DIRECTION ( 'NONE',  ( 0.000000000000000000, 0.000000000000000000, -1.000000000000000000 ) ) ;
#1690 = LINE ( 'NONE', #737, #115 ) ;
#1691 = EDGE_CURVE ( 'NONE', #2660, #927, #1575, .T. ) ;
#1692 = ORIENTED_EDGE ( 'NONE', *, *, #2378, .T. ) ;
#1693 = EDGE_LOOP ( 'NONE', ( #1747, #2369, #2273, #2058 ) ) ;
#1694 = ORIENTED_EDGE ( 'NONE', *, *, #1682, .T. ) ;
#1695 = CARTESIAN_POINT ( 'NONE',  ( 0.7799999999999999156, -0.05000000000000000278, 0.7719999999999999085 ) ) ;
#1696 =( NAMED_UNIT ( * ) SI_UNIT ( $, .STERADIAN. ) SOLID_ANGLE_UNIT ( ) );
#1697 = VECTOR ( 'NONE', #898, 1000.000000000000000 ) ;
#1698 = AXIS2_PLACEMENT_3D ( 'NONE', #2249, #2018, #893 ) ;
#1699 = DIRECTION ( 'NONE',  ( 0.000000000000000000, 0.000000000000000000, -1.000000000000000000 ) ) ;
#1700 = DIRECTION ( 'NONE',  ( 2.710505431213758718E-15, -0.000000000000000000, 1.000000000000000000 ) ) ;
#1701 = PRODUCT_RELATED_PRODUCT_CATEGORY ( 'part', '', ( #1947 ) ) ;
#1702 = VERTEX_POINT ( 'NONE', #1832 ) ;
#1703 = VECTOR ( 'NONE', #2458, 1000.000000000000000 ) ;
#1704 = UNCERTAINTY_MEASURE_WITH_UNIT (LENGTH_MEASURE( 1.000000000000000082E-05 ), #1077, 'distance_accuracy_value', 'NONE');
#1705 = VECTOR ( 'NONE', #797, 1000.000000000000000 ) ;
#1706 = DIRECTION ( 'NONE',  ( 0.000000000000000000, 0.000000000000000000, -1.000000000000000000 ) ) ;
#1707 = CIRCLE ( 'NONE', #964, 0.02000000000000005246 ) ;
#1708 = EDGE_LOOP ( 'NONE', ( #904, #967, #1869, #246 ) ) ;
#1709 = COLOUR_RGB ( '',0.1098039215686274495, 0.1098039215686274495, 0.1098039215686274495 ) ;
#1710 = CARTESIAN_POINT ( 'NONE',  ( -0.7591301318541354703, 0.6979999999999999538, 0.7521244455315212463 ) ) ;
#1711 = ORIENTED_EDGE ( 'NONE', *, *, #1842, .T. ) ;
#1712 = EDGE_LOOP ( 'NONE', ( #1652, #2531, #2847, #122 ) ) ;
#1713 = CARTESIAN_POINT ( 'NONE',  ( -0.7949999999999999289, 0.2099999999999999922, -0.5820000000000000728 ) ) ;
#1714 = PRESENTATION_STYLE_ASSIGNMENT (( #824 ) ) ;
#1715 = CARTESIAN_POINT ( 'NONE',  ( 0.1299999999999998934, 0.2099999999999999922, 0.7920000000000000373 ) ) ;
#1716 = DIRECTION ( 'NONE',  ( 0.000000000000000000, -1.000000000000000000, 0.000000000000000000 ) ) ;
#1717 = ORIENTED_EDGE ( 'NONE', *, *, #247, .F. ) ;
#1718 = EDGE_CURVE ( 'NONE', #862, #1545, #303, .T. ) ;
#1719 = EDGE_CURVE ( 'NONE', #1290, #168, #2884, .T. ) ;
#1720 = DIRECTION ( 'NONE',  ( 0.000000000000000000, 0.000000000000000000, -1.000000000000000000 ) ) ;
#1721 = ADVANCED_FACE ( 'NONE', ( #121 ), #1449, .T. ) ;
#1722 = CARTESIAN_POINT ( 'NONE',  ( 0.8800000000000002265, 0.000000000000000000, 0.3519999999999999241 ) ) ;
#1723 = VERTEX_POINT ( 'NONE', #335 ) ;
#1724 = CARTESIAN_POINT ( 'NONE',  ( 0.1500000000000000222, 0.000000000000000000, 0.7920000000000000373 ) ) ;
#1725 = ORIENTED_EDGE ( 'NONE', *, *, #1743, .F. ) ;
#1726 = VERTEX_POINT ( 'NONE', #1878 ) ;
#1727 = CARTESIAN_POINT ( 'NONE',  ( -0.5000000000000001110, -0.05000000000000000278, -0.7919999999999995932 ) ) ;
#1728 = DIRECTION ( 'NONE',  ( 0.000000000000000000, 0.000000000000000000, 1.000000000000000000 ) ) ;
#1729 = DIRECTION ( 'NONE',  ( -0.7071067811865474617, 0.000000000000000000, -0.7071067811865474617 ) ) ;
#1730 = LINE ( 'NONE', #1506, #546 ) ;
#1731 = ORIENTED_EDGE ( 'NONE', *, *, #2415, .F. ) ;
#1732 = CARTESIAN_POINT ( 'NONE',  ( 0.1499999999999995226, 0.000000000000000000, -0.9899999999999997691 ) ) ;
#1733 = VECTOR ( 'NONE', #2404, 1000.000000000000000 ) ;
#1734 = UNCERTAINTY_MEASURE_WITH_UNIT (LENGTH_MEASURE( 1.000000000000000082E-05 ), #947, 'distance_accuracy_value', 'NONE');
#1735 = LINE ( 'NONE', #1508, #347 ) ;
#1736 = VECTOR ( 'NONE', #1286, 1000.000000000000000 ) ;
#1737 = ORIENTED_EDGE ( 'NONE', *, *, #2448, .F. ) ;
#1738 = CARTESIAN_POINT ( 'NONE',  ( 1.026000000000000023, 0.09832391021716703483, -0.1031376208511891462 ) ) ;
#1739 = ORIENTED_EDGE ( 'NONE', *, *, #1197, .F. ) ;
#1740 = VERTEX_POINT ( 'NONE', #1855 ) ;
#1741 = DIRECTION ( 'NONE',  ( 0.000000000000000000, -1.000000000000000000, 0.000000000000000000 ) ) ;
#1742 =( LENGTH_UNIT ( ) NAMED_UNIT ( * ) SI_UNIT ( .MILLI., .METRE. ) );
#1743 = EDGE_CURVE ( 'NONE', #2340, #345, #756, .T. ) ;
#1744 = ORIENTED_EDGE ( 'NONE', *, *, #2574, .T. ) ;
#1745 = CARTESIAN_POINT ( 'NONE',  ( 0.8000000000000000444, -0.05000000000000000278, -0.7920000000000000373 ) ) ;
#1746 = FACE_OUTER_BOUND ( 'NONE', #1708, .T. ) ;
#1747 = ORIENTED_EDGE ( 'NONE', *, *, #355, .T. ) ;
#1748 = VECTOR ( 'NONE', #130, 1000.000000000000000 ) ;
#1749 = CIRCLE ( 'NONE', #1613, 0.02000000000000005246 ) ;
#1750 = CIRCLE ( 'NONE', #726, 0.02000000000000016001 ) ;
#1751 = ORIENTED_EDGE ( 'NONE', *, *, #2540, .T. ) ;
#1752 = DIRECTION ( 'NONE',  ( 1.000000000000000000, 0.000000000000000000, -5.421010862427523156E-16 ) ) ;
#1753 = ORIENTED_EDGE ( 'NONE', *, *, #467, .F. ) ;
#1754 = AXIS2_PLACEMENT_3D ( 'NONE', #2696, #1791, #2464 ) ;
#1755 = EDGE_CURVE ( 'NONE', #936, #2392, #1664, .T. ) ;
#1756 = EDGE_CURVE ( 'NONE', #2113, #1290, #511, .T. ) ;
#1757 = VECTOR ( 'NONE', #1051, 1000.000000000000000 ) ;
#1758 = LINE ( 'NONE', #1073, #1083 ) ;
#1759 = CARTESIAN_POINT ( 'NONE',  ( -0.5200000000000000178, -0.05000000000000000278, 0.7720000000000000195 ) ) ;
#1760 = EDGE_CURVE ( 'NONE', #274, #1256, #538, .T. ) ;
#1761 = LINE ( 'NONE', #443, #1459 ) ;
#1762 = LINE ( 'NONE', #1308, #2035 ) ;
#1763 = ORIENTED_EDGE ( 'NONE', *, *, #2059, .F. ) ;
#1764 = CARTESIAN_POINT ( 'NONE',  ( -0.1500000000000000777, 0.2099999999999999922, 0.9919999999999999929 ) ) ;
#1765 = CARTESIAN_POINT ( 'NONE',  ( 0.6700000000000003730, 0.2099999999999999922, 0.3719999999999998863 ) ) ;
#1766 = ORIENTED_EDGE ( 'NONE', *, *, #2152, .F. ) ;
#1767 = DIRECTION ( 'NONE',  ( -1.000000000000000000, -0.000000000000000000, -0.000000000000000000 ) ) ;
#1768 = EDGE_LOOP ( 'NONE', ( #369, #2831, #2501, #224, #2311 ) ) ;
#1769 = VERTEX_POINT ( 'NONE', #961 ) ;
#1770 = DIRECTION ( 'NONE',  ( 0.000000000000000000, 1.000000000000000000, 0.000000000000000000 ) ) ;
#1771 = EDGE_CURVE ( 'NONE', #1103, #2113, #1424, .T. ) ;
#1772 = CARTESIAN_POINT ( 'NONE',  ( -1.024999999999999911, 0.2200000000000000289, 1.024999999999999911 ) ) ;
#1773 = EDGE_CURVE ( 'NONE', #1412, #2889, #1223, .T. ) ;
#1774 = ADVANCED_FACE ( 'NONE', ( #1011 ), #2753, .T. ) ;
#1775 = DIRECTION ( 'NONE',  ( 0.000000000000000000, 0.000000000000000000, -1.000000000000000000 ) ) ;
#1776 = DIRECTION ( 'NONE',  ( 0.000000000000000000, 0.000000000000000000, 1.000000000000000000 ) ) ;
#1777 = CARTESIAN_POINT ( 'NONE',  ( -1.024999999999999911, 0.6999999999999999556, 1.024999999999999911 ) ) ;
#1778 = DIRECTION ( 'NONE',  ( 0.000000000000000000, -1.000000000000000000, 0.000000000000000000 ) ) ;
#1779 = CARTESIAN_POINT ( 'NONE',  ( 0.4999999999999994449, -0.05000000000000000278, -0.9919999999999999929 ) ) ;
#1780 = VERTEX_POINT ( 'NONE', #1396 ) ;
#1781 = AXIS2_PLACEMENT_3D ( 'NONE', #463, #2683, #234 ) ;
#1782 = CARTESIAN_POINT ( 'NONE',  ( -0.7949999999999999289, 0.2099999999999999922, 0.3820000000000000617 ) ) ;
#1783 = EDGE_LOOP ( 'NONE', ( #1350, #697, #1603, #1589, #2516, #2700 ) ) ;
#1784 = EDGE_LOOP ( 'NONE', ( #1058, #2435, #1502, #1360 ) ) ;
#1785 = DIRECTION ( 'NONE',  ( 0.000000000000000000, -1.000000000000000000, 0.000000000000000000 ) ) ;
#1786 = DIRECTION ( 'NONE',  ( 0.000000000000000000, -1.000000000000000000, 0.000000000000000000 ) ) ;
#1787 = LINE ( 'NONE', #242, #1185 ) ;
#1788 = LINE ( 'NONE', #2675, #1618 ) ;
#1789 = VERTEX_POINT ( 'NONE', #312 ) ;
#1790 = DIRECTION ( 'NONE',  ( -0.000000000000000000, 0.000000000000000000, 1.000000000000000000 ) ) ;
#1791 = DIRECTION ( 'NONE',  ( 1.000000000000000000, -0.000000000000000000, 0.000000000000000000 ) ) ;
#1792 = EDGE_LOOP ( 'NONE', ( #1717, #407, #642, #788, #2214, #489, #2812, #1415, #177, #1391, #2830, #1547, #764, #1309, #46, #521, #2846, #53, #159, #571, #2061, #327, #625, #508, #715, #1165, #1347, #1430, #1297, #270, #877, #1951, #1406, #1319, #2236, #110, #466, #2025, #453, #1916 ) ) ;
#1793 = VECTOR ( 'NONE', #2128, 1000.000000000000000 ) ;
#1794 = CARTESIAN_POINT ( 'NONE',  ( -0.4999999999999998890, 0.2099999999999999922, 0.7920000000000000373 ) ) ;
#1795 = EDGE_LOOP ( 'NONE', ( #1967, #1440, #1737, #934, #1834, #413 ) ) ;
#1796 = VECTOR ( 'NONE', #376, 1000.000000000000000 ) ;
#1797 = ORIENTED_EDGE ( 'NONE', *, *, #2748, .F. ) ;
#1798 = CARTESIAN_POINT ( 'NONE',  ( 0.1499999999999999667, 0.2099999999999999922, 0.9919999999999999929 ) ) ;
#1799 = AXIS2_PLACEMENT_3D ( 'NONE', #1998, #1348, #1081 ) ;
#1800 = VECTOR ( 'NONE', #842, 1000.000000000000000 ) ;
#1801 = VECTOR ( 'NONE', #1887, 1000.000000000000000 ) ;
#1802 = CARTESIAN_POINT ( 'NONE',  ( -0.8000000000000002665, -0.05000000000000000278, -0.9919999999999996598 ) ) ;
#1803 = LINE ( 'NONE', #1344, #2084 ) ;
#1804 = EDGE_LOOP ( 'NONE', ( #1940, #1340, #1024, #1158 ) ) ;
#1805 = MECHANICAL_DESIGN_GEOMETRIC_PRESENTATION_REPRESENTATION (  '', ( #687 ), #1472 ) ;
#1806 = DIRECTION ( 'NONE',  ( -0.000000000000000000, 1.000000000000000000, 0.000000000000000000 ) ) ;
#1807 = EDGE_CURVE ( 'NONE', #211, #2281, #998, .T. ) ;
#1808 = EDGE_CURVE ( 'NONE', #1474, #1356, #79, .T. ) ;
#1809 = ADVANCED_FACE ( 'NONE', ( #974 ), #769, .T. ) ;
#1810 = VERTEX_POINT ( 'NONE', #2290 ) ;
#1811 = PRESENTATION_STYLE_ASSIGNMENT (( #1649 ) ) ;
#1812 = ORIENTED_EDGE ( 'NONE', *, *, #17, .F. ) ;
#1813 = VERTEX_POINT ( 'NONE', #1630 ) ;
#1814 = LINE ( 'NONE', #1595, #2450 ) ;
#1815 = DIRECTION ( 'NONE',  ( 0.000000000000000000, 0.000000000000000000, 1.000000000000000000 ) ) ;
#1816 = LINE ( 'NONE', #2703, #2816 ) ;
#1817 = FACE_OUTER_BOUND ( 'NONE', #2410, .T. ) ;
#1818 = DIRECTION ( 'NONE',  ( 0.000000000000000000, -1.000000000000000000, 0.000000000000000000 ) ) ;
#1819 = FACE_OUTER_BOUND ( 'NONE', #2766, .T. ) ;
#1820 = CARTESIAN_POINT ( 'NONE',  ( 0.7999999999999999334, 0.000000000000000000, 0.9899999999999997691 ) ) ;
#1821 = ORIENTED_EDGE ( 'NONE', *, *, #2804, .T. ) ;
#1822 = LINE ( 'NONE', #2709, #1516 ) ;
#1823 = ORIENTED_EDGE ( 'NONE', *, *, #804, .T. ) ;
#1824 = ORIENTED_EDGE ( 'NONE', *, *, #649, .F. ) ;
#1825 = LINE ( 'NONE', #2078, #2862 ) ;
#1826 = DIRECTION ( 'NONE',  ( 0.000000000000000000, -1.000000000000000000, 0.000000000000000000 ) ) ;
#1827 = CARTESIAN_POINT ( 'NONE',  ( 0.7999999999999994893, 0.2099999999999999922, -0.9899999999999997691 ) ) ;
#1828 = CARTESIAN_POINT ( 'NONE',  ( 0.1500000000000000777, -0.05000000000000000278, -0.7919999999999998153 ) ) ;
#1829 = DIRECTION ( 'NONE',  ( 0.000000000000000000, -1.000000000000000000, 0.000000000000000000 ) ) ;
#1830 = CARTESIAN_POINT ( 'NONE',  ( -0.1500000000000000777, 0.2099999999999999922, 0.7920000000000000373 ) ) ;
#1831 = LINE ( 'NONE', #744, #389 ) ;
#1832 = CARTESIAN_POINT ( 'NONE',  ( -0.7591301318541354703, 0.6979999999999999538, 0.8773516165802358602 ) ) ;
#1833 = DIRECTION ( 'NONE',  ( -1.000000000000000000, 0.000000000000000000, -0.000000000000000000 ) ) ;
#1834 = ORIENTED_EDGE ( 'NONE', *, *, #336, .T. ) ;
#1835 = AXIS2_PLACEMENT_3D ( 'NONE', #1096, #666, #478 ) ;
#1836 = ORIENTED_EDGE ( 'NONE', *, *, #2801, .T. ) ;
#1837 = DIRECTION ( 'NONE',  ( 2.710505431213758718E-15, 0.000000000000000000, 1.000000000000000000 ) ) ;
#1838 = VECTOR ( 'NONE', #2722, 1000.000000000000000 ) ;
#1839 = ORIENTED_EDGE ( 'NONE', *, *, #2021, .F. ) ;
#1840 = DIRECTION ( 'NONE',  ( -0.000000000000000000, 1.000000000000000000, 0.000000000000000000 ) ) ;
#1841 = DIRECTION ( 'NONE',  ( 0.000000000000000000, -1.000000000000000000, 0.000000000000000000 ) ) ;
#1842 = EDGE_CURVE ( 'NONE', #750, #1363, #2566, .T. ) ;
#1843 = VECTOR ( 'NONE', #310, 1000.000000000000000 ) ;
#1844 = CARTESIAN_POINT ( 'NONE',  ( -1.024999999999999911, 0.6999999999999999556, -1.024999999999999911 ) ) ;
#1845 = EDGE_CURVE ( 'NONE', #2616, #1291, #2768, .T. ) ;
#1846 = AXIS2_PLACEMENT_3D ( 'NONE', #887, #465, #2242 ) ;
#1847 = VECTOR ( 'NONE', #1891, 1000.000000000000000 ) ;
#1848 = DIRECTION ( 'NONE',  ( 0.000000000000000000, 0.000000000000000000, -1.000000000000000000 ) ) ;
#1849 = EDGE_CURVE ( 'NONE', #1552, #692, #784, .T. ) ;
#1850 = ORIENTED_EDGE ( 'NONE', *, *, #2055, .T. ) ;
#1851 = DIRECTION ( 'NONE',  ( 0.000000000000000000, 0.000000000000000000, -1.000000000000000000 ) ) ;
#1852 = VECTOR ( 'NONE', #158, 1000.000000000000000 ) ;
#1853 = LINE ( 'NONE', #1212, #2396 ) ;
#1854 = VECTOR ( 'NONE', #1786, 1000.000000000000000 ) ;
#1855 = CARTESIAN_POINT ( 'NONE',  ( -0.1300000000000000044, -0.05000000000000000278, 0.7720000000000000195 ) ) ;
#1856 = DIRECTION ( 'NONE',  ( 0.000000000000000000, 0.000000000000000000, 1.000000000000000000 ) ) ;
#1857 = ORIENTED_EDGE ( 'NONE', *, *, #706, .T. ) ;
#1858 = ORIENTED_EDGE ( 'NONE', *, *, #1718, .T. ) ;
#1859 = DIRECTION ( 'NONE',  ( 0.000000000000000000, -1.000000000000000000, 0.000000000000000000 ) ) ;
#1860 = CARTESIAN_POINT ( 'NONE',  ( -0.1500000000000002720, -0.05000000000000000278, -0.9919999999999996598 ) ) ;
#1861 = EDGE_CURVE ( 'NONE', #2340, #932, #794, .T. ) ;
#1862 = CARTESIAN_POINT ( 'NONE',  ( -0.7591301318541354703, 0.6999999999999999556, 0.8773516165802358602 ) ) ;
#1863 = CARTESIAN_POINT ( 'NONE',  ( 0.1500000000000000777, 0.2099999999999999922, 0.7920000000000000373 ) ) ;
#1864 = EDGE_CURVE ( 'NONE', #844, #1116, #350, .T. ) ;
#1865 = EDGE_CURVE ( 'NONE', #2699, #896, #1062, .T. ) ;
#1866 = DIRECTION ( 'NONE',  ( -1.000000000000000000, 0.000000000000000000, -0.000000000000000000 ) ) ;
#1867 = EDGE_LOOP ( 'NONE', ( #2795, #1452, #1453, #2824, #1965 ) ) ;
#1868 = CARTESIAN_POINT ( 'NONE',  ( -0.1300000000000000044, -0.05000000000000000278, 0.7720000000000000195 ) ) ;
#1869 = ORIENTED_EDGE ( 'NONE', *, *, #2802, .T. ) ;
#1870 = ORIENTED_EDGE ( 'NONE', *, *, #334, .T. ) ;
#1871 = CARTESIAN_POINT ( 'NONE',  ( 0.000000000000000000, -0.000000000000000000, -0.9899999999999997691 ) ) ;
#1872 = DIRECTION ( 'NONE',  ( -1.000000000000000000, 0.000000000000000000, 0.000000000000000000 ) ) ;
#1873 = LINE ( 'NONE', #2719, #2727 ) ;
#1874 = CARTESIAN_POINT ( 'NONE',  ( -0.1500000000000000777, -0.05000000000000000278, 0.7920000000000000373 ) ) ;
#1875 = AXIS2_PLACEMENT_3D ( 'NONE', #45, #494, #513 ) ;
#1876 = VERTEX_POINT ( 'NONE', #2385 ) ;
#1877 = FILL_AREA_STYLE_COLOUR ( '', #630 ) ;
#1878 = CARTESIAN_POINT ( 'NONE',  ( -1.024999999999999911, 0.1481926499693902721, -0.1031376208511891462 ) ) ;
#1879 = CARTESIAN_POINT ( 'NONE',  ( -0.7800000000000001377, 0.2099999999999999922, -0.7719999999999995755 ) ) ;
#1880 = ORIENTED_EDGE ( 'NONE', *, *, #2705, .F. ) ;
#1881 = ORIENTED_EDGE ( 'NONE', *, *, #1244, .T. ) ;
#1882 = FACE_OUTER_BOUND ( 'NONE', #569, .T. ) ;
#1883 = EDGE_LOOP ( 'NONE', ( #1082, #2379, #2134, #701, #515, #1375 ) ) ;
#1884 = VECTOR ( 'NONE', #1376, 1000.000000000000000 ) ;
#1885 = DIRECTION ( 'NONE',  ( 0.000000000000000000, -1.000000000000000000, 0.000000000000000000 ) ) ;
#1886 = AXIS2_PLACEMENT_3D ( 'NONE', #1460, #171, #2397 ) ;
#1887 = DIRECTION ( 'NONE',  ( -5.421010862427523156E-16, 0.000000000000000000, 1.000000000000000000 ) ) ;
#1888 = VECTOR ( 'NONE', #514, 1000.000000000000000 ) ;
#1889 = VECTOR ( 'NONE', #1785, 1000.000000000000000 ) ;
#1890 = DIRECTION ( 'NONE',  ( 0.000000000000000000, -1.000000000000000000, 0.000000000000000000 ) ) ;
#1891 = DIRECTION ( 'NONE',  ( 0.000000000000000000, -1.000000000000000000, 0.000000000000000000 ) ) ;
#1892 = DIRECTION ( 'NONE',  ( -1.000000000000000000, 0.000000000000000000, 0.000000000000000000 ) ) ;
#1893 = VECTOR ( 'NONE', #2238, 1000.000000000000000 ) ;
#1894 = CARTESIAN_POINT ( 'NONE',  ( 0.9000000000000002442, -0.05000000000000000278, 0.3519999999999997575 ) ) ;
#1895 = CIRCLE ( 'NONE', #1089, 0.02000000000000016001 ) ;
#1896 = VECTOR ( 'NONE', #2235, 1000.000000000000000 ) ;
#1897 = EDGE_CURVE ( 'NONE', #1486, #274, #1518, .T. ) ;
#1898 = EDGE_LOOP ( 'NONE', ( #2419, #254, #2012, #2606 ) ) ;
#1899 = EDGE_CURVE ( 'NONE', #1490, #464, #2615, .T. ) ;
#1900 = AXIS2_PLACEMENT_3D ( 'NONE', #2849, #1048, #1728 ) ;
#1901 = EDGE_CURVE ( 'NONE', #989, #1723, #2836, .T. ) ;
#1902 = EDGE_LOOP ( 'NONE', ( #2428, #2568, #970, #1063 ) ) ;
#1903 = CARTESIAN_POINT ( 'NONE',  ( -0.5000000000000000000, 0.000000000000000000, 0.9899999999999997691 ) ) ;
#1904 = LINE ( 'NONE', #1443, #865 ) ;
#1905 = CARTESIAN_POINT ( 'NONE',  ( -1.024999999999999911, 0.2200000000000000011, -0.9899999999999997691 ) ) ;
#1906 = PLANE ( 'NONE',  #109 ) ;
#1907 = DIRECTION ( 'NONE',  ( 0.000000000000000000, -1.000000000000000000, 0.000000000000000000 ) ) ;
#1908 = ORIENTED_EDGE ( 'NONE', *, *, #2332, .F. ) ;
#1909 = ORIENTED_EDGE ( 'NONE', *, *, #1014, .F. ) ;
#1910 = ORIENTED_EDGE ( 'NONE', *, *, #647, .F. ) ;
#1911 = DIRECTION ( 'NONE',  ( 1.000000000000000000, 0.000000000000000000, 0.000000000000000000 ) ) ;
#1912 = ORIENTED_EDGE ( 'NONE', *, *, #2891, .T. ) ;
#1913 = DIRECTION ( 'NONE',  ( 0.000000000000000000, -1.000000000000000000, 0.000000000000000000 ) ) ;
#1914 = DIRECTION ( 'NONE',  ( 0.000000000000000000, -1.000000000000000000, 0.000000000000000000 ) ) ;
#1915 = CARTESIAN_POINT ( 'NONE',  ( -9.602933527728761658E-17, 0.000000000000000000, 0.3719999999999997198 ) ) ;
#1916 = ORIENTED_EDGE ( 'NONE', *, *, #2894, .F. ) ;
#1917 = ORIENTED_EDGE ( 'NONE', *, *, #613, .T. ) ;
#1918 = CARTESIAN_POINT ( 'NONE',  ( 0.000000000000000000, 0.000000000000000000, 0.000000000000000000 ) ) ;
#1919 = CARTESIAN_POINT ( 'NONE',  ( 0.6500000000000001332, 0.000000000000000000, 0.3519999999999997020 ) ) ;
#1920 = EDGE_CURVE ( 'NONE', #598, #293, #398, .T. ) ;
#1921 = SURFACE_STYLE_FILL_AREA ( #1031 ) ;
#1922 = ADVANCED_FACE ( 'NONE', ( #2190 ), #604, .T. ) ;
#1923 = EDGE_CURVE ( 'NONE', #1484, #888, #592, .T. ) ;
#1924 = VECTOR ( 'NONE', #925, 1000.000000000000000 ) ;
#1925 = FACE_OUTER_BOUND ( 'NONE', #1179, .T. ) ;
#1926 = CYLINDRICAL_SURFACE ( 'NONE', #2638, 0.02000000000000016001 ) ;
#1927 = VERTEX_POINT ( 'NONE', #1462 ) ;
#1928 = VECTOR ( 'NONE', #2116, 1000.000000000000000 ) ;
#1929 = ORIENTED_EDGE ( 'NONE', *, *, #1631, .T. ) ;
#1930 = LINE ( 'NONE', #2179, #2617 ) ;
#1931 = AXIS2_PLACEMENT_3D ( 'NONE', #599, #1025, #1938 ) ;
#1932 = AXIS2_PLACEMENT_3D ( 'NONE', #1609, #705, #2299 ) ;
#1933 = CARTESIAN_POINT ( 'NONE',  ( 0.000000000000000000, 0.000000000000000000, 0.000000000000000000 ) ) ;
#1934 = CARTESIAN_POINT ( 'NONE',  ( -1.026000000000000023, 0.1481926499693902721, 0.1031376208511891462 ) ) ;
#1935 = VECTOR ( 'NONE', #1700, 1000.000000000000000 ) ;
#1936 = EDGE_LOOP ( 'NONE', ( #2261, #2046, #2760, #2598, #2479, #1823 ) ) ;
#1937 = VECTOR ( 'NONE', #2672, 1000.000000000000000 ) ;
#1938 = DIRECTION ( 'NONE',  ( 0.000000000000000000, 0.000000000000000000, 1.000000000000000000 ) ) ;
#1939 = ORIENTED_EDGE ( 'NONE', *, *, #2444, .T. ) ;
#1940 = ORIENTED_EDGE ( 'NONE', *, *, #1244, .F. ) ;
#1941 = CARTESIAN_POINT ( 'NONE',  ( -0.5949999999999999734, -0.05000000000000000278, 0.5820000000000000728 ) ) ;
#1942 = LINE ( 'NONE', #805, #259 ) ;
#1943 = DIRECTION ( 'NONE',  ( 0.000000000000000000, 0.000000000000000000, -1.000000000000000000 ) ) ;
#1944 = ADVANCED_FACE ( 'NONE', ( #1284 ), #1492, .T. ) ;
#1945 = CARTESIAN_POINT ( 'NONE',  ( 1.024999999999999911, 0.6999999999999999556, -1.024999999999999911 ) ) ;
#1946 = ORIENTED_EDGE ( 'NONE', *, *, #1312, .F. ) ;
#1947 = PRODUCT ( 'SQA411CEJW-T1_GE3', 'SQA411CEJW-T1_GE3', '', ( #1482 ) ) ;
#1948 = FACE_OUTER_BOUND ( 'NONE', #1669, .T. ) ;
#1949 = LINE ( 'NONE', #2842, #1800 ) ;
#1950 = SURFACE_SIDE_STYLE ('',( #2447 ) ) ;
#1951 = ORIENTED_EDGE ( 'NONE', *, *, #2575, .F. ) ;
#1952 = LINE ( 'NONE', #1681, #1188 ) ;
#1953 = ORIENTED_EDGE ( 'NONE', *, *, #1362, .F. ) ;
#1954 = VERTEX_POINT ( 'NONE', #828 ) ;
#1955 = FACE_OUTER_BOUND ( 'NONE', #1783, .T. ) ;
#1956 = LINE ( 'NONE', #2613, #309 ) ;
#1957 = CARTESIAN_POINT ( 'NONE',  ( -0.1500000000000002720, 0.2099999999999999922, -0.7919999999999998153 ) ) ;
#1958 = CARTESIAN_POINT ( 'NONE',  ( -1.024999999999999911, 0.6999999999999999556, 0.9899999999999997691 ) ) ;
#1959 = ORIENTED_EDGE ( 'NONE', *, *, #1685, .F. ) ;
#1960 = CARTESIAN_POINT ( 'NONE',  ( 0.8800000000000000044, 0.2099999999999999922, 0.3719999999999999418 ) ) ;
#1961 = ADVANCED_FACE ( 'NONE', ( #1479 ), #2593, .T. ) ;
#1962 = CARTESIAN_POINT ( 'NONE',  ( 0.9000000000000003553, 0.000000000000000000, 4.517509052022939415E-16 ) ) ;
#1963 = VERTEX_POINT ( 'NONE', #1033 ) ;
#1964 = CARTESIAN_POINT ( 'NONE',  ( -0.8000000000000000444, 0.2099999999999999922, 0.9899999999999997691 ) ) ;
#1965 = ORIENTED_EDGE ( 'NONE', *, *, #855, .T. ) ;
#1966 = CARTESIAN_POINT ( 'NONE',  ( 0.1500000000000000777, 0.2099999999999999922, 0.7920000000000000373 ) ) ;
#1967 = ORIENTED_EDGE ( 'NONE', *, *, #526, .F. ) ;
#1968 = FACE_OUTER_BOUND ( 'NONE', #1483, .T. ) ;
#1969 = LINE ( 'NONE', #1325, #1854 ) ;
#1970 = DIRECTION ( 'NONE',  ( -0.000000000000000000, 0.000000000000000000, 1.000000000000000000 ) ) ;
#1971 = DIRECTION ( 'NONE',  ( 0.000000000000000000, -0.000000000000000000, -1.000000000000000000 ) ) ;
#1972 = EDGE_CURVE ( 'NONE', #598, #1702, #2871, .T. ) ;
#1973 = VERTEX_POINT ( 'NONE', #2806 ) ;
#1974 = AXIS2_PLACEMENT_3D ( 'NONE', #424, #411, #651 ) ;
#1975 = DIRECTION ( 'NONE',  ( 0.000000000000000000, 0.000000000000000000, 1.000000000000000000 ) ) ;
#1976 = CARTESIAN_POINT ( 'NONE',  ( -0.8000000000000000444, 0.000000000000000000, 0.9899999999999997691 ) ) ;
#1977 = VECTOR ( 'NONE', #1404, 1000.000000000000000 ) ;
#1978 = EDGE_CURVE ( 'NONE', #2452, #1927, #2360, .T. ) ;
#1979 = VECTOR ( 'NONE', #1767, 1000.000000000000000 ) ;
#1980 = VECTOR ( 'NONE', #1778, 1000.000000000000000 ) ;
#1981 = ORIENTED_EDGE ( 'NONE', *, *, #2537, .F. ) ;
#1982 = EDGE_CURVE ( 'NONE', #2650, #2298, #638, .T. ) ;
#1983 = DIRECTION ( 'NONE',  ( 1.000000000000000000, 0.000000000000000000, 5.421010862427523156E-16 ) ) ;
#1984 = ORIENTED_EDGE ( 'NONE', *, *, #1240, .F. ) ;
#1985 = AXIS2_PLACEMENT_3D ( 'NONE', #2495, #2057, #733 ) ;
#1986 = STYLED_ITEM ( 'NONE', ( #1556 ), #1683 ) ;
#1987 = EDGE_CURVE ( 'NONE', #1973, #106, #1730, .T. ) ;
#1988 = VECTOR ( 'NONE', #1121, 1000.000000000000000 ) ;
#1989 = CARTESIAN_POINT ( 'NONE',  ( 0.000000000000000000, -0.000000000000000000, -0.9899999999999997691 ) ) ;
#1990 = SURFACE_STYLE_FILL_AREA ( #1582 ) ;
#1991 = DIRECTION ( 'NONE',  ( -0.000000000000000000, 1.000000000000000000, 0.000000000000000000 ) ) ;
#1992 = CARTESIAN_POINT ( 'NONE',  ( -0.7800000000000000266, -0.05000000000000000278, 0.7720000000000000195 ) ) ;
#1993 = ORIENTED_EDGE ( 'NONE', *, *, #1446, .T. ) ;
#1994 = CARTESIAN_POINT ( 'NONE',  ( -0.5949999999999999734, 0.000000000000000000, 0.5820000000000000728 ) ) ;
#1995 = DIRECTION ( 'NONE',  ( -0.000000000000000000, -1.000000000000000000, 0.000000000000000000 ) ) ;
#1996 = LINE ( 'NONE', #2209, #1211 ) ;
#1997 = ORIENTED_EDGE ( 'NONE', *, *, #1755, .T. ) ;
#1998 = CARTESIAN_POINT ( 'NONE',  ( -0.7591301318541354703, 0.6999999999999999556, 0.7521244455315212463 ) ) ;
#1999 = ORIENTED_EDGE ( 'NONE', *, *, #1199, .T. ) ;
#2000 = EDGE_LOOP ( 'NONE', ( #1946, #736, #781, #1981 ) ) ;
#2001 = DIRECTION ( 'NONE',  ( 0.000000000000000000, -1.000000000000000000, 0.000000000000000000 ) ) ;
#2002 = LINE ( 'NONE', #1366, #2640 ) ;
#2003 = ORIENTED_EDGE ( 'NONE', *, *, #2751, .F. ) ;
#2004 = ADVANCED_FACE ( 'NONE', ( #1746 ), #1926, .T. ) ;
#2005 = LINE ( 'NONE', #695, #147 ) ;
#2006 = CARTESIAN_POINT ( 'NONE',  ( 1.026000000000000023, 0.1481926499693902721, 0.1031376208511891462 ) ) ;
#2007 = ORIENTED_EDGE ( 'NONE', *, *, #1864, .T. ) ;
#2008 = LINE ( 'NONE', #2648, #2545 ) ;
#2009 = PLANE ( 'NONE',  #1447 ) ;
#2010 = ORIENTED_EDGE ( 'NONE', *, *, #608, .T. ) ;
#2011 = DIRECTION ( 'NONE',  ( 2.710505431213761874E-15, -0.000000000000000000, 1.000000000000000000 ) ) ;
#2012 = ORIENTED_EDGE ( 'NONE', *, *, #2755, .T. ) ;
#2013 = AXIS2_PLACEMENT_3D ( 'NONE', #2162, #161, #2388 ) ;
#2014 = ORIENTED_EDGE ( 'NONE', *, *, #1865, .F. ) ;
#2015 = DIRECTION ( 'NONE',  ( 0.000000000000000000, -1.000000000000000000, 0.000000000000000000 ) ) ;
#2016 = CARTESIAN_POINT ( 'NONE',  ( 0.000000000000000000, 0.2200000000000000011, 0.000000000000000000 ) ) ;
#2017 = EDGE_CURVE ( 'NONE', #167, #601, #2405, .T. ) ;
#2018 = DIRECTION ( 'NONE',  ( 0.000000000000000000, -1.000000000000000000, 0.000000000000000000 ) ) ;
#2019 = FACE_OUTER_BOUND ( 'NONE', #2087, .T. ) ;
#2020 = EDGE_CURVE ( 'NONE', #420, #1500, #412, .T. ) ;
#2021 = EDGE_CURVE ( 'NONE', #555, #972, #2129, .T. ) ;
#2022 = FACE_OUTER_BOUND ( 'NONE', #2251, .T. ) ;
#2023 = SURFACE_STYLE_USAGE ( .BOTH. , #2724 ) ;
#2024 = VECTOR ( 'NONE', #373, 1000.000000000000000 ) ;
#2025 = ORIENTED_EDGE ( 'NONE', *, *, #2451, .F. ) ;
#2026 = AXIS2_PLACEMENT_3D ( 'NONE', #727, #1173, #2345 ) ;
#2027 = CARTESIAN_POINT ( 'NONE',  ( 0.4999999999999998890, -0.05000000000000000278, 0.7920000000000000373 ) ) ;
#2028 = VERTEX_POINT ( 'NONE', #1329 ) ;
#2029 = VECTOR ( 'NONE', #502, 1000.000000000000000 ) ;
#2030 = VECTOR ( 'NONE', #722, 1000.000000000000000 ) ;
#2031 = EDGE_LOOP ( 'NONE', ( #691, #432, #1591, #1071, #1055, #1273, #1850, #2714 ) ) ;
#2032 = CARTESIAN_POINT ( 'NONE',  ( 0.000000000000000000, -0.000000000000000000, -0.7719999999999995755 ) ) ;
#2033 = PRESENTATION_LAYER_ASSIGNMENT (  '', '', ( #1274 ) ) ;
#2034 = SURFACE_STYLE_USAGE ( .BOTH. , #6 ) ;
#2035 = VECTOR ( 'NONE', #1133, 1000.000000000000000 ) ;
#2036 = CARTESIAN_POINT ( 'NONE',  ( 1.024999999999999467, 0.2200000000000000289, -1.024999999999999911 ) ) ;
#2037 = DIRECTION ( 'NONE',  ( 1.000000000000000000, 0.000000000000000000, 0.000000000000000000 ) ) ;
#2038 = ORIENTED_EDGE ( 'NONE', *, *, #1773, .F. ) ;
#2039 = CIRCLE ( 'NONE', #66, 0.02000000000000016001 ) ;
#2040 = LINE ( 'NONE', #2695, #2440 ) ;
#2041 = CARTESIAN_POINT ( 'NONE',  ( -1.024999999999999911, 0.6999999999999999556, -0.9899999999999995470 ) ) ;
#2042 = CARTESIAN_POINT ( 'NONE',  ( 0.6700000000000002620, 0.2099999999999999922, -0.5120000000000001217 ) ) ;
#2043 = EDGE_LOOP ( 'NONE', ( #2124, #2783, #703, #2256 ) ) ;
#2044 = DIRECTION ( 'NONE',  ( 0.000000000000000000, -0.000000000000000000, 1.000000000000000000 ) ) ;
#2045 = VERTEX_POINT ( 'NONE', #1092 ) ;
#2046 = ORIENTED_EDGE ( 'NONE', *, *, #560, .T. ) ;
#2047 = CARTESIAN_POINT ( 'NONE',  ( 0.5199999999999999067, 0.2099999999999999922, 0.7720000000000000195 ) ) ;
#2048 = CARTESIAN_POINT ( 'NONE',  ( 0.1299999999999998934, -0.05000000000000000278, -0.7919999999999998153 ) ) ;
#2049 = DIRECTION ( 'NONE',  ( 0.000000000000000000, -1.000000000000000000, 0.000000000000000000 ) ) ;
#2050 = DIRECTION ( 'NONE',  ( 0.000000000000000000, -1.000000000000000000, 0.000000000000000000 ) ) ;
#2051 = LINE ( 'NONE', #2269, #160 ) ;
#2052 = LINE ( 'NONE', #1830, #955 ) ;
#2053 = DIRECTION ( 'NONE',  ( 0.000000000000000000, 0.000000000000000000, 1.000000000000000000 ) ) ;
#2054 = SURFACE_STYLE_FILL_AREA ( #2664 ) ;
#2055 = EDGE_CURVE ( 'NONE', #948, #1418, #731, .T. ) ;
#2056 = ORIENTED_EDGE ( 'NONE', *, *, #1647, .F. ) ;
#2057 = DIRECTION ( 'NONE',  ( 0.000000000000000000, -1.000000000000000000, 0.000000000000000000 ) ) ;
#2058 = ORIENTED_EDGE ( 'NONE', *, *, #2414, .T. ) ;
#2059 = EDGE_CURVE ( 'NONE', #167, #192, #1803, .T. ) ;
#2060 = EDGE_CURVE ( 'NONE', #405, #2325, #1762, .T. ) ;
#2061 = ORIENTED_EDGE ( 'NONE', *, *, #986, .F. ) ;
#2062 = PLANE ( 'NONE',  #544 ) ;
#2063 = DIRECTION ( 'NONE',  ( 0.000000000000000000, 0.000000000000000000, 1.000000000000000000 ) ) ;
#2064 = DIRECTION ( 'NONE',  ( 0.000000000000000000, 0.000000000000000000, -1.000000000000000000 ) ) ;
#2065 = DIRECTION ( 'NONE',  ( 0.000000000000000000, 0.000000000000000000, -1.000000000000000000 ) ) ;
#2066 = DIRECTION ( 'NONE',  ( 0.000000000000000000, 0.000000000000000000, -1.000000000000000000 ) ) ;
#2067 = DIRECTION ( 'NONE',  ( 0.000000000000000000, 0.000000000000000000, 1.000000000000000000 ) ) ;
#2068 = DIRECTION ( 'NONE',  ( -1.000000000000000000, 0.000000000000000000, 0.000000000000000000 ) ) ;
#2069 = DIRECTION ( 'NONE',  ( 1.000000000000000000, 0.000000000000000000, -0.000000000000000000 ) ) ;
#2070 = CARTESIAN_POINT ( 'NONE',  ( -0.5949999999999999734, 0.2099999999999999922, 0.5820000000000000728 ) ) ;
#2071 = EDGE_LOOP ( 'NONE', ( #1217, #1305, #800, #2266, #1953, #2486 ) ) ;
#2072 = AXIS2_PLACEMENT_3D ( 'NONE', #684, #917, #2069 ) ;
#2073 = VERTEX_POINT ( 'NONE', #894 ) ;
#2074 = EDGE_CURVE ( 'NONE', #208, #2889, #198, .T. ) ;
#2075 = VECTOR ( 'NONE', #2565, 1000.000000000000000 ) ;
#2076 = EDGE_CURVE ( 'NONE', #1780, #1364, #1788, .T. ) ;
#2077 = ORIENTED_EDGE ( 'NONE', *, *, #1593, .T. ) ;
#2078 = CARTESIAN_POINT ( 'NONE',  ( -0.1500000000000000777, 0.2099999999999999922, 0.7920000000000000373 ) ) ;
#2079 = CARTESIAN_POINT ( 'NONE',  ( -0.4999999999999998890, 0.2099999999999999922, 0.7920000000000000373 ) ) ;
#2080 = EDGE_CURVE ( 'NONE', #1560, #208, #444, .T. ) ;
#2081 = AXIS2_PLACEMENT_3D ( 'NONE', #953, #1390, #2284 ) ;
#2082 = VECTOR ( 'NONE', #812, 1000.000000000000000 ) ;
#2083 = CARTESIAN_POINT ( 'NONE',  ( 0.1299999999999998934, 0.2099999999999999922, -0.7919999999999998153 ) ) ;
#2084 = VECTOR ( 'NONE', #244, 1000.000000000000000 ) ;
#2085 = LINE ( 'NONE', #1152, #2494 ) ;
#2086 = CARTESIAN_POINT ( 'NONE',  ( -0.1500000000000002720, 0.2099999999999999922, -0.7919999999999998153 ) ) ;
#2087 = EDGE_LOOP ( 'NONE', ( #1908, #2182, #2115, #906 ) ) ;
#2088 = ORIENTED_EDGE ( 'NONE', *, *, #31, .T. ) ;
#2089 = EDGE_CURVE ( 'NONE', #1256, #593, #2051, .T. ) ;
#2090 = DIRECTION ( 'NONE',  ( 0.000000000000000000, -1.000000000000000000, 0.000000000000000000 ) ) ;
#2091 = CARTESIAN_POINT ( 'NONE',  ( -1.311459024423942132, 0.2099999999999999922, 0.9899999999999997691 ) ) ;
#2092 = DIRECTION ( 'NONE',  ( 0.000000000000000000, -1.000000000000000000, 0.000000000000000000 ) ) ;
#2093 = LINE ( 'NONE', #1435, #15 ) ;
#2094 = PLANE ( 'NONE',  #22 ) ;
#2095 = DIRECTION ( 'NONE',  ( -0.000000000000000000, 1.000000000000000000, 0.000000000000000000 ) ) ;
#2096 = CARTESIAN_POINT ( 'NONE',  ( -1.311459024423942132, 0.2200000000000000011, -0.9899999999999997691 ) ) ;
#2097 = ORIENTED_EDGE ( 'NONE', *, *, #1631, .F. ) ;
#2098 = VERTEX_POINT ( 'NONE', #1992 ) ;
#2099 = LINE ( 'NONE', #780, #2029 ) ;
#2100 = ORIENTED_EDGE ( 'NONE', *, *, #2622, .T. ) ;
#2101 = LINE ( 'NONE', #1372, #1270 ) ;
#2102 = DIRECTION ( 'NONE',  ( 0.000000000000000000, -1.000000000000000000, 0.000000000000000000 ) ) ;
#2103 = MECHANICAL_DESIGN_GEOMETRIC_PRESENTATION_REPRESENTATION (  '', ( #987 ), #570 ) ;
#2104 = EDGE_CURVE ( 'NONE', #1687, #716, #869, .T. ) ;
#2105 = AXIS2_PLACEMENT_3D ( 'NONE', #2618, #841, #380 ) ;
#2106 = CARTESIAN_POINT ( 'NONE',  ( 1.024999999999999023, 0.000000000000000000, 0.9899999999999997691 ) ) ;
#2107 = EDGE_CURVE ( 'NONE', #2113, #2150, #663, .T. ) ;
#2108 = DIRECTION ( 'NONE',  ( -1.000000000000000000, -0.000000000000000000, -2.581433744013109998E-16 ) ) ;
#2109 = PLANE ( 'NONE',  #2114 ) ;
#2110 = ADVANCED_FACE ( 'NONE', ( #2221 ), #2704, .T. ) ;
#2111 = DIRECTION ( 'NONE',  ( 2.710505431213758718E-15, -0.000000000000000000, 1.000000000000000000 ) ) ;
#2112 = EDGE_LOOP ( 'NONE', ( #278, #542, #1993, #2689 ) ) ;
#2113 = VERTEX_POINT ( 'NONE', #2006 ) ;
#2114 = AXIS2_PLACEMENT_3D ( 'NONE', #103, #1892, #2244 ) ;
#2115 = ORIENTED_EDGE ( 'NONE', *, *, #857, .T. ) ;
#2116 = DIRECTION ( 'NONE',  ( 1.000000000000000000, 0.000000000000000000, -1.445602896647340100E-15 ) ) ;
#2117 = AXIS2_PLACEMENT_3D ( 'NONE', #2805, #2631, #119 ) ;
#2118 = CIRCLE ( 'NONE', #1086, 0.02000000000000005246 ) ;
#2119 = VECTOR ( 'NONE', #2201, 1000.000000000000000 ) ;
#2120 = CARTESIAN_POINT ( 'NONE',  ( -0.1300000000000000044, 0.2099999999999999922, 0.7920000000000000373 ) ) ;
#2121 = DIRECTION ( 'NONE',  ( 0.000000000000000000, -1.000000000000000000, 0.000000000000000000 ) ) ;
#2122 = DIRECTION ( 'NONE',  ( 0.000000000000000000, -1.000000000000000000, 0.000000000000000000 ) ) ;
#2123 = AXIS2_PLACEMENT_3D ( 'NONE', #1296, #1914, #1971 ) ;
#2124 = ORIENTED_EDGE ( 'NONE', *, *, #857, .F. ) ;
#2125 = LINE ( 'NONE', #128, #1320 ) ;
#2126 = SURFACE_STYLE_USAGE ( .BOTH. , #1520 ) ;
#2127 = ORIENTED_EDGE ( 'NONE', *, *, #2275, .F. ) ;
#2128 = DIRECTION ( 'NONE',  ( -1.000000000000000000, -0.000000000000000000, -0.000000000000000000 ) ) ;
#2129 = LINE ( 'NONE', #1022, #1935 ) ;
#2130 = UNCERTAINTY_MEASURE_WITH_UNIT (LENGTH_MEASURE( 1.000000000000000082E-05 ), #1015, 'distance_accuracy_value', 'NONE');
#2131 = DIRECTION ( 'NONE',  ( 0.000000000000000000, -1.000000000000000000, 0.000000000000000000 ) ) ;
#2132 = ORIENTED_EDGE ( 'NONE', *, *, #2021, .T. ) ;
#2133 = ADVANCED_FACE ( 'NONE', ( #696 ), #1355, .T. ) ;
#2134 = ORIENTED_EDGE ( 'NONE', *, *, #2293, .F. ) ;
#2135 = ADVANCED_FACE ( 'NONE', ( #216 ), #710, .T. ) ;
#2136 = DIRECTION ( 'NONE',  ( -0.000000000000000000, -1.000000000000000000, 0.000000000000000000 ) ) ;
#2137 = ORIENTED_EDGE ( 'NONE', *, *, #1374, .T. ) ;
#2138 = CARTESIAN_POINT ( 'NONE',  ( -0.7949999999999999289, 0.2099999999999999922, -0.5820000000000000728 ) ) ;
#2139 = ADVANCED_FACE ( 'NONE', ( #1817 ), #2488, .T. ) ;
#2140 = CARTESIAN_POINT ( 'NONE',  ( -1.024999999999999911, 0.2200000000000000289, 1.024999999999999911 ) ) ;
#2141 = DIRECTION ( 'NONE',  ( 1.000000000000000000, 0.000000000000000000, 0.000000000000000000 ) ) ;
#2142 = DIRECTION ( 'NONE',  ( 0.000000000000000000, 1.000000000000000000, 0.000000000000000000 ) ) ;
#2143 = DIRECTION ( 'NONE',  ( -0.000000000000000000, 1.000000000000000000, -0.000000000000000000 ) ) ;
#2144 = ORIENTED_EDGE ( 'NONE', *, *, #2656, .F. ) ;
#2145 = ORIENTED_EDGE ( 'NONE', *, *, #1719, .F. ) ;
#2146 = CARTESIAN_POINT ( 'NONE',  ( -1.024999999999999911, 0.6999999999999999556, 1.024999999999999911 ) ) ;
#2147 =( NAMED_UNIT ( * ) SI_UNIT ( $, .STERADIAN. ) SOLID_ANGLE_UNIT ( ) );
#2148 = ORIENTED_EDGE ( 'NONE', *, *, #2376, .T. ) ;
#2149 = CARTESIAN_POINT ( 'NONE',  ( -0.5000000000000001110, 0.000000000000000000, -0.7919999999999995932 ) ) ;
#2150 = VERTEX_POINT ( 'NONE', #264 ) ;
#2151 = LINE ( 'NONE', #2653, #2024 ) ;
#2152 = EDGE_CURVE ( 'NONE', #2228, #1103, #1150, .T. ) ;
#2153 = ORIENTED_EDGE ( 'NONE', *, *, #895, .T. ) ;
#2154 = FACE_OUTER_BOUND ( 'NONE', #95, .T. ) ;
#2155 = EDGE_CURVE ( 'NONE', #143, #1474, #203, .T. ) ;
#2156 = AXIS2_PLACEMENT_3D ( 'NONE', #2867, #12, #1975 ) ;
#2157 = CARTESIAN_POINT ( 'NONE',  ( 0.5199999999999999067, -0.05000000000000000278, 0.7720000000000000195 ) ) ;
#2158 = CARTESIAN_POINT ( 'NONE',  ( 0.4999999999999998890, -0.05000000000000000278, 0.9919999999999999929 ) ) ;
#2159 = ORIENTED_EDGE ( 'NONE', *, *, #1982, .T. ) ;
#2160 = COLOUR_RGB ( '',0.1098039215686274495, 0.1098039215686274495, 0.1098039215686274495 ) ;
#2161 = AXIS2_PLACEMENT_3D ( 'NONE', #1532, #2015, #1306 ) ;
#2162 = CARTESIAN_POINT ( 'NONE',  ( -0.5200000000000000178, -0.05000000000000000278, 0.7920000000000000373 ) ) ;
#2163 = UNCERTAINTY_MEASURE_WITH_UNIT (LENGTH_MEASURE( 1.000000000000000082E-05 ), #1489, 'distance_accuracy_value', 'NONE');
#2164 = VECTOR ( 'NONE', #2227, 1000.000000000000000 ) ;
#2165 = VECTOR ( 'NONE', #1995, 1000.000000000000000 ) ;
#2166 = DIRECTION ( 'NONE',  ( -1.000000000000000000, 0.000000000000000000, -0.000000000000000000 ) ) ;
#2167 = DIRECTION ( 'NONE',  ( -1.000000000000000000, 0.000000000000000000, -0.000000000000000000 ) ) ;
#2168 = ORIENTED_EDGE ( 'NONE', *, *, #2544, .T. ) ;
#2169 = AXIS2_PLACEMENT_3D ( 'NONE', #2016, #226, #2425 ) ;
#2170 = FACE_OUTER_BOUND ( 'NONE', #390, .T. ) ;
#2171 = ORIENTED_EDGE ( 'NONE', *, *, #1718, .F. ) ;
#2172 = ORIENTED_EDGE ( 'NONE', *, *, #723, .F. ) ;
#2173 = LINE ( 'NONE', #1941, #1511 ) ;
#2174 = DIRECTION ( 'NONE',  ( 0.000000000000000000, -1.000000000000000000, 0.000000000000000000 ) ) ;
#2175 = EDGE_CURVE ( 'NONE', #2202, #345, #1707, .T. ) ;
#2176 = DIRECTION ( 'NONE',  ( 0.000000000000000000, -1.000000000000000000, 0.000000000000000000 ) ) ;
#2177 = DIRECTION ( 'NONE',  ( 0.000000000000000000, 1.000000000000000000, 0.000000000000000000 ) ) ;
#2178 = VERTEX_POINT ( 'NONE', #2896 ) ;
#2179 = CARTESIAN_POINT ( 'NONE',  ( -1.024999999999999911, 0.000000000000000000, 1.024999999999999911 ) ) ;
#2180 = FILL_AREA_STYLE ('',( #1287 ) ) ;
#2181 = CARTESIAN_POINT ( 'NONE',  ( -1.311459024423942132, 0.2200000000000000011, 0.9899999999999997691 ) ) ;
#2182 = ORIENTED_EDGE ( 'NONE', *, *, #1028, .T. ) ;
#2183 = CARTESIAN_POINT ( 'NONE',  ( 0.8000000000000000444, 0.2099999999999999922, -0.7920000000000000373 ) ) ;
#2184 = ORIENTED_EDGE ( 'NONE', *, *, #1719, .T. ) ;
#2185 = ADVANCED_FACE ( 'NONE', ( #2019 ), #1615, .T. ) ;
#2186 = ORIENTED_EDGE ( 'NONE', *, *, #414, .T. ) ;
#2187 = CARTESIAN_POINT ( 'NONE',  ( 1.026000000000000023, 0.1481926499693902721, 0.1031376208511891462 ) ) ;
#2188 = CARTESIAN_POINT ( 'NONE',  ( -0.5000000000000000000, 0.000000000000000000, 0.7920000000000000373 ) ) ;
#2189 = DIRECTION ( 'NONE',  ( 0.000000000000000000, -1.000000000000000000, 0.000000000000000000 ) ) ;
#2190 = FACE_OUTER_BOUND ( 'NONE', #2797, .T. ) ;
#2191 = ORIENTED_EDGE ( 'NONE', *, *, #1920, .F. ) ;
#2192 = EDGE_CURVE ( 'NONE', #818, #1253, #1184, .T. ) ;
#2193 = ADVANCED_FACE ( 'NONE', ( #2523 ), #2509, .F. ) ;
#2194 = CARTESIAN_POINT ( 'NONE',  ( -0.8000000000000002665, 0.2099999999999999922, -0.9899999999999997691 ) ) ;
#2195 = ADVANCED_FACE ( 'NONE', ( #77 ), #2094, .F. ) ;
#2196 = FACE_OUTER_BOUND ( 'NONE', #199, .T. ) ;
#2197 = EDGE_LOOP ( 'NONE', ( #1006, #2667, #1191, #2837 ) ) ;
#2198 = PLANE ( 'NONE',  #1226 ) ;
#2199 = ORIENTED_EDGE ( 'NONE', *, *, #792, .F. ) ;
#2200 = ORIENTED_EDGE ( 'NONE', *, *, #1628, .F. ) ;
#2201 = DIRECTION ( 'NONE',  ( 0.000000000000000000, 0.000000000000000000, -1.000000000000000000 ) ) ;
#2202 = VERTEX_POINT ( 'NONE', #550 ) ;
#2203 = CARTESIAN_POINT ( 'NONE',  ( -0.5000000000000001110, -0.05000000000000000278, -0.7919999999999995932 ) ) ;
#2204 = AXIS2_PLACEMENT_3D ( 'NONE', #763, #1144, #2297 ) ;
#2205 = CARTESIAN_POINT ( 'NONE',  ( 0.6700000000000002620, -0.05000000000000000278, -0.5120000000000001217 ) ) ;
#2206 = LINE ( 'NONE', #1331, #996 ) ;
#2207 = CARTESIAN_POINT ( 'NONE',  ( 0.6500000000000001332, 0.000000000000000000, 0.000000000000000000 ) ) ;
#2208 = AXIS2_PLACEMENT_3D ( 'NONE', #2083, #2763, #1640 ) ;
#2209 = CARTESIAN_POINT ( 'NONE',  ( -0.1300000000000000044, 0.2099999999999999922, 0.7720000000000000195 ) ) ;
#2210 = AXIS2_PLACEMENT_3D ( 'NONE', #787, #1056, #817 ) ;
#2211 = VECTOR ( 'NONE', #1174, 1000.000000000000000 ) ;
#2212 = EDGE_LOOP ( 'NONE', ( #1216, #1177, #2327, #1288 ) ) ;
#2213 = CARTESIAN_POINT ( 'NONE',  ( 0.6700000000000002620, -0.05000000000000000278, 0.3519999999999998685 ) ) ;
#2214 = ORIENTED_EDGE ( 'NONE', *, *, #1760, .F. ) ;
#2215 = EDGE_CURVE ( 'NONE', #2652, #1349, #1667, .T. ) ;
#2216 = AXIS2_PLACEMENT_3D ( 'NONE', #458, #2658, #652 ) ;
#2217 = AXIS2_PLACEMENT_3D ( 'NONE', #2533, #547, #289 ) ;
#2218 = PLANE ( 'NONE',  #2260 ) ;
#2219 = DIRECTION ( 'NONE',  ( -0.000000000000000000, -0.000000000000000000, -1.000000000000000000 ) ) ;
#2220 = DIRECTION ( 'NONE',  ( 0.000000000000000000, -1.000000000000000000, 0.000000000000000000 ) ) ;
#2221 = FACE_OUTER_BOUND ( 'NONE', #305, .T. ) ;
#2222 = LINE ( 'NONE', #2490, #1265 ) ;
#2223 =( LENGTH_UNIT ( ) NAMED_UNIT ( * ) SI_UNIT ( .MILLI., .METRE. ) );
#2224 =( LENGTH_UNIT ( ) NAMED_UNIT ( * ) SI_UNIT ( .MILLI., .METRE. ) );
#2225 = EDGE_CURVE ( 'NONE', #268, #2785, #534, .T. ) ;
#2226 = ORIENTED_EDGE ( 'NONE', *, *, #1028, .F. ) ;
#2227 = DIRECTION ( 'NONE',  ( 0.000000000000000000, -1.000000000000000000, 0.000000000000000000 ) ) ;
#2228 = VERTEX_POINT ( 'NONE', #563 ) ;
#2229 = ADVANCED_FACE ( 'NONE', ( #1436 ), #1405, .T. ) ;
#2230 = EDGE_CURVE ( 'NONE', #2098, #2399, #1445, .T. ) ;
#2231 = ORIENTED_EDGE ( 'NONE', *, *, #125, .T. ) ;
#2232 = CARTESIAN_POINT ( 'NONE',  ( -0.8000000000000000444, -0.05000000000000000278, 0.9919999999999999929 ) ) ;
#2233 = ADVANCED_FACE ( 'NONE', ( #504 ), #1200, .T. ) ;
#2234 = CARTESIAN_POINT ( 'NONE',  ( 0.4999999999999998890, 0.2099999999999999922, -0.7920000000000000373 ) ) ;
#2235 = DIRECTION ( 'NONE',  ( 0.000000000000000000, 1.000000000000000000, 0.000000000000000000 ) ) ;
#2236 = ORIENTED_EDGE ( 'NONE', *, *, #2840, .F. ) ;
#2237 = CARTESIAN_POINT ( 'NONE',  ( 1.026000000000000023, 0.000000000000000000, 0.000000000000000000 ) ) ;
#2238 = DIRECTION ( 'NONE',  ( -1.000000000000000000, -0.000000000000000000, -0.000000000000000000 ) ) ;
#2239 = FILL_AREA_STYLE_COLOUR ( '', #614 ) ;
#2240 = ORIENTED_EDGE ( 'NONE', *, *, #2089, .F. ) ;
#2241 = AXIS2_PLACEMENT_3D ( 'NONE', #2042, #1632, #944 ) ;
#2242 = DIRECTION ( 'NONE',  ( 0.000000000000000000, 0.000000000000000000, 1.000000000000000000 ) ) ;
#2243 = VERTEX_POINT ( 'NONE', #42 ) ;
#2244 = DIRECTION ( 'NONE',  ( 0.000000000000000000, 0.000000000000000000, 1.000000000000000000 ) ) ;
#2245 = ORIENTED_EDGE ( 'NONE', *, *, #2485, .T. ) ;
#2246 = LINE ( 'NONE', #1341, #1371 ) ;
#2247 =( NAMED_UNIT ( * ) SI_UNIT ( $, .STERADIAN. ) SOLID_ANGLE_UNIT ( ) );
#2248 = ORIENTED_EDGE ( 'NONE', *, *, #33, .T. ) ;
#2249 = CARTESIAN_POINT ( 'NONE',  ( 0.5199999999999999067, 0.000000000000000000, -0.7920000000000000373 ) ) ;
#2250 = CARTESIAN_POINT ( 'NONE',  ( -0.5200000000000002398, 0.2099999999999999922, -0.7919999999999995932 ) ) ;
#2251 = EDGE_LOOP ( 'NONE', ( #2708, #372, #1648, #2844 ) ) ;
#2252 = CARTESIAN_POINT ( 'NONE',  ( -0.5000000000000000000, 0.2099999999999999922, 0.7920000000000000373 ) ) ;
#2253 = LINE ( 'NONE', #916, #914 ) ;
#2254 = EDGE_CURVE ( 'NONE', #2339, #2650, #99, .T. ) ;
#2255 = VECTOR ( 'NONE', #798, 1000.000000000000000 ) ;
#2256 = ORIENTED_EDGE ( 'NONE', *, *, #525, .F. ) ;
#2257 = CARTESIAN_POINT ( 'NONE',  ( -0.7800000000000001377, 0.2099999999999999922, -0.7719999999999995755 ) ) ;
#2258 = ORIENTED_EDGE ( 'NONE', *, *, #2786, .T. ) ;
#2259 = CIRCLE ( 'NONE', #1846, 0.02000000000000005246 ) ;
#2260 = AXIS2_PLACEMENT_3D ( 'NONE', #2860, #225, #646 ) ;
#2261 = ORIENTED_EDGE ( 'NONE', *, *, #1554, .F. ) ;
#2262 = CARTESIAN_POINT ( 'NONE',  ( 0.000000000000000000, -0.000000000000000000, 0.9899999999999997691 ) ) ;
#2263 = AXIS2_PLACEMENT_3D ( 'NONE', #1933, #813, #383 ) ;
#2264 = AXIS2_PLACEMENT_3D ( 'NONE', #2146, #1706, #2166 ) ;
#2265 = CARTESIAN_POINT ( 'NONE',  ( 1.024999999999999911, 0.1481926499693902721, -0.1031376208511891462 ) ) ;
#2266 = ORIENTED_EDGE ( 'NONE', *, *, #1106, .F. ) ;
#2267 = VECTOR ( 'NONE', #985, 1000.000000000000000 ) ;
#2268 = DIRECTION ( 'NONE',  ( 0.000000000000000000, 0.000000000000000000, -1.000000000000000000 ) ) ;
#2269 = CARTESIAN_POINT ( 'NONE',  ( 0.5199999999999999067, 0.2099999999999999922, -0.7720000000000000195 ) ) ;
#2270 = VERTEX_POINT ( 'NONE', #1393 ) ;
#2271 = MECHANICAL_DESIGN_GEOMETRIC_PRESENTATION_REPRESENTATION (  '', ( #1670 ), #1658 ) ;
#2272 = ADVANCED_FACE ( 'NONE', ( #2287 ), #276, .T. ) ;
#2273 = ORIENTED_EDGE ( 'NONE', *, *, #336, .F. ) ;
#2274 = CARTESIAN_POINT ( 'NONE',  ( 1.026000000000000023, 0.09832391021716703483, 0.1031376208511891462 ) ) ;
#2275 = EDGE_CURVE ( 'NONE', #692, #888, #1942, .T. ) ;
#2276 = LINE ( 'NONE', #1111, #1980 ) ;
#2277 = ADVANCED_FACE ( 'NONE', ( #170 ), #1279, .T. ) ;
#2278 = CARTESIAN_POINT ( 'NONE',  ( -1.024999999999999911, 0.2200000000000000289, -1.024999999999999911 ) ) ;
#2279 = VERTEX_POINT ( 'NONE', #635 ) ;
#2280 = CARTESIAN_POINT ( 'NONE',  ( 0.1800000000000002431, 0.000000000000000000, 0.000000000000000000 ) ) ;
#2281 = VERTEX_POINT ( 'NONE', #1905 ) ;
#2282 = ORIENTED_EDGE ( 'NONE', *, *, #282, .T. ) ;
#2283 = LINE ( 'NONE', #2047, #909 ) ;
#2284 = DIRECTION ( 'NONE',  ( 5.019454502247707612E-16, 0.000000000000000000, -1.000000000000000000 ) ) ;
#2285 = ORIENTED_EDGE ( 'NONE', *, *, #879, .F. ) ;
#2286 = CARTESIAN_POINT ( 'NONE',  ( 0.1499999999999995226, 0.2200000000000000011, -0.9899999999999997691 ) ) ;
#2287 = FACE_OUTER_BOUND ( 'NONE', #2112, .T. ) ;
#2288 = ORIENTED_EDGE ( 'NONE', *, *, #1446, .F. ) ;
#2289 = CYLINDRICAL_SURFACE ( 'NONE', #339, 0.02000000000000005246 ) ;
#2290 = CARTESIAN_POINT ( 'NONE',  ( 0.1299999999999998934, -0.05000000000000000278, 0.7719999999999999085 ) ) ;
#2291 = ADVANCED_FACE ( 'NONE', ( #152 ), #1476, .F. ) ;
#2292 = FACE_OUTER_BOUND ( 'NONE', #2810, .T. ) ;
#2293 = EDGE_CURVE ( 'NONE', #818, #1215, #1236, .T. ) ;
#2294 = EDGE_CURVE ( 'NONE', #1247, #2073, #1956, .T. ) ;
#2295 = DIRECTION ( 'NONE',  ( 0.000000000000000000, 0.000000000000000000, -1.000000000000000000 ) ) ;
#2296 = ORIENTED_EDGE ( 'NONE', *, *, #723, .T. ) ;
#2297 = DIRECTION ( 'NONE',  ( 0.000000000000000000, 0.000000000000000000, 1.000000000000000000 ) ) ;
#2298 = VERTEX_POINT ( 'NONE', #616 ) ;
#2299 = DIRECTION ( 'NONE',  ( -2.710505431213758718E-15, 0.000000000000000000, -1.000000000000000000 ) ) ;
#2300 = CARTESIAN_POINT ( 'NONE',  ( 0.1299999999999998934, 0.000000000000000000, -0.7719999999999997975 ) ) ;
#2301 = ORIENTED_EDGE ( 'NONE', *, *, #1463, .F. ) ;
#2302 = LINE ( 'NONE', #290, #675 ) ;
#2303 = DIRECTION ( 'NONE',  ( 0.000000000000000000, 0.000000000000000000, -1.000000000000000000 ) ) ;
#2304 = LINE ( 'NONE', #565, #1000 ) ;
#2305 = DIRECTION ( 'NONE',  ( 0.000000000000000000, 0.000000000000000000, -1.000000000000000000 ) ) ;
#2306 = LINE ( 'NONE', #297, #1654 ) ;
#2307 = VECTOR ( 'NONE', #1806, 1000.000000000000000 ) ;
#2308 = ORIENTED_EDGE ( 'NONE', *, *, #2293, .T. ) ;
#2309 = LINE ( 'NONE', #2500, #854 ) ;
#2310 = AXIS2_PLACEMENT_3D ( 'NONE', #2237, #218, #1110 ) ;
#2311 = ORIENTED_EDGE ( 'NONE', *, *, #1899, .F. ) ;
#2312 = CARTESIAN_POINT ( 'NONE',  ( 0.6700000000000003730, -0.05000000000000000278, -0.5320000000000000284 ) ) ;
#2313 = LINE ( 'NONE', #2079, #24 ) ;
#2314 = ORIENTED_EDGE ( 'NONE', *, *, #706, .F. ) ;
#2315 = CIRCLE ( 'NONE', #2210, 0.02000000000000005246 ) ;
#2316 = VECTOR ( 'NONE', #2131, 1000.000000000000000 ) ;
#2317 = DIRECTION ( 'NONE',  ( -5.421010862427523156E-16, 0.000000000000000000, 1.000000000000000000 ) ) ;
#2318 = CARTESIAN_POINT ( 'NONE',  ( -1.311459024423942132, 0.2200000000000000011, -0.9899999999999997691 ) ) ;
#2319 = ORIENTED_EDGE ( 'NONE', *, *, #2017, .T. ) ;
#2320 = PRODUCT_DEFINITION_FORMATION_WITH_SPECIFIED_SOURCE ( 'ANY', '', #1947, .NOT_KNOWN. ) ;
#2321 = AXIS2_PLACEMENT_3D ( 'NONE', #2821, #352, #2417 ) ;
#2322 = DIRECTION ( 'NONE',  ( 0.000000000000000000, 0.000000000000000000, -1.000000000000000000 ) ) ;
#2323 = VECTOR ( 'NONE', #240, 1000.000000000000000 ) ;
#2324 = CARTESIAN_POINT ( 'NONE',  ( 0.7999999999999994893, 0.2099999999999999922, -0.9919999999999999929 ) ) ;
#2325 = VERTEX_POINT ( 'NONE', #2394 ) ;
#2326 = EDGE_CURVE ( 'NONE', #2814, #143, #791, .T. ) ;
#2327 = ORIENTED_EDGE ( 'NONE', *, *, #129, .F. ) ;
#2328 = ORIENTED_EDGE ( 'NONE', *, *, #1593, .F. ) ;
#2329 = DIRECTION ( 'NONE',  ( -0.000000000000000000, 1.000000000000000000, 0.000000000000000000 ) ) ;
#2330 = ORIENTED_EDGE ( 'NONE', *, *, #1845, .T. ) ;
#2331 = EDGE_CURVE ( 'NONE', #1954, #1247, #588, .T. ) ;
#2332 = EDGE_CURVE ( 'NONE', #68, #631, #575, .T. ) ;
#2333 = LINE ( 'NONE', #2487, #2549 ) ;
#2334 = ADVANCED_FACE ( 'NONE', ( #1457 ), #361, .F. ) ;
#2335 = DIRECTION ( 'NONE',  ( 1.000000000000000000, 0.000000000000000000, 0.000000000000000000 ) ) ;
#2336 = PLANE ( 'NONE',  #441 ) ;
#2337 = CARTESIAN_POINT ( 'NONE',  ( 0.000000000000000000, -0.000000000000000000, 0.7720000000000000195 ) ) ;
#2338 = LINE ( 'NONE', #1214, #1170 ) ;
#2339 = VERTEX_POINT ( 'NONE', #866 ) ;
#2340 = VERTEX_POINT ( 'NONE', #1129 ) ;
#2341 = CARTESIAN_POINT ( 'NONE',  ( 0.1499999999999995226, 0.2099999999999999922, -0.9899999999999997691 ) ) ;
#2342 = ORIENTED_EDGE ( 'NONE', *, *, #2659, .F. ) ;
#2343 = FACE_OUTER_BOUND ( 'NONE', #2669, .T. ) ;
#2344 = CARTESIAN_POINT ( 'NONE',  ( -0.1300000000000002265, 0.2099999999999999922, -0.7919999999999998153 ) ) ;
#2345 = DIRECTION ( 'NONE',  ( 0.000000000000000000, 0.000000000000000000, -1.000000000000000000 ) ) ;
#2346 = DIRECTION ( 'NONE',  ( 0.000000000000000000, -1.000000000000000000, 0.000000000000000000 ) ) ;
#2347 = DIRECTION ( 'NONE',  ( -0.000000000000000000, -1.000000000000000000, -0.000000000000000000 ) ) ;
#2348 = EDGE_LOOP ( 'NONE', ( #2375, #767, #2625, #2342 ) ) ;
#2349 = UNCERTAINTY_MEASURE_WITH_UNIT (LENGTH_MEASURE( 1.000000000000000082E-05 ), #941, 'distance_accuracy_value', 'NONE');
#2350 = EDGE_LOOP ( 'NONE', ( #2226, #2886, #2171, #2200, #558, #1020, #1812, #93 ) ) ;
#2351 = DIRECTION ( 'NONE',  ( 0.000000000000000000, -1.000000000000000000, 0.000000000000000000 ) ) ;
#2352 = ORIENTED_EDGE ( 'NONE', *, *, #32, .F. ) ;
#2353 = VECTOR ( 'NONE', #1729, 1000.000000000000114 ) ;
#2354 = CARTESIAN_POINT ( 'NONE',  ( -0.1500000000000002720, -0.05000000000000000278, -0.9919999999999996598 ) ) ;
#2355 = AXIS2_PLACEMENT_3D ( 'NONE', #2187, #1519, #409 ) ;
#2356 = CARTESIAN_POINT ( 'NONE',  ( 0.5199999999999999067, 0.2099999999999999922, -0.7720000000000000195 ) ) ;
#2357 = VECTOR ( 'NONE', #975, 1000.000000000000000 ) ;
#2358 = STYLED_ITEM ( 'NONE', ( #382 ), #1501 ) ;
#2359 = LINE ( 'NONE', #1957, #580 ) ;
#2360 = LINE ( 'NONE', #2158, #1757 ) ;
#2361 = AXIS2_PLACEMENT_3D ( 'NONE', #839, #2177, #364 ) ;
#2362 = EDGE_CURVE ( 'NONE', #1, #2028, #1533, .T. ) ;
#2363 = LINE ( 'NONE', #105, #1543 ) ;
#2364 = EDGE_CURVE ( 'NONE', #2462, #2279, #422, .T. ) ;
#2365 = VECTOR ( 'NONE', #2577, 1000.000000000000000 ) ;
#2366 = CARTESIAN_POINT ( 'NONE',  ( -0.7949999999999999289, -0.05000000000000000278, 0.3820000000000000617 ) ) ;
#2367 = ADVANCED_FACE ( 'NONE', ( #673, #182 ), #2892, .F. ) ;
#2368 = SHAPE_DEFINITION_REPRESENTATION ( #2764, #2470 ) ;
#2369 = ORIENTED_EDGE ( 'NONE', *, *, #1282, .F. ) ;
#2370 = ORIENTED_EDGE ( 'NONE', *, *, #2485, .F. ) ;
#2371 = DIRECTION ( 'NONE',  ( -1.000000000000000000, 0.000000000000000000, 2.168404344971009262E-15 ) ) ;
#2372 = CARTESIAN_POINT ( 'NONE',  ( -0.7949999999999999289, -0.000000000000000000, 0.000000000000000000 ) ) ;
#2373 = LINE ( 'NONE', #2614, #1793 ) ;
#2374 = CARTESIAN_POINT ( 'NONE',  ( 0.7799999999999999156, 0.000000000000000000, -0.7920000000000000373 ) ) ;
#2375 = ORIENTED_EDGE ( 'NONE', *, *, #212, .F. ) ;
#2376 = EDGE_CURVE ( 'NONE', #190, #2281, #471, .T. ) ;
#2377 = LINE ( 'NONE', #1915, #2868 ) ;
#2378 = EDGE_CURVE ( 'NONE', #1363, #1810, #1549, .T. ) ;
#2379 = ORIENTED_EDGE ( 'NONE', *, *, #980, .T. ) ;
#2380 = EDGE_CURVE ( 'NONE', #2652, #835, #1570, .T. ) ;
#2381 = ORIENTED_EDGE ( 'NONE', *, *, #2059, .T. ) ;
#2382 = CARTESIAN_POINT ( 'NONE',  ( -1.024999999999999911, 0.6999999999999999556, -0.1031376208511891462 ) ) ;
#2383 = DIRECTION ( 'NONE',  ( -0.000000000000000000, 1.000000000000000000, -0.000000000000000000 ) ) ;
#2384 = LINE ( 'NONE', #1491, #490 ) ;
#2385 = CARTESIAN_POINT ( 'NONE',  ( -0.1500000000000000777, 0.2099999999999999922, 0.9919999999999999929 ) ) ;
#2386 = ORIENTED_EDGE ( 'NONE', *, *, #153, .T. ) ;
#2387 = EDGE_LOOP ( 'NONE', ( #107, #1160, #2854, #1301 ) ) ;
#2388 = DIRECTION ( 'NONE',  ( 0.000000000000000000, 0.000000000000000000, -1.000000000000000000 ) ) ;
#2389 = CARTESIAN_POINT ( 'NONE',  ( 0.4999999999999998890, -0.05000000000000000278, -0.7920000000000000373 ) ) ;
#2390 = ORIENTED_EDGE ( 'NONE', *, *, #2857, .T. ) ;
#2391 = DIRECTION ( 'NONE',  ( 0.000000000000000000, 0.000000000000000000, -1.000000000000000000 ) ) ;
#2392 = VERTEX_POINT ( 'NONE', #2188 ) ;
#2393 = DIRECTION ( 'NONE',  ( -0.000000000000000000, 0.000000000000000000, 1.000000000000000000 ) ) ;
#2394 = CARTESIAN_POINT ( 'NONE',  ( -1.024999999999999911, 0.09832391021716703483, 0.1031376208511891462 ) ) ;
#2395 = EDGE_CURVE ( 'NONE', #554, #1484, #1969, .T. ) ;
#2396 = VECTOR ( 'NONE', #2322, 1000.000000000000000 ) ;
#2397 = DIRECTION ( 'NONE',  ( 0.000000000000000000, -0.000000000000000000, 1.000000000000000000 ) ) ;
#2398 = DIRECTION ( 'NONE',  ( -5.421010862427523156E-16, 0.000000000000000000, -1.000000000000000000 ) ) ;
#2399 = VERTEX_POINT ( 'NONE', #1759 ) ;
#2400 = AXIS2_PLACEMENT_3D ( 'NONE', #1104, #693, #1128 ) ;
#2401 = CARTESIAN_POINT ( 'NONE',  ( 1.024999999999999911, 0.09832391021716703483, 0.1031376208511891462 ) ) ;
#2402 = MECHANICAL_DESIGN_GEOMETRIC_PRESENTATION_REPRESENTATION (  '', ( #2358 ), #1189 ) ;
#2403 = CARTESIAN_POINT ( 'NONE',  ( 0.1800000000000002431, 0.000000000000000000, 0.5820000000000000728 ) ) ;
#2404 = DIRECTION ( 'NONE',  ( 0.000000000000000000, 0.000000000000000000, -1.000000000000000000 ) ) ;
#2405 = CIRCLE ( 'NONE', #2321, 0.02000000000000005246 ) ;
#2406 = EDGE_LOOP ( 'NONE', ( #2624, #1999, #180, #1600, #1608, #2469 ) ) ;
#2407 = VECTOR ( 'NONE', #725, 1000.000000000000000 ) ;
#2408 = DIRECTION ( 'NONE',  ( 0.000000000000000000, -1.000000000000000000, 0.000000000000000000 ) ) ;
#2409 = ORIENTED_EDGE ( 'NONE', *, *, #2089, .T. ) ;
#2410 = EDGE_LOOP ( 'NONE', ( #1477, #2743, #2698, #2772 ) ) ;
#2411 = CARTESIAN_POINT ( 'NONE',  ( 0.1500000000000000777, -0.05000000000000000278, 0.7920000000000000373 ) ) ;
#2412 = EDGE_CURVE ( 'NONE', #2456, #192, #891, .T. ) ;
#2413 = DIRECTION ( 'NONE',  ( -0.000000000000000000, 0.000000000000000000, 1.000000000000000000 ) ) ;
#2414 = EDGE_CURVE ( 'NONE', #1442, #1432, #214, .T. ) ;
#2415 = EDGE_CURVE ( 'NONE', #2339, #2178, #2002, .T. ) ;
#2416 = CARTESIAN_POINT ( 'NONE',  ( 0.4999999999999995559, 0.2200000000000000011, -0.9899999999999997691 ) ) ;
#2417 = DIRECTION ( 'NONE',  ( 0.000000000000000000, 0.000000000000000000, -1.000000000000000000 ) ) ;
#2418 = VERTEX_POINT ( 'NONE', #1860 ) ;
#2419 = ORIENTED_EDGE ( 'NONE', *, *, #1972, .F. ) ;
#2420 = VERTEX_POINT ( 'NONE', #2265 ) ;
#2421 = CARTESIAN_POINT ( 'NONE',  ( 0.8000000000000000444, 0.2099999999999999922, 0.7920000000000000373 ) ) ;
#2422 = EDGE_LOOP ( 'NONE', ( #1162, #1606, #126, #882 ) ) ;
#2423 = EDGE_LOOP ( 'NONE', ( #2627, #500 ) ) ;
#2424 = LINE ( 'NONE', #2472, #2682 ) ;
#2425 = DIRECTION ( 'NONE',  ( 0.000000000000000000, -0.000000000000000000, 1.000000000000000000 ) ) ;
#2426 = CARTESIAN_POINT ( 'NONE',  ( 0.1500000000000001887, 0.2099999999999999922, 0.9899999999999997691 ) ) ;
#2427 = DIRECTION ( 'NONE',  ( 0.000000000000000000, -1.000000000000000000, 0.000000000000000000 ) ) ;
#2428 = ORIENTED_EDGE ( 'NONE', *, *, #2620, .F. ) ;
#2429 = AXIS2_PLACEMENT_3D ( 'NONE', #553, #795, #1438 ) ;
#2430 = DIRECTION ( 'NONE',  ( -0.000000000000000000, -0.000000000000000000, -1.000000000000000000 ) ) ;
#2431 = FACE_OUTER_BOUND ( 'NONE', #796, .T. ) ;
#2432 = DIRECTION ( 'NONE',  ( 0.000000000000000000, -1.000000000000000000, 0.000000000000000000 ) ) ;
#2433 = ORIENTED_EDGE ( 'NONE', *, *, #1756, .F. ) ;
#2434 = FILL_AREA_STYLE_COLOUR ( '', #913 ) ;
#2435 = ORIENTED_EDGE ( 'NONE', *, *, #2838, .T. ) ;
#2436 = VERTEX_POINT ( 'NONE', #1403 ) ;
#2437 = CARTESIAN_POINT ( 'NONE',  ( 0.5199999999999999067, -0.05000000000000000278, 0.7720000000000000195 ) ) ;
#2438 = CARTESIAN_POINT ( 'NONE',  ( -0.5000000000000001110, 0.2099999999999999922, -0.7919999999999995932 ) ) ;
#2439 = LINE ( 'NONE', #2234, #724 ) ;
#2440 = VECTOR ( 'NONE', #2430, 1000.000000000000000 ) ;
#2441 = DIRECTION ( 'NONE',  ( 0.000000000000000000, -1.000000000000000000, 0.000000000000000000 ) ) ;
#2442 = PRESENTATION_LAYER_ASSIGNMENT (  '', '', ( #11 ) ) ;
#2443 = FACE_OUTER_BOUND ( 'NONE', #1233, .T. ) ;
#2444 = EDGE_CURVE ( 'NONE', #888, #2270, #1417, .T. ) ;
#2445 = PLANE ( 'NONE',  #2072 ) ;
#2446 = VECTOR ( 'NONE', #50, 1000.000000000000000 ) ;
#2447 = SURFACE_STYLE_FILL_AREA ( #404 ) ;
#2448 = EDGE_CURVE ( 'NONE', #2822, #2660, #261, .T. ) ;
#2449 = AXIS2_PLACEMENT_3D ( 'NONE', #273, #1164, #2063 ) ;
#2450 = VECTOR ( 'NONE', #2483, 1000.000000000000000 ) ;
#2451 = EDGE_CURVE ( 'NONE', #2279, #2340, #1383, .T. ) ;
#2452 = VERTEX_POINT ( 'NONE', #1181 ) ;
#2453 = CARTESIAN_POINT ( 'NONE',  ( -0.1500000000000002720, 0.2099999999999999922, -0.9919999999999996598 ) ) ;
#2454 = ORIENTED_EDGE ( 'NONE', *, *, #1629, .T. ) ;
#2455 = AXIS2_PLACEMENT_3D ( 'NONE', #311, #2102, #2303 ) ;
#2456 = VERTEX_POINT ( 'NONE', #938 ) ;
#2457 = VECTOR ( 'NONE', #2459, 1000.000000000000000 ) ;
#2458 = DIRECTION ( 'NONE',  ( -5.421010862427523156E-16, 0.000000000000000000, 1.000000000000000000 ) ) ;
#2459 = DIRECTION ( 'NONE',  ( -1.000000000000000000, 0.000000000000000000, 0.000000000000000000 ) ) ;
#2460 = DIRECTION ( 'NONE',  ( -1.000000000000000000, -0.000000000000000000, -0.000000000000000000 ) ) ;
#2461 = DIRECTION ( 'NONE',  ( 0.000000000000000000, -1.000000000000000000, 0.000000000000000000 ) ) ;
#2462 = VERTEX_POINT ( 'NONE', #2300 ) ;
#2463 = DIRECTION ( 'NONE',  ( 1.000000000000000000, 0.000000000000000000, 0.000000000000000000 ) ) ;
#2464 = DIRECTION ( 'NONE',  ( 0.000000000000000000, 0.000000000000000000, -1.000000000000000000 ) ) ;
#2465 = DIRECTION ( 'NONE',  ( -1.000000000000000000, 0.000000000000000000, 0.000000000000000000 ) ) ;
#2466 = ORIENTED_EDGE ( 'NONE', *, *, #410, .F. ) ;
#2467 = ADVANCED_FACE ( 'NONE', ( #1882 ), #2547, .F. ) ;
#2468 = FACE_OUTER_BOUND ( 'NONE', #1795, .T. ) ;
#2469 = ORIENTED_EDGE ( 'NONE', *, *, #1923, .F. ) ;
#2470 = ADVANCED_BREP_SHAPE_REPRESENTATION ( 'SQA411CEJW-T1_GE3', ( #556, #2263 ), #1326 ) ;
#2471 = EDGE_LOOP ( 'NONE', ( #2594, #847, #902, #605 ) ) ;
#2472 = CARTESIAN_POINT ( 'NONE',  ( -0.7999999999999997113, 0.000000000000000000, 4.336808689942016750E-16 ) ) ;
#2473 = DIRECTION ( 'NONE',  ( 0.000000000000000000, -1.000000000000000000, 0.000000000000000000 ) ) ;
#2474 = DIRECTION ( 'NONE',  ( 5.421010862427523156E-16, -0.000000000000000000, 1.000000000000000000 ) ) ;
#2475 = ORIENTED_EDGE ( 'NONE', *, *, #368, .F. ) ;
#2476 = LINE ( 'NONE', #2252, #2630 ) ;
#2477 = CARTESIAN_POINT ( 'NONE',  ( 0.7799999999999999156, -0.05000000000000000278, -0.7720000000000000195 ) ) ;
#2478 = FILL_AREA_STYLE ('',( #2239 ) ) ;
#2479 = ORIENTED_EDGE ( 'NONE', *, *, #1682, .F. ) ;
#2480 = CARTESIAN_POINT ( 'NONE',  ( 0.000000000000000000, -0.05000000000000000278, 0.000000000000000000 ) ) ;
#2481 = ORIENTED_EDGE ( 'NONE', *, *, #2717, .T. ) ;
#2482 = ORIENTED_EDGE ( 'NONE', *, *, #1030, .T. ) ;
#2483 = DIRECTION ( 'NONE',  ( 1.000000000000000000, 0.000000000000000000, 0.000000000000000000 ) ) ;
#2484 = DIRECTION ( 'NONE',  ( 0.000000000000000000, -1.000000000000000000, 0.000000000000000000 ) ) ;
#2485 = EDGE_CURVE ( 'NONE', #2785, #1740, #1281, .T. ) ;
#2486 = ORIENTED_EDGE ( 'NONE', *, *, #2104, .T. ) ;
#2487 = CARTESIAN_POINT ( 'NONE',  ( -0.4999999999999998890, -0.05000000000000000278, 0.7920000000000000373 ) ) ;
#2488 = PLANE ( 'NONE',  #2216 ) ;
#2489 = ORIENTED_EDGE ( 'NONE', *, *, #1228, .T. ) ;
#2490 = CARTESIAN_POINT ( 'NONE',  ( -0.8000000000000000444, 0.2099999999999999922, 0.7920000000000000373 ) ) ;
#2491 = LINE ( 'NONE', #2207, #1087 ) ;
#2492 = VECTOR ( 'NONE', #2053, 1000.000000000000000 ) ;
#2493 = ORIENTED_EDGE ( 'NONE', *, *, #247, .T. ) ;
#2494 = VECTOR ( 'NONE', #1395, 1000.000000000000000 ) ;
#2495 = CARTESIAN_POINT ( 'NONE',  ( 0.1299999999999998934, 0.2099999999999999922, 0.7920000000000000373 ) ) ;
#2496 = EDGE_LOOP ( 'NONE', ( #2296, #1321, #426, #516 ) ) ;
#2497 = EDGE_CURVE ( 'NONE', #927, #1542, #2746, .T. ) ;
#2498 = AXIS2_PLACEMENT_3D ( 'NONE', #1710, #801, #557 ) ;
#2499 = VECTOR ( 'NONE', #2090, 1000.000000000000000 ) ;
#2500 = CARTESIAN_POINT ( 'NONE',  ( 0.1500000000000022149, 0.000000000000000000, -4.065758146820697834E-16 ) ) ;
#2501 = ORIENTED_EDGE ( 'NONE', *, *, #2331, .F. ) ;
#2502 = FACE_OUTER_BOUND ( 'NONE', #846, .T. ) ;
#2503 = VECTOR ( 'NONE', #924, 1000.000000000000000 ) ;
#2504 = DIRECTION ( 'NONE',  ( 0.000000000000000000, 0.000000000000000000, 1.000000000000000000 ) ) ;
#2505 = CARTESIAN_POINT ( 'NONE',  ( -0.8000000000000000444, 0.2099999999999999922, 0.9919999999999999929 ) ) ;
#2506 = AXIS2_PLACEMENT_3D ( 'NONE', #2374, #1716, #1689 ) ;
#2507 = ADVANCED_FACE ( 'NONE', ( #1207 ), #531, .T. ) ;
#2508 = CARTESIAN_POINT ( 'NONE',  ( -0.1500000000000003830, 0.000000000000000000, -0.9899999999999997691 ) ) ;
#2509 = PLANE ( 'NONE',  #1276 ) ;
#2510 = EDGE_CURVE ( 'NONE', #358, #932, #2099, .T. ) ;
#2511 = DIRECTION ( 'NONE',  ( 0.000000000000000000, -1.000000000000000000, 0.000000000000000000 ) ) ;
#2512 = EDGE_CURVE ( 'NONE', #818, #1542, #96, .T. ) ;
#2513 = CARTESIAN_POINT ( 'NONE',  ( 0.5199999999999999067, -0.05000000000000000278, -0.7720000000000000195 ) ) ;
#2514 = CARTESIAN_POINT ( 'NONE',  ( 0.1500000000000000777, 0.2099999999999999922, 0.7920000000000000373 ) ) ;
#2515 =( LENGTH_UNIT ( ) NAMED_UNIT ( * ) SI_UNIT ( .MILLI., .METRE. ) );
#2516 = ORIENTED_EDGE ( 'NONE', *, *, #827, .T. ) ;
#2517 = DIRECTION ( 'NONE',  ( 0.000000000000000000, -1.000000000000000000, 0.000000000000000000 ) ) ;
#2518 = VERTEX_POINT ( 'NONE', #485 ) ;
#2519 = VERTEX_POINT ( 'NONE', #752 ) ;
#2520 = CARTESIAN_POINT ( 'NONE',  ( -1.024999999999999911, 0.2200000000000000289, 1.024999999999999911 ) ) ;
#2521 = DIRECTION ( 'NONE',  ( -1.000000000000000000, 0.000000000000000000, -0.000000000000000000 ) ) ;
#2522 = CARTESIAN_POINT ( 'NONE',  ( -0.1499999999999999667, -0.000000000000000000, 0.9899999999999997691 ) ) ;
#2523 = FACE_OUTER_BOUND ( 'NONE', #148, .T. ) ;
#2524 = DIRECTION ( 'NONE',  ( 1.000000000000000000, 0.000000000000000000, 5.421010862427523156E-16 ) ) ;
#2525 =( NAMED_UNIT ( * ) PLANE_ANGLE_UNIT ( ) SI_UNIT ( $, .RADIAN. ) );
#2526 = DIRECTION ( 'NONE',  ( 0.000000000000000000, -1.000000000000000000, 0.000000000000000000 ) ) ;
#2527 = CARTESIAN_POINT ( 'NONE',  ( 1.026000000000000023, 0.09832391021716703483, 0.1031376208511891462 ) ) ;
#2528 = ORIENTED_EDGE ( 'NONE', *, *, #1339, .F. ) ;
#2529 = CARTESIAN_POINT ( 'NONE',  ( 0.7999999999999994893, -0.05000000000000000278, -0.9919999999999999929 ) ) ;
#2530 = EDGE_LOOP ( 'NONE', ( #1836, #2482, #2172, #1766 ) ) ;
#2531 = ORIENTED_EDGE ( 'NONE', *, *, #2592, .T. ) ;
#2532 = CARTESIAN_POINT ( 'NONE',  ( -0.5000000000000000000, 0.2099999999999999922, 0.9919999999999999929 ) ) ;
#2533 = CARTESIAN_POINT ( 'NONE',  ( -0.1300000000000000044, -0.05000000000000000278, 0.7920000000000000373 ) ) ;
#2534 = CARTESIAN_POINT ( 'NONE',  ( 0.1800000000000002431, 0.2099999999999999922, -0.5820000000000000728 ) ) ;
#2535 = DIRECTION ( 'NONE',  ( -1.000000000000000000, -0.000000000000000000, -0.000000000000000000 ) ) ;
#2536 =( NAMED_UNIT ( * ) SI_UNIT ( $, .STERADIAN. ) SOLID_ANGLE_UNIT ( ) );
#2537 = EDGE_CURVE ( 'NONE', #2822, #1442, #2313, .T. ) ;
#2538 = PRESENTATION_STYLE_ASSIGNMENT (( #768 ) ) ;
#2539 = DIRECTION ( 'NONE',  ( 0.000000000000000000, 0.000000000000000000, -1.000000000000000000 ) ) ;
#2540 = EDGE_CURVE ( 'NONE', #972, #2518, #1131, .T. ) ;
#2541 = VECTOR ( 'NONE', #711, 1000.000000000000000 ) ;
#2542 = ORIENTED_EDGE ( 'NONE', *, *, #2376, .F. ) ;
#2543 = EDGE_CURVE ( 'NONE', #7, #1666, #2039, .T. ) ;
#2544 = EDGE_CURVE ( 'NONE', #1363, #2616, #2684, .T. ) ;
#2545 = VECTOR ( 'NONE', #1539, 1000.000000000000000 ) ;
#2546 = EDGE_LOOP ( 'NONE', ( #1258, #316, #597, #1585 ) ) ;
#2547 = PLANE ( 'NONE',  #2556 ) ;
#2548 = VECTOR ( 'NONE', #1433, 1000.000000000000000 ) ;
#2549 = VECTOR ( 'NONE', #2317, 1000.000000000000000 ) ;
#2550 = FACE_OUTER_BOUND ( 'NONE', #1883, .T. ) ;
#2551 = VECTOR ( 'NONE', #371, 1000.000000000000000 ) ;
#2552 = VECTOR ( 'NONE', #1187, 1000.000000000000000 ) ;
#2553 = LINE ( 'NONE', #549, #581 ) ;
#2554 = DIRECTION ( 'NONE',  ( 0.000000000000000000, 0.000000000000000000, 1.000000000000000000 ) ) ;
#2555 =( LENGTH_UNIT ( ) NAMED_UNIT ( * ) SI_UNIT ( .MILLI., .METRE. ) );
#2556 = AXIS2_PLACEMENT_3D ( 'NONE', #1610, #2329, #2504 ) ;
#2557 = CARTESIAN_POINT ( 'NONE',  ( -0.8000000000000001554, 0.2099999999999999922, -0.7919999999999995932 ) ) ;
#2558 = PLANE ( 'NONE',  #2429 ) ;
#2559 = EDGE_LOOP ( 'NONE', ( #2352, #1711, #1692, #326 ) ) ;
#2560 = ORIENTED_EDGE ( 'NONE', *, *, #1369, .T. ) ;
#2561 = PLANE ( 'NONE',  #2498 ) ;
#2562 = ORIENTED_EDGE ( 'NONE', *, *, #629, .F. ) ;
#2563 = FACE_OUTER_BOUND ( 'NONE', #258, .T. ) ;
#2564 = DIRECTION ( 'NONE',  ( 0.000000000000000000, -0.000000000000000000, -1.000000000000000000 ) ) ;
#2565 = DIRECTION ( 'NONE',  ( 1.000000000000000000, 0.000000000000000000, 0.000000000000000000 ) ) ;
#2566 = LINE ( 'NONE', #2337, #2267 ) ;
#2567 = EDGE_LOOP ( 'NONE', ( #669, #821, #2003, #1069 ) ) ;
#2568 = ORIENTED_EDGE ( 'NONE', *, *, #125, .F. ) ;
#2569 = DIRECTION ( 'NONE',  ( -0.7071067811865474617, -0.000000000000000000, -0.7071067811865474617 ) ) ;
#2570 = EDGE_LOOP ( 'NONE', ( #912, #1657, #1057, #1512 ) ) ;
#2571 = DIRECTION ( 'NONE',  ( 0.000000000000000000, 0.000000000000000000, 1.000000000000000000 ) ) ;
#2572 = ADVANCED_FACE ( 'NONE', ( #718 ), #979, .T. ) ;
#2573 = DIRECTION ( 'NONE',  ( 0.000000000000000000, 0.000000000000000000, -1.000000000000000000 ) ) ;
#2574 = EDGE_CURVE ( 'NONE', #977, #293, #2634, .T. ) ;
#2575 = EDGE_CURVE ( 'NONE', #991, #554, #2118, .T. ) ;
#2576 = DIRECTION ( 'NONE',  ( -0.000000000000000000, 1.000000000000000000, -0.000000000000000000 ) ) ;
#2577 = DIRECTION ( 'NONE',  ( -1.000000000000000000, 0.000000000000000000, 0.000000000000000000 ) ) ;
#2578 = ORIENTED_EDGE ( 'NONE', *, *, #189, .T. ) ;
#2579 = DIRECTION ( 'NONE',  ( -1.000000000000000000, 0.000000000000000000, 0.000000000000000000 ) ) ;
#2580 = ORIENTED_EDGE ( 'NONE', *, *, #1592, .F. ) ;
#2581 = VECTOR ( 'NONE', #2092, 1000.000000000000000 ) ;
#2582 = FACE_OUTER_BOUND ( 'NONE', #1792, .T. ) ;
#2583 = ORIENTED_EDGE ( 'NONE', *, *, #2448, .T. ) ;
#2584 =( GEOMETRIC_REPRESENTATION_CONTEXT ( 3 ) GLOBAL_UNCERTAINTY_ASSIGNED_CONTEXT ( ( #381 ) ) GLOBAL_UNIT_ASSIGNED_CONTEXT ( ( #2555, #2525, #509 ) ) REPRESENTATION_CONTEXT ( 'NONE', 'WORKASPACE' ) );
#2585 = DIRECTION ( 'NONE',  ( -1.000000000000000000, 0.000000000000000000, -0.000000000000000000 ) ) ;
#2586 = VECTOR ( 'NONE', #1675, 1000.000000000000000 ) ;
#2587 = CARTESIAN_POINT ( 'NONE',  ( 0.9000000000000002442, 0.2099999999999999922, 0.3519999999999997575 ) ) ;
#2588 = EDGE_CURVE ( 'NONE', #1726, #405, #2609, .T. ) ;
#2589 = AXIS2_PLACEMENT_3D ( 'NONE', #2257, #255, #748 ) ;
#2590 = VECTOR ( 'NONE', #2068, 1000.000000000000000 ) ;
#2591 = CARTESIAN_POINT ( 'NONE',  ( -0.1300000000000000044, 0.000000000000000000, 0.7720000000000000195 ) ) ;
#2592 = EDGE_CURVE ( 'NONE', #223, #1, #1510, .T. ) ;
#2593 = PLANE ( 'NONE',  #1007 ) ;
#2594 = ORIENTED_EDGE ( 'NONE', *, *, #1534, .F. ) ;
#2595 = ADVANCED_FACE ( 'NONE', ( #2811 ), #2561, .T. ) ;
#2596 = PRESENTATION_LAYER_ASSIGNMENT (  '', '', ( #687 ) ) ;
#2597 = DIRECTION ( 'NONE',  ( 1.000000000000000000, 0.000000000000000000, 2.581433744013109998E-16 ) ) ;
#2598 = ORIENTED_EDGE ( 'NONE', *, *, #2789, .F. ) ;
#2599 = ORIENTED_EDGE ( 'NONE', *, *, #1807, .T. ) ;
#2600 = DIRECTION ( 'NONE',  ( 0.000000000000000000, -1.000000000000000000, 0.000000000000000000 ) ) ;
#2601 = ORIENTED_EDGE ( 'NONE', *, *, #294, .F. ) ;
#2602 = ORIENTED_EDGE ( 'NONE', *, *, #1017, .F. ) ;
#2603 = LINE ( 'NONE', #1727, #114 ) ;
#2604 = FACE_OUTER_BOUND ( 'NONE', #2387, .T. ) ;
#2605 = DIRECTION ( 'NONE',  ( 0.000000000000000000, 1.000000000000000000, 0.000000000000000000 ) ) ;
#2606 = ORIENTED_EDGE ( 'NONE', *, *, #2786, .F. ) ;
#2607 = CARTESIAN_POINT ( 'NONE',  ( 0.5000000000000000000, 0.2200000000000000011, 0.9899999999999997691 ) ) ;
#2608 = ORIENTED_EDGE ( 'NONE', *, *, #156, .T. ) ;
#2609 = LINE ( 'NONE', #2382, #2730 ) ;
#2610 = VERTEX_POINT ( 'NONE', #2341 ) ;
#2611 = EDGE_LOOP ( 'NONE', ( #2758, #496, #2056, #734 ) ) ;
#2612 = CARTESIAN_POINT ( 'NONE',  ( 0.000000000000000000, -0.000000000000000000, 0.7720000000000000195 ) ) ;
#2613 = CARTESIAN_POINT ( 'NONE',  ( 0.000000000000000000, 0.000000000000000000, -0.5820000000000000728 ) ) ;
#2614 = CARTESIAN_POINT ( 'NONE',  ( 1.026000000000000023, 0.1481926499693902721, -0.1031376208511891462 ) ) ;
#2615 = LINE ( 'NONE', #172, #2365 ) ;
#2616 = VERTEX_POINT ( 'NONE', #1724 ) ;
#2617 = VECTOR ( 'NONE', #1053, 1000.000000000000000 ) ;
#2618 = CARTESIAN_POINT ( 'NONE',  ( -0.7800000000000000266, -0.05000000000000000278, 0.7920000000000000373 ) ) ;
#2619 = CARTESIAN_POINT ( 'NONE',  ( -0.1500000000000000777, 0.2099999999999999922, 0.9899999999999997691 ) ) ;
#2620 = EDGE_CURVE ( 'NONE', #2610, #358, #1499, .T. ) ;
#2621 = ORIENTED_EDGE ( 'NONE', *, *, #2080, .F. ) ;
#2622 = EDGE_CURVE ( 'NONE', #593, #1560, #1749, .T. ) ;
#2623 = LINE ( 'NONE', #2183, #679 ) ;
#2624 = ORIENTED_EDGE ( 'NONE', *, *, #2395, .F. ) ;
#2625 = ORIENTED_EDGE ( 'NONE', *, *, #2395, .T. ) ;
#2626 = ADVANCED_FACE ( 'NONE', ( #2170 ), #134, .T. ) ;
#2627 = ORIENTED_EDGE ( 'NONE', *, *, #1597, .T. ) ;
#2628 = DIRECTION ( 'NONE',  ( -5.421010862427523156E-16, 0.000000000000000000, -1.000000000000000000 ) ) ;
#2629 = DIRECTION ( 'NONE',  ( 1.000000000000000000, 0.000000000000000000, 0.000000000000000000 ) ) ;
#2630 = VECTOR ( 'NONE', #1818, 1000.000000000000000 ) ;
#2631 = DIRECTION ( 'NONE',  ( 0.000000000000000000, -1.000000000000000000, 0.000000000000000000 ) ) ;
#2632 = CARTESIAN_POINT ( 'NONE',  ( 0.7799999999999999156, 0.2099999999999999922, 0.7920000000000000373 ) ) ;
#2633 = ORIENTED_EDGE ( 'NONE', *, *, #919, .T. ) ;
#2634 = CIRCLE ( 'NONE', #2449, 0.1252271710487145862 ) ;
#2635 = AXIS2_PLACEMENT_3D ( 'NONE', #55, #956, #1848 ) ;
#2636 = COLOUR_RGB ( '',0.1098039215686274495, 0.1098039215686274495, 0.1098039215686274495 ) ;
#2637 = DIRECTION ( 'NONE',  ( -5.019454502247707612E-16, 0.000000000000000000, 1.000000000000000000 ) ) ;
#2638 = AXIS2_PLACEMENT_3D ( 'NONE', #2632, #1523, #184 ) ;
#2639 = VERTEX_POINT ( 'NONE', #1041 ) ;
#2640 = VECTOR ( 'NONE', #1195, 1000.000000000000000 ) ;
#2641 = FACE_OUTER_BOUND ( 'NONE', #2546, .T. ) ;
#2642 = ORIENTED_EDGE ( 'NONE', *, *, #897, .T. ) ;
#2643 = DIRECTION ( 'NONE',  ( 1.000000000000000000, 0.000000000000000000, 0.000000000000000000 ) ) ;
#2644 = CARTESIAN_POINT ( 'NONE',  ( -0.8000000000000000444, -0.05000000000000000278, 0.7920000000000000373 ) ) ;
#2645 = CARTESIAN_POINT ( 'NONE',  ( 0.4999999999999998890, 0.2099999999999999922, 0.7920000000000000373 ) ) ;
#2646 = CARTESIAN_POINT ( 'NONE',  ( -0.5000000000000001110, 0.2099999999999999922, -0.7919999999999995932 ) ) ;
#2647 = ORIENTED_EDGE ( 'NONE', *, *, #855, .F. ) ;
#2648 = CARTESIAN_POINT ( 'NONE',  ( 0.7999999999999999334, 0.2200000000000000011, 0.9899999999999997691 ) ) ;
#2649 = SURFACE_STYLE_USAGE ( .BOTH. , #873 ) ;
#2650 = VERTEX_POINT ( 'NONE', #1246 ) ;
#2651 = CARTESIAN_POINT ( 'NONE',  ( -0.5000000000000001110, 0.2099999999999999922, -0.7919999999999995932 ) ) ;
#2652 = VERTEX_POINT ( 'NONE', #2149 ) ;
#2653 = CARTESIAN_POINT ( 'NONE',  ( 1.026000000000000023, 0.1481926499693902721, 0.1031376208511891462 ) ) ;
#2654 = CARTESIAN_POINT ( 'NONE',  ( -0.7949999999999999289, 0.000000000000000000, -0.5820000000000000728 ) ) ;
#2655 = CARTESIAN_POINT ( 'NONE',  ( 0.000000000000000000, -0.000000000000000000, -0.7719999999999997975 ) ) ;
#2656 = EDGE_CURVE ( 'NONE', #862, #948, #611, .T. ) ;
#2657 = CARTESIAN_POINT ( 'NONE',  ( 0.6500000000000001332, 0.000000000000000000, -0.5119999999999998996 ) ) ;
#2658 = DIRECTION ( 'NONE',  ( 0.000000000000000000, 0.000000000000000000, -1.000000000000000000 ) ) ;
#2659 = EDGE_CURVE ( 'NONE', #1384, #1484, #2315, .T. ) ;
#2660 = VERTEX_POINT ( 'NONE', #1903 ) ;
#2661 = EDGE_CURVE ( 'NONE', #2420, #2150, #1952, .T. ) ;
#2662 = AXIS2_PLACEMENT_3D ( 'NONE', #2070, #62, #1619 ) ;
#2663 = CARTESIAN_POINT ( 'NONE',  ( -1.024999999999999911, 0.6999999999999999556, 1.024999999999999911 ) ) ;
#2664 = FILL_AREA_STYLE ('',( #1602 ) ) ;
#2665 = DIRECTION ( 'NONE',  ( -5.421010862427523156E-16, 0.000000000000000000, 1.000000000000000000 ) ) ;
#2666 = CARTESIAN_POINT ( 'NONE',  ( -0.1500000000000002720, -0.05000000000000000278, -0.7919999999999998153 ) ) ;
#2667 = ORIENTED_EDGE ( 'NONE', *, *, #1118, .F. ) ;
#2668 = DIRECTION ( 'NONE',  ( 0.000000000000000000, -1.000000000000000000, 0.000000000000000000 ) ) ;
#2669 = EDGE_LOOP ( 'NONE', ( #568, #1264, #1084, #2647 ) ) ;
#2670 = ORIENTED_EDGE ( 'NONE', *, *, #2451, .T. ) ;
#2671 = CARTESIAN_POINT ( 'NONE',  ( 1.026000000000000023, 0.09832391021716703483, 0.1031376208511891462 ) ) ;
#2672 = DIRECTION ( 'NONE',  ( -1.000000000000000000, -0.000000000000000000, -0.000000000000000000 ) ) ;
#2673 = CIRCLE ( 'NONE', #762, 0.01999999999999999695 ) ;
#2674 = DIRECTION ( 'NONE',  ( 0.000000000000000000, 0.000000000000000000, -1.000000000000000000 ) ) ;
#2675 = CARTESIAN_POINT ( 'NONE',  ( 0.1800000000000002431, -0.05000000000000000278, -0.5820000000000000728 ) ) ;
#2676 = ORIENTED_EDGE ( 'NONE', *, *, #827, .F. ) ;
#2677 = AXIS2_PLACEMENT_3D ( 'NONE', #215, #880, #1775 ) ;
#2678 = EDGE_CURVE ( 'NONE', #1042, #1431, #1441, .T. ) ;
#2679 = LINE ( 'NONE', #681, #907 ) ;
#2680 = CARTESIAN_POINT ( 'NONE',  ( -0.5000000000000002220, 0.2099999999999999922, -0.9919999999999996598 ) ) ;
#2681 = ADVANCED_FACE ( 'NONE', ( #1257, #1232, #2582 ), #357, .T. ) ;
#2682 = VECTOR ( 'NONE', #2628, 1000.000000000000000 ) ;
#2683 = DIRECTION ( 'NONE',  ( -1.000000000000000000, 0.000000000000000000, 5.421010862427523156E-16 ) ) ;
#2684 = CIRCLE ( 'NONE', #302, 0.02000000000000016001 ) ;
#2685 = ORIENTED_EDGE ( 'NONE', *, *, #721, .T. ) ;
#2686 = CARTESIAN_POINT ( 'NONE',  ( 0.1499999999999999667, 0.2099999999999999922, 0.9919999999999999929 ) ) ;
#2687 = EDGE_LOOP ( 'NONE', ( #732, #1439, #2489, #385 ) ) ;
#2688 = VECTOR ( 'NONE', #1679, 1000.000000000000000 ) ;
#2689 = ORIENTED_EDGE ( 'NONE', *, *, #1157, .T. ) ;
#2690 = VECTOR ( 'NONE', #1653, 1000.000000000000000 ) ;
#2691 = LINE ( 'NONE', #2437, #2775 ) ;
#2692 = DIRECTION ( 'NONE',  ( -1.000000000000000000, -0.000000000000000000, -0.000000000000000000 ) ) ;
#2693 = DIRECTION ( 'NONE',  ( 0.000000000000000000, 0.000000000000000000, 1.000000000000000000 ) ) ;
#2694 = EDGE_LOOP ( 'NONE', ( #946, #81, #2874, #1524 ) ) ;
#2695 = CARTESIAN_POINT ( 'NONE',  ( -0.7949999999999999289, -0.05000000000000000278, -0.5820000000000000728 ) ) ;
#2696 = CARTESIAN_POINT ( 'NONE',  ( -1.024999999999999911, 0.6999999999999999556, 1.024999999999999911 ) ) ;
#2697 = FACE_OUTER_BOUND ( 'NONE', #2530, .T. ) ;
#2698 = ORIENTED_EDGE ( 'NONE', *, *, #1387, .F. ) ;
#2699 = VERTEX_POINT ( 'NONE', #222 ) ;
#2700 = ORIENTED_EDGE ( 'NONE', *, *, #954, .F. ) ;
#2701 = CARTESIAN_POINT ( 'NONE',  ( 0.4999999999999994449, 0.2099999999999999922, -0.9919999999999999929 ) ) ;
#2702 = DIRECTION ( 'NONE',  ( -0.000000000000000000, 0.000000000000000000, 1.000000000000000000 ) ) ;
#2703 = CARTESIAN_POINT ( 'NONE',  ( 0.4999999999999998890, 0.2099999999999999922, -0.7920000000000000373 ) ) ;
#2704 = PLANE ( 'NONE',  #2733 ) ;
#2705 = EDGE_CURVE ( 'NONE', #1356, #1493, #1662, .T. ) ;
#2706 = LINE ( 'NONE', #664, #2541 ) ;
#2707 = SURFACE_STYLE_USAGE ( .BOTH. , #1123 ) ;
#2708 = ORIENTED_EDGE ( 'NONE', *, *, #1243, .F. ) ;
#2709 = CARTESIAN_POINT ( 'NONE',  ( -1.311459024423942132, 0.2099999999999999922, -0.9899999999999997691 ) ) ;
#2710 = ORIENTED_EDGE ( 'NONE', *, *, #144, .T. ) ;
#2711 = EDGE_CURVE ( 'NONE', #1412, #338, #2623, .T. ) ;
#2712 = FACE_OUTER_BOUND ( 'NONE', #2000, .T. ) ;
#2713 = EDGE_CURVE ( 'NONE', #1545, #1418, #2, .T. ) ;
#2714 = ORIENTED_EDGE ( 'NONE', *, *, #1014, .T. ) ;
#2715 = LINE ( 'NONE', #2262, #201 ) ;
#2716 = DIRECTION ( 'NONE',  ( 0.000000000000000000, 0.000000000000000000, -1.000000000000000000 ) ) ;
#2717 = EDGE_CURVE ( 'NONE', #2888, #716, #668, .T. ) ;
#2718 = CARTESIAN_POINT ( 'NONE',  ( -0.1500000000000002720, -0.05000000000000000278, -0.7919999999999998153 ) ) ;
#2719 = CARTESIAN_POINT ( 'NONE',  ( 0.6700000000000003730, -0.05000000000000000278, -0.5320000000000000284 ) ) ;
#2720 = CARTESIAN_POINT ( 'NONE',  ( -0.7800000000000000266, -0.05000000000000000278, 0.7720000000000000195 ) ) ;
#2721 = CARTESIAN_POINT ( 'NONE',  ( 1.024999999999999911, 0.6999999999999999556, 1.024999999999999911 ) ) ;
#2722 = DIRECTION ( 'NONE',  ( 0.000000000000000000, 0.000000000000000000, -1.000000000000000000 ) ) ;
#2723 = DIRECTION ( 'NONE',  ( 0.000000000000000000, -1.000000000000000000, 0.000000000000000000 ) ) ;
#2724 = SURFACE_SIDE_STYLE ('',( #479 ) ) ;
#2725 = VECTOR ( 'NONE', #2142, 1000.000000000000000 ) ;
#2726 = EDGE_LOOP ( 'NONE', ( #217, #2852, #1335, #545, #671, #418 ) ) ;
#2727 = VECTOR ( 'NONE', #981, 1000.000000000000000 ) ;
#2728 = LINE ( 'NONE', #1159, #729 ) ;
#2729 = ORIENTED_EDGE ( 'NONE', *, *, #2175, .F. ) ;
#2730 = VECTOR ( 'NONE', #2136, 1000.000000000000000 ) ;
#2731 = VERTEX_POINT ( 'NONE', #1070 ) ;
#2732 = DIRECTION ( 'NONE',  ( 0.000000000000000000, -0.000000000000000000, 1.000000000000000000 ) ) ;
#2733 = AXIS2_PLACEMENT_3D ( 'NONE', #2882, #677, #2693 ) ;
#2734 = CARTESIAN_POINT ( 'NONE',  ( -0.5000000000000000000, 0.2200000000000000011, 0.9899999999999997691 ) ) ;
#2735 = DIRECTION ( 'NONE',  ( -1.000000000000000000, -0.000000000000000000, -0.000000000000000000 ) ) ;
#2736 = DIRECTION ( 'NONE',  ( 0.000000000000000000, 0.000000000000000000, -1.000000000000000000 ) ) ;
#2737 = DIRECTION ( 'NONE',  ( 0.000000000000000000, 0.000000000000000000, -1.000000000000000000 ) ) ;
#2738 = ADVANCED_FACE ( 'NONE', ( #2468 ), #2198, .T. ) ;
#2739 = CARTESIAN_POINT ( 'NONE',  ( 1.024999999999999911, 0.2200000000000000289, 1.024999999999999911 ) ) ;
#2740 = CARTESIAN_POINT ( 'NONE',  ( 1.026000000000000023, 0.1481926499693902721, 0.1031376208511891462 ) ) ;
#2741 = PLANE ( 'NONE',  #2662 ) ;
#2742 = FACE_OUTER_BOUND ( 'NONE', #2694, .T. ) ;
#2743 = ORIENTED_EDGE ( 'NONE', *, *, #2074, .F. ) ;
#2744 = EDGE_LOOP ( 'NONE', ( #2475, #2153, #2774, #2088 ) ) ;
#2745 = DIRECTION ( 'NONE',  ( -1.000000000000000000, 0.000000000000000000, 0.000000000000000000 ) ) ;
#2746 = LINE ( 'NONE', #319, #2548 ) ;
#2747 = CARTESIAN_POINT ( 'NONE',  ( -0.1500000000000003830, 0.2099999999999999922, -0.9899999999999997691 ) ) ;
#2748 = EDGE_CURVE ( 'NONE', #192, #2098, #2259, .T. ) ;
#2749 = CARTESIAN_POINT ( 'NONE',  ( -0.7800000000000001377, 0.000000000000000000, -0.7719999999999995755 ) ) ;
#2750 = PRESENTATION_STYLE_ASSIGNMENT (( #1421 ) ) ;
#2751 = EDGE_CURVE ( 'NONE', #1253, #237, #1562, .T. ) ;
#2752 = ADVANCED_FACE ( 'NONE', ( #690 ), #643, .T. ) ;
#2753 = PLANE ( 'NONE',  #680 ) ;
#2754 = CARTESIAN_POINT ( 'NONE',  ( 1.024999999999999023, 0.2200000000000000011, -0.9899999999999997691 ) ) ;
#2755 = EDGE_CURVE ( 'NONE', #293, #977, #1370, .T. ) ;
#2756 = ORIENTED_EDGE ( 'NONE', *, *, #1243, .T. ) ;
#2757 = CARTESIAN_POINT ( 'NONE',  ( -0.4999999999999996669, -0.000000000000000000, 2.710505431213759606E-16 ) ) ;
#2758 = ORIENTED_EDGE ( 'NONE', *, *, #1030, .F. ) ;
#2759 = AXIS2_PLACEMENT_3D ( 'NONE', #2181, #885, #2167 ) ;
#2760 = ORIENTED_EDGE ( 'NONE', *, *, #227, .T. ) ;
#2761 = DIRECTION ( 'NONE',  ( 0.000000000000000000, 0.000000000000000000, -1.000000000000000000 ) ) ;
#2762 = DIRECTION ( 'NONE',  ( 0.000000000000000000, 0.000000000000000000, -1.000000000000000000 ) ) ;
#2763 = DIRECTION ( 'NONE',  ( -0.000000000000000000, 1.000000000000000000, 0.000000000000000000 ) ) ;
#2764 = PRODUCT_DEFINITION_SHAPE ( 'NONE', 'NONE',  #1353 ) ;
#2765 = DIRECTION ( 'NONE',  ( -0.000000000000000000, -0.000000000000000000, -1.000000000000000000 ) ) ;
#2766 = EDGE_LOOP ( 'NONE', ( #2608, #256, #2288, #235, #1677, #993, #2148, #1271 ) ) ;
#2767 = FILL_AREA_STYLE ('',( #1877 ) ) ;
#2768 = LINE ( 'NONE', #2514, #735 ) ;
#2769 = FACE_OUTER_BOUND ( 'NONE', #1176, .T. ) ;
#2770 =( NAMED_UNIT ( * ) SI_UNIT ( $, .STERADIAN. ) SOLID_ANGLE_UNIT ( ) );
#2771 = CIRCLE ( 'NONE', #1509, 0.02000000000000005246 ) ;
#2772 = ORIENTED_EDGE ( 'NONE', *, *, #129, .T. ) ;
#2773 = DIRECTION ( 'NONE',  ( 0.000000000000000000, 0.000000000000000000, -1.000000000000000000 ) ) ;
#2774 = ORIENTED_EDGE ( 'NONE', *, *, #949, .T. ) ;
#2775 = VECTOR ( 'NONE', #438, 1000.000000000000000 ) ;
#2776 = AXIS2_PLACEMENT_3D ( 'NONE', #717, #1180, #2761 ) ;
#2777 = FACE_OUTER_BOUND ( 'NONE', #459, .T. ) ;
#2778 = VECTOR ( 'NONE', #809, 1000.000000000000000 ) ;
#2779 = CARTESIAN_POINT ( 'NONE',  ( 0.8800000000000004485, -0.05000000000000000278, -0.5320000000000000284 ) ) ;
#2780 = VECTOR ( 'NONE', #1060, 1000.000000000000000 ) ;
#2781 = DIRECTION ( 'NONE',  ( 0.000000000000000000, -0.000000000000000000, -1.000000000000000000 ) ) ;
#2782 = CARTESIAN_POINT ( 'NONE',  ( 0.7799999999999999156, 0.000000000000000000, -0.7720000000000000195 ) ) ;
#2783 = ORIENTED_EDGE ( 'NONE', *, *, #51, .T. ) ;
#2784 = ADVANCED_FACE ( 'NONE', ( #236 ), #2873, .T. ) ;
#2785 = VERTEX_POINT ( 'NONE', #2887 ) ;
#2786 = EDGE_CURVE ( 'NONE', #1702, #977, #191, .T. ) ;
#2787 = DIRECTION ( 'NONE',  ( 0.000000000000000000, 0.000000000000000000, 1.000000000000000000 ) ) ;
#2788 = ORIENTED_EDGE ( 'NONE', *, *, #512, .T. ) ;
#2789 = EDGE_CURVE ( 'NONE', #1927, #48, #1528, .T. ) ;
#2790 = DIRECTION ( 'NONE',  ( -0.000000000000000000, -0.000000000000000000, -1.000000000000000000 ) ) ;
#2791 = FACE_OUTER_BOUND ( 'NONE', #1898, .T. ) ;
#2792 = CARTESIAN_POINT ( 'NONE',  ( 0.6700000000000003730, -0.05000000000000000278, 0.3719999999999998863 ) ) ;
#2793 = CARTESIAN_POINT ( 'NONE',  ( 0.000000000000000000, 0.6999999999999999556, 0.000000000000000000 ) ) ;
#2794 = CARTESIAN_POINT ( 'NONE',  ( 0.000000000000000000, -0.000000000000000000, -0.9899999999999997691 ) ) ;
#2795 = ORIENTED_EDGE ( 'NONE', *, *, #2076, .T. ) ;
#2796 = VERTEX_POINT ( 'NONE', #1964 ) ;
#2797 = EDGE_LOOP ( 'NONE', ( #1109, #2685, #965, #1909 ) ) ;
#2798 = PRESENTATION_LAYER_ASSIGNMENT (  '', '', ( #1300 ) ) ;
#2799 =( NAMED_UNIT ( * ) SI_UNIT ( $, .STERADIAN. ) SOLID_ANGLE_UNIT ( ) );
#2800 = ORIENTED_EDGE ( 'NONE', *, *, #807, .T. ) ;
#2801 = EDGE_CURVE ( 'NONE', #2228, #667, #20, .T. ) ;
#2802 = EDGE_CURVE ( 'NONE', #1973, #271, #1513, .T. ) ;
#2803 = PLANE ( 'NONE',  #63 ) ;
#2804 = EDGE_CURVE ( 'NONE', #1954, #1431, #858, .T. ) ;
#2805 = CARTESIAN_POINT ( 'NONE',  ( -0.7800000000000001377, 0.2099999999999999922, -0.7919999999999995932 ) ) ;
#2806 = CARTESIAN_POINT ( 'NONE',  ( 0.7999999999999999334, 0.000000000000000000, 0.7920000000000000373 ) ) ;
#2807 = UNCERTAINTY_MEASURE_WITH_UNIT (LENGTH_MEASURE( 1.000000000000000082E-05 ), #2224, 'distance_accuracy_value', 'NONE');
#2808 = LINE ( 'NONE', #163, #155 ) ;
#2809 = VERTEX_POINT ( 'NONE', #1544 ) ;
#2810 = EDGE_LOOP ( 'NONE', ( #1400, #475, #483, #49 ) ) ;
#2811 = FACE_OUTER_BOUND ( 'NONE', #2423, .T. ) ;
#2812 = ORIENTED_EDGE ( 'NONE', *, *, #370, .F. ) ;
#2813 = CIRCLE ( 'NONE', #1607, 0.02000000000000005246 ) ;
#2814 = VERTEX_POINT ( 'NONE', #1289 ) ;
#2815 = CARTESIAN_POINT ( 'NONE',  ( 0.4999999999999998890, 0.2099999999999999922, 0.9919999999999999929 ) ) ;
#2816 = VECTOR ( 'NONE', #1614, 1000.000000000000000 ) ;
#2817 = SURFACE_SIDE_STYLE ('',( #1921 ) ) ;
#2818 = AXIS2_PLACEMENT_3D ( 'NONE', #1918, #2600, #1099 ) ;
#2819 = PRESENTATION_LAYER_ASSIGNMENT (  '', '', ( #1986 ) ) ;
#2820 = DIRECTION ( 'NONE',  ( -1.000000000000000000, 0.000000000000000000, -0.000000000000000000 ) ) ;
#2821 = CARTESIAN_POINT ( 'NONE',  ( -0.7800000000000000266, 0.000000000000000000, 0.7920000000000000373 ) ) ;
#2822 = VERTEX_POINT ( 'NONE', #417 ) ;
#2823 = PRESENTATION_LAYER_ASSIGNMENT (  '', '', ( #1190 ) ) ;
#2824 = ORIENTED_EDGE ( 'NONE', *, *, #467, .T. ) ;
#2825 = DIRECTION ( 'NONE',  ( 0.000000000000000000, -1.000000000000000000, 0.000000000000000000 ) ) ;
#2826 = PRESENTATION_LAYER_ASSIGNMENT (  '', '', ( #1521 ) ) ;
#2827 = CARTESIAN_POINT ( 'NONE',  ( -0.8000000000000000444, -0.000000000000000000, 0.000000000000000000 ) ) ;
#2828 = ORIENTED_EDGE ( 'NONE', *, *, #1387, .T. ) ;
#2829 = SURFACE_STYLE_FILL_AREA ( #572 ) ;
#2830 = ORIENTED_EDGE ( 'NONE', *, *, #1987, .F. ) ;
#2831 = ORIENTED_EDGE ( 'NONE', *, *, #2294, .F. ) ;
#2832 = DIRECTION ( 'NONE',  ( 1.000000000000000000, 0.000000000000000000, 5.421010862427523156E-16 ) ) ;
#2833 = DIRECTION ( 'NONE',  ( 0.000000000000000000, -0.000000000000000000, -1.000000000000000000 ) ) ;
#2834 = ADVANCED_FACE ( 'NONE', ( #2641 ), #178, .F. ) ;
#2835 = CARTESIAN_POINT ( 'NONE',  ( 1.024999999999999911, 0.09832391021716703483, -0.1031376208511891462 ) ) ;
#2836 = LINE ( 'NONE', #1958, #871 ) ;
#2837 = ORIENTED_EDGE ( 'NONE', *, *, #2020, .T. ) ;
#2838 = EDGE_CURVE ( 'NONE', #2073, #1490, #35, .T. ) ;
#2839 = CARTESIAN_POINT ( 'NONE',  ( -0.8000000000000000444, -0.05000000000000000278, 0.7920000000000000373 ) ) ;
#2840 = EDGE_CURVE ( 'NONE', #2888, #2652, #527, .T. ) ;
#2841 = UNCERTAINTY_MEASURE_WITH_UNIT (LENGTH_MEASURE( 1.000000000000000082E-05 ), #2223, 'distance_accuracy_value', 'NONE');
#2842 = CARTESIAN_POINT ( 'NONE',  ( -1.026000000000000023, 0.09832391021716703483, 0.1031376208511891462 ) ) ;
#2843 = EDGE_CURVE ( 'NONE', #1215, #2731, #2728, .T. ) ;
#2844 = ORIENTED_EDGE ( 'NONE', *, *, #1065, .F. ) ;
#2845 = CARTESIAN_POINT ( 'NONE',  ( 0.5199999999999999067, 0.000000000000000000, 0.7920000000000000373 ) ) ;
#2846 = ORIENTED_EDGE ( 'NONE', *, *, #980, .F. ) ;
#2847 = ORIENTED_EDGE ( 'NONE', *, *, #1339, .T. ) ;
#2848 = CARTESIAN_POINT ( 'NONE',  ( -1.311459024423942132, 0.2099999999999999922, 0.9899999999999997691 ) ) ;
#2849 = CARTESIAN_POINT ( 'NONE',  ( 0.7799999999999999156, -0.05000000000000000278, -0.7920000000000000373 ) ) ;
#2850 = CARTESIAN_POINT ( 'NONE',  ( -0.8000000000000002665, 0.2099999999999999922, -0.9919999999999996598 ) ) ;
#2851 = DIRECTION ( 'NONE',  ( -1.000000000000000000, 0.000000000000000000, -0.000000000000000000 ) ) ;
#2852 = ORIENTED_EDGE ( 'NONE', *, *, #2789, .T. ) ;
#2853 = CARTESIAN_POINT ( 'NONE',  ( -1.026000000000000023, 0.09832391021716703483, 0.1031376208511891462 ) ) ;
#2854 = ORIENTED_EDGE ( 'NONE', *, *, #804, .F. ) ;
#2855 = DIRECTION ( 'NONE',  ( -5.421010862427523156E-16, 0.000000000000000000, -1.000000000000000000 ) ) ;
#2856 = VERTEX_POINT ( 'NONE', #1203 ) ;
#2857 = EDGE_CURVE ( 'NONE', #1740, #1810, #921, .T. ) ;
#2858 = DIRECTION ( 'NONE',  ( 5.421010862427523156E-16, 0.000000000000000000, -1.000000000000000000 ) ) ;
#2859 = ORIENTED_EDGE ( 'NONE', *, *, #294, .T. ) ;
#2860 = CARTESIAN_POINT ( 'NONE',  ( 0.8000000000000000444, 0.2099999999999999922, -0.7920000000000000373 ) ) ;
#2861 = VECTOR ( 'NONE', #295, 1000.000000000000000 ) ;
#2862 = VECTOR ( 'NONE', #1365, 1000.000000000000000 ) ;
#2863 = DIRECTION ( 'NONE',  ( 1.000000000000000000, 0.000000000000000000, 0.000000000000000000 ) ) ;
#2864 = DIRECTION ( 'NONE',  ( -5.421010862427523156E-16, 0.000000000000000000, 1.000000000000000000 ) ) ;
#2865 = VECTOR ( 'NONE', #1114, 1000.000000000000000 ) ;
#2866 = VECTOR ( 'NONE', #2745, 1000.000000000000000 ) ;
#2867 = CARTESIAN_POINT ( 'NONE',  ( 0.6500000000000001332, 0.2099999999999999922, -0.5119999999999998996 ) ) ;
#2868 = VECTOR ( 'NONE', #367, 1000.000000000000000 ) ;
#2869 = LINE ( 'NONE', #1525, #446 ) ;
#2870 = CARTESIAN_POINT ( 'NONE',  ( 1.024999999999999911, 0.6999999999999999556, 1.024999999999999911 ) ) ;
#2871 = CIRCLE ( 'NONE', #2361, 0.1252271710487145862 ) ;
#2872 = ORIENTED_EDGE ( 'NONE', *, *, #1012, .T. ) ;
#2873 = PLANE ( 'NONE',  #154 ) ;
#2874 = ORIENTED_EDGE ( 'NONE', *, *, #212, .T. ) ;
#2875 = ADVANCED_FACE ( 'NONE', ( #760 ), #1590, .F. ) ;
#2876 = ADVANCED_FACE ( 'NONE', ( #2742 ), #497, .T. ) ;
#2877 = ORIENTED_EDGE ( 'NONE', *, *, #17, .T. ) ;
#2878 = PLANE ( 'NONE',  #2355 ) ;
#2879 =( LENGTH_UNIT ( ) NAMED_UNIT ( * ) SI_UNIT ( .MILLI., .METRE. ) );
#2880 = EDGE_CURVE ( 'NONE', #420, #2418, #1142, .T. ) ;
#2881 = LINE ( 'NONE', #910, #674 ) ;
#2882 = CARTESIAN_POINT ( 'NONE',  ( -1.026000000000000023, 0.000000000000000000, 0.000000000000000000 ) ) ;
#2883 = LINE ( 'NONE', #202, #1697 ) ;
#2884 = LINE ( 'NONE', #324, #1468 ) ;
#2885 = DIRECTION ( 'NONE',  ( 0.000000000000000000, -1.000000000000000000, 0.000000000000000000 ) ) ;
#2886 = ORIENTED_EDGE ( 'NONE', *, *, #721, .F. ) ;
#2887 = CARTESIAN_POINT ( 'NONE',  ( -0.1500000000000000777, -0.05000000000000000278, 0.7920000000000000373 ) ) ;
#2888 = VERTEX_POINT ( 'NONE', #933 ) ;
#2889 = VERTEX_POINT ( 'NONE', #2529 ) ;
#2890 = LINE ( 'NONE', #2411, #1703 ) ;
#2891 = EDGE_CURVE ( 'NONE', #716, #1552, #1822, .T. ) ;
#2892 = PLANE ( 'NONE',  #1330 ) ;
#2893 = ADVANCED_FACE ( 'NONE', ( #269 ), #1604, .T. ) ;
#2894 = EDGE_CURVE ( 'NONE', #146, #2462, #1895, .T. ) ;
#2895 = PLANE ( 'NONE',  #1080 ) ;
#2896 = CARTESIAN_POINT ( 'NONE',  ( 0.4999999999999998890, 0.2099999999999999922, 0.9899999999999997691 ) ) ;
#2897 = ORIENTED_EDGE ( 'NONE', *, *, #2444, .F. ) ;
#2898 = FACE_OUTER_BOUND ( 'NONE', #2567, .T. ) ;
ENDSEC;
END-ISO-10303-21;
