ISO-10303-21;
HEADER;
/* Generated by software containing ST-Developer
 * from STEP Tools, Inc. (www.steptools.com) 
 */
/* OPTION: using custom renumber hook */

FILE_DESCRIPTION(
/* description */ ('STEP AP242 Edition 2',
'CAx-IF Rec.Pracs.---Representation and Presentation of Product Manufa
cturing Information (PMI)---4.0---2014-10-13',
'CAx-IF Rec.Pracs.---3D Tessellated Geometry---0.4---2014-09-14','2;1',
'CAx-IF Rec.Pracs.---User Defined Attributes---1.5---2016-08-15'),
/* implementation_level */ '2;1');

FILE_NAME(
/* name */ 'F330 low plate - Part 1',
/* time_stamp */ '2026-09-12T21:04:05Z',
/* author */ (''),
/* organization */ (''),
/* preprocessor_version */ 'ST-DEVELOPER v20',
/* originating_system */ 'ONSHAPE BY PTC INC, 1.220',
/* authorisation */ '  ');

FILE_SCHEMA (('AP242_MANAGED_MODEL_BASED_3D_ENGINEERING_MIM_LF { 1 0 10303 442 3 1 4 }'));
ENDSEC;

DATA;
#10=SHAPE_REPRESENTATION_RELATIONSHIP('','',#2019,#11);
#11=ADVANCED_BREP_SHAPE_REPRESENTATION('',(#2017),#3391);
#12=CYLINDRICAL_SURFACE('',#2129,0.00508);
#13=CYLINDRICAL_SURFACE('',#2130,0.0508);
#14=CYLINDRICAL_SURFACE('',#2131,0.00508);
#15=CYLINDRICAL_SURFACE('',#2137,0.00508);
#16=CYLINDRICAL_SURFACE('',#2138,0.0508);
#17=CYLINDRICAL_SURFACE('',#2139,0.00508);
#18=CYLINDRICAL_SURFACE('',#2141,0.00508);
#19=CYLINDRICAL_SURFACE('',#2142,0.0508);
#20=CYLINDRICAL_SURFACE('',#2143,0.00508);
#21=CYLINDRICAL_SURFACE('',#2149,0.00508);
#22=CYLINDRICAL_SURFACE('',#2150,0.0508);
#23=CYLINDRICAL_SURFACE('',#2151,0.00508);
#24=CYLINDRICAL_SURFACE('',#2153,0.001016);
#25=CYLINDRICAL_SURFACE('',#2154,0.00635);
#26=CYLINDRICAL_SURFACE('',#2155,0.00101599999999988);
#27=CYLINDRICAL_SURFACE('',#2156,0.001016);
#28=CYLINDRICAL_SURFACE('',#2157,0.00101599999999988);
#29=CYLINDRICAL_SURFACE('',#2158,0.001016);
#30=CYLINDRICAL_SURFACE('',#2159,0.00101599999999988);
#31=CYLINDRICAL_SURFACE('',#2160,0.001016);
#32=CYLINDRICAL_SURFACE('',#2161,0.00101599999999988);
#33=CYLINDRICAL_SURFACE('',#2162,0.00127);
#34=CYLINDRICAL_SURFACE('',#2164,0.00127);
#35=CYLINDRICAL_SURFACE('',#2166,0.00127);
#36=CYLINDRICAL_SURFACE('',#2168,0.00127);
#37=CYLINDRICAL_SURFACE('',#2170,0.00127);
#38=CYLINDRICAL_SURFACE('',#2172,0.00127);
#39=CYLINDRICAL_SURFACE('',#2174,0.00127);
#40=CYLINDRICAL_SURFACE('',#2176,0.00127);
#41=CYLINDRICAL_SURFACE('',#2178,0.00127);
#42=CYLINDRICAL_SURFACE('',#2180,0.00127);
#43=CYLINDRICAL_SURFACE('',#2182,0.00127);
#44=CYLINDRICAL_SURFACE('',#2184,0.00127);
#45=CYLINDRICAL_SURFACE('',#2186,0.00127);
#46=CYLINDRICAL_SURFACE('',#2188,0.00127);
#47=CYLINDRICAL_SURFACE('',#2190,0.00127);
#48=CYLINDRICAL_SURFACE('',#2192,0.00127);
#49=CYLINDRICAL_SURFACE('',#2194,0.00127);
#50=CYLINDRICAL_SURFACE('',#2196,0.00127);
#51=CYLINDRICAL_SURFACE('',#2198,0.00127);
#52=CYLINDRICAL_SURFACE('',#2200,0.00127);
#53=CYLINDRICAL_SURFACE('',#2202,0.00127);
#54=CYLINDRICAL_SURFACE('',#2204,0.00127);
#55=CYLINDRICAL_SURFACE('',#2206,0.00127);
#56=CYLINDRICAL_SURFACE('',#2208,0.00127);
#57=CYLINDRICAL_SURFACE('',#2210,0.00127);
#58=CYLINDRICAL_SURFACE('',#2212,0.00127);
#59=CYLINDRICAL_SURFACE('',#2214,0.00127);
#60=CYLINDRICAL_SURFACE('',#2216,0.00127);
#61=CYLINDRICAL_SURFACE('',#2218,0.00127);
#62=CYLINDRICAL_SURFACE('',#2220,0.00127);
#63=CYLINDRICAL_SURFACE('',#2222,0.00127);
#64=CYLINDRICAL_SURFACE('',#2224,0.00127);
#65=CIRCLE('',#2022,0.00127);
#66=CIRCLE('',#2023,0.00127);
#67=CIRCLE('',#2024,0.00127);
#68=CIRCLE('',#2025,0.00127);
#69=CIRCLE('',#2026,0.00127);
#70=CIRCLE('',#2027,0.00127);
#71=CIRCLE('',#2028,0.00127);
#72=CIRCLE('',#2029,0.00127);
#73=CIRCLE('',#2030,0.00127);
#74=CIRCLE('',#2031,0.00127);
#75=CIRCLE('',#2032,0.00127);
#76=CIRCLE('',#2033,0.00127);
#77=CIRCLE('',#2034,0.00127);
#78=CIRCLE('',#2035,0.00127);
#79=CIRCLE('',#2036,0.00127);
#80=CIRCLE('',#2037,0.00127);
#81=CIRCLE('',#2038,0.00127);
#82=CIRCLE('',#2039,0.00127);
#83=CIRCLE('',#2040,0.00127);
#84=CIRCLE('',#2041,0.00127);
#85=CIRCLE('',#2042,0.00127);
#86=CIRCLE('',#2043,0.00127);
#87=CIRCLE('',#2044,0.00127);
#88=CIRCLE('',#2045,0.00127);
#89=CIRCLE('',#2046,0.00127);
#90=CIRCLE('',#2047,0.00127);
#91=CIRCLE('',#2048,0.00127);
#92=CIRCLE('',#2049,0.00127);
#93=CIRCLE('',#2050,0.00127);
#94=CIRCLE('',#2051,0.00127);
#95=CIRCLE('',#2052,0.00127);
#96=CIRCLE('',#2053,0.00127);
#97=CIRCLE('',#2054,0.00508);
#98=CIRCLE('',#2055,0.0508);
#99=CIRCLE('',#2056,0.00508);
#100=CIRCLE('',#2057,0.00508);
#101=CIRCLE('',#2058,0.0508);
#102=CIRCLE('',#2059,0.00508);
#103=CIRCLE('',#2060,0.00508);
#104=CIRCLE('',#2061,0.0508);
#105=CIRCLE('',#2062,0.00508);
#106=CIRCLE('',#2063,0.00508);
#107=CIRCLE('',#2064,0.0508);
#108=CIRCLE('',#2065,0.00508);
#109=CIRCLE('',#2066,0.001016);
#110=CIRCLE('',#2067,0.00635);
#111=CIRCLE('',#2068,0.00101599999999988);
#112=CIRCLE('',#2069,0.001016);
#113=CIRCLE('',#2070,0.00101599999999988);
#114=CIRCLE('',#2071,0.001016);
#115=CIRCLE('',#2072,0.00101599999999988);
#116=CIRCLE('',#2073,0.001016);
#117=CIRCLE('',#2074,0.00101599999999988);
#118=CIRCLE('',#2076,0.00127);
#119=CIRCLE('',#2077,0.00127);
#120=CIRCLE('',#2078,0.00127);
#121=CIRCLE('',#2079,0.00127);
#122=CIRCLE('',#2080,0.00127);
#123=CIRCLE('',#2081,0.00127);
#124=CIRCLE('',#2082,0.00127);
#125=CIRCLE('',#2083,0.00127);
#126=CIRCLE('',#2084,0.00127);
#127=CIRCLE('',#2085,0.00127);
#128=CIRCLE('',#2086,0.00127);
#129=CIRCLE('',#2087,0.00127);
#130=CIRCLE('',#2088,0.00127);
#131=CIRCLE('',#2089,0.00127);
#132=CIRCLE('',#2090,0.00127);
#133=CIRCLE('',#2091,0.00127);
#134=CIRCLE('',#2092,0.00127);
#135=CIRCLE('',#2093,0.00127);
#136=CIRCLE('',#2094,0.00127);
#137=CIRCLE('',#2095,0.00127);
#138=CIRCLE('',#2096,0.00127);
#139=CIRCLE('',#2097,0.00127);
#140=CIRCLE('',#2098,0.00127);
#141=CIRCLE('',#2099,0.00127);
#142=CIRCLE('',#2100,0.00127);
#143=CIRCLE('',#2101,0.00127);
#144=CIRCLE('',#2102,0.00127);
#145=CIRCLE('',#2103,0.00127);
#146=CIRCLE('',#2104,0.00127);
#147=CIRCLE('',#2105,0.00127);
#148=CIRCLE('',#2106,0.00127);
#149=CIRCLE('',#2107,0.00127);
#150=CIRCLE('',#2108,0.00101599999999988);
#151=CIRCLE('',#2109,0.001016);
#152=CIRCLE('',#2110,0.00101599999999988);
#153=CIRCLE('',#2111,0.00635);
#154=CIRCLE('',#2112,0.00508);
#155=CIRCLE('',#2113,0.00508);
#156=CIRCLE('',#2114,0.0508);
#157=CIRCLE('',#2115,0.00508);
#158=CIRCLE('',#2116,0.00508);
#159=CIRCLE('',#2117,0.0508);
#160=CIRCLE('',#2118,0.00508);
#161=CIRCLE('',#2119,0.00508);
#162=CIRCLE('',#2120,0.0508);
#163=CIRCLE('',#2121,0.00508);
#164=CIRCLE('',#2122,0.00508);
#165=CIRCLE('',#2123,0.0508);
#166=CIRCLE('',#2124,0.001016);
#167=CIRCLE('',#2125,0.00101599999999988);
#168=CIRCLE('',#2126,0.001016);
#169=CIRCLE('',#2127,0.00101599999999988);
#170=CIRCLE('',#2128,0.001016);
#171=ORIENTED_EDGE('',*,*,#735,.F.);
#172=ORIENTED_EDGE('',*,*,#736,.F.);
#173=ORIENTED_EDGE('',*,*,#737,.F.);
#174=ORIENTED_EDGE('',*,*,#738,.F.);
#175=ORIENTED_EDGE('',*,*,#739,.F.);
#176=ORIENTED_EDGE('',*,*,#740,.F.);
#177=ORIENTED_EDGE('',*,*,#741,.F.);
#178=ORIENTED_EDGE('',*,*,#742,.F.);
#179=ORIENTED_EDGE('',*,*,#743,.F.);
#180=ORIENTED_EDGE('',*,*,#744,.F.);
#181=ORIENTED_EDGE('',*,*,#745,.F.);
#182=ORIENTED_EDGE('',*,*,#746,.F.);
#183=ORIENTED_EDGE('',*,*,#747,.F.);
#184=ORIENTED_EDGE('',*,*,#748,.F.);
#185=ORIENTED_EDGE('',*,*,#749,.F.);
#186=ORIENTED_EDGE('',*,*,#750,.F.);
#187=ORIENTED_EDGE('',*,*,#751,.F.);
#188=ORIENTED_EDGE('',*,*,#752,.F.);
#189=ORIENTED_EDGE('',*,*,#753,.F.);
#190=ORIENTED_EDGE('',*,*,#754,.F.);
#191=ORIENTED_EDGE('',*,*,#755,.F.);
#192=ORIENTED_EDGE('',*,*,#756,.F.);
#193=ORIENTED_EDGE('',*,*,#757,.F.);
#194=ORIENTED_EDGE('',*,*,#758,.F.);
#195=ORIENTED_EDGE('',*,*,#759,.F.);
#196=ORIENTED_EDGE('',*,*,#760,.F.);
#197=ORIENTED_EDGE('',*,*,#761,.F.);
#198=ORIENTED_EDGE('',*,*,#762,.F.);
#199=ORIENTED_EDGE('',*,*,#763,.F.);
#200=ORIENTED_EDGE('',*,*,#764,.F.);
#201=ORIENTED_EDGE('',*,*,#765,.F.);
#202=ORIENTED_EDGE('',*,*,#766,.F.);
#203=ORIENTED_EDGE('',*,*,#767,.F.);
#204=ORIENTED_EDGE('',*,*,#768,.F.);
#205=ORIENTED_EDGE('',*,*,#769,.F.);
#206=ORIENTED_EDGE('',*,*,#770,.F.);
#207=ORIENTED_EDGE('',*,*,#771,.F.);
#208=ORIENTED_EDGE('',*,*,#772,.F.);
#209=ORIENTED_EDGE('',*,*,#773,.F.);
#210=ORIENTED_EDGE('',*,*,#774,.F.);
#211=ORIENTED_EDGE('',*,*,#775,.F.);
#212=ORIENTED_EDGE('',*,*,#776,.F.);
#213=ORIENTED_EDGE('',*,*,#777,.F.);
#214=ORIENTED_EDGE('',*,*,#778,.F.);
#215=ORIENTED_EDGE('',*,*,#779,.F.);
#216=ORIENTED_EDGE('',*,*,#780,.F.);
#217=ORIENTED_EDGE('',*,*,#781,.F.);
#218=ORIENTED_EDGE('',*,*,#782,.F.);
#219=ORIENTED_EDGE('',*,*,#783,.F.);
#220=ORIENTED_EDGE('',*,*,#784,.F.);
#221=ORIENTED_EDGE('',*,*,#785,.F.);
#222=ORIENTED_EDGE('',*,*,#786,.F.);
#223=ORIENTED_EDGE('',*,*,#787,.F.);
#224=ORIENTED_EDGE('',*,*,#788,.F.);
#225=ORIENTED_EDGE('',*,*,#789,.F.);
#226=ORIENTED_EDGE('',*,*,#790,.F.);
#227=ORIENTED_EDGE('',*,*,#791,.F.);
#228=ORIENTED_EDGE('',*,*,#792,.F.);
#229=ORIENTED_EDGE('',*,*,#793,.F.);
#230=ORIENTED_EDGE('',*,*,#794,.F.);
#231=ORIENTED_EDGE('',*,*,#795,.F.);
#232=ORIENTED_EDGE('',*,*,#796,.F.);
#233=ORIENTED_EDGE('',*,*,#797,.F.);
#234=ORIENTED_EDGE('',*,*,#798,.F.);
#235=ORIENTED_EDGE('',*,*,#799,.T.);
#236=ORIENTED_EDGE('',*,*,#800,.T.);
#237=ORIENTED_EDGE('',*,*,#801,.T.);
#238=ORIENTED_EDGE('',*,*,#802,.T.);
#239=ORIENTED_EDGE('',*,*,#803,.T.);
#240=ORIENTED_EDGE('',*,*,#804,.T.);
#241=ORIENTED_EDGE('',*,*,#805,.T.);
#242=ORIENTED_EDGE('',*,*,#806,.T.);
#243=ORIENTED_EDGE('',*,*,#807,.T.);
#244=ORIENTED_EDGE('',*,*,#808,.T.);
#245=ORIENTED_EDGE('',*,*,#809,.T.);
#246=ORIENTED_EDGE('',*,*,#810,.T.);
#247=ORIENTED_EDGE('',*,*,#811,.T.);
#248=ORIENTED_EDGE('',*,*,#812,.T.);
#249=ORIENTED_EDGE('',*,*,#813,.T.);
#250=ORIENTED_EDGE('',*,*,#814,.T.);
#251=ORIENTED_EDGE('',*,*,#815,.T.);
#252=ORIENTED_EDGE('',*,*,#816,.T.);
#253=ORIENTED_EDGE('',*,*,#817,.T.);
#254=ORIENTED_EDGE('',*,*,#818,.T.);
#255=ORIENTED_EDGE('',*,*,#819,.T.);
#256=ORIENTED_EDGE('',*,*,#820,.T.);
#257=ORIENTED_EDGE('',*,*,#821,.T.);
#258=ORIENTED_EDGE('',*,*,#822,.T.);
#259=ORIENTED_EDGE('',*,*,#823,.F.);
#260=ORIENTED_EDGE('',*,*,#824,.F.);
#261=ORIENTED_EDGE('',*,*,#825,.F.);
#262=ORIENTED_EDGE('',*,*,#826,.F.);
#263=ORIENTED_EDGE('',*,*,#827,.F.);
#264=ORIENTED_EDGE('',*,*,#828,.F.);
#265=ORIENTED_EDGE('',*,*,#829,.F.);
#266=ORIENTED_EDGE('',*,*,#830,.F.);
#267=ORIENTED_EDGE('',*,*,#831,.F.);
#268=ORIENTED_EDGE('',*,*,#832,.T.);
#269=ORIENTED_EDGE('',*,*,#833,.T.);
#270=ORIENTED_EDGE('',*,*,#834,.T.);
#271=ORIENTED_EDGE('',*,*,#835,.T.);
#272=ORIENTED_EDGE('',*,*,#836,.T.);
#273=ORIENTED_EDGE('',*,*,#837,.T.);
#274=ORIENTED_EDGE('',*,*,#838,.T.);
#275=ORIENTED_EDGE('',*,*,#839,.T.);
#276=ORIENTED_EDGE('',*,*,#840,.T.);
#277=ORIENTED_EDGE('',*,*,#841,.T.);
#278=ORIENTED_EDGE('',*,*,#842,.T.);
#279=ORIENTED_EDGE('',*,*,#843,.T.);
#280=ORIENTED_EDGE('',*,*,#844,.T.);
#281=ORIENTED_EDGE('',*,*,#845,.T.);
#282=ORIENTED_EDGE('',*,*,#846,.T.);
#283=ORIENTED_EDGE('',*,*,#847,.T.);
#284=ORIENTED_EDGE('',*,*,#848,.T.);
#285=ORIENTED_EDGE('',*,*,#849,.T.);
#286=ORIENTED_EDGE('',*,*,#850,.T.);
#287=ORIENTED_EDGE('',*,*,#851,.T.);
#288=ORIENTED_EDGE('',*,*,#852,.T.);
#289=ORIENTED_EDGE('',*,*,#853,.T.);
#290=ORIENTED_EDGE('',*,*,#854,.T.);
#291=ORIENTED_EDGE('',*,*,#855,.T.);
#292=ORIENTED_EDGE('',*,*,#856,.T.);
#293=ORIENTED_EDGE('',*,*,#857,.T.);
#294=ORIENTED_EDGE('',*,*,#858,.T.);
#295=ORIENTED_EDGE('',*,*,#859,.T.);
#296=ORIENTED_EDGE('',*,*,#860,.T.);
#297=ORIENTED_EDGE('',*,*,#861,.T.);
#298=ORIENTED_EDGE('',*,*,#862,.T.);
#299=ORIENTED_EDGE('',*,*,#863,.T.);
#300=ORIENTED_EDGE('',*,*,#864,.T.);
#301=ORIENTED_EDGE('',*,*,#865,.T.);
#302=ORIENTED_EDGE('',*,*,#866,.T.);
#303=ORIENTED_EDGE('',*,*,#867,.T.);
#304=ORIENTED_EDGE('',*,*,#868,.T.);
#305=ORIENTED_EDGE('',*,*,#869,.T.);
#306=ORIENTED_EDGE('',*,*,#870,.T.);
#307=ORIENTED_EDGE('',*,*,#871,.T.);
#308=ORIENTED_EDGE('',*,*,#872,.T.);
#309=ORIENTED_EDGE('',*,*,#873,.T.);
#310=ORIENTED_EDGE('',*,*,#874,.T.);
#311=ORIENTED_EDGE('',*,*,#875,.T.);
#312=ORIENTED_EDGE('',*,*,#876,.T.);
#313=ORIENTED_EDGE('',*,*,#877,.T.);
#314=ORIENTED_EDGE('',*,*,#878,.T.);
#315=ORIENTED_EDGE('',*,*,#879,.T.);
#316=ORIENTED_EDGE('',*,*,#880,.T.);
#317=ORIENTED_EDGE('',*,*,#881,.T.);
#318=ORIENTED_EDGE('',*,*,#882,.T.);
#319=ORIENTED_EDGE('',*,*,#883,.T.);
#320=ORIENTED_EDGE('',*,*,#884,.T.);
#321=ORIENTED_EDGE('',*,*,#885,.T.);
#322=ORIENTED_EDGE('',*,*,#886,.T.);
#323=ORIENTED_EDGE('',*,*,#887,.T.);
#324=ORIENTED_EDGE('',*,*,#888,.T.);
#325=ORIENTED_EDGE('',*,*,#889,.T.);
#326=ORIENTED_EDGE('',*,*,#890,.T.);
#327=ORIENTED_EDGE('',*,*,#891,.T.);
#328=ORIENTED_EDGE('',*,*,#892,.T.);
#329=ORIENTED_EDGE('',*,*,#893,.T.);
#330=ORIENTED_EDGE('',*,*,#894,.T.);
#331=ORIENTED_EDGE('',*,*,#895,.T.);
#332=ORIENTED_EDGE('',*,*,#896,.T.);
#333=ORIENTED_EDGE('',*,*,#897,.T.);
#334=ORIENTED_EDGE('',*,*,#898,.T.);
#335=ORIENTED_EDGE('',*,*,#899,.T.);
#336=ORIENTED_EDGE('',*,*,#900,.F.);
#337=ORIENTED_EDGE('',*,*,#901,.F.);
#338=ORIENTED_EDGE('',*,*,#902,.F.);
#339=ORIENTED_EDGE('',*,*,#903,.F.);
#340=ORIENTED_EDGE('',*,*,#904,.F.);
#341=ORIENTED_EDGE('',*,*,#905,.F.);
#342=ORIENTED_EDGE('',*,*,#906,.F.);
#343=ORIENTED_EDGE('',*,*,#907,.F.);
#344=ORIENTED_EDGE('',*,*,#908,.F.);
#345=ORIENTED_EDGE('',*,*,#909,.F.);
#346=ORIENTED_EDGE('',*,*,#910,.F.);
#347=ORIENTED_EDGE('',*,*,#911,.F.);
#348=ORIENTED_EDGE('',*,*,#912,.F.);
#349=ORIENTED_EDGE('',*,*,#913,.F.);
#350=ORIENTED_EDGE('',*,*,#914,.F.);
#351=ORIENTED_EDGE('',*,*,#915,.F.);
#352=ORIENTED_EDGE('',*,*,#916,.F.);
#353=ORIENTED_EDGE('',*,*,#917,.F.);
#354=ORIENTED_EDGE('',*,*,#918,.F.);
#355=ORIENTED_EDGE('',*,*,#919,.F.);
#356=ORIENTED_EDGE('',*,*,#920,.F.);
#357=ORIENTED_EDGE('',*,*,#921,.F.);
#358=ORIENTED_EDGE('',*,*,#922,.F.);
#359=ORIENTED_EDGE('',*,*,#923,.F.);
#360=ORIENTED_EDGE('',*,*,#924,.T.);
#361=ORIENTED_EDGE('',*,*,#925,.T.);
#362=ORIENTED_EDGE('',*,*,#926,.T.);
#363=ORIENTED_EDGE('',*,*,#927,.T.);
#364=ORIENTED_EDGE('',*,*,#928,.T.);
#365=ORIENTED_EDGE('',*,*,#900,.T.);
#366=ORIENTED_EDGE('',*,*,#929,.F.);
#367=ORIENTED_EDGE('',*,*,#799,.F.);
#368=ORIENTED_EDGE('',*,*,#930,.T.);
#369=ORIENTED_EDGE('',*,*,#923,.T.);
#370=ORIENTED_EDGE('',*,*,#931,.F.);
#371=ORIENTED_EDGE('',*,*,#800,.F.);
#372=ORIENTED_EDGE('',*,*,#929,.T.);
#373=ORIENTED_EDGE('',*,*,#922,.T.);
#374=ORIENTED_EDGE('',*,*,#932,.F.);
#375=ORIENTED_EDGE('',*,*,#801,.F.);
#376=ORIENTED_EDGE('',*,*,#931,.T.);
#377=ORIENTED_EDGE('',*,*,#921,.T.);
#378=ORIENTED_EDGE('',*,*,#933,.F.);
#379=ORIENTED_EDGE('',*,*,#802,.F.);
#380=ORIENTED_EDGE('',*,*,#932,.T.);
#381=ORIENTED_EDGE('',*,*,#920,.T.);
#382=ORIENTED_EDGE('',*,*,#934,.F.);
#383=ORIENTED_EDGE('',*,*,#803,.F.);
#384=ORIENTED_EDGE('',*,*,#933,.T.);
#385=ORIENTED_EDGE('',*,*,#919,.T.);
#386=ORIENTED_EDGE('',*,*,#935,.F.);
#387=ORIENTED_EDGE('',*,*,#804,.F.);
#388=ORIENTED_EDGE('',*,*,#934,.T.);
#389=ORIENTED_EDGE('',*,*,#918,.T.);
#390=ORIENTED_EDGE('',*,*,#936,.F.);
#391=ORIENTED_EDGE('',*,*,#805,.F.);
#392=ORIENTED_EDGE('',*,*,#935,.T.);
#393=ORIENTED_EDGE('',*,*,#917,.T.);
#394=ORIENTED_EDGE('',*,*,#937,.F.);
#395=ORIENTED_EDGE('',*,*,#806,.F.);
#396=ORIENTED_EDGE('',*,*,#936,.T.);
#397=ORIENTED_EDGE('',*,*,#916,.T.);
#398=ORIENTED_EDGE('',*,*,#938,.F.);
#399=ORIENTED_EDGE('',*,*,#807,.F.);
#400=ORIENTED_EDGE('',*,*,#937,.T.);
#401=ORIENTED_EDGE('',*,*,#915,.T.);
#402=ORIENTED_EDGE('',*,*,#939,.F.);
#403=ORIENTED_EDGE('',*,*,#808,.F.);
#404=ORIENTED_EDGE('',*,*,#938,.T.);
#405=ORIENTED_EDGE('',*,*,#914,.T.);
#406=ORIENTED_EDGE('',*,*,#940,.F.);
#407=ORIENTED_EDGE('',*,*,#809,.F.);
#408=ORIENTED_EDGE('',*,*,#939,.T.);
#409=ORIENTED_EDGE('',*,*,#913,.T.);
#410=ORIENTED_EDGE('',*,*,#941,.F.);
#411=ORIENTED_EDGE('',*,*,#810,.F.);
#412=ORIENTED_EDGE('',*,*,#940,.T.);
#413=ORIENTED_EDGE('',*,*,#912,.T.);
#414=ORIENTED_EDGE('',*,*,#942,.F.);
#415=ORIENTED_EDGE('',*,*,#811,.F.);
#416=ORIENTED_EDGE('',*,*,#941,.T.);
#417=ORIENTED_EDGE('',*,*,#911,.T.);
#418=ORIENTED_EDGE('',*,*,#943,.F.);
#419=ORIENTED_EDGE('',*,*,#812,.F.);
#420=ORIENTED_EDGE('',*,*,#942,.T.);
#421=ORIENTED_EDGE('',*,*,#910,.T.);
#422=ORIENTED_EDGE('',*,*,#944,.F.);
#423=ORIENTED_EDGE('',*,*,#813,.F.);
#424=ORIENTED_EDGE('',*,*,#943,.T.);
#425=ORIENTED_EDGE('',*,*,#909,.T.);
#426=ORIENTED_EDGE('',*,*,#945,.F.);
#427=ORIENTED_EDGE('',*,*,#814,.F.);
#428=ORIENTED_EDGE('',*,*,#944,.T.);
#429=ORIENTED_EDGE('',*,*,#908,.T.);
#430=ORIENTED_EDGE('',*,*,#946,.F.);
#431=ORIENTED_EDGE('',*,*,#815,.F.);
#432=ORIENTED_EDGE('',*,*,#945,.T.);
#433=ORIENTED_EDGE('',*,*,#907,.T.);
#434=ORIENTED_EDGE('',*,*,#947,.F.);
#435=ORIENTED_EDGE('',*,*,#816,.F.);
#436=ORIENTED_EDGE('',*,*,#946,.T.);
#437=ORIENTED_EDGE('',*,*,#906,.T.);
#438=ORIENTED_EDGE('',*,*,#948,.F.);
#439=ORIENTED_EDGE('',*,*,#817,.F.);
#440=ORIENTED_EDGE('',*,*,#947,.T.);
#441=ORIENTED_EDGE('',*,*,#905,.T.);
#442=ORIENTED_EDGE('',*,*,#949,.F.);
#443=ORIENTED_EDGE('',*,*,#818,.F.);
#444=ORIENTED_EDGE('',*,*,#948,.T.);
#445=ORIENTED_EDGE('',*,*,#904,.T.);
#446=ORIENTED_EDGE('',*,*,#950,.F.);
#447=ORIENTED_EDGE('',*,*,#819,.F.);
#448=ORIENTED_EDGE('',*,*,#949,.T.);
#449=ORIENTED_EDGE('',*,*,#903,.T.);
#450=ORIENTED_EDGE('',*,*,#951,.F.);
#451=ORIENTED_EDGE('',*,*,#820,.F.);
#452=ORIENTED_EDGE('',*,*,#950,.T.);
#453=ORIENTED_EDGE('',*,*,#902,.T.);
#454=ORIENTED_EDGE('',*,*,#952,.F.);
#455=ORIENTED_EDGE('',*,*,#821,.F.);
#456=ORIENTED_EDGE('',*,*,#951,.T.);
#457=ORIENTED_EDGE('',*,*,#901,.T.);
#458=ORIENTED_EDGE('',*,*,#930,.F.);
#459=ORIENTED_EDGE('',*,*,#822,.F.);
#460=ORIENTED_EDGE('',*,*,#952,.T.);
#461=ORIENTED_EDGE('',*,*,#823,.T.);
#462=ORIENTED_EDGE('',*,*,#924,.F.);
#463=ORIENTED_EDGE('',*,*,#824,.T.);
#464=ORIENTED_EDGE('',*,*,#899,.F.);
#465=ORIENTED_EDGE('',*,*,#825,.T.);
#466=ORIENTED_EDGE('',*,*,#925,.F.);
#467=ORIENTED_EDGE('',*,*,#826,.T.);
#468=ORIENTED_EDGE('',*,*,#926,.F.);
#469=ORIENTED_EDGE('',*,*,#827,.T.);
#470=ORIENTED_EDGE('',*,*,#898,.F.);
#471=ORIENTED_EDGE('',*,*,#828,.T.);
#472=ORIENTED_EDGE('',*,*,#897,.F.);
#473=ORIENTED_EDGE('',*,*,#829,.T.);
#474=ORIENTED_EDGE('',*,*,#927,.F.);
#475=ORIENTED_EDGE('',*,*,#830,.T.);
#476=ORIENTED_EDGE('',*,*,#928,.F.);
#477=ORIENTED_EDGE('',*,*,#831,.T.);
#478=ORIENTED_EDGE('',*,*,#896,.F.);
#479=ORIENTED_EDGE('',*,*,#796,.T.);
#480=ORIENTED_EDGE('',*,*,#953,.F.);
#481=ORIENTED_EDGE('',*,*,#892,.F.);
#482=ORIENTED_EDGE('',*,*,#954,.T.);
#483=ORIENTED_EDGE('',*,*,#797,.T.);
#484=ORIENTED_EDGE('',*,*,#954,.F.);
#485=ORIENTED_EDGE('',*,*,#895,.F.);
#486=ORIENTED_EDGE('',*,*,#955,.T.);
#487=ORIENTED_EDGE('',*,*,#798,.T.);
#488=ORIENTED_EDGE('',*,*,#955,.F.);
#489=ORIENTED_EDGE('',*,*,#894,.F.);
#490=ORIENTED_EDGE('',*,*,#956,.T.);
#491=ORIENTED_EDGE('',*,*,#795,.T.);
#492=ORIENTED_EDGE('',*,*,#956,.F.);
#493=ORIENTED_EDGE('',*,*,#893,.F.);
#494=ORIENTED_EDGE('',*,*,#953,.T.);
#495=ORIENTED_EDGE('',*,*,#792,.T.);
#496=ORIENTED_EDGE('',*,*,#957,.F.);
#497=ORIENTED_EDGE('',*,*,#888,.F.);
#498=ORIENTED_EDGE('',*,*,#958,.T.);
#499=ORIENTED_EDGE('',*,*,#793,.T.);
#500=ORIENTED_EDGE('',*,*,#958,.F.);
#501=ORIENTED_EDGE('',*,*,#891,.F.);
#502=ORIENTED_EDGE('',*,*,#959,.T.);
#503=ORIENTED_EDGE('',*,*,#794,.T.);
#504=ORIENTED_EDGE('',*,*,#959,.F.);
#505=ORIENTED_EDGE('',*,*,#890,.F.);
#506=ORIENTED_EDGE('',*,*,#960,.T.);
#507=ORIENTED_EDGE('',*,*,#791,.T.);
#508=ORIENTED_EDGE('',*,*,#960,.F.);
#509=ORIENTED_EDGE('',*,*,#889,.F.);
#510=ORIENTED_EDGE('',*,*,#957,.T.);
#511=ORIENTED_EDGE('',*,*,#788,.T.);
#512=ORIENTED_EDGE('',*,*,#961,.F.);
#513=ORIENTED_EDGE('',*,*,#884,.F.);
#514=ORIENTED_EDGE('',*,*,#962,.T.);
#515=ORIENTED_EDGE('',*,*,#789,.T.);
#516=ORIENTED_EDGE('',*,*,#962,.F.);
#517=ORIENTED_EDGE('',*,*,#887,.F.);
#518=ORIENTED_EDGE('',*,*,#963,.T.);
#519=ORIENTED_EDGE('',*,*,#790,.T.);
#520=ORIENTED_EDGE('',*,*,#963,.F.);
#521=ORIENTED_EDGE('',*,*,#886,.F.);
#522=ORIENTED_EDGE('',*,*,#964,.T.);
#523=ORIENTED_EDGE('',*,*,#787,.T.);
#524=ORIENTED_EDGE('',*,*,#964,.F.);
#525=ORIENTED_EDGE('',*,*,#885,.F.);
#526=ORIENTED_EDGE('',*,*,#961,.T.);
#527=ORIENTED_EDGE('',*,*,#784,.T.);
#528=ORIENTED_EDGE('',*,*,#965,.F.);
#529=ORIENTED_EDGE('',*,*,#880,.F.);
#530=ORIENTED_EDGE('',*,*,#966,.T.);
#531=ORIENTED_EDGE('',*,*,#785,.T.);
#532=ORIENTED_EDGE('',*,*,#966,.F.);
#533=ORIENTED_EDGE('',*,*,#883,.F.);
#534=ORIENTED_EDGE('',*,*,#967,.T.);
#535=ORIENTED_EDGE('',*,*,#786,.T.);
#536=ORIENTED_EDGE('',*,*,#967,.F.);
#537=ORIENTED_EDGE('',*,*,#882,.F.);
#538=ORIENTED_EDGE('',*,*,#968,.T.);
#539=ORIENTED_EDGE('',*,*,#783,.T.);
#540=ORIENTED_EDGE('',*,*,#968,.F.);
#541=ORIENTED_EDGE('',*,*,#881,.F.);
#542=ORIENTED_EDGE('',*,*,#965,.T.);
#543=ORIENTED_EDGE('',*,*,#780,.T.);
#544=ORIENTED_EDGE('',*,*,#969,.F.);
#545=ORIENTED_EDGE('',*,*,#876,.F.);
#546=ORIENTED_EDGE('',*,*,#970,.T.);
#547=ORIENTED_EDGE('',*,*,#781,.T.);
#548=ORIENTED_EDGE('',*,*,#970,.F.);
#549=ORIENTED_EDGE('',*,*,#879,.F.);
#550=ORIENTED_EDGE('',*,*,#971,.T.);
#551=ORIENTED_EDGE('',*,*,#782,.T.);
#552=ORIENTED_EDGE('',*,*,#971,.F.);
#553=ORIENTED_EDGE('',*,*,#878,.F.);
#554=ORIENTED_EDGE('',*,*,#972,.T.);
#555=ORIENTED_EDGE('',*,*,#779,.T.);
#556=ORIENTED_EDGE('',*,*,#972,.F.);
#557=ORIENTED_EDGE('',*,*,#877,.F.);
#558=ORIENTED_EDGE('',*,*,#969,.T.);
#559=ORIENTED_EDGE('',*,*,#776,.T.);
#560=ORIENTED_EDGE('',*,*,#973,.F.);
#561=ORIENTED_EDGE('',*,*,#872,.F.);
#562=ORIENTED_EDGE('',*,*,#974,.T.);
#563=ORIENTED_EDGE('',*,*,#777,.T.);
#564=ORIENTED_EDGE('',*,*,#974,.F.);
#565=ORIENTED_EDGE('',*,*,#875,.F.);
#566=ORIENTED_EDGE('',*,*,#975,.T.);
#567=ORIENTED_EDGE('',*,*,#778,.T.);
#568=ORIENTED_EDGE('',*,*,#975,.F.);
#569=ORIENTED_EDGE('',*,*,#874,.F.);
#570=ORIENTED_EDGE('',*,*,#976,.T.);
#571=ORIENTED_EDGE('',*,*,#775,.T.);
#572=ORIENTED_EDGE('',*,*,#976,.F.);
#573=ORIENTED_EDGE('',*,*,#873,.F.);
#574=ORIENTED_EDGE('',*,*,#973,.T.);
#575=ORIENTED_EDGE('',*,*,#772,.T.);
#576=ORIENTED_EDGE('',*,*,#977,.F.);
#577=ORIENTED_EDGE('',*,*,#868,.F.);
#578=ORIENTED_EDGE('',*,*,#978,.T.);
#579=ORIENTED_EDGE('',*,*,#773,.T.);
#580=ORIENTED_EDGE('',*,*,#978,.F.);
#581=ORIENTED_EDGE('',*,*,#871,.F.);
#582=ORIENTED_EDGE('',*,*,#979,.T.);
#583=ORIENTED_EDGE('',*,*,#774,.T.);
#584=ORIENTED_EDGE('',*,*,#979,.F.);
#585=ORIENTED_EDGE('',*,*,#870,.F.);
#586=ORIENTED_EDGE('',*,*,#980,.T.);
#587=ORIENTED_EDGE('',*,*,#771,.T.);
#588=ORIENTED_EDGE('',*,*,#980,.F.);
#589=ORIENTED_EDGE('',*,*,#869,.F.);
#590=ORIENTED_EDGE('',*,*,#977,.T.);
#591=ORIENTED_EDGE('',*,*,#768,.T.);
#592=ORIENTED_EDGE('',*,*,#981,.F.);
#593=ORIENTED_EDGE('',*,*,#864,.F.);
#594=ORIENTED_EDGE('',*,*,#982,.T.);
#595=ORIENTED_EDGE('',*,*,#769,.T.);
#596=ORIENTED_EDGE('',*,*,#982,.F.);
#597=ORIENTED_EDGE('',*,*,#867,.F.);
#598=ORIENTED_EDGE('',*,*,#983,.T.);
#599=ORIENTED_EDGE('',*,*,#770,.T.);
#600=ORIENTED_EDGE('',*,*,#983,.F.);
#601=ORIENTED_EDGE('',*,*,#866,.F.);
#602=ORIENTED_EDGE('',*,*,#984,.T.);
#603=ORIENTED_EDGE('',*,*,#767,.T.);
#604=ORIENTED_EDGE('',*,*,#984,.F.);
#605=ORIENTED_EDGE('',*,*,#865,.F.);
#606=ORIENTED_EDGE('',*,*,#981,.T.);
#607=ORIENTED_EDGE('',*,*,#760,.T.);
#608=ORIENTED_EDGE('',*,*,#985,.F.);
#609=ORIENTED_EDGE('',*,*,#856,.F.);
#610=ORIENTED_EDGE('',*,*,#986,.T.);
#611=ORIENTED_EDGE('',*,*,#761,.T.);
#612=ORIENTED_EDGE('',*,*,#986,.F.);
#613=ORIENTED_EDGE('',*,*,#863,.F.);
#614=ORIENTED_EDGE('',*,*,#987,.T.);
#615=ORIENTED_EDGE('',*,*,#762,.T.);
#616=ORIENTED_EDGE('',*,*,#987,.F.);
#617=ORIENTED_EDGE('',*,*,#862,.F.);
#618=ORIENTED_EDGE('',*,*,#988,.T.);
#619=ORIENTED_EDGE('',*,*,#763,.T.);
#620=ORIENTED_EDGE('',*,*,#988,.F.);
#621=ORIENTED_EDGE('',*,*,#861,.F.);
#622=ORIENTED_EDGE('',*,*,#989,.T.);
#623=ORIENTED_EDGE('',*,*,#764,.T.);
#624=ORIENTED_EDGE('',*,*,#989,.F.);
#625=ORIENTED_EDGE('',*,*,#860,.F.);
#626=ORIENTED_EDGE('',*,*,#990,.T.);
#627=ORIENTED_EDGE('',*,*,#765,.T.);
#628=ORIENTED_EDGE('',*,*,#990,.F.);
#629=ORIENTED_EDGE('',*,*,#859,.F.);
#630=ORIENTED_EDGE('',*,*,#991,.T.);
#631=ORIENTED_EDGE('',*,*,#766,.T.);
#632=ORIENTED_EDGE('',*,*,#991,.F.);
#633=ORIENTED_EDGE('',*,*,#858,.F.);
#634=ORIENTED_EDGE('',*,*,#992,.T.);
#635=ORIENTED_EDGE('',*,*,#759,.T.);
#636=ORIENTED_EDGE('',*,*,#992,.F.);
#637=ORIENTED_EDGE('',*,*,#857,.F.);
#638=ORIENTED_EDGE('',*,*,#985,.T.);
#639=ORIENTED_EDGE('',*,*,#752,.T.);
#640=ORIENTED_EDGE('',*,*,#993,.F.);
#641=ORIENTED_EDGE('',*,*,#848,.F.);
#642=ORIENTED_EDGE('',*,*,#994,.T.);
#643=ORIENTED_EDGE('',*,*,#753,.T.);
#644=ORIENTED_EDGE('',*,*,#994,.F.);
#645=ORIENTED_EDGE('',*,*,#855,.F.);
#646=ORIENTED_EDGE('',*,*,#995,.T.);
#647=ORIENTED_EDGE('',*,*,#754,.T.);
#648=ORIENTED_EDGE('',*,*,#995,.F.);
#649=ORIENTED_EDGE('',*,*,#854,.F.);
#650=ORIENTED_EDGE('',*,*,#996,.T.);
#651=ORIENTED_EDGE('',*,*,#755,.T.);
#652=ORIENTED_EDGE('',*,*,#996,.F.);
#653=ORIENTED_EDGE('',*,*,#853,.F.);
#654=ORIENTED_EDGE('',*,*,#997,.T.);
#655=ORIENTED_EDGE('',*,*,#756,.T.);
#656=ORIENTED_EDGE('',*,*,#997,.F.);
#657=ORIENTED_EDGE('',*,*,#852,.F.);
#658=ORIENTED_EDGE('',*,*,#998,.T.);
#659=ORIENTED_EDGE('',*,*,#757,.T.);
#660=ORIENTED_EDGE('',*,*,#998,.F.);
#661=ORIENTED_EDGE('',*,*,#851,.F.);
#662=ORIENTED_EDGE('',*,*,#999,.T.);
#663=ORIENTED_EDGE('',*,*,#758,.T.);
#664=ORIENTED_EDGE('',*,*,#999,.F.);
#665=ORIENTED_EDGE('',*,*,#850,.F.);
#666=ORIENTED_EDGE('',*,*,#1000,.T.);
#667=ORIENTED_EDGE('',*,*,#751,.T.);
#668=ORIENTED_EDGE('',*,*,#1000,.F.);
#669=ORIENTED_EDGE('',*,*,#849,.F.);
#670=ORIENTED_EDGE('',*,*,#993,.T.);
#671=ORIENTED_EDGE('',*,*,#744,.T.);
#672=ORIENTED_EDGE('',*,*,#1001,.F.);
#673=ORIENTED_EDGE('',*,*,#840,.F.);
#674=ORIENTED_EDGE('',*,*,#1002,.T.);
#675=ORIENTED_EDGE('',*,*,#745,.T.);
#676=ORIENTED_EDGE('',*,*,#1002,.F.);
#677=ORIENTED_EDGE('',*,*,#847,.F.);
#678=ORIENTED_EDGE('',*,*,#1003,.T.);
#679=ORIENTED_EDGE('',*,*,#746,.T.);
#680=ORIENTED_EDGE('',*,*,#1003,.F.);
#681=ORIENTED_EDGE('',*,*,#846,.F.);
#682=ORIENTED_EDGE('',*,*,#1004,.T.);
#683=ORIENTED_EDGE('',*,*,#747,.T.);
#684=ORIENTED_EDGE('',*,*,#1004,.F.);
#685=ORIENTED_EDGE('',*,*,#845,.F.);
#686=ORIENTED_EDGE('',*,*,#1005,.T.);
#687=ORIENTED_EDGE('',*,*,#748,.T.);
#688=ORIENTED_EDGE('',*,*,#1005,.F.);
#689=ORIENTED_EDGE('',*,*,#844,.F.);
#690=ORIENTED_EDGE('',*,*,#1006,.T.);
#691=ORIENTED_EDGE('',*,*,#749,.T.);
#692=ORIENTED_EDGE('',*,*,#1006,.F.);
#693=ORIENTED_EDGE('',*,*,#843,.F.);
#694=ORIENTED_EDGE('',*,*,#1007,.T.);
#695=ORIENTED_EDGE('',*,*,#750,.T.);
#696=ORIENTED_EDGE('',*,*,#1007,.F.);
#697=ORIENTED_EDGE('',*,*,#842,.F.);
#698=ORIENTED_EDGE('',*,*,#1008,.T.);
#699=ORIENTED_EDGE('',*,*,#743,.T.);
#700=ORIENTED_EDGE('',*,*,#1008,.F.);
#701=ORIENTED_EDGE('',*,*,#841,.F.);
#702=ORIENTED_EDGE('',*,*,#1001,.T.);
#703=ORIENTED_EDGE('',*,*,#736,.T.);
#704=ORIENTED_EDGE('',*,*,#1009,.F.);
#705=ORIENTED_EDGE('',*,*,#832,.F.);
#706=ORIENTED_EDGE('',*,*,#1010,.T.);
#707=ORIENTED_EDGE('',*,*,#737,.T.);
#708=ORIENTED_EDGE('',*,*,#1010,.F.);
#709=ORIENTED_EDGE('',*,*,#839,.F.);
#710=ORIENTED_EDGE('',*,*,#1011,.T.);
#711=ORIENTED_EDGE('',*,*,#738,.T.);
#712=ORIENTED_EDGE('',*,*,#1011,.F.);
#713=ORIENTED_EDGE('',*,*,#838,.F.);
#714=ORIENTED_EDGE('',*,*,#1012,.T.);
#715=ORIENTED_EDGE('',*,*,#739,.T.);
#716=ORIENTED_EDGE('',*,*,#1012,.F.);
#717=ORIENTED_EDGE('',*,*,#837,.F.);
#718=ORIENTED_EDGE('',*,*,#1013,.T.);
#719=ORIENTED_EDGE('',*,*,#740,.T.);
#720=ORIENTED_EDGE('',*,*,#1013,.F.);
#721=ORIENTED_EDGE('',*,*,#836,.F.);
#722=ORIENTED_EDGE('',*,*,#1014,.T.);
#723=ORIENTED_EDGE('',*,*,#741,.T.);
#724=ORIENTED_EDGE('',*,*,#1014,.F.);
#725=ORIENTED_EDGE('',*,*,#835,.F.);
#726=ORIENTED_EDGE('',*,*,#1015,.T.);
#727=ORIENTED_EDGE('',*,*,#742,.T.);
#728=ORIENTED_EDGE('',*,*,#1015,.F.);
#729=ORIENTED_EDGE('',*,*,#834,.F.);
#730=ORIENTED_EDGE('',*,*,#1016,.T.);
#731=ORIENTED_EDGE('',*,*,#735,.T.);
#732=ORIENTED_EDGE('',*,*,#1016,.F.);
#733=ORIENTED_EDGE('',*,*,#833,.F.);
#734=ORIENTED_EDGE('',*,*,#1009,.T.);
#735=EDGE_CURVE('',#1017,#1018,#1211,.T.);
#736=EDGE_CURVE('',#1019,#1017,#65,.T.);
#737=EDGE_CURVE('',#1020,#1019,#1212,.T.);
#738=EDGE_CURVE('',#1021,#1020,#66,.T.);
#739=EDGE_CURVE('',#1022,#1021,#1213,.T.);
#740=EDGE_CURVE('',#1023,#1022,#67,.T.);
#741=EDGE_CURVE('',#1024,#1023,#1214,.T.);
#742=EDGE_CURVE('',#1018,#1024,#68,.T.);
#743=EDGE_CURVE('',#1025,#1026,#1215,.T.);
#744=EDGE_CURVE('',#1027,#1025,#69,.T.);
#745=EDGE_CURVE('',#1028,#1027,#1216,.T.);
#746=EDGE_CURVE('',#1029,#1028,#70,.T.);
#747=EDGE_CURVE('',#1030,#1029,#1217,.T.);
#748=EDGE_CURVE('',#1031,#1030,#71,.T.);
#749=EDGE_CURVE('',#1032,#1031,#1218,.T.);
#750=EDGE_CURVE('',#1026,#1032,#72,.T.);
#751=EDGE_CURVE('',#1033,#1034,#1219,.T.);
#752=EDGE_CURVE('',#1035,#1033,#73,.T.);
#753=EDGE_CURVE('',#1036,#1035,#1220,.T.);
#754=EDGE_CURVE('',#1037,#1036,#74,.T.);
#755=EDGE_CURVE('',#1038,#1037,#1221,.T.);
#756=EDGE_CURVE('',#1039,#1038,#75,.T.);
#757=EDGE_CURVE('',#1040,#1039,#1222,.T.);
#758=EDGE_CURVE('',#1034,#1040,#76,.T.);
#759=EDGE_CURVE('',#1041,#1042,#1223,.T.);
#760=EDGE_CURVE('',#1043,#1041,#77,.T.);
#761=EDGE_CURVE('',#1044,#1043,#1224,.T.);
#762=EDGE_CURVE('',#1045,#1044,#78,.T.);
#763=EDGE_CURVE('',#1046,#1045,#1225,.T.);
#764=EDGE_CURVE('',#1047,#1046,#79,.T.);
#765=EDGE_CURVE('',#1048,#1047,#1226,.T.);
#766=EDGE_CURVE('',#1042,#1048,#80,.T.);
#767=EDGE_CURVE('',#1049,#1050,#1227,.T.);
#768=EDGE_CURVE('',#1051,#1049,#81,.T.);
#769=EDGE_CURVE('',#1052,#1051,#1228,.T.);
#770=EDGE_CURVE('',#1050,#1052,#82,.T.);
#771=EDGE_CURVE('',#1053,#1054,#1229,.T.);
#772=EDGE_CURVE('',#1055,#1053,#83,.T.);
#773=EDGE_CURVE('',#1056,#1055,#1230,.T.);
#774=EDGE_CURVE('',#1054,#1056,#84,.T.);
#775=EDGE_CURVE('',#1057,#1058,#1231,.T.);
#776=EDGE_CURVE('',#1059,#1057,#85,.T.);
#777=EDGE_CURVE('',#1060,#1059,#1232,.T.);
#778=EDGE_CURVE('',#1058,#1060,#86,.T.);
#779=EDGE_CURVE('',#1061,#1062,#1233,.T.);
#780=EDGE_CURVE('',#1063,#1061,#87,.T.);
#781=EDGE_CURVE('',#1064,#1063,#1234,.T.);
#782=EDGE_CURVE('',#1062,#1064,#88,.T.);
#783=EDGE_CURVE('',#1065,#1066,#1235,.T.);
#784=EDGE_CURVE('',#1067,#1065,#89,.T.);
#785=EDGE_CURVE('',#1068,#1067,#1236,.T.);
#786=EDGE_CURVE('',#1066,#1068,#90,.T.);
#787=EDGE_CURVE('',#1069,#1070,#1237,.T.);
#788=EDGE_CURVE('',#1071,#1069,#91,.T.);
#789=EDGE_CURVE('',#1072,#1071,#1238,.T.);
#790=EDGE_CURVE('',#1070,#1072,#92,.T.);
#791=EDGE_CURVE('',#1073,#1074,#1239,.T.);
#792=EDGE_CURVE('',#1075,#1073,#93,.T.);
#793=EDGE_CURVE('',#1076,#1075,#1240,.T.);
#794=EDGE_CURVE('',#1074,#1076,#94,.T.);
#795=EDGE_CURVE('',#1077,#1078,#1241,.T.);
#796=EDGE_CURVE('',#1079,#1077,#95,.T.);
#797=EDGE_CURVE('',#1080,#1079,#1242,.T.);
#798=EDGE_CURVE('',#1078,#1080,#96,.T.);
#799=EDGE_CURVE('',#1081,#1082,#97,.T.);
#800=EDGE_CURVE('',#1082,#1083,#98,.T.);
#801=EDGE_CURVE('',#1083,#1084,#99,.T.);
#802=EDGE_CURVE('',#1084,#1085,#1243,.T.);
#803=EDGE_CURVE('',#1085,#1086,#1244,.T.);
#804=EDGE_CURVE('',#1086,#1087,#1245,.T.);
#805=EDGE_CURVE('',#1087,#1088,#1246,.T.);
#806=EDGE_CURVE('',#1088,#1089,#1247,.T.);
#807=EDGE_CURVE('',#1089,#1090,#100,.T.);
#808=EDGE_CURVE('',#1090,#1091,#101,.T.);
#809=EDGE_CURVE('',#1091,#1092,#102,.T.);
#810=EDGE_CURVE('',#1092,#1093,#1248,.T.);
#811=EDGE_CURVE('',#1093,#1094,#103,.T.);
#812=EDGE_CURVE('',#1094,#1095,#104,.T.);
#813=EDGE_CURVE('',#1095,#1096,#105,.T.);
#814=EDGE_CURVE('',#1096,#1097,#1249,.T.);
#815=EDGE_CURVE('',#1097,#1098,#1250,.T.);
#816=EDGE_CURVE('',#1098,#1099,#1251,.T.);
#817=EDGE_CURVE('',#1099,#1100,#1252,.T.);
#818=EDGE_CURVE('',#1100,#1101,#1253,.T.);
#819=EDGE_CURVE('',#1101,#1102,#106,.T.);
#820=EDGE_CURVE('',#1102,#1103,#107,.T.);
#821=EDGE_CURVE('',#1103,#1104,#108,.T.);
#822=EDGE_CURVE('',#1104,#1081,#1254,.T.);
#823=EDGE_CURVE('',#1105,#1105,#109,.T.);
#824=EDGE_CURVE('',#1106,#1106,#110,.T.);
#825=EDGE_CURVE('',#1107,#1107,#111,.T.);
#826=EDGE_CURVE('',#1108,#1108,#112,.T.);
#827=EDGE_CURVE('',#1109,#1109,#113,.T.);
#828=EDGE_CURVE('',#1110,#1110,#114,.T.);
#829=EDGE_CURVE('',#1111,#1111,#115,.T.);
#830=EDGE_CURVE('',#1112,#1112,#116,.T.);
#831=EDGE_CURVE('',#1113,#1113,#117,.T.);
#832=EDGE_CURVE('',#1114,#1115,#118,.T.);
#833=EDGE_CURVE('',#1115,#1116,#1255,.T.);
#834=EDGE_CURVE('',#1116,#1117,#119,.T.);
#835=EDGE_CURVE('',#1117,#1118,#1256,.T.);
#836=EDGE_CURVE('',#1118,#1119,#120,.T.);
#837=EDGE_CURVE('',#1119,#1120,#1257,.T.);
#838=EDGE_CURVE('',#1120,#1121,#121,.T.);
#839=EDGE_CURVE('',#1121,#1114,#1258,.T.);
#840=EDGE_CURVE('',#1122,#1123,#122,.T.);
#841=EDGE_CURVE('',#1123,#1124,#1259,.T.);
#842=EDGE_CURVE('',#1124,#1125,#123,.T.);
#843=EDGE_CURVE('',#1125,#1126,#1260,.T.);
#844=EDGE_CURVE('',#1126,#1127,#124,.T.);
#845=EDGE_CURVE('',#1127,#1128,#1261,.T.);
#846=EDGE_CURVE('',#1128,#1129,#125,.T.);
#847=EDGE_CURVE('',#1129,#1122,#1262,.T.);
#848=EDGE_CURVE('',#1130,#1131,#126,.T.);
#849=EDGE_CURVE('',#1131,#1132,#1263,.T.);
#850=EDGE_CURVE('',#1132,#1133,#127,.T.);
#851=EDGE_CURVE('',#1133,#1134,#1264,.T.);
#852=EDGE_CURVE('',#1134,#1135,#128,.T.);
#853=EDGE_CURVE('',#1135,#1136,#1265,.T.);
#854=EDGE_CURVE('',#1136,#1137,#129,.T.);
#855=EDGE_CURVE('',#1137,#1130,#1266,.T.);
#856=EDGE_CURVE('',#1138,#1139,#130,.T.);
#857=EDGE_CURVE('',#1139,#1140,#1267,.T.);
#858=EDGE_CURVE('',#1140,#1141,#131,.T.);
#859=EDGE_CURVE('',#1141,#1142,#1268,.T.);
#860=EDGE_CURVE('',#1142,#1143,#132,.T.);
#861=EDGE_CURVE('',#1143,#1144,#1269,.T.);
#862=EDGE_CURVE('',#1144,#1145,#133,.T.);
#863=EDGE_CURVE('',#1145,#1138,#1270,.T.);
#864=EDGE_CURVE('',#1146,#1147,#134,.T.);
#865=EDGE_CURVE('',#1147,#1148,#1271,.T.);
#866=EDGE_CURVE('',#1148,#1149,#135,.T.);
#867=EDGE_CURVE('',#1149,#1146,#1272,.T.);
#868=EDGE_CURVE('',#1150,#1151,#136,.T.);
#869=EDGE_CURVE('',#1151,#1152,#1273,.T.);
#870=EDGE_CURVE('',#1152,#1153,#137,.T.);
#871=EDGE_CURVE('',#1153,#1150,#1274,.T.);
#872=EDGE_CURVE('',#1154,#1155,#138,.T.);
#873=EDGE_CURVE('',#1155,#1156,#1275,.T.);
#874=EDGE_CURVE('',#1156,#1157,#139,.T.);
#875=EDGE_CURVE('',#1157,#1154,#1276,.T.);
#876=EDGE_CURVE('',#1158,#1159,#140,.T.);
#877=EDGE_CURVE('',#1159,#1160,#1277,.T.);
#878=EDGE_CURVE('',#1160,#1161,#141,.T.);
#879=EDGE_CURVE('',#1161,#1158,#1278,.T.);
#880=EDGE_CURVE('',#1162,#1163,#142,.T.);
#881=EDGE_CURVE('',#1163,#1164,#1279,.T.);
#882=EDGE_CURVE('',#1164,#1165,#143,.T.);
#883=EDGE_CURVE('',#1165,#1162,#1280,.T.);
#884=EDGE_CURVE('',#1166,#1167,#144,.T.);
#885=EDGE_CURVE('',#1167,#1168,#1281,.T.);
#886=EDGE_CURVE('',#1168,#1169,#145,.T.);
#887=EDGE_CURVE('',#1169,#1166,#1282,.T.);
#888=EDGE_CURVE('',#1170,#1171,#146,.T.);
#889=EDGE_CURVE('',#1171,#1172,#1283,.T.);
#890=EDGE_CURVE('',#1172,#1173,#147,.T.);
#891=EDGE_CURVE('',#1173,#1170,#1284,.T.);
#892=EDGE_CURVE('',#1174,#1175,#148,.T.);
#893=EDGE_CURVE('',#1175,#1176,#1285,.T.);
#894=EDGE_CURVE('',#1176,#1177,#149,.T.);
#895=EDGE_CURVE('',#1177,#1174,#1286,.T.);
#896=EDGE_CURVE('',#1178,#1178,#150,.T.);
#897=EDGE_CURVE('',#1179,#1179,#151,.T.);
#898=EDGE_CURVE('',#1180,#1180,#152,.T.);
#899=EDGE_CURVE('',#1181,#1181,#153,.T.);
#900=EDGE_CURVE('',#1182,#1183,#154,.T.);
#901=EDGE_CURVE('',#1184,#1182,#1287,.T.);
#902=EDGE_CURVE('',#1185,#1184,#155,.T.);
#903=EDGE_CURVE('',#1186,#1185,#156,.T.);
#904=EDGE_CURVE('',#1187,#1186,#157,.T.);
#905=EDGE_CURVE('',#1188,#1187,#1288,.T.);
#906=EDGE_CURVE('',#1189,#1188,#1289,.T.);
#907=EDGE_CURVE('',#1190,#1189,#1290,.T.);
#908=EDGE_CURVE('',#1191,#1190,#1291,.T.);
#909=EDGE_CURVE('',#1192,#1191,#1292,.T.);
#910=EDGE_CURVE('',#1193,#1192,#158,.T.);
#911=EDGE_CURVE('',#1194,#1193,#159,.T.);
#912=EDGE_CURVE('',#1195,#1194,#160,.T.);
#913=EDGE_CURVE('',#1196,#1195,#1293,.T.);
#914=EDGE_CURVE('',#1197,#1196,#161,.T.);
#915=EDGE_CURVE('',#1198,#1197,#162,.T.);
#916=EDGE_CURVE('',#1199,#1198,#163,.T.);
#917=EDGE_CURVE('',#1200,#1199,#1294,.T.);
#918=EDGE_CURVE('',#1201,#1200,#1295,.T.);
#919=EDGE_CURVE('',#1202,#1201,#1296,.T.);
#920=EDGE_CURVE('',#1203,#1202,#1297,.T.);
#921=EDGE_CURVE('',#1204,#1203,#1298,.T.);
#922=EDGE_CURVE('',#1205,#1204,#164,.T.);
#923=EDGE_CURVE('',#1183,#1205,#165,.T.);
#924=EDGE_CURVE('',#1206,#1206,#166,.T.);
#925=EDGE_CURVE('',#1207,#1207,#167,.T.);
#926=EDGE_CURVE('',#1208,#1208,#168,.T.);
#927=EDGE_CURVE('',#1209,#1209,#169,.T.);
#928=EDGE_CURVE('',#1210,#1210,#170,.T.);
#929=EDGE_CURVE('',#1082,#1183,#1299,.T.);
#930=EDGE_CURVE('',#1081,#1182,#1300,.T.);
#931=EDGE_CURVE('',#1083,#1205,#1301,.T.);
#932=EDGE_CURVE('',#1084,#1204,#1302,.T.);
#933=EDGE_CURVE('',#1085,#1203,#1303,.T.);
#934=EDGE_CURVE('',#1086,#1202,#1304,.T.);
#935=EDGE_CURVE('',#1087,#1201,#1305,.T.);
#936=EDGE_CURVE('',#1088,#1200,#1306,.T.);
#937=EDGE_CURVE('',#1089,#1199,#1307,.T.);
#938=EDGE_CURVE('',#1090,#1198,#1308,.T.);
#939=EDGE_CURVE('',#1091,#1197,#1309,.T.);
#940=EDGE_CURVE('',#1092,#1196,#1310,.T.);
#941=EDGE_CURVE('',#1093,#1195,#1311,.T.);
#942=EDGE_CURVE('',#1094,#1194,#1312,.T.);
#943=EDGE_CURVE('',#1095,#1193,#1313,.T.);
#944=EDGE_CURVE('',#1096,#1192,#1314,.T.);
#945=EDGE_CURVE('',#1097,#1191,#1315,.T.);
#946=EDGE_CURVE('',#1098,#1190,#1316,.T.);
#947=EDGE_CURVE('',#1099,#1189,#1317,.T.);
#948=EDGE_CURVE('',#1100,#1188,#1318,.T.);
#949=EDGE_CURVE('',#1101,#1187,#1319,.T.);
#950=EDGE_CURVE('',#1102,#1186,#1320,.T.);
#951=EDGE_CURVE('',#1103,#1185,#1321,.T.);
#952=EDGE_CURVE('',#1104,#1184,#1322,.T.);
#953=EDGE_CURVE('',#1175,#1077,#1323,.T.);
#954=EDGE_CURVE('',#1174,#1079,#1324,.T.);
#955=EDGE_CURVE('',#1177,#1080,#1325,.T.);
#956=EDGE_CURVE('',#1176,#1078,#1326,.T.);
#957=EDGE_CURVE('',#1171,#1073,#1327,.T.);
#958=EDGE_CURVE('',#1170,#1075,#1328,.T.);
#959=EDGE_CURVE('',#1173,#1076,#1329,.T.);
#960=EDGE_CURVE('',#1172,#1074,#1330,.T.);
#961=EDGE_CURVE('',#1167,#1069,#1331,.T.);
#962=EDGE_CURVE('',#1166,#1071,#1332,.T.);
#963=EDGE_CURVE('',#1169,#1072,#1333,.T.);
#964=EDGE_CURVE('',#1168,#1070,#1334,.T.);
#965=EDGE_CURVE('',#1163,#1065,#1335,.T.);
#966=EDGE_CURVE('',#1162,#1067,#1336,.T.);
#967=EDGE_CURVE('',#1165,#1068,#1337,.T.);
#968=EDGE_CURVE('',#1164,#1066,#1338,.T.);
#969=EDGE_CURVE('',#1159,#1061,#1339,.T.);
#970=EDGE_CURVE('',#1158,#1063,#1340,.T.);
#971=EDGE_CURVE('',#1161,#1064,#1341,.T.);
#972=EDGE_CURVE('',#1160,#1062,#1342,.T.);
#973=EDGE_CURVE('',#1155,#1057,#1343,.T.);
#974=EDGE_CURVE('',#1154,#1059,#1344,.T.);
#975=EDGE_CURVE('',#1157,#1060,#1345,.T.);
#976=EDGE_CURVE('',#1156,#1058,#1346,.T.);
#977=EDGE_CURVE('',#1151,#1053,#1347,.T.);
#978=EDGE_CURVE('',#1150,#1055,#1348,.T.);
#979=EDGE_CURVE('',#1153,#1056,#1349,.T.);
#980=EDGE_CURVE('',#1152,#1054,#1350,.T.);
#981=EDGE_CURVE('',#1147,#1049,#1351,.T.);
#982=EDGE_CURVE('',#1146,#1051,#1352,.T.);
#983=EDGE_CURVE('',#1149,#1052,#1353,.T.);
#984=EDGE_CURVE('',#1148,#1050,#1354,.T.);
#985=EDGE_CURVE('',#1139,#1041,#1355,.T.);
#986=EDGE_CURVE('',#1138,#1043,#1356,.T.);
#987=EDGE_CURVE('',#1145,#1044,#1357,.T.);
#988=EDGE_CURVE('',#1144,#1045,#1358,.T.);
#989=EDGE_CURVE('',#1143,#1046,#1359,.T.);
#990=EDGE_CURVE('',#1142,#1047,#1360,.T.);
#991=EDGE_CURVE('',#1141,#1048,#1361,.T.);
#992=EDGE_CURVE('',#1140,#1042,#1362,.T.);
#993=EDGE_CURVE('',#1131,#1033,#1363,.T.);
#994=EDGE_CURVE('',#1130,#1035,#1364,.T.);
#995=EDGE_CURVE('',#1137,#1036,#1365,.T.);
#996=EDGE_CURVE('',#1136,#1037,#1366,.T.);
#997=EDGE_CURVE('',#1135,#1038,#1367,.T.);
#998=EDGE_CURVE('',#1134,#1039,#1368,.T.);
#999=EDGE_CURVE('',#1133,#1040,#1369,.T.);
#1000=EDGE_CURVE('',#1132,#1034,#1370,.T.);
#1001=EDGE_CURVE('',#1123,#1025,#1371,.T.);
#1002=EDGE_CURVE('',#1122,#1027,#1372,.T.);
#1003=EDGE_CURVE('',#1129,#1028,#1373,.T.);
#1004=EDGE_CURVE('',#1128,#1029,#1374,.T.);
#1005=EDGE_CURVE('',#1127,#1030,#1375,.T.);
#1006=EDGE_CURVE('',#1126,#1031,#1376,.T.);
#1007=EDGE_CURVE('',#1125,#1032,#1377,.T.);
#1008=EDGE_CURVE('',#1124,#1026,#1378,.T.);
#1009=EDGE_CURVE('',#1115,#1017,#1379,.T.);
#1010=EDGE_CURVE('',#1114,#1019,#1380,.T.);
#1011=EDGE_CURVE('',#1121,#1020,#1381,.T.);
#1012=EDGE_CURVE('',#1120,#1021,#1382,.T.);
#1013=EDGE_CURVE('',#1119,#1022,#1383,.T.);
#1014=EDGE_CURVE('',#1118,#1023,#1384,.T.);
#1015=EDGE_CURVE('',#1117,#1024,#1385,.T.);
#1016=EDGE_CURVE('',#1116,#1018,#1386,.T.);
#1017=VERTEX_POINT('',#2817);
#1018=VERTEX_POINT('',#2818);
#1019=VERTEX_POINT('',#2820);
#1020=VERTEX_POINT('',#2822);
#1021=VERTEX_POINT('',#2824);
#1022=VERTEX_POINT('',#2826);
#1023=VERTEX_POINT('',#2828);
#1024=VERTEX_POINT('',#2830);
#1025=VERTEX_POINT('',#2833);
#1026=VERTEX_POINT('',#2834);
#1027=VERTEX_POINT('',#2836);
#1028=VERTEX_POINT('',#2838);
#1029=VERTEX_POINT('',#2840);
#1030=VERTEX_POINT('',#2842);
#1031=VERTEX_POINT('',#2844);
#1032=VERTEX_POINT('',#2846);
#1033=VERTEX_POINT('',#2849);
#1034=VERTEX_POINT('',#2850);
#1035=VERTEX_POINT('',#2852);
#1036=VERTEX_POINT('',#2854);
#1037=VERTEX_POINT('',#2856);
#1038=VERTEX_POINT('',#2858);
#1039=VERTEX_POINT('',#2860);
#1040=VERTEX_POINT('',#2862);
#1041=VERTEX_POINT('',#2865);
#1042=VERTEX_POINT('',#2866);
#1043=VERTEX_POINT('',#2868);
#1044=VERTEX_POINT('',#2870);
#1045=VERTEX_POINT('',#2872);
#1046=VERTEX_POINT('',#2874);
#1047=VERTEX_POINT('',#2876);
#1048=VERTEX_POINT('',#2878);
#1049=VERTEX_POINT('',#2881);
#1050=VERTEX_POINT('',#2882);
#1051=VERTEX_POINT('',#2884);
#1052=VERTEX_POINT('',#2886);
#1053=VERTEX_POINT('',#2889);
#1054=VERTEX_POINT('',#2890);
#1055=VERTEX_POINT('',#2892);
#1056=VERTEX_POINT('',#2894);
#1057=VERTEX_POINT('',#2897);
#1058=VERTEX_POINT('',#2898);
#1059=VERTEX_POINT('',#2900);
#1060=VERTEX_POINT('',#2902);
#1061=VERTEX_POINT('',#2905);
#1062=VERTEX_POINT('',#2906);
#1063=VERTEX_POINT('',#2908);
#1064=VERTEX_POINT('',#2910);
#1065=VERTEX_POINT('',#2913);
#1066=VERTEX_POINT('',#2914);
#1067=VERTEX_POINT('',#2916);
#1068=VERTEX_POINT('',#2918);
#1069=VERTEX_POINT('',#2921);
#1070=VERTEX_POINT('',#2922);
#1071=VERTEX_POINT('',#2924);
#1072=VERTEX_POINT('',#2926);
#1073=VERTEX_POINT('',#2929);
#1074=VERTEX_POINT('',#2930);
#1075=VERTEX_POINT('',#2932);
#1076=VERTEX_POINT('',#2934);
#1077=VERTEX_POINT('',#2937);
#1078=VERTEX_POINT('',#2938);
#1079=VERTEX_POINT('',#2940);
#1080=VERTEX_POINT('',#2942);
#1081=VERTEX_POINT('',#2945);
#1082=VERTEX_POINT('',#2946);
#1083=VERTEX_POINT('',#2948);
#1084=VERTEX_POINT('',#2950);
#1085=VERTEX_POINT('',#2952);
#1086=VERTEX_POINT('',#2954);
#1087=VERTEX_POINT('',#2956);
#1088=VERTEX_POINT('',#2958);
#1089=VERTEX_POINT('',#2960);
#1090=VERTEX_POINT('',#2962);
#1091=VERTEX_POINT('',#2964);
#1092=VERTEX_POINT('',#2966);
#1093=VERTEX_POINT('',#2968);
#1094=VERTEX_POINT('',#2970);
#1095=VERTEX_POINT('',#2972);
#1096=VERTEX_POINT('',#2974);
#1097=VERTEX_POINT('',#2976);
#1098=VERTEX_POINT('',#2978);
#1099=VERTEX_POINT('',#2980);
#1100=VERTEX_POINT('',#2982);
#1101=VERTEX_POINT('',#2984);
#1102=VERTEX_POINT('',#2986);
#1103=VERTEX_POINT('',#2988);
#1104=VERTEX_POINT('',#2990);
#1105=VERTEX_POINT('',#2993);
#1106=VERTEX_POINT('',#2995);
#1107=VERTEX_POINT('',#2997);
#1108=VERTEX_POINT('',#2999);
#1109=VERTEX_POINT('',#3001);
#1110=VERTEX_POINT('',#3003);
#1111=VERTEX_POINT('',#3005);
#1112=VERTEX_POINT('',#3007);
#1113=VERTEX_POINT('',#3009);
#1114=VERTEX_POINT('',#3012);
#1115=VERTEX_POINT('',#3013);
#1116=VERTEX_POINT('',#3015);
#1117=VERTEX_POINT('',#3017);
#1118=VERTEX_POINT('',#3019);
#1119=VERTEX_POINT('',#3021);
#1120=VERTEX_POINT('',#3023);
#1121=VERTEX_POINT('',#3025);
#1122=VERTEX_POINT('',#3028);
#1123=VERTEX_POINT('',#3029);
#1124=VERTEX_POINT('',#3031);
#1125=VERTEX_POINT('',#3033);
#1126=VERTEX_POINT('',#3035);
#1127=VERTEX_POINT('',#3037);
#1128=VERTEX_POINT('',#3039);
#1129=VERTEX_POINT('',#3041);
#1130=VERTEX_POINT('',#3044);
#1131=VERTEX_POINT('',#3045);
#1132=VERTEX_POINT('',#3047);
#1133=VERTEX_POINT('',#3049);
#1134=VERTEX_POINT('',#3051);
#1135=VERTEX_POINT('',#3053);
#1136=VERTEX_POINT('',#3055);
#1137=VERTEX_POINT('',#3057);
#1138=VERTEX_POINT('',#3060);
#1139=VERTEX_POINT('',#3061);
#1140=VERTEX_POINT('',#3063);
#1141=VERTEX_POINT('',#3065);
#1142=VERTEX_POINT('',#3067);
#1143=VERTEX_POINT('',#3069);
#1144=VERTEX_POINT('',#3071);
#1145=VERTEX_POINT('',#3073);
#1146=VERTEX_POINT('',#3076);
#1147=VERTEX_POINT('',#3077);
#1148=VERTEX_POINT('',#3079);
#1149=VERTEX_POINT('',#3081);
#1150=VERTEX_POINT('',#3084);
#1151=VERTEX_POINT('',#3085);
#1152=VERTEX_POINT('',#3087);
#1153=VERTEX_POINT('',#3089);
#1154=VERTEX_POINT('',#3092);
#1155=VERTEX_POINT('',#3093);
#1156=VERTEX_POINT('',#3095);
#1157=VERTEX_POINT('',#3097);
#1158=VERTEX_POINT('',#3100);
#1159=VERTEX_POINT('',#3101);
#1160=VERTEX_POINT('',#3103);
#1161=VERTEX_POINT('',#3105);
#1162=VERTEX_POINT('',#3108);
#1163=VERTEX_POINT('',#3109);
#1164=VERTEX_POINT('',#3111);
#1165=VERTEX_POINT('',#3113);
#1166=VERTEX_POINT('',#3116);
#1167=VERTEX_POINT('',#3117);
#1168=VERTEX_POINT('',#3119);
#1169=VERTEX_POINT('',#3121);
#1170=VERTEX_POINT('',#3124);
#1171=VERTEX_POINT('',#3125);
#1172=VERTEX_POINT('',#3127);
#1173=VERTEX_POINT('',#3129);
#1174=VERTEX_POINT('',#3132);
#1175=VERTEX_POINT('',#3133);
#1176=VERTEX_POINT('',#3135);
#1177=VERTEX_POINT('',#3137);
#1178=VERTEX_POINT('',#3140);
#1179=VERTEX_POINT('',#3142);
#1180=VERTEX_POINT('',#3144);
#1181=VERTEX_POINT('',#3146);
#1182=VERTEX_POINT('',#3148);
#1183=VERTEX_POINT('',#3149);
#1184=VERTEX_POINT('',#3151);
#1185=VERTEX_POINT('',#3153);
#1186=VERTEX_POINT('',#3155);
#1187=VERTEX_POINT('',#3157);
#1188=VERTEX_POINT('',#3159);
#1189=VERTEX_POINT('',#3161);
#1190=VERTEX_POINT('',#3163);
#1191=VERTEX_POINT('',#3165);
#1192=VERTEX_POINT('',#3167);
#1193=VERTEX_POINT('',#3169);
#1194=VERTEX_POINT('',#3171);
#1195=VERTEX_POINT('',#3173);
#1196=VERTEX_POINT('',#3175);
#1197=VERTEX_POINT('',#3177);
#1198=VERTEX_POINT('',#3179);
#1199=VERTEX_POINT('',#3181);
#1200=VERTEX_POINT('',#3183);
#1201=VERTEX_POINT('',#3185);
#1202=VERTEX_POINT('',#3187);
#1203=VERTEX_POINT('',#3189);
#1204=VERTEX_POINT('',#3191);
#1205=VERTEX_POINT('',#3193);
#1206=VERTEX_POINT('',#3196);
#1207=VERTEX_POINT('',#3198);
#1208=VERTEX_POINT('',#3200);
#1209=VERTEX_POINT('',#3202);
#1210=VERTEX_POINT('',#3204);
#1211=LINE('',#2816,#1387);
#1212=LINE('',#2821,#1388);
#1213=LINE('',#2825,#1389);
#1214=LINE('',#2829,#1390);
#1215=LINE('',#2832,#1391);
#1216=LINE('',#2837,#1392);
#1217=LINE('',#2841,#1393);
#1218=LINE('',#2845,#1394);
#1219=LINE('',#2848,#1395);
#1220=LINE('',#2853,#1396);
#1221=LINE('',#2857,#1397);
#1222=LINE('',#2861,#1398);
#1223=LINE('',#2864,#1399);
#1224=LINE('',#2869,#1400);
#1225=LINE('',#2873,#1401);
#1226=LINE('',#2877,#1402);
#1227=LINE('',#2880,#1403);
#1228=LINE('',#2885,#1404);
#1229=LINE('',#2888,#1405);
#1230=LINE('',#2893,#1406);
#1231=LINE('',#2896,#1407);
#1232=LINE('',#2901,#1408);
#1233=LINE('',#2904,#1409);
#1234=LINE('',#2909,#1410);
#1235=LINE('',#2912,#1411);
#1236=LINE('',#2917,#1412);
#1237=LINE('',#2920,#1413);
#1238=LINE('',#2925,#1414);
#1239=LINE('',#2928,#1415);
#1240=LINE('',#2933,#1416);
#1241=LINE('',#2936,#1417);
#1242=LINE('',#2941,#1418);
#1243=LINE('',#2951,#1419);
#1244=LINE('',#2953,#1420);
#1245=LINE('',#2955,#1421);
#1246=LINE('',#2957,#1422);
#1247=LINE('',#2959,#1423);
#1248=LINE('',#2967,#1424);
#1249=LINE('',#2975,#1425);
#1250=LINE('',#2977,#1426);
#1251=LINE('',#2979,#1427);
#1252=LINE('',#2981,#1428);
#1253=LINE('',#2983,#1429);
#1254=LINE('',#2991,#1430);
#1255=LINE('',#3014,#1431);
#1256=LINE('',#3018,#1432);
#1257=LINE('',#3022,#1433);
#1258=LINE('',#3026,#1434);
#1259=LINE('',#3030,#1435);
#1260=LINE('',#3034,#1436);
#1261=LINE('',#3038,#1437);
#1262=LINE('',#3042,#1438);
#1263=LINE('',#3046,#1439);
#1264=LINE('',#3050,#1440);
#1265=LINE('',#3054,#1441);
#1266=LINE('',#3058,#1442);
#1267=LINE('',#3062,#1443);
#1268=LINE('',#3066,#1444);
#1269=LINE('',#3070,#1445);
#1270=LINE('',#3074,#1446);
#1271=LINE('',#3078,#1447);
#1272=LINE('',#3082,#1448);
#1273=LINE('',#3086,#1449);
#1274=LINE('',#3090,#1450);
#1275=LINE('',#3094,#1451);
#1276=LINE('',#3098,#1452);
#1277=LINE('',#3102,#1453);
#1278=LINE('',#3106,#1454);
#1279=LINE('',#3110,#1455);
#1280=LINE('',#3114,#1456);
#1281=LINE('',#3118,#1457);
#1282=LINE('',#3122,#1458);
#1283=LINE('',#3126,#1459);
#1284=LINE('',#3130,#1460);
#1285=LINE('',#3134,#1461);
#1286=LINE('',#3138,#1462);
#1287=LINE('',#3150,#1463);
#1288=LINE('',#3158,#1464);
#1289=LINE('',#3160,#1465);
#1290=LINE('',#3162,#1466);
#1291=LINE('',#3164,#1467);
#1292=LINE('',#3166,#1468);
#1293=LINE('',#3174,#1469);
#1294=LINE('',#3182,#1470);
#1295=LINE('',#3184,#1471);
#1296=LINE('',#3186,#1472);
#1297=LINE('',#3188,#1473);
#1298=LINE('',#3190,#1474);
#1299=LINE('',#3206,#1475);
#1300=LINE('',#3207,#1476);
#1301=LINE('',#3209,#1477);
#1302=LINE('',#3211,#1478);
#1303=LINE('',#3213,#1479);
#1304=LINE('',#3215,#1480);
#1305=LINE('',#3217,#1481);
#1306=LINE('',#3219,#1482);
#1307=LINE('',#3221,#1483);
#1308=LINE('',#3223,#1484);
#1309=LINE('',#3225,#1485);
#1310=LINE('',#3227,#1486);
#1311=LINE('',#3229,#1487);
#1312=LINE('',#3231,#1488);
#1313=LINE('',#3233,#1489);
#1314=LINE('',#3235,#1490);
#1315=LINE('',#3237,#1491);
#1316=LINE('',#3239,#1492);
#1317=LINE('',#3241,#1493);
#1318=LINE('',#3243,#1494);
#1319=LINE('',#3245,#1495);
#1320=LINE('',#3247,#1496);
#1321=LINE('',#3249,#1497);
#1322=LINE('',#3251,#1498);
#1323=LINE('',#3263,#1499);
#1324=LINE('',#3264,#1500);
#1325=LINE('',#3266,#1501);
#1326=LINE('',#3268,#1502);
#1327=LINE('',#3271,#1503);
#1328=LINE('',#3272,#1504);
#1329=LINE('',#3274,#1505);
#1330=LINE('',#3276,#1506);
#1331=LINE('',#3279,#1507);
#1332=LINE('',#3280,#1508);
#1333=LINE('',#3282,#1509);
#1334=LINE('',#3284,#1510);
#1335=LINE('',#3287,#1511);
#1336=LINE('',#3288,#1512);
#1337=LINE('',#3290,#1513);
#1338=LINE('',#3292,#1514);
#1339=LINE('',#3295,#1515);
#1340=LINE('',#3296,#1516);
#1341=LINE('',#3298,#1517);
#1342=LINE('',#3300,#1518);
#1343=LINE('',#3303,#1519);
#1344=LINE('',#3304,#1520);
#1345=LINE('',#3306,#1521);
#1346=LINE('',#3308,#1522);
#1347=LINE('',#3311,#1523);
#1348=LINE('',#3312,#1524);
#1349=LINE('',#3314,#1525);
#1350=LINE('',#3316,#1526);
#1351=LINE('',#3319,#1527);
#1352=LINE('',#3320,#1528);
#1353=LINE('',#3322,#1529);
#1354=LINE('',#3324,#1530);
#1355=LINE('',#3327,#1531);
#1356=LINE('',#3328,#1532);
#1357=LINE('',#3330,#1533);
#1358=LINE('',#3332,#1534);
#1359=LINE('',#3334,#1535);
#1360=LINE('',#3336,#1536);
#1361=LINE('',#3338,#1537);
#1362=LINE('',#3340,#1538);
#1363=LINE('',#3343,#1539);
#1364=LINE('',#3344,#1540);
#1365=LINE('',#3346,#1541);
#1366=LINE('',#3348,#1542);
#1367=LINE('',#3350,#1543);
#1368=LINE('',#3352,#1544);
#1369=LINE('',#3354,#1545);
#1370=LINE('',#3356,#1546);
#1371=LINE('',#3359,#1547);
#1372=LINE('',#3360,#1548);
#1373=LINE('',#3362,#1549);
#1374=LINE('',#3364,#1550);
#1375=LINE('',#3366,#1551);
#1376=LINE('',#3368,#1552);
#1377=LINE('',#3370,#1553);
#1378=LINE('',#3372,#1554);
#1379=LINE('',#3375,#1555);
#1380=LINE('',#3376,#1556);
#1381=LINE('',#3378,#1557);
#1382=LINE('',#3380,#1558);
#1383=LINE('',#3382,#1559);
#1384=LINE('',#3384,#1560);
#1385=LINE('',#3386,#1561);
#1386=LINE('',#3388,#1562);
#1387=VECTOR('',#2230,1.);
#1388=VECTOR('',#2233,1.);
#1389=VECTOR('',#2236,1.);
#1390=VECTOR('',#2239,1.);
#1391=VECTOR('',#2242,1.);
#1392=VECTOR('',#2245,1.);
#1393=VECTOR('',#2248,1.);
#1394=VECTOR('',#2251,1.);
#1395=VECTOR('',#2254,1.);
#1396=VECTOR('',#2257,1.);
#1397=VECTOR('',#2260,1.);
#1398=VECTOR('',#2263,1.);
#1399=VECTOR('',#2266,1.);
#1400=VECTOR('',#2269,1.);
#1401=VECTOR('',#2272,1.);
#1402=VECTOR('',#2275,1.);
#1403=VECTOR('',#2278,1.);
#1404=VECTOR('',#2281,1.);
#1405=VECTOR('',#2284,1.);
#1406=VECTOR('',#2287,1.);
#1407=VECTOR('',#2290,1.);
#1408=VECTOR('',#2293,1.);
#1409=VECTOR('',#2296,1.);
#1410=VECTOR('',#2299,1.);
#1411=VECTOR('',#2302,1.);
#1412=VECTOR('',#2305,1.);
#1413=VECTOR('',#2308,1.);
#1414=VECTOR('',#2311,1.);
#1415=VECTOR('',#2314,1.);
#1416=VECTOR('',#2317,1.);
#1417=VECTOR('',#2320,1.);
#1418=VECTOR('',#2323,1.);
#1419=VECTOR('',#2332,1.);
#1420=VECTOR('',#2333,1.);
#1421=VECTOR('',#2334,1.);
#1422=VECTOR('',#2335,1.);
#1423=VECTOR('',#2336,1.);
#1424=VECTOR('',#2343,1.);
#1425=VECTOR('',#2350,1.);
#1426=VECTOR('',#2351,1.);
#1427=VECTOR('',#2352,1.);
#1428=VECTOR('',#2353,1.);
#1429=VECTOR('',#2354,1.);
#1430=VECTOR('',#2361,1.);
#1431=VECTOR('',#2384,1.);
#1432=VECTOR('',#2387,1.);
#1433=VECTOR('',#2390,1.);
#1434=VECTOR('',#2393,1.);
#1435=VECTOR('',#2396,1.);
#1436=VECTOR('',#2399,1.);
#1437=VECTOR('',#2402,1.);
#1438=VECTOR('',#2405,1.);
#1439=VECTOR('',#2408,1.);
#1440=VECTOR('',#2411,1.);
#1441=VECTOR('',#2414,1.);
#1442=VECTOR('',#2417,1.);
#1443=VECTOR('',#2420,1.);
#1444=VECTOR('',#2423,1.);
#1445=VECTOR('',#2426,1.);
#1446=VECTOR('',#2429,1.);
#1447=VECTOR('',#2432,1.);
#1448=VECTOR('',#2435,1.);
#1449=VECTOR('',#2438,1.);
#1450=VECTOR('',#2441,1.);
#1451=VECTOR('',#2444,1.);
#1452=VECTOR('',#2447,1.);
#1453=VECTOR('',#2450,1.);
#1454=VECTOR('',#2453,1.);
#1455=VECTOR('',#2456,1.);
#1456=VECTOR('',#2459,1.);
#1457=VECTOR('',#2462,1.);
#1458=VECTOR('',#2465,1.);
#1459=VECTOR('',#2468,1.);
#1460=VECTOR('',#2471,1.);
#1461=VECTOR('',#2474,1.);
#1462=VECTOR('',#2477,1.);
#1463=VECTOR('',#2488,1.);
#1464=VECTOR('',#2495,1.);
#1465=VECTOR('',#2496,1.);
#1466=VECTOR('',#2497,1.);
#1467=VECTOR('',#2498,1.);
#1468=VECTOR('',#2499,1.);
#1469=VECTOR('',#2506,1.);
#1470=VECTOR('',#2513,1.);
#1471=VECTOR('',#2514,1.);
#1472=VECTOR('',#2515,1.);
#1473=VECTOR('',#2516,1.);
#1474=VECTOR('',#2517,1.);
#1475=VECTOR('',#2534,1.);
#1476=VECTOR('',#2535,1.);
#1477=VECTOR('',#2538,1.);
#1478=VECTOR('',#2541,1.);
#1479=VECTOR('',#2544,1.);
#1480=VECTOR('',#2547,1.);
#1481=VECTOR('',#2550,1.);
#1482=VECTOR('',#2553,1.);
#1483=VECTOR('',#2556,1.);
#1484=VECTOR('',#2559,1.);
#1485=VECTOR('',#2562,1.);
#1486=VECTOR('',#2565,1.);
#1487=VECTOR('',#2568,1.);
#1488=VECTOR('',#2571,1.);
#1489=VECTOR('',#2574,1.);
#1490=VECTOR('',#2577,1.);
#1491=VECTOR('',#2580,1.);
#1492=VECTOR('',#2583,1.);
#1493=VECTOR('',#2586,1.);
#1494=VECTOR('',#2589,1.);
#1495=VECTOR('',#2592,1.);
#1496=VECTOR('',#2595,1.);
#1497=VECTOR('',#2598,1.);
#1498=VECTOR('',#2601,1.);
#1499=VECTOR('',#2624,1.);
#1500=VECTOR('',#2625,1.);
#1501=VECTOR('',#2628,1.);
#1502=VECTOR('',#2631,1.);
#1503=VECTOR('',#2636,1.);
#1504=VECTOR('',#2637,1.);
#1505=VECTOR('',#2640,1.);
#1506=VECTOR('',#2643,1.);
#1507=VECTOR('',#2648,1.);
#1508=VECTOR('',#2649,1.);
#1509=VECTOR('',#2652,1.);
#1510=VECTOR('',#2655,1.);
#1511=VECTOR('',#2660,1.);
#1512=VECTOR('',#2661,1.);
#1513=VECTOR('',#2664,1.);
#1514=VECTOR('',#2667,1.);
#1515=VECTOR('',#2672,1.);
#1516=VECTOR('',#2673,1.);
#1517=VECTOR('',#2676,1.);
#1518=VECTOR('',#2679,1.);
#1519=VECTOR('',#2684,1.);
#1520=VECTOR('',#2685,1.);
#1521=VECTOR('',#2688,1.);
#1522=VECTOR('',#2691,1.);
#1523=VECTOR('',#2696,1.);
#1524=VECTOR('',#2697,1.);
#1525=VECTOR('',#2700,1.);
#1526=VECTOR('',#2703,1.);
#1527=VECTOR('',#2708,1.);
#1528=VECTOR('',#2709,1.);
#1529=VECTOR('',#2712,1.);
#1530=VECTOR('',#2715,1.);
#1531=VECTOR('',#2720,1.);
#1532=VECTOR('',#2721,1.);
#1533=VECTOR('',#2724,1.);
#1534=VECTOR('',#2727,1.);
#1535=VECTOR('',#2730,1.);
#1536=VECTOR('',#2733,1.);
#1537=VECTOR('',#2736,1.);
#1538=VECTOR('',#2739,1.);
#1539=VECTOR('',#2744,1.);
#1540=VECTOR('',#2745,1.);
#1541=VECTOR('',#2748,1.);
#1542=VECTOR('',#2751,1.);
#1543=VECTOR('',#2754,1.);
#1544=VECTOR('',#2757,1.);
#1545=VECTOR('',#2760,1.);
#1546=VECTOR('',#2763,1.);
#1547=VECTOR('',#2768,1.);
#1548=VECTOR('',#2769,1.);
#1549=VECTOR('',#2772,1.);
#1550=VECTOR('',#2775,1.);
#1551=VECTOR('',#2778,1.);
#1552=VECTOR('',#2781,1.);
#1553=VECTOR('',#2784,1.);
#1554=VECTOR('',#2787,1.);
#1555=VECTOR('',#2792,1.);
#1556=VECTOR('',#2793,1.);
#1557=VECTOR('',#2796,1.);
#1558=VECTOR('',#2799,1.);
#1559=VECTOR('',#2802,1.);
#1560=VECTOR('',#2805,1.);
#1561=VECTOR('',#2808,1.);
#1562=VECTOR('',#2811,1.);
#1563=EDGE_LOOP('',(#171,#172,#173,#174,#175,#176,#177,#178));
#1564=EDGE_LOOP('',(#179,#180,#181,#182,#183,#184,#185,#186));
#1565=EDGE_LOOP('',(#187,#188,#189,#190,#191,#192,#193,#194));
#1566=EDGE_LOOP('',(#195,#196,#197,#198,#199,#200,#201,#202));
#1567=EDGE_LOOP('',(#203,#204,#205,#206));
#1568=EDGE_LOOP('',(#207,#208,#209,#210));
#1569=EDGE_LOOP('',(#211,#212,#213,#214));
#1570=EDGE_LOOP('',(#215,#216,#217,#218));
#1571=EDGE_LOOP('',(#219,#220,#221,#222));
#1572=EDGE_LOOP('',(#223,#224,#225,#226));
#1573=EDGE_LOOP('',(#227,#228,#229,#230));
#1574=EDGE_LOOP('',(#231,#232,#233,#234));
#1575=EDGE_LOOP('',(#235,#236,#237,#238,#239,#240,#241,#242,#243,#244,#245,
#246,#247,#248,#249,#250,#251,#252,#253,#254,#255,#256,#257,#258));
#1576=EDGE_LOOP('',(#259));
#1577=EDGE_LOOP('',(#260));
#1578=EDGE_LOOP('',(#261));
#1579=EDGE_LOOP('',(#262));
#1580=EDGE_LOOP('',(#263));
#1581=EDGE_LOOP('',(#264));
#1582=EDGE_LOOP('',(#265));
#1583=EDGE_LOOP('',(#266));
#1584=EDGE_LOOP('',(#267));
#1585=EDGE_LOOP('',(#268,#269,#270,#271,#272,#273,#274,#275));
#1586=EDGE_LOOP('',(#276,#277,#278,#279,#280,#281,#282,#283));
#1587=EDGE_LOOP('',(#284,#285,#286,#287,#288,#289,#290,#291));
#1588=EDGE_LOOP('',(#292,#293,#294,#295,#296,#297,#298,#299));
#1589=EDGE_LOOP('',(#300,#301,#302,#303));
#1590=EDGE_LOOP('',(#304,#305,#306,#307));
#1591=EDGE_LOOP('',(#308,#309,#310,#311));
#1592=EDGE_LOOP('',(#312,#313,#314,#315));
#1593=EDGE_LOOP('',(#316,#317,#318,#319));
#1594=EDGE_LOOP('',(#320,#321,#322,#323));
#1595=EDGE_LOOP('',(#324,#325,#326,#327));
#1596=EDGE_LOOP('',(#328,#329,#330,#331));
#1597=EDGE_LOOP('',(#332));
#1598=EDGE_LOOP('',(#333));
#1599=EDGE_LOOP('',(#334));
#1600=EDGE_LOOP('',(#335));
#1601=EDGE_LOOP('',(#336,#337,#338,#339,#340,#341,#342,#343,#344,#345,#346,
#347,#348,#349,#350,#351,#352,#353,#354,#355,#356,#357,#358,#359));
#1602=EDGE_LOOP('',(#360));
#1603=EDGE_LOOP('',(#361));
#1604=EDGE_LOOP('',(#362));
#1605=EDGE_LOOP('',(#363));
#1606=EDGE_LOOP('',(#364));
#1607=EDGE_LOOP('',(#365,#366,#367,#368));
#1608=EDGE_LOOP('',(#369,#370,#371,#372));
#1609=EDGE_LOOP('',(#373,#374,#375,#376));
#1610=EDGE_LOOP('',(#377,#378,#379,#380));
#1611=EDGE_LOOP('',(#381,#382,#383,#384));
#1612=EDGE_LOOP('',(#385,#386,#387,#388));
#1613=EDGE_LOOP('',(#389,#390,#391,#392));
#1614=EDGE_LOOP('',(#393,#394,#395,#396));
#1615=EDGE_LOOP('',(#397,#398,#399,#400));
#1616=EDGE_LOOP('',(#401,#402,#403,#404));
#1617=EDGE_LOOP('',(#405,#406,#407,#408));
#1618=EDGE_LOOP('',(#409,#410,#411,#412));
#1619=EDGE_LOOP('',(#413,#414,#415,#416));
#1620=EDGE_LOOP('',(#417,#418,#419,#420));
#1621=EDGE_LOOP('',(#421,#422,#423,#424));
#1622=EDGE_LOOP('',(#425,#426,#427,#428));
#1623=EDGE_LOOP('',(#429,#430,#431,#432));
#1624=EDGE_LOOP('',(#433,#434,#435,#436));
#1625=EDGE_LOOP('',(#437,#438,#439,#440));
#1626=EDGE_LOOP('',(#441,#442,#443,#444));
#1627=EDGE_LOOP('',(#445,#446,#447,#448));
#1628=EDGE_LOOP('',(#449,#450,#451,#452));
#1629=EDGE_LOOP('',(#453,#454,#455,#456));
#1630=EDGE_LOOP('',(#457,#458,#459,#460));
#1631=EDGE_LOOP('',(#461));
#1632=EDGE_LOOP('',(#462));
#1633=EDGE_LOOP('',(#463));
#1634=EDGE_LOOP('',(#464));
#1635=EDGE_LOOP('',(#465));
#1636=EDGE_LOOP('',(#466));
#1637=EDGE_LOOP('',(#467));
#1638=EDGE_LOOP('',(#468));
#1639=EDGE_LOOP('',(#469));
#1640=EDGE_LOOP('',(#470));
#1641=EDGE_LOOP('',(#471));
#1642=EDGE_LOOP('',(#472));
#1643=EDGE_LOOP('',(#473));
#1644=EDGE_LOOP('',(#474));
#1645=EDGE_LOOP('',(#475));
#1646=EDGE_LOOP('',(#476));
#1647=EDGE_LOOP('',(#477));
#1648=EDGE_LOOP('',(#478));
#1649=EDGE_LOOP('',(#479,#480,#481,#482));
#1650=EDGE_LOOP('',(#483,#484,#485,#486));
#1651=EDGE_LOOP('',(#487,#488,#489,#490));
#1652=EDGE_LOOP('',(#491,#492,#493,#494));
#1653=EDGE_LOOP('',(#495,#496,#497,#498));
#1654=EDGE_LOOP('',(#499,#500,#501,#502));
#1655=EDGE_LOOP('',(#503,#504,#505,#506));
#1656=EDGE_LOOP('',(#507,#508,#509,#510));
#1657=EDGE_LOOP('',(#511,#512,#513,#514));
#1658=EDGE_LOOP('',(#515,#516,#517,#518));
#1659=EDGE_LOOP('',(#519,#520,#521,#522));
#1660=EDGE_LOOP('',(#523,#524,#525,#526));
#1661=EDGE_LOOP('',(#527,#528,#529,#530));
#1662=EDGE_LOOP('',(#531,#532,#533,#534));
#1663=EDGE_LOOP('',(#535,#536,#537,#538));
#1664=EDGE_LOOP('',(#539,#540,#541,#542));
#1665=EDGE_LOOP('',(#543,#544,#545,#546));
#1666=EDGE_LOOP('',(#547,#548,#549,#550));
#1667=EDGE_LOOP('',(#551,#552,#553,#554));
#1668=EDGE_LOOP('',(#555,#556,#557,#558));
#1669=EDGE_LOOP('',(#559,#560,#561,#562));
#1670=EDGE_LOOP('',(#563,#564,#565,#566));
#1671=EDGE_LOOP('',(#567,#568,#569,#570));
#1672=EDGE_LOOP('',(#571,#572,#573,#574));
#1673=EDGE_LOOP('',(#575,#576,#577,#578));
#1674=EDGE_LOOP('',(#579,#580,#581,#582));
#1675=EDGE_LOOP('',(#583,#584,#585,#586));
#1676=EDGE_LOOP('',(#587,#588,#589,#590));
#1677=EDGE_LOOP('',(#591,#592,#593,#594));
#1678=EDGE_LOOP('',(#595,#596,#597,#598));
#1679=EDGE_LOOP('',(#599,#600,#601,#602));
#1680=EDGE_LOOP('',(#603,#604,#605,#606));
#1681=EDGE_LOOP('',(#607,#608,#609,#610));
#1682=EDGE_LOOP('',(#611,#612,#613,#614));
#1683=EDGE_LOOP('',(#615,#616,#617,#618));
#1684=EDGE_LOOP('',(#619,#620,#621,#622));
#1685=EDGE_LOOP('',(#623,#624,#625,#626));
#1686=EDGE_LOOP('',(#627,#628,#629,#630));
#1687=EDGE_LOOP('',(#631,#632,#633,#634));
#1688=EDGE_LOOP('',(#635,#636,#637,#638));
#1689=EDGE_LOOP('',(#639,#640,#641,#642));
#1690=EDGE_LOOP('',(#643,#644,#645,#646));
#1691=EDGE_LOOP('',(#647,#648,#649,#650));
#1692=EDGE_LOOP('',(#651,#652,#653,#654));
#1693=EDGE_LOOP('',(#655,#656,#657,#658));
#1694=EDGE_LOOP('',(#659,#660,#661,#662));
#1695=EDGE_LOOP('',(#663,#664,#665,#666));
#1696=EDGE_LOOP('',(#667,#668,#669,#670));
#1697=EDGE_LOOP('',(#671,#672,#673,#674));
#1698=EDGE_LOOP('',(#675,#676,#677,#678));
#1699=EDGE_LOOP('',(#679,#680,#681,#682));
#1700=EDGE_LOOP('',(#683,#684,#685,#686));
#1701=EDGE_LOOP('',(#687,#688,#689,#690));
#1702=EDGE_LOOP('',(#691,#692,#693,#694));
#1703=EDGE_LOOP('',(#695,#696,#697,#698));
#1704=EDGE_LOOP('',(#699,#700,#701,#702));
#1705=EDGE_LOOP('',(#703,#704,#705,#706));
#1706=EDGE_LOOP('',(#707,#708,#709,#710));
#1707=EDGE_LOOP('',(#711,#712,#713,#714));
#1708=EDGE_LOOP('',(#715,#716,#717,#718));
#1709=EDGE_LOOP('',(#719,#720,#721,#722));
#1710=EDGE_LOOP('',(#723,#724,#725,#726));
#1711=EDGE_LOOP('',(#727,#728,#729,#730));
#1712=EDGE_LOOP('',(#731,#732,#733,#734));
#1713=FACE_BOUND('',#1563,.T.);
#1714=FACE_BOUND('',#1564,.T.);
#1715=FACE_BOUND('',#1565,.T.);
#1716=FACE_BOUND('',#1566,.T.);
#1717=FACE_BOUND('',#1567,.T.);
#1718=FACE_BOUND('',#1568,.T.);
#1719=FACE_BOUND('',#1569,.T.);
#1720=FACE_BOUND('',#1570,.T.);
#1721=FACE_BOUND('',#1571,.T.);
#1722=FACE_BOUND('',#1572,.T.);
#1723=FACE_BOUND('',#1573,.T.);
#1724=FACE_BOUND('',#1574,.T.);
#1725=FACE_BOUND('',#1575,.T.);
#1726=FACE_BOUND('',#1576,.T.);
#1727=FACE_BOUND('',#1577,.T.);
#1728=FACE_BOUND('',#1578,.T.);
#1729=FACE_BOUND('',#1579,.T.);
#1730=FACE_BOUND('',#1580,.T.);
#1731=FACE_BOUND('',#1581,.T.);
#1732=FACE_BOUND('',#1582,.T.);
#1733=FACE_BOUND('',#1583,.T.);
#1734=FACE_BOUND('',#1584,.T.);
#1735=FACE_BOUND('',#1585,.T.);
#1736=FACE_BOUND('',#1586,.T.);
#1737=FACE_BOUND('',#1587,.T.);
#1738=FACE_BOUND('',#1588,.T.);
#1739=FACE_BOUND('',#1589,.T.);
#1740=FACE_BOUND('',#1590,.T.);
#1741=FACE_BOUND('',#1591,.T.);
#1742=FACE_BOUND('',#1592,.T.);
#1743=FACE_BOUND('',#1593,.T.);
#1744=FACE_BOUND('',#1594,.T.);
#1745=FACE_BOUND('',#1595,.T.);
#1746=FACE_BOUND('',#1596,.T.);
#1747=FACE_BOUND('',#1597,.T.);
#1748=FACE_BOUND('',#1598,.T.);
#1749=FACE_BOUND('',#1599,.T.);
#1750=FACE_BOUND('',#1600,.T.);
#1751=FACE_BOUND('',#1601,.T.);
#1752=FACE_BOUND('',#1602,.T.);
#1753=FACE_BOUND('',#1603,.T.);
#1754=FACE_BOUND('',#1604,.T.);
#1755=FACE_BOUND('',#1605,.T.);
#1756=FACE_BOUND('',#1606,.T.);
#1757=FACE_BOUND('',#1607,.T.);
#1758=FACE_BOUND('',#1608,.T.);
#1759=FACE_BOUND('',#1609,.T.);
#1760=FACE_BOUND('',#1610,.T.);
#1761=FACE_BOUND('',#1611,.T.);
#1762=FACE_BOUND('',#1612,.T.);
#1763=FACE_BOUND('',#1613,.T.);
#1764=FACE_BOUND('',#1614,.T.);
#1765=FACE_BOUND('',#1615,.T.);
#1766=FACE_BOUND('',#1616,.T.);
#1767=FACE_BOUND('',#1617,.T.);
#1768=FACE_BOUND('',#1618,.T.);
#1769=FACE_BOUND('',#1619,.T.);
#1770=FACE_BOUND('',#1620,.T.);
#1771=FACE_BOUND('',#1621,.T.);
#1772=FACE_BOUND('',#1622,.T.);
#1773=FACE_BOUND('',#1623,.T.);
#1774=FACE_BOUND('',#1624,.T.);
#1775=FACE_BOUND('',#1625,.T.);
#1776=FACE_BOUND('',#1626,.T.);
#1777=FACE_BOUND('',#1627,.T.);
#1778=FACE_BOUND('',#1628,.T.);
#1779=FACE_BOUND('',#1629,.T.);
#1780=FACE_BOUND('',#1630,.T.);
#1781=FACE_BOUND('',#1631,.T.);
#1782=FACE_BOUND('',#1632,.T.);
#1783=FACE_BOUND('',#1633,.T.);
#1784=FACE_BOUND('',#1634,.T.);
#1785=FACE_BOUND('',#1635,.T.);
#1786=FACE_BOUND('',#1636,.T.);
#1787=FACE_BOUND('',#1637,.T.);
#1788=FACE_BOUND('',#1638,.T.);
#1789=FACE_BOUND('',#1639,.T.);
#1790=FACE_BOUND('',#1640,.T.);
#1791=FACE_BOUND('',#1641,.T.);
#1792=FACE_BOUND('',#1642,.T.);
#1793=FACE_BOUND('',#1643,.T.);
#1794=FACE_BOUND('',#1644,.T.);
#1795=FACE_BOUND('',#1645,.T.);
#1796=FACE_BOUND('',#1646,.T.);
#1797=FACE_BOUND('',#1647,.T.);
#1798=FACE_BOUND('',#1648,.T.);
#1799=FACE_BOUND('',#1649,.T.);
#1800=FACE_BOUND('',#1650,.T.);
#1801=FACE_BOUND('',#1651,.T.);
#1802=FACE_BOUND('',#1652,.T.);
#1803=FACE_BOUND('',#1653,.T.);
#1804=FACE_BOUND('',#1654,.T.);
#1805=FACE_BOUND('',#1655,.T.);
#1806=FACE_BOUND('',#1656,.T.);
#1807=FACE_BOUND('',#1657,.T.);
#1808=FACE_BOUND('',#1658,.T.);
#1809=FACE_BOUND('',#1659,.T.);
#1810=FACE_BOUND('',#1660,.T.);
#1811=FACE_BOUND('',#1661,.T.);
#1812=FACE_BOUND('',#1662,.T.);
#1813=FACE_BOUND('',#1663,.T.);
#1814=FACE_BOUND('',#1664,.T.);
#1815=FACE_BOUND('',#1665,.T.);
#1816=FACE_BOUND('',#1666,.T.);
#1817=FACE_BOUND('',#1667,.T.);
#1818=FACE_BOUND('',#1668,.T.);
#1819=FACE_BOUND('',#1669,.T.);
#1820=FACE_BOUND('',#1670,.T.);
#1821=FACE_BOUND('',#1671,.T.);
#1822=FACE_BOUND('',#1672,.T.);
#1823=FACE_BOUND('',#1673,.T.);
#1824=FACE_BOUND('',#1674,.T.);
#1825=FACE_BOUND('',#1675,.T.);
#1826=FACE_BOUND('',#1676,.T.);
#1827=FACE_BOUND('',#1677,.T.);
#1828=FACE_BOUND('',#1678,.T.);
#1829=FACE_BOUND('',#1679,.T.);
#1830=FACE_BOUND('',#1680,.T.);
#1831=FACE_BOUND('',#1681,.T.);
#1832=FACE_BOUND('',#1682,.T.);
#1833=FACE_BOUND('',#1683,.T.);
#1834=FACE_BOUND('',#1684,.T.);
#1835=FACE_BOUND('',#1685,.T.);
#1836=FACE_BOUND('',#1686,.T.);
#1837=FACE_BOUND('',#1687,.T.);
#1838=FACE_BOUND('',#1688,.T.);
#1839=FACE_BOUND('',#1689,.T.);
#1840=FACE_BOUND('',#1690,.T.);
#1841=FACE_BOUND('',#1691,.T.);
#1842=FACE_BOUND('',#1692,.T.);
#1843=FACE_BOUND('',#1693,.T.);
#1844=FACE_BOUND('',#1694,.T.);
#1845=FACE_BOUND('',#1695,.T.);
#1846=FACE_BOUND('',#1696,.T.);
#1847=FACE_BOUND('',#1697,.T.);
#1848=FACE_BOUND('',#1698,.T.);
#1849=FACE_BOUND('',#1699,.T.);
#1850=FACE_BOUND('',#1700,.T.);
#1851=FACE_BOUND('',#1701,.T.);
#1852=FACE_BOUND('',#1702,.T.);
#1853=FACE_BOUND('',#1703,.T.);
#1854=FACE_BOUND('',#1704,.T.);
#1855=FACE_BOUND('',#1705,.T.);
#1856=FACE_BOUND('',#1706,.T.);
#1857=FACE_BOUND('',#1707,.T.);
#1858=FACE_BOUND('',#1708,.T.);
#1859=FACE_BOUND('',#1709,.T.);
#1860=FACE_BOUND('',#1710,.T.);
#1861=FACE_BOUND('',#1711,.T.);
#1862=FACE_BOUND('',#1712,.T.);
#1863=PLANE('',#2021);
#1864=PLANE('',#2075);
#1865=PLANE('',#2132);
#1866=PLANE('',#2133);
#1867=PLANE('',#2134);
#1868=PLANE('',#2135);
#1869=PLANE('',#2136);
#1870=PLANE('',#2140);
#1871=PLANE('',#2144);
#1872=PLANE('',#2145);
#1873=PLANE('',#2146);
#1874=PLANE('',#2147);
#1875=PLANE('',#2148);
#1876=PLANE('',#2152);
#1877=PLANE('',#2163);
#1878=PLANE('',#2165);
#1879=PLANE('',#2167);
#1880=PLANE('',#2169);
#1881=PLANE('',#2171);
#1882=PLANE('',#2173);
#1883=PLANE('',#2175);
#1884=PLANE('',#2177);
#1885=PLANE('',#2179);
#1886=PLANE('',#2181);
#1887=PLANE('',#2183);
#1888=PLANE('',#2185);
#1889=PLANE('',#2187);
#1890=PLANE('',#2189);
#1891=PLANE('',#2191);
#1892=PLANE('',#2193);
#1893=PLANE('',#2195);
#1894=PLANE('',#2197);
#1895=PLANE('',#2199);
#1896=PLANE('',#2201);
#1897=PLANE('',#2203);
#1898=PLANE('',#2205);
#1899=PLANE('',#2207);
#1900=PLANE('',#2209);
#1901=PLANE('',#2211);
#1902=PLANE('',#2213);
#1903=PLANE('',#2215);
#1904=PLANE('',#2217);
#1905=PLANE('',#2219);
#1906=PLANE('',#2221);
#1907=PLANE('',#2223);
#1908=PLANE('',#2225);
#1909=ADVANCED_FACE('',(#1713,#1714,#1715,#1716,#1717,#1718,#1719,#1720,
#1721,#1722,#1723,#1724,#1725,#1726,#1727,#1728,#1729,#1730,#1731,#1732,
#1733,#1734),#1863,.F.);
#1910=ADVANCED_FACE('',(#1735,#1736,#1737,#1738,#1739,#1740,#1741,#1742,
#1743,#1744,#1745,#1746,#1747,#1748,#1749,#1750,#1751,#1752,#1753,#1754,
#1755,#1756),#1864,.T.);
#1911=ADVANCED_FACE('',(#1757),#12,.T.);
#1912=ADVANCED_FACE('',(#1758),#13,.T.);
#1913=ADVANCED_FACE('',(#1759),#14,.F.);
#1914=ADVANCED_FACE('',(#1760),#1865,.F.);
#1915=ADVANCED_FACE('',(#1761),#1866,.F.);
#1916=ADVANCED_FACE('',(#1762),#1867,.F.);
#1917=ADVANCED_FACE('',(#1763),#1868,.F.);
#1918=ADVANCED_FACE('',(#1764),#1869,.F.);
#1919=ADVANCED_FACE('',(#1765),#15,.F.);
#1920=ADVANCED_FACE('',(#1766),#16,.T.);
#1921=ADVANCED_FACE('',(#1767),#17,.T.);
#1922=ADVANCED_FACE('',(#1768),#1870,.F.);
#1923=ADVANCED_FACE('',(#1769),#18,.T.);
#1924=ADVANCED_FACE('',(#1770),#19,.T.);
#1925=ADVANCED_FACE('',(#1771),#20,.F.);
#1926=ADVANCED_FACE('',(#1772),#1871,.F.);
#1927=ADVANCED_FACE('',(#1773),#1872,.F.);
#1928=ADVANCED_FACE('',(#1774),#1873,.F.);
#1929=ADVANCED_FACE('',(#1775),#1874,.F.);
#1930=ADVANCED_FACE('',(#1776),#1875,.F.);
#1931=ADVANCED_FACE('',(#1777),#21,.F.);
#1932=ADVANCED_FACE('',(#1778),#22,.T.);
#1933=ADVANCED_FACE('',(#1779),#23,.T.);
#1934=ADVANCED_FACE('',(#1780),#1876,.F.);
#1935=ADVANCED_FACE('',(#1781,#1782),#24,.F.);
#1936=ADVANCED_FACE('',(#1783,#1784),#25,.F.);
#1937=ADVANCED_FACE('',(#1785,#1786),#26,.F.);
#1938=ADVANCED_FACE('',(#1787,#1788),#27,.F.);
#1939=ADVANCED_FACE('',(#1789,#1790),#28,.F.);
#1940=ADVANCED_FACE('',(#1791,#1792),#29,.F.);
#1941=ADVANCED_FACE('',(#1793,#1794),#30,.F.);
#1942=ADVANCED_FACE('',(#1795,#1796),#31,.F.);
#1943=ADVANCED_FACE('',(#1797,#1798),#32,.F.);
#1944=ADVANCED_FACE('',(#1799),#33,.F.);
#1945=ADVANCED_FACE('',(#1800),#1877,.F.);
#1946=ADVANCED_FACE('',(#1801),#34,.F.);
#1947=ADVANCED_FACE('',(#1802),#1878,.F.);
#1948=ADVANCED_FACE('',(#1803),#35,.F.);
#1949=ADVANCED_FACE('',(#1804),#1879,.F.);
#1950=ADVANCED_FACE('',(#1805),#36,.F.);
#1951=ADVANCED_FACE('',(#1806),#1880,.F.);
#1952=ADVANCED_FACE('',(#1807),#37,.F.);
#1953=ADVANCED_FACE('',(#1808),#1881,.F.);
#1954=ADVANCED_FACE('',(#1809),#38,.F.);
#1955=ADVANCED_FACE('',(#1810),#1882,.F.);
#1956=ADVANCED_FACE('',(#1811),#39,.F.);
#1957=ADVANCED_FACE('',(#1812),#1883,.F.);
#1958=ADVANCED_FACE('',(#1813),#40,.F.);
#1959=ADVANCED_FACE('',(#1814),#1884,.F.);
#1960=ADVANCED_FACE('',(#1815),#41,.F.);
#1961=ADVANCED_FACE('',(#1816),#1885,.F.);
#1962=ADVANCED_FACE('',(#1817),#42,.F.);
#1963=ADVANCED_FACE('',(#1818),#1886,.F.);
#1964=ADVANCED_FACE('',(#1819),#43,.F.);
#1965=ADVANCED_FACE('',(#1820),#1887,.F.);
#1966=ADVANCED_FACE('',(#1821),#44,.F.);
#1967=ADVANCED_FACE('',(#1822),#1888,.F.);
#1968=ADVANCED_FACE('',(#1823),#45,.F.);
#1969=ADVANCED_FACE('',(#1824),#1889,.F.);
#1970=ADVANCED_FACE('',(#1825),#46,.F.);
#1971=ADVANCED_FACE('',(#1826),#1890,.F.);
#1972=ADVANCED_FACE('',(#1827),#47,.F.);
#1973=ADVANCED_FACE('',(#1828),#1891,.F.);
#1974=ADVANCED_FACE('',(#1829),#48,.F.);
#1975=ADVANCED_FACE('',(#1830),#1892,.F.);
#1976=ADVANCED_FACE('',(#1831),#49,.F.);
#1977=ADVANCED_FACE('',(#1832),#1893,.F.);
#1978=ADVANCED_FACE('',(#1833),#50,.F.);
#1979=ADVANCED_FACE('',(#1834),#1894,.F.);
#1980=ADVANCED_FACE('',(#1835),#51,.F.);
#1981=ADVANCED_FACE('',(#1836),#1895,.F.);
#1982=ADVANCED_FACE('',(#1837),#52,.F.);
#1983=ADVANCED_FACE('',(#1838),#1896,.F.);
#1984=ADVANCED_FACE('',(#1839),#53,.F.);
#1985=ADVANCED_FACE('',(#1840),#1897,.F.);
#1986=ADVANCED_FACE('',(#1841),#54,.F.);
#1987=ADVANCED_FACE('',(#1842),#1898,.F.);
#1988=ADVANCED_FACE('',(#1843),#55,.F.);
#1989=ADVANCED_FACE('',(#1844),#1899,.F.);
#1990=ADVANCED_FACE('',(#1845),#56,.F.);
#1991=ADVANCED_FACE('',(#1846),#1900,.F.);
#1992=ADVANCED_FACE('',(#1847),#57,.F.);
#1993=ADVANCED_FACE('',(#1848),#1901,.F.);
#1994=ADVANCED_FACE('',(#1849),#58,.F.);
#1995=ADVANCED_FACE('',(#1850),#1902,.F.);
#1996=ADVANCED_FACE('',(#1851),#59,.F.);
#1997=ADVANCED_FACE('',(#1852),#1903,.F.);
#1998=ADVANCED_FACE('',(#1853),#60,.F.);
#1999=ADVANCED_FACE('',(#1854),#1904,.F.);
#2000=ADVANCED_FACE('',(#1855),#61,.F.);
#2001=ADVANCED_FACE('',(#1856),#1905,.F.);
#2002=ADVANCED_FACE('',(#1857),#62,.F.);
#2003=ADVANCED_FACE('',(#1858),#1906,.F.);
#2004=ADVANCED_FACE('',(#1859),#63,.F.);
#2005=ADVANCED_FACE('',(#1860),#1907,.F.);
#2006=ADVANCED_FACE('',(#1861),#64,.F.);
#2007=ADVANCED_FACE('',(#1862),#1908,.F.);
#2008=CLOSED_SHELL('',(#1909,#1910,#1911,#1912,#1913,#1914,#1915,#1916,
#1917,#1918,#1919,#1920,#1921,#1922,#1923,#1924,#1925,#1926,#1927,#1928,
#1929,#1930,#1931,#1932,#1933,#1934,#1935,#1936,#1937,#1938,#1939,#1940,
#1941,#1942,#1943,#1944,#1945,#1946,#1947,#1948,#1949,#1950,#1951,#1952,
#1953,#1954,#1955,#1956,#1957,#1958,#1959,#1960,#1961,#1962,#1963,#1964,
#1965,#1966,#1967,#1968,#1969,#1970,#1971,#1972,#1973,#1974,#1975,#1976,
#1977,#1978,#1979,#1980,#1981,#1982,#1983,#1984,#1985,#1986,#1987,#1988,
#1989,#1990,#1991,#1992,#1993,#1994,#1995,#1996,#1997,#1998,#1999,#2000,
#2001,#2002,#2003,#2004,#2005,#2006,#2007));
#2009=STYLED_ITEM('',(#2010),#2017);
#2010=PRESENTATION_STYLE_ASSIGNMENT((#2011));
#2011=SURFACE_STYLE_USAGE(.BOTH.,#2012);
#2012=SURFACE_SIDE_STYLE('',(#2013));
#2013=SURFACE_STYLE_FILL_AREA(#2014);
#2014=FILL_AREA_STYLE('',(#2015));
#2015=FILL_AREA_STYLE_COLOUR('',#2016);
#2016=COLOUR_RGB('',0.792156862745098,0.819607843137255,0.933333333333333);
#2017=MANIFOLD_SOLID_BREP('Part 1',#2008);
#2018=SHAPE_DEFINITION_REPRESENTATION(#3396,#2019);
#2019=SHAPE_REPRESENTATION('Part 1',(#2020),#3391);
#2020=AXIS2_PLACEMENT_3D('',#2814,#2226,#2227);
#2021=AXIS2_PLACEMENT_3D('',#2815,#2228,#2229);
#2022=AXIS2_PLACEMENT_3D('',#2819,#2231,#2232);
#2023=AXIS2_PLACEMENT_3D('',#2823,#2234,#2235);
#2024=AXIS2_PLACEMENT_3D('',#2827,#2237,#2238);
#2025=AXIS2_PLACEMENT_3D('',#2831,#2240,#2241);
#2026=AXIS2_PLACEMENT_3D('',#2835,#2243,#2244);
#2027=AXIS2_PLACEMENT_3D('',#2839,#2246,#2247);
#2028=AXIS2_PLACEMENT_3D('',#2843,#2249,#2250);
#2029=AXIS2_PLACEMENT_3D('',#2847,#2252,#2253);
#2030=AXIS2_PLACEMENT_3D('',#2851,#2255,#2256);
#2031=AXIS2_PLACEMENT_3D('',#2855,#2258,#2259);
#2032=AXIS2_PLACEMENT_3D('',#2859,#2261,#2262);
#2033=AXIS2_PLACEMENT_3D('',#2863,#2264,#2265);
#2034=AXIS2_PLACEMENT_3D('',#2867,#2267,#2268);
#2035=AXIS2_PLACEMENT_3D('',#2871,#2270,#2271);
#2036=AXIS2_PLACEMENT_3D('',#2875,#2273,#2274);
#2037=AXIS2_PLACEMENT_3D('',#2879,#2276,#2277);
#2038=AXIS2_PLACEMENT_3D('',#2883,#2279,#2280);
#2039=AXIS2_PLACEMENT_3D('',#2887,#2282,#2283);
#2040=AXIS2_PLACEMENT_3D('',#2891,#2285,#2286);
#2041=AXIS2_PLACEMENT_3D('',#2895,#2288,#2289);
#2042=AXIS2_PLACEMENT_3D('',#2899,#2291,#2292);
#2043=AXIS2_PLACEMENT_3D('',#2903,#2294,#2295);
#2044=AXIS2_PLACEMENT_3D('',#2907,#2297,#2298);
#2045=AXIS2_PLACEMENT_3D('',#2911,#2300,#2301);
#2046=AXIS2_PLACEMENT_3D('',#2915,#2303,#2304);
#2047=AXIS2_PLACEMENT_3D('',#2919,#2306,#2307);
#2048=AXIS2_PLACEMENT_3D('',#2923,#2309,#2310);
#2049=AXIS2_PLACEMENT_3D('',#2927,#2312,#2313);
#2050=AXIS2_PLACEMENT_3D('',#2931,#2315,#2316);
#2051=AXIS2_PLACEMENT_3D('',#2935,#2318,#2319);
#2052=AXIS2_PLACEMENT_3D('',#2939,#2321,#2322);
#2053=AXIS2_PLACEMENT_3D('',#2943,#2324,#2325);
#2054=AXIS2_PLACEMENT_3D('',#2944,#2326,#2327);
#2055=AXIS2_PLACEMENT_3D('',#2947,#2328,#2329);
#2056=AXIS2_PLACEMENT_3D('',#2949,#2330,#2331);
#2057=AXIS2_PLACEMENT_3D('',#2961,#2337,#2338);
#2058=AXIS2_PLACEMENT_3D('',#2963,#2339,#2340);
#2059=AXIS2_PLACEMENT_3D('',#2965,#2341,#2342);
#2060=AXIS2_PLACEMENT_3D('',#2969,#2344,#2345);
#2061=AXIS2_PLACEMENT_3D('',#2971,#2346,#2347);
#2062=AXIS2_PLACEMENT_3D('',#2973,#2348,#2349);
#2063=AXIS2_PLACEMENT_3D('',#2985,#2355,#2356);
#2064=AXIS2_PLACEMENT_3D('',#2987,#2357,#2358);
#2065=AXIS2_PLACEMENT_3D('',#2989,#2359,#2360);
#2066=AXIS2_PLACEMENT_3D('',#2992,#2362,#2363);
#2067=AXIS2_PLACEMENT_3D('',#2994,#2364,#2365);
#2068=AXIS2_PLACEMENT_3D('',#2996,#2366,#2367);
#2069=AXIS2_PLACEMENT_3D('',#2998,#2368,#2369);
#2070=AXIS2_PLACEMENT_3D('',#3000,#2370,#2371);
#2071=AXIS2_PLACEMENT_3D('',#3002,#2372,#2373);
#2072=AXIS2_PLACEMENT_3D('',#3004,#2374,#2375);
#2073=AXIS2_PLACEMENT_3D('',#3006,#2376,#2377);
#2074=AXIS2_PLACEMENT_3D('',#3008,#2378,#2379);
#2075=AXIS2_PLACEMENT_3D('',#3010,#2380,#2381);
#2076=AXIS2_PLACEMENT_3D('',#3011,#2382,#2383);
#2077=AXIS2_PLACEMENT_3D('',#3016,#2385,#2386);
#2078=AXIS2_PLACEMENT_3D('',#3020,#2388,#2389);
#2079=AXIS2_PLACEMENT_3D('',#3024,#2391,#2392);
#2080=AXIS2_PLACEMENT_3D('',#3027,#2394,#2395);
#2081=AXIS2_PLACEMENT_3D('',#3032,#2397,#2398);
#2082=AXIS2_PLACEMENT_3D('',#3036,#2400,#2401);
#2083=AXIS2_PLACEMENT_3D('',#3040,#2403,#2404);
#2084=AXIS2_PLACEMENT_3D('',#3043,#2406,#2407);
#2085=AXIS2_PLACEMENT_3D('',#3048,#2409,#2410);
#2086=AXIS2_PLACEMENT_3D('',#3052,#2412,#2413);
#2087=AXIS2_PLACEMENT_3D('',#3056,#2415,#2416);
#2088=AXIS2_PLACEMENT_3D('',#3059,#2418,#2419);
#2089=AXIS2_PLACEMENT_3D('',#3064,#2421,#2422);
#2090=AXIS2_PLACEMENT_3D('',#3068,#2424,#2425);
#2091=AXIS2_PLACEMENT_3D('',#3072,#2427,#2428);
#2092=AXIS2_PLACEMENT_3D('',#3075,#2430,#2431);
#2093=AXIS2_PLACEMENT_3D('',#3080,#2433,#2434);
#2094=AXIS2_PLACEMENT_3D('',#3083,#2436,#2437);
#2095=AXIS2_PLACEMENT_3D('',#3088,#2439,#2440);
#2096=AXIS2_PLACEMENT_3D('',#3091,#2442,#2443);
#2097=AXIS2_PLACEMENT_3D('',#3096,#2445,#2446);
#2098=AXIS2_PLACEMENT_3D('',#3099,#2448,#2449);
#2099=AXIS2_PLACEMENT_3D('',#3104,#2451,#2452);
#2100=AXIS2_PLACEMENT_3D('',#3107,#2454,#2455);
#2101=AXIS2_PLACEMENT_3D('',#3112,#2457,#2458);
#2102=AXIS2_PLACEMENT_3D('',#3115,#2460,#2461);
#2103=AXIS2_PLACEMENT_3D('',#3120,#2463,#2464);
#2104=AXIS2_PLACEMENT_3D('',#3123,#2466,#2467);
#2105=AXIS2_PLACEMENT_3D('',#3128,#2469,#2470);
#2106=AXIS2_PLACEMENT_3D('',#3131,#2472,#2473);
#2107=AXIS2_PLACEMENT_3D('',#3136,#2475,#2476);
#2108=AXIS2_PLACEMENT_3D('',#3139,#2478,#2479);
#2109=AXIS2_PLACEMENT_3D('',#3141,#2480,#2481);
#2110=AXIS2_PLACEMENT_3D('',#3143,#2482,#2483);
#2111=AXIS2_PLACEMENT_3D('',#3145,#2484,#2485);
#2112=AXIS2_PLACEMENT_3D('',#3147,#2486,#2487);
#2113=AXIS2_PLACEMENT_3D('',#3152,#2489,#2490);
#2114=AXIS2_PLACEMENT_3D('',#3154,#2491,#2492);
#2115=AXIS2_PLACEMENT_3D('',#3156,#2493,#2494);
#2116=AXIS2_PLACEMENT_3D('',#3168,#2500,#2501);
#2117=AXIS2_PLACEMENT_3D('',#3170,#2502,#2503);
#2118=AXIS2_PLACEMENT_3D('',#3172,#2504,#2505);
#2119=AXIS2_PLACEMENT_3D('',#3176,#2507,#2508);
#2120=AXIS2_PLACEMENT_3D('',#3178,#2509,#2510);
#2121=AXIS2_PLACEMENT_3D('',#3180,#2511,#2512);
#2122=AXIS2_PLACEMENT_3D('',#3192,#2518,#2519);
#2123=AXIS2_PLACEMENT_3D('',#3194,#2520,#2521);
#2124=AXIS2_PLACEMENT_3D('',#3195,#2522,#2523);
#2125=AXIS2_PLACEMENT_3D('',#3197,#2524,#2525);
#2126=AXIS2_PLACEMENT_3D('',#3199,#2526,#2527);
#2127=AXIS2_PLACEMENT_3D('',#3201,#2528,#2529);
#2128=AXIS2_PLACEMENT_3D('',#3203,#2530,#2531);
#2129=AXIS2_PLACEMENT_3D('',#3205,#2532,#2533);
#2130=AXIS2_PLACEMENT_3D('',#3208,#2536,#2537);
#2131=AXIS2_PLACEMENT_3D('',#3210,#2539,#2540);
#2132=AXIS2_PLACEMENT_3D('',#3212,#2542,#2543);
#2133=AXIS2_PLACEMENT_3D('',#3214,#2545,#2546);
#2134=AXIS2_PLACEMENT_3D('',#3216,#2548,#2549);
#2135=AXIS2_PLACEMENT_3D('',#3218,#2551,#2552);
#2136=AXIS2_PLACEMENT_3D('',#3220,#2554,#2555);
#2137=AXIS2_PLACEMENT_3D('',#3222,#2557,#2558);
#2138=AXIS2_PLACEMENT_3D('',#3224,#2560,#2561);
#2139=AXIS2_PLACEMENT_3D('',#3226,#2563,#2564);
#2140=AXIS2_PLACEMENT_3D('',#3228,#2566,#2567);
#2141=AXIS2_PLACEMENT_3D('',#3230,#2569,#2570);
#2142=AXIS2_PLACEMENT_3D('',#3232,#2572,#2573);
#2143=AXIS2_PLACEMENT_3D('',#3234,#2575,#2576);
#2144=AXIS2_PLACEMENT_3D('',#3236,#2578,#2579);
#2145=AXIS2_PLACEMENT_3D('',#3238,#2581,#2582);
#2146=AXIS2_PLACEMENT_3D('',#3240,#2584,#2585);
#2147=AXIS2_PLACEMENT_3D('',#3242,#2587,#2588);
#2148=AXIS2_PLACEMENT_3D('',#3244,#2590,#2591);
#2149=AXIS2_PLACEMENT_3D('',#3246,#2593,#2594);
#2150=AXIS2_PLACEMENT_3D('',#3248,#2596,#2597);
#2151=AXIS2_PLACEMENT_3D('',#3250,#2599,#2600);
#2152=AXIS2_PLACEMENT_3D('',#3252,#2602,#2603);
#2153=AXIS2_PLACEMENT_3D('',#3253,#2604,#2605);
#2154=AXIS2_PLACEMENT_3D('',#3254,#2606,#2607);
#2155=AXIS2_PLACEMENT_3D('',#3255,#2608,#2609);
#2156=AXIS2_PLACEMENT_3D('',#3256,#2610,#2611);
#2157=AXIS2_PLACEMENT_3D('',#3257,#2612,#2613);
#2158=AXIS2_PLACEMENT_3D('',#3258,#2614,#2615);
#2159=AXIS2_PLACEMENT_3D('',#3259,#2616,#2617);
#2160=AXIS2_PLACEMENT_3D('',#3260,#2618,#2619);
#2161=AXIS2_PLACEMENT_3D('',#3261,#2620,#2621);
#2162=AXIS2_PLACEMENT_3D('',#3262,#2622,#2623);
#2163=AXIS2_PLACEMENT_3D('',#3265,#2626,#2627);
#2164=AXIS2_PLACEMENT_3D('',#3267,#2629,#2630);
#2165=AXIS2_PLACEMENT_3D('',#3269,#2632,#2633);
#2166=AXIS2_PLACEMENT_3D('',#3270,#2634,#2635);
#2167=AXIS2_PLACEMENT_3D('',#3273,#2638,#2639);
#2168=AXIS2_PLACEMENT_3D('',#3275,#2641,#2642);
#2169=AXIS2_PLACEMENT_3D('',#3277,#2644,#2645);
#2170=AXIS2_PLACEMENT_3D('',#3278,#2646,#2647);
#2171=AXIS2_PLACEMENT_3D('',#3281,#2650,#2651);
#2172=AXIS2_PLACEMENT_3D('',#3283,#2653,#2654);
#2173=AXIS2_PLACEMENT_3D('',#3285,#2656,#2657);
#2174=AXIS2_PLACEMENT_3D('',#3286,#2658,#2659);
#2175=AXIS2_PLACEMENT_3D('',#3289,#2662,#2663);
#2176=AXIS2_PLACEMENT_3D('',#3291,#2665,#2666);
#2177=AXIS2_PLACEMENT_3D('',#3293,#2668,#2669);
#2178=AXIS2_PLACEMENT_3D('',#3294,#2670,#2671);
#2179=AXIS2_PLACEMENT_3D('',#3297,#2674,#2675);
#2180=AXIS2_PLACEMENT_3D('',#3299,#2677,#2678);
#2181=AXIS2_PLACEMENT_3D('',#3301,#2680,#2681);
#2182=AXIS2_PLACEMENT_3D('',#3302,#2682,#2683);
#2183=AXIS2_PLACEMENT_3D('',#3305,#2686,#2687);
#2184=AXIS2_PLACEMENT_3D('',#3307,#2689,#2690);
#2185=AXIS2_PLACEMENT_3D('',#3309,#2692,#2693);
#2186=AXIS2_PLACEMENT_3D('',#3310,#2694,#2695);
#2187=AXIS2_PLACEMENT_3D('',#3313,#2698,#2699);
#2188=AXIS2_PLACEMENT_3D('',#3315,#2701,#2702);
#2189=AXIS2_PLACEMENT_3D('',#3317,#2704,#2705);
#2190=AXIS2_PLACEMENT_3D('',#3318,#2706,#2707);
#2191=AXIS2_PLACEMENT_3D('',#3321,#2710,#2711);
#2192=AXIS2_PLACEMENT_3D('',#3323,#2713,#2714);
#2193=AXIS2_PLACEMENT_3D('',#3325,#2716,#2717);
#2194=AXIS2_PLACEMENT_3D('',#3326,#2718,#2719);
#2195=AXIS2_PLACEMENT_3D('',#3329,#2722,#2723);
#2196=AXIS2_PLACEMENT_3D('',#3331,#2725,#2726);
#2197=AXIS2_PLACEMENT_3D('',#3333,#2728,#2729);
#2198=AXIS2_PLACEMENT_3D('',#3335,#2731,#2732);
#2199=AXIS2_PLACEMENT_3D('',#3337,#2734,#2735);
#2200=AXIS2_PLACEMENT_3D('',#3339,#2737,#2738);
#2201=AXIS2_PLACEMENT_3D('',#3341,#2740,#2741);
#2202=AXIS2_PLACEMENT_3D('',#3342,#2742,#2743);
#2203=AXIS2_PLACEMENT_3D('',#3345,#2746,#2747);
#2204=AXIS2_PLACEMENT_3D('',#3347,#2749,#2750);
#2205=AXIS2_PLACEMENT_3D('',#3349,#2752,#2753);
#2206=AXIS2_PLACEMENT_3D('',#3351,#2755,#2756);
#2207=AXIS2_PLACEMENT_3D('',#3353,#2758,#2759);
#2208=AXIS2_PLACEMENT_3D('',#3355,#2761,#2762);
#2209=AXIS2_PLACEMENT_3D('',#3357,#2764,#2765);
#2210=AXIS2_PLACEMENT_3D('',#3358,#2766,#2767);
#2211=AXIS2_PLACEMENT_3D('',#3361,#2770,#2771);
#2212=AXIS2_PLACEMENT_3D('',#3363,#2773,#2774);
#2213=AXIS2_PLACEMENT_3D('',#3365,#2776,#2777);
#2214=AXIS2_PLACEMENT_3D('',#3367,#2779,#2780);
#2215=AXIS2_PLACEMENT_3D('',#3369,#2782,#2783);
#2216=AXIS2_PLACEMENT_3D('',#3371,#2785,#2786);
#2217=AXIS2_PLACEMENT_3D('',#3373,#2788,#2789);
#2218=AXIS2_PLACEMENT_3D('',#3374,#2790,#2791);
#2219=AXIS2_PLACEMENT_3D('',#3377,#2794,#2795);
#2220=AXIS2_PLACEMENT_3D('',#3379,#2797,#2798);
#2221=AXIS2_PLACEMENT_3D('',#3381,#2800,#2801);
#2222=AXIS2_PLACEMENT_3D('',#3383,#2803,#2804);
#2223=AXIS2_PLACEMENT_3D('',#3385,#2806,#2807);
#2224=AXIS2_PLACEMENT_3D('',#3387,#2809,#2810);
#2225=AXIS2_PLACEMENT_3D('',#3389,#2812,#2813);
#2226=DIRECTION('',(0.,0.,1.));
#2227=DIRECTION('',(1.,0.,0.));
#2228=DIRECTION('',(0.,-1.,0.));
#2229=DIRECTION('',(0.,0.,-1.));
#2230=DIRECTION('',(0.,0.,1.));
#2231=DIRECTION('',(0.,1.,0.));
#2232=DIRECTION('',(0.,0.,-1.));
#2233=DIRECTION('',(-1.,0.,0.));
#2234=DIRECTION('',(0.,1.,0.));
#2235=DIRECTION('',(0.,0.,1.));
#2236=DIRECTION('',(0.,0.,-1.));
#2237=DIRECTION('',(0.,1.,0.));
#2238=DIRECTION('',(0.,0.,1.));
#2239=DIRECTION('',(1.,0.,0.));
#2240=DIRECTION('',(0.,1.,0.));
#2241=DIRECTION('',(0.,0.,1.));
#2242=DIRECTION('',(0.,0.,-1.));
#2243=DIRECTION('',(0.,1.,0.));
#2244=DIRECTION('',(0.,0.,-1.));
#2245=DIRECTION('',(1.,0.,0.));
#2246=DIRECTION('',(0.,1.,0.));
#2247=DIRECTION('',(0.,0.,1.));
#2248=DIRECTION('',(0.,0.,1.));
#2249=DIRECTION('',(0.,1.,0.));
#2250=DIRECTION('',(0.,0.,-1.));
#2251=DIRECTION('',(-1.,0.,0.));
#2252=DIRECTION('',(0.,1.,0.));
#2253=DIRECTION('',(0.,0.,-1.));
#2254=DIRECTION('',(-1.,0.,0.));
#2255=DIRECTION('',(0.,1.,0.));
#2256=DIRECTION('',(0.,0.,1.));
#2257=DIRECTION('',(0.,0.,-1.));
#2258=DIRECTION('',(0.,1.,0.));
#2259=DIRECTION('',(0.,0.,-1.));
#2260=DIRECTION('',(1.,0.,0.));
#2261=DIRECTION('',(0.,1.,0.));
#2262=DIRECTION('',(0.,0.,1.));
#2263=DIRECTION('',(0.,0.,1.));
#2264=DIRECTION('',(0.,1.,0.));
#2265=DIRECTION('',(0.,0.,1.));
#2266=DIRECTION('',(1.,0.,0.));
#2267=DIRECTION('',(0.,1.,0.));
#2268=DIRECTION('',(0.,0.,-1.));
#2269=DIRECTION('',(0.,0.,1.));
#2270=DIRECTION('',(0.,1.,0.));
#2271=DIRECTION('',(0.,0.,-1.));
#2272=DIRECTION('',(-1.,0.,0.));
#2273=DIRECTION('',(0.,1.,0.));
#2274=DIRECTION('',(0.,0.,1.));
#2275=DIRECTION('',(0.,0.,-1.));
#2276=DIRECTION('',(0.,1.,0.));
#2277=DIRECTION('',(0.,0.,-1.));
#2278=DIRECTION('',(1.20277196387718E-14,0.,-1.));
#2279=DIRECTION('',(0.,1.,0.));
#2280=DIRECTION('',(0.,0.,1.));
#2281=DIRECTION('',(-1.24071429712252E-14,0.,1.));
#2282=DIRECTION('',(0.,1.,0.));
#2283=DIRECTION('',(0.,0.,1.));
#2284=DIRECTION('',(-0.70710678118654,0.,-0.707106781186555));
#2285=DIRECTION('',(0.,1.,0.));
#2286=DIRECTION('',(0.,0.,1.));
#2287=DIRECTION('',(0.70710678118654,0.,0.707106781186555));
#2288=DIRECTION('',(0.,1.,0.));
#2289=DIRECTION('',(0.,0.,1.));
#2290=DIRECTION('',(-1.,0.,-8.6129096466915E-15));
#2291=DIRECTION('',(0.,1.,0.));
#2292=DIRECTION('',(0.,0.,1.));
#2293=DIRECTION('',(1.,0.,8.99233297914487E-15));
#2294=DIRECTION('',(0.,1.,0.));
#2295=DIRECTION('',(0.,0.,1.));
#2296=DIRECTION('',(-0.707106781186552,0.,0.707106781186543));
#2297=DIRECTION('',(0.,1.,0.));
#2298=DIRECTION('',(0.,0.,1.));
#2299=DIRECTION('',(0.707106781186553,0.,-0.707106781186543));
#2300=DIRECTION('',(0.,1.,0.));
#2301=DIRECTION('',(0.,0.,1.));
#2302=DIRECTION('',(-5.23604198785651E-15,0.,1.));
#2303=DIRECTION('',(0.,1.,0.));
#2304=DIRECTION('',(0.,0.,1.));
#2305=DIRECTION('',(5.57752298706454E-15,0.,-1.));
#2306=DIRECTION('',(0.,1.,0.));
#2307=DIRECTION('',(0.,0.,1.));
#2308=DIRECTION('',(0.707106781186545,0.,0.70710678118655));
#2309=DIRECTION('',(0.,1.,0.));
#2310=DIRECTION('',(0.,0.,1.));
#2311=DIRECTION('',(-0.707106781186545,0.,-0.70710678118655));
#2312=DIRECTION('',(0.,1.,0.));
#2313=DIRECTION('',(0.,0.,1.));
#2314=DIRECTION('',(1.,0.,1.63152032954949E-15));
#2315=DIRECTION('',(0.,1.,0.));
#2316=DIRECTION('',(0.,0.,1.));
#2317=DIRECTION('',(-1.,0.,-1.89711666226685E-15));
#2318=DIRECTION('',(0.,1.,0.));
#2319=DIRECTION('',(0.,0.,1.));
#2320=DIRECTION('',(0.707106781186548,0.,-0.707106781186548));
#2321=DIRECTION('',(0.,1.,0.));
#2322=DIRECTION('',(0.,0.,1.));
#2323=DIRECTION('',(-0.707106781186548,0.,0.707106781186548));
#2324=DIRECTION('',(0.,1.,0.));
#2325=DIRECTION('',(0.,0.,1.));
#2326=DIRECTION('',(0.,1.,0.));
#2327=DIRECTION('',(0.,0.,-1.));
#2328=DIRECTION('',(0.,1.,0.));
#2329=DIRECTION('',(0.,0.,1.));
#2330=DIRECTION('',(0.,-1.,0.));
#2331=DIRECTION('',(0.,0.,1.));
#2332=DIRECTION('',(1.,0.,-2.05067844576214E-14));
#2333=DIRECTION('',(0.70710678118654,0.,-0.707106781186556));
#2334=DIRECTION('',(3.70420066937572E-16,0.,-1.));
#2335=DIRECTION('',(-0.70710678118655,0.,-0.707106781186545));
#2336=DIRECTION('',(-1.,0.,6.7379434646466E-15));
#2337=DIRECTION('',(0.,-1.,0.));
#2338=DIRECTION('',(0.,0.,1.));
#2339=DIRECTION('',(0.,1.,0.));
#2340=DIRECTION('',(0.,0.,1.));
#2341=DIRECTION('',(0.,1.,0.));
#2342=DIRECTION('',(0.,0.,1.));
#2343=DIRECTION('',(-1.,0.,0.));
#2344=DIRECTION('',(0.,1.,0.));
#2345=DIRECTION('',(0.,0.,1.));
#2346=DIRECTION('',(0.,1.,0.));
#2347=DIRECTION('',(0.,0.,1.));
#2348=DIRECTION('',(0.,-1.,0.));
#2349=DIRECTION('',(0.,0.,1.));
#2350=DIRECTION('',(-1.,0.,-1.4647703184014E-16));
#2351=DIRECTION('',(-0.707106781186548,0.,0.707106781186548));
#2352=DIRECTION('',(0.,0.,1.));
#2353=DIRECTION('',(0.707106781186555,0.,0.707106781186541));
#2354=DIRECTION('',(1.,0.,-2.05067844576205E-14));
#2355=DIRECTION('',(0.,-1.,0.));
#2356=DIRECTION('',(0.,0.,-1.));
#2357=DIRECTION('',(0.,1.,0.));
#2358=DIRECTION('',(0.,0.,1.));
#2359=DIRECTION('',(0.,1.,0.));
#2360=DIRECTION('',(0.,0.,1.));
#2361=DIRECTION('',(1.,0.,0.));
#2362=DIRECTION('',(0.,1.,0.));
#2363=DIRECTION('',(0.,0.,1.));
#2364=DIRECTION('',(0.,1.,0.));
#2365=DIRECTION('',(0.,0.,1.));
#2366=DIRECTION('',(0.,1.,0.));
#2367=DIRECTION('',(0.,0.,-1.));
#2368=DIRECTION('',(0.,1.,0.));
#2369=DIRECTION('',(0.,0.,1.));
#2370=DIRECTION('',(0.,1.,0.));
#2371=DIRECTION('',(0.,0.,-1.));
#2372=DIRECTION('',(0.,1.,0.));
#2373=DIRECTION('',(0.,0.,1.));
#2374=DIRECTION('',(0.,1.,0.));
#2375=DIRECTION('',(0.,0.,-1.));
#2376=DIRECTION('',(0.,1.,0.));
#2377=DIRECTION('',(0.,0.,1.));
#2378=DIRECTION('',(0.,1.,0.));
#2379=DIRECTION('',(0.,0.,-1.));
#2380=DIRECTION('',(0.,-1.,0.));
#2381=DIRECTION('',(0.,0.,-1.));
#2382=DIRECTION('',(0.,1.,0.));
#2383=DIRECTION('',(0.,0.,-1.));
#2384=DIRECTION('',(0.,0.,1.));
#2385=DIRECTION('',(0.,1.,0.));
#2386=DIRECTION('',(0.,0.,1.));
#2387=DIRECTION('',(1.,0.,0.));
#2388=DIRECTION('',(0.,1.,0.));
#2389=DIRECTION('',(0.,0.,1.));
#2390=DIRECTION('',(0.,0.,-1.));
#2391=DIRECTION('',(0.,1.,0.));
#2392=DIRECTION('',(0.,0.,1.));
#2393=DIRECTION('',(-1.,0.,0.));
#2394=DIRECTION('',(0.,1.,0.));
#2395=DIRECTION('',(0.,0.,-1.));
#2396=DIRECTION('',(0.,0.,-1.));
#2397=DIRECTION('',(0.,1.,0.));
#2398=DIRECTION('',(0.,0.,-1.));
#2399=DIRECTION('',(-1.,0.,0.));
#2400=DIRECTION('',(0.,1.,0.));
#2401=DIRECTION('',(0.,0.,-1.));
#2402=DIRECTION('',(0.,0.,1.));
#2403=DIRECTION('',(0.,1.,0.));
#2404=DIRECTION('',(0.,0.,1.));
#2405=DIRECTION('',(1.,0.,0.));
#2406=DIRECTION('',(0.,1.,0.));
#2407=DIRECTION('',(0.,0.,1.));
#2408=DIRECTION('',(-1.,0.,0.));
#2409=DIRECTION('',(0.,1.,0.));
#2410=DIRECTION('',(0.,0.,1.));
#2411=DIRECTION('',(0.,0.,1.));
#2412=DIRECTION('',(0.,1.,0.));
#2413=DIRECTION('',(0.,0.,1.));
#2414=DIRECTION('',(1.,0.,0.));
#2415=DIRECTION('',(0.,1.,0.));
#2416=DIRECTION('',(0.,0.,-1.));
#2417=DIRECTION('',(0.,0.,-1.));
#2418=DIRECTION('',(0.,1.,0.));
#2419=DIRECTION('',(0.,0.,-1.));
#2420=DIRECTION('',(1.,0.,0.));
#2421=DIRECTION('',(0.,1.,0.));
#2422=DIRECTION('',(0.,0.,-1.));
#2423=DIRECTION('',(0.,0.,-1.));
#2424=DIRECTION('',(0.,1.,0.));
#2425=DIRECTION('',(0.,0.,1.));
#2426=DIRECTION('',(-1.,0.,0.));
#2427=DIRECTION('',(0.,1.,0.));
#2428=DIRECTION('',(0.,0.,-1.));
#2429=DIRECTION('',(0.,0.,1.));
#2430=DIRECTION('',(0.,1.,0.));
#2431=DIRECTION('',(0.,0.,1.));
#2432=DIRECTION('',(1.20277196387718E-14,0.,-1.));
#2433=DIRECTION('',(0.,1.,0.));
#2434=DIRECTION('',(0.,0.,1.));
#2435=DIRECTION('',(-1.24071429712252E-14,0.,1.));
#2436=DIRECTION('',(0.,1.,0.));
#2437=DIRECTION('',(0.,0.,1.));
#2438=DIRECTION('',(-0.70710678118654,0.,-0.707106781186555));
#2439=DIRECTION('',(0.,1.,0.));
#2440=DIRECTION('',(0.,0.,1.));
#2441=DIRECTION('',(0.70710678118654,0.,0.707106781186555));
#2442=DIRECTION('',(0.,1.,0.));
#2443=DIRECTION('',(0.,0.,1.));
#2444=DIRECTION('',(-1.,0.,-8.6129096466915E-15));
#2445=DIRECTION('',(0.,1.,0.));
#2446=DIRECTION('',(0.,0.,1.));
#2447=DIRECTION('',(1.,0.,8.99233297914487E-15));
#2448=DIRECTION('',(0.,1.,0.));
#2449=DIRECTION('',(0.,0.,1.));
#2450=DIRECTION('',(-0.707106781186552,0.,0.707106781186543));
#2451=DIRECTION('',(0.,1.,0.));
#2452=DIRECTION('',(0.,0.,1.));
#2453=DIRECTION('',(0.707106781186553,0.,-0.707106781186543));
#2454=DIRECTION('',(0.,1.,0.));
#2455=DIRECTION('',(0.,0.,1.));
#2456=DIRECTION('',(-5.23604198785651E-15,0.,1.));
#2457=DIRECTION('',(0.,1.,0.));
#2458=DIRECTION('',(0.,0.,1.));
#2459=DIRECTION('',(5.57752298706454E-15,0.,-1.));
#2460=DIRECTION('',(0.,1.,0.));
#2461=DIRECTION('',(0.,0.,1.));
#2462=DIRECTION('',(0.707106781186545,0.,0.70710678118655));
#2463=DIRECTION('',(0.,1.,0.));
#2464=DIRECTION('',(0.,0.,1.));
#2465=DIRECTION('',(-0.707106781186545,0.,-0.70710678118655));
#2466=DIRECTION('',(0.,1.,0.));
#2467=DIRECTION('',(0.,0.,1.));
#2468=DIRECTION('',(1.,0.,1.63152032954949E-15));
#2469=DIRECTION('',(0.,1.,0.));
#2470=DIRECTION('',(0.,0.,1.));
#2471=DIRECTION('',(-1.,0.,-1.89711666226685E-15));
#2472=DIRECTION('',(0.,1.,0.));
#2473=DIRECTION('',(0.,0.,1.));
#2474=DIRECTION('',(0.707106781186548,0.,-0.707106781186548));
#2475=DIRECTION('',(0.,1.,0.));
#2476=DIRECTION('',(0.,0.,1.));
#2477=DIRECTION('',(-0.707106781186548,0.,0.707106781186548));
#2478=DIRECTION('',(0.,1.,0.));
#2479=DIRECTION('',(0.,0.,-1.));
#2480=DIRECTION('',(0.,1.,0.));
#2481=DIRECTION('',(0.,0.,1.));
#2482=DIRECTION('',(0.,1.,0.));
#2483=DIRECTION('',(0.,0.,-1.));
#2484=DIRECTION('',(0.,1.,0.));
#2485=DIRECTION('',(0.,0.,1.));
#2486=DIRECTION('',(0.,1.,0.));
#2487=DIRECTION('',(0.,0.,-1.));
#2488=DIRECTION('',(1.,0.,0.));
#2489=DIRECTION('',(0.,1.,0.));
#2490=DIRECTION('',(0.,0.,1.));
#2491=DIRECTION('',(0.,1.,0.));
#2492=DIRECTION('',(0.,0.,1.));
#2493=DIRECTION('',(0.,-1.,0.));
#2494=DIRECTION('',(0.,0.,-1.));
#2495=DIRECTION('',(1.,0.,-2.05067844576205E-14));
#2496=DIRECTION('',(0.707106781186555,0.,0.707106781186541));
#2497=DIRECTION('',(0.,0.,1.));
#2498=DIRECTION('',(-0.707106781186548,0.,0.707106781186548));
#2499=DIRECTION('',(-1.,0.,-1.4647703184014E-16));
#2500=DIRECTION('',(0.,-1.,0.));
#2501=DIRECTION('',(0.,0.,1.));
#2502=DIRECTION('',(0.,1.,0.));
#2503=DIRECTION('',(0.,0.,1.));
#2504=DIRECTION('',(0.,1.,0.));
#2505=DIRECTION('',(0.,0.,1.));
#2506=DIRECTION('',(-1.,0.,0.));
#2507=DIRECTION('',(0.,1.,0.));
#2508=DIRECTION('',(0.,0.,1.));
#2509=DIRECTION('',(0.,1.,0.));
#2510=DIRECTION('',(0.,0.,1.));
#2511=DIRECTION('',(0.,-1.,0.));
#2512=DIRECTION('',(0.,0.,1.));
#2513=DIRECTION('',(-1.,0.,6.7379434646466E-15));
#2514=DIRECTION('',(-0.70710678118655,0.,-0.707106781186545));
#2515=DIRECTION('',(3.70420066937572E-16,0.,-1.));
#2516=DIRECTION('',(0.70710678118654,0.,-0.707106781186556));
#2517=DIRECTION('',(1.,0.,-2.05067844576214E-14));
#2518=DIRECTION('',(0.,-1.,0.));
#2519=DIRECTION('',(0.,0.,1.));
#2520=DIRECTION('',(0.,1.,0.));
#2521=DIRECTION('',(0.,0.,1.));
#2522=DIRECTION('',(0.,1.,0.));
#2523=DIRECTION('',(0.,0.,1.));
#2524=DIRECTION('',(0.,1.,0.));
#2525=DIRECTION('',(0.,0.,-1.));
#2526=DIRECTION('',(0.,1.,0.));
#2527=DIRECTION('',(0.,0.,1.));
#2528=DIRECTION('',(0.,1.,0.));
#2529=DIRECTION('',(0.,0.,-1.));
#2530=DIRECTION('',(0.,1.,0.));
#2531=DIRECTION('',(0.,0.,1.));
#2532=DIRECTION('',(0.,-1.,0.));
#2533=DIRECTION('',(0.,0.,-1.));
#2534=DIRECTION('',(0.,-1.,0.));
#2535=DIRECTION('',(0.,-1.,0.));
#2536=DIRECTION('',(0.,-1.,0.));
#2537=DIRECTION('',(0.,0.,-1.));
#2538=DIRECTION('',(0.,-1.,0.));
#2539=DIRECTION('',(0.,-1.,0.));
#2540=DIRECTION('',(0.,0.,-1.));
#2541=DIRECTION('',(0.,-1.,0.));
#2542=DIRECTION('',(-2.05067844576214E-14,0.,-1.));
#2543=DIRECTION('',(-1.,0.,2.05067844576214E-14));
#2544=DIRECTION('',(0.,-1.,0.));
#2545=DIRECTION('',(-0.707106781186556,0.,-0.70710678118654));
#2546=DIRECTION('',(-0.70710678118654,0.,0.707106781186556));
#2547=DIRECTION('',(0.,-1.,0.));
#2548=DIRECTION('',(-1.,0.,-3.70420066937572E-16));
#2549=DIRECTION('',(-3.70420066937572E-16,0.,1.));
#2550=DIRECTION('',(0.,-1.,0.));
#2551=DIRECTION('',(-0.707106781186545,0.,0.70710678118655));
#2552=DIRECTION('',(0.70710678118655,0.,0.707106781186545));
#2553=DIRECTION('',(0.,-1.,0.));
#2554=DIRECTION('',(6.7379434646466E-15,0.,1.));
#2555=DIRECTION('',(1.,0.,-6.7379434646466E-15));
#2556=DIRECTION('',(0.,-1.,0.));
#2557=DIRECTION('',(0.,-1.,0.));
#2558=DIRECTION('',(0.,0.,-1.));
#2559=DIRECTION('',(0.,-1.,0.));
#2560=DIRECTION('',(0.,-1.,0.));
#2561=DIRECTION('',(0.,0.,-1.));
#2562=DIRECTION('',(0.,-1.,0.));
#2563=DIRECTION('',(0.,-1.,0.));
#2564=DIRECTION('',(0.,0.,-1.));
#2565=DIRECTION('',(0.,-1.,0.));
#2566=DIRECTION('',(0.,0.,1.));
#2567=DIRECTION('',(1.,0.,0.));
#2568=DIRECTION('',(0.,-1.,0.));
#2569=DIRECTION('',(0.,-1.,0.));
#2570=DIRECTION('',(0.,0.,-1.));
#2571=DIRECTION('',(0.,-1.,0.));
#2572=DIRECTION('',(0.,-1.,0.));
#2573=DIRECTION('',(0.,0.,-1.));
#2574=DIRECTION('',(0.,-1.,0.));
#2575=DIRECTION('',(0.,-1.,0.));
#2576=DIRECTION('',(0.,0.,-1.));
#2577=DIRECTION('',(0.,-1.,0.));
#2578=DIRECTION('',(-1.4647703184014E-16,0.,1.));
#2579=DIRECTION('',(1.,0.,1.4647703184014E-16));
#2580=DIRECTION('',(0.,-1.,0.));
#2581=DIRECTION('',(0.707106781186548,0.,0.707106781186548));
#2582=DIRECTION('',(0.707106781186548,0.,-0.707106781186548));
#2583=DIRECTION('',(0.,-1.,0.));
#2584=DIRECTION('',(1.,0.,0.));
#2585=DIRECTION('',(0.,0.,-1.));
#2586=DIRECTION('',(0.,-1.,0.));
#2587=DIRECTION('',(0.707106781186541,0.,-0.707106781186555));
#2588=DIRECTION('',(-0.707106781186555,0.,-0.707106781186541));
#2589=DIRECTION('',(0.,-1.,0.));
#2590=DIRECTION('',(-2.05067844576205E-14,0.,-1.));
#2591=DIRECTION('',(-1.,0.,2.05067844576205E-14));
#2592=DIRECTION('',(0.,-1.,0.));
#2593=DIRECTION('',(0.,-1.,0.));
#2594=DIRECTION('',(0.,0.,-1.));
#2595=DIRECTION('',(0.,-1.,0.));
#2596=DIRECTION('',(0.,-1.,0.));
#2597=DIRECTION('',(0.,0.,-1.));
#2598=DIRECTION('',(0.,-1.,0.));
#2599=DIRECTION('',(0.,-1.,0.));
#2600=DIRECTION('',(0.,0.,-1.));
#2601=DIRECTION('',(0.,-1.,0.));
#2602=DIRECTION('',(0.,0.,-1.));
#2603=DIRECTION('',(-1.,0.,0.));
#2604=DIRECTION('',(0.,-1.,0.));
#2605=DIRECTION('',(0.,0.,-1.));
#2606=DIRECTION('',(0.,-1.,0.));
#2607=DIRECTION('',(0.,0.,-1.));
#2608=DIRECTION('',(0.,-1.,0.));
#2609=DIRECTION('',(0.,0.,-1.));
#2610=DIRECTION('',(0.,-1.,0.));
#2611=DIRECTION('',(0.,0.,-1.));
#2612=DIRECTION('',(0.,-1.,0.));
#2613=DIRECTION('',(0.,0.,-1.));
#2614=DIRECTION('',(0.,-1.,0.));
#2615=DIRECTION('',(0.,0.,-1.));
#2616=DIRECTION('',(0.,-1.,0.));
#2617=DIRECTION('',(0.,0.,-1.));
#2618=DIRECTION('',(0.,-1.,0.));
#2619=DIRECTION('',(0.,0.,-1.));
#2620=DIRECTION('',(0.,-1.,0.));
#2621=DIRECTION('',(0.,0.,-1.));
#2622=DIRECTION('',(0.,1.,0.));
#2623=DIRECTION('',(0.,0.,1.));
#2624=DIRECTION('',(0.,1.,0.));
#2625=DIRECTION('',(0.,1.,0.));
#2626=DIRECTION('',(-0.707106781186548,0.,-0.707106781186548));
#2627=DIRECTION('',(-0.707106781186548,0.,0.707106781186548));
#2628=DIRECTION('',(0.,1.,0.));
#2629=DIRECTION('',(0.,1.,0.));
#2630=DIRECTION('',(0.,0.,1.));
#2631=DIRECTION('',(0.,1.,0.));
#2632=DIRECTION('',(0.707106781186548,0.,0.707106781186548));
#2633=DIRECTION('',(0.707106781186548,0.,-0.707106781186548));
#2634=DIRECTION('',(0.,1.,0.));
#2635=DIRECTION('',(0.,0.,1.));
#2636=DIRECTION('',(0.,1.,0.));
#2637=DIRECTION('',(0.,1.,0.));
#2638=DIRECTION('',(1.89711666226685E-15,0.,-1.));
#2639=DIRECTION('',(-1.,0.,-1.89711666226685E-15));
#2640=DIRECTION('',(0.,1.,0.));
#2641=DIRECTION('',(0.,1.,0.));
#2642=DIRECTION('',(0.,0.,1.));
#2643=DIRECTION('',(0.,1.,0.));
#2644=DIRECTION('',(-1.63152032954949E-15,0.,1.));
#2645=DIRECTION('',(1.,0.,1.63152032954949E-15));
#2646=DIRECTION('',(0.,1.,0.));
#2647=DIRECTION('',(0.,0.,1.));
#2648=DIRECTION('',(0.,1.,0.));
#2649=DIRECTION('',(0.,1.,0.));
#2650=DIRECTION('',(0.70710678118655,0.,-0.707106781186545));
#2651=DIRECTION('',(-0.707106781186545,0.,-0.70710678118655));
#2652=DIRECTION('',(0.,1.,0.));
#2653=DIRECTION('',(0.,1.,0.));
#2654=DIRECTION('',(0.,0.,1.));
#2655=DIRECTION('',(0.,1.,0.));
#2656=DIRECTION('',(-0.70710678118655,0.,0.707106781186545));
#2657=DIRECTION('',(0.707106781186545,0.,0.70710678118655));
#2658=DIRECTION('',(0.,1.,0.));
#2659=DIRECTION('',(0.,0.,1.));
#2660=DIRECTION('',(0.,1.,0.));
#2661=DIRECTION('',(0.,1.,0.));
#2662=DIRECTION('',(1.,0.,5.57752298706454E-15));
#2663=DIRECTION('',(5.57752298706454E-15,0.,-1.));
#2664=DIRECTION('',(0.,1.,0.));
#2665=DIRECTION('',(0.,1.,0.));
#2666=DIRECTION('',(0.,0.,1.));
#2667=DIRECTION('',(0.,1.,0.));
#2668=DIRECTION('',(-1.,0.,-5.23604198785651E-15));
#2669=DIRECTION('',(-5.23604198785651E-15,0.,1.));
#2670=DIRECTION('',(0.,1.,0.));
#2671=DIRECTION('',(0.,0.,1.));
#2672=DIRECTION('',(0.,1.,0.));
#2673=DIRECTION('',(0.,1.,0.));
#2674=DIRECTION('',(0.707106781186543,0.,0.707106781186553));
#2675=DIRECTION('',(0.707106781186553,0.,-0.707106781186543));
#2676=DIRECTION('',(0.,1.,0.));
#2677=DIRECTION('',(0.,1.,0.));
#2678=DIRECTION('',(0.,0.,1.));
#2679=DIRECTION('',(0.,1.,0.));
#2680=DIRECTION('',(-0.707106781186543,0.,-0.707106781186553));
#2681=DIRECTION('',(-0.707106781186553,0.,0.707106781186543));
#2682=DIRECTION('',(0.,1.,0.));
#2683=DIRECTION('',(0.,0.,1.));
#2684=DIRECTION('',(0.,1.,0.));
#2685=DIRECTION('',(0.,1.,0.));
#2686=DIRECTION('',(-8.99233297914487E-15,0.,1.));
#2687=DIRECTION('',(1.,0.,8.99233297914487E-15));
#2688=DIRECTION('',(0.,1.,0.));
#2689=DIRECTION('',(0.,1.,0.));
#2690=DIRECTION('',(0.,0.,1.));
#2691=DIRECTION('',(0.,1.,0.));
#2692=DIRECTION('',(8.6129096466915E-15,0.,-1.));
#2693=DIRECTION('',(-1.,0.,-8.6129096466915E-15));
#2694=DIRECTION('',(0.,1.,0.));
#2695=DIRECTION('',(0.,0.,1.));
#2696=DIRECTION('',(0.,1.,0.));
#2697=DIRECTION('',(0.,1.,0.));
#2698=DIRECTION('',(-0.707106781186555,0.,0.70710678118654));
#2699=DIRECTION('',(0.70710678118654,0.,0.707106781186555));
#2700=DIRECTION('',(0.,1.,0.));
#2701=DIRECTION('',(0.,1.,0.));
#2702=DIRECTION('',(0.,0.,1.));
#2703=DIRECTION('',(0.,1.,0.));
#2704=DIRECTION('',(0.707106781186555,0.,-0.70710678118654));
#2705=DIRECTION('',(-0.70710678118654,0.,-0.707106781186555));
#2706=DIRECTION('',(0.,1.,0.));
#2707=DIRECTION('',(0.,0.,1.));
#2708=DIRECTION('',(0.,1.,0.));
#2709=DIRECTION('',(0.,1.,0.));
#2710=DIRECTION('',(-1.,0.,-1.24071429712252E-14));
#2711=DIRECTION('',(-1.24071429712252E-14,0.,1.));
#2712=DIRECTION('',(0.,1.,0.));
#2713=DIRECTION('',(0.,1.,0.));
#2714=DIRECTION('',(0.,0.,1.));
#2715=DIRECTION('',(0.,1.,0.));
#2716=DIRECTION('',(1.,0.,1.20277196387718E-14));
#2717=DIRECTION('',(1.20277196387718E-14,0.,-1.));
#2718=DIRECTION('',(0.,1.,0.));
#2719=DIRECTION('',(0.,0.,1.));
#2720=DIRECTION('',(0.,1.,0.));
#2721=DIRECTION('',(0.,1.,0.));
#2722=DIRECTION('',(-1.,0.,0.));
#2723=DIRECTION('',(0.,0.,1.));
#2724=DIRECTION('',(0.,1.,0.));
#2725=DIRECTION('',(0.,1.,0.));
#2726=DIRECTION('',(0.,0.,1.));
#2727=DIRECTION('',(0.,1.,0.));
#2728=DIRECTION('',(0.,0.,-1.));
#2729=DIRECTION('',(-1.,0.,0.));
#2730=DIRECTION('',(0.,1.,0.));
#2731=DIRECTION('',(0.,1.,0.));
#2732=DIRECTION('',(0.,0.,1.));
#2733=DIRECTION('',(0.,1.,0.));
#2734=DIRECTION('',(1.,0.,0.));
#2735=DIRECTION('',(0.,0.,-1.));
#2736=DIRECTION('',(0.,1.,0.));
#2737=DIRECTION('',(0.,1.,0.));
#2738=DIRECTION('',(0.,0.,1.));
#2739=DIRECTION('',(0.,1.,0.));
#2740=DIRECTION('',(0.,0.,1.));
#2741=DIRECTION('',(1.,0.,0.));
#2742=DIRECTION('',(0.,1.,0.));
#2743=DIRECTION('',(0.,0.,1.));
#2744=DIRECTION('',(0.,1.,0.));
#2745=DIRECTION('',(0.,1.,0.));
#2746=DIRECTION('',(1.,0.,0.));
#2747=DIRECTION('',(0.,0.,-1.));
#2748=DIRECTION('',(0.,1.,0.));
#2749=DIRECTION('',(0.,1.,0.));
#2750=DIRECTION('',(0.,0.,1.));
#2751=DIRECTION('',(0.,1.,0.));
#2752=DIRECTION('',(0.,0.,1.));
#2753=DIRECTION('',(1.,0.,0.));
#2754=DIRECTION('',(0.,1.,0.));
#2755=DIRECTION('',(0.,1.,0.));
#2756=DIRECTION('',(0.,0.,1.));
#2757=DIRECTION('',(0.,1.,0.));
#2758=DIRECTION('',(-1.,0.,0.));
#2759=DIRECTION('',(0.,0.,1.));
#2760=DIRECTION('',(0.,1.,0.));
#2761=DIRECTION('',(0.,1.,0.));
#2762=DIRECTION('',(0.,0.,1.));
#2763=DIRECTION('',(0.,1.,0.));
#2764=DIRECTION('',(0.,0.,-1.));
#2765=DIRECTION('',(-1.,0.,0.));
#2766=DIRECTION('',(0.,1.,0.));
#2767=DIRECTION('',(0.,0.,1.));
#2768=DIRECTION('',(0.,1.,0.));
#2769=DIRECTION('',(0.,1.,0.));
#2770=DIRECTION('',(0.,0.,1.));
#2771=DIRECTION('',(1.,0.,0.));
#2772=DIRECTION('',(0.,1.,0.));
#2773=DIRECTION('',(0.,1.,0.));
#2774=DIRECTION('',(0.,0.,1.));
#2775=DIRECTION('',(0.,1.,0.));
#2776=DIRECTION('',(-1.,0.,0.));
#2777=DIRECTION('',(0.,0.,1.));
#2778=DIRECTION('',(0.,1.,0.));
#2779=DIRECTION('',(0.,1.,0.));
#2780=DIRECTION('',(0.,0.,1.));
#2781=DIRECTION('',(0.,1.,0.));
#2782=DIRECTION('',(0.,0.,-1.));
#2783=DIRECTION('',(-1.,0.,0.));
#2784=DIRECTION('',(0.,1.,0.));
#2785=DIRECTION('',(0.,1.,0.));
#2786=DIRECTION('',(0.,0.,1.));
#2787=DIRECTION('',(0.,1.,0.));
#2788=DIRECTION('',(1.,0.,0.));
#2789=DIRECTION('',(0.,0.,-1.));
#2790=DIRECTION('',(0.,1.,0.));
#2791=DIRECTION('',(0.,0.,1.));
#2792=DIRECTION('',(0.,1.,0.));
#2793=DIRECTION('',(0.,1.,0.));
#2794=DIRECTION('',(0.,0.,-1.));
#2795=DIRECTION('',(-1.,0.,0.));
#2796=DIRECTION('',(0.,1.,0.));
#2797=DIRECTION('',(0.,1.,0.));
#2798=DIRECTION('',(0.,0.,1.));
#2799=DIRECTION('',(0.,1.,0.));
#2800=DIRECTION('',(1.,0.,0.));
#2801=DIRECTION('',(0.,0.,-1.));
#2802=DIRECTION('',(0.,1.,0.));
#2803=DIRECTION('',(0.,1.,0.));
#2804=DIRECTION('',(0.,0.,1.));
#2805=DIRECTION('',(0.,1.,0.));
#2806=DIRECTION('',(0.,0.,1.));
#2807=DIRECTION('',(1.,0.,0.));
#2808=DIRECTION('',(0.,1.,0.));
#2809=DIRECTION('',(0.,1.,0.));
#2810=DIRECTION('',(0.,0.,1.));
#2811=DIRECTION('',(0.,1.,0.));
#2812=DIRECTION('',(-1.,0.,0.));
#2813=DIRECTION('',(0.,0.,1.));
#2814=CARTESIAN_POINT('',(0.,0.,0.));
#2815=CARTESIAN_POINT('',(0.0232448166265084,0.00254,0.03937));
#2816=CARTESIAN_POINT('',(-0.0687228749999999,0.00254,-0.013335));
#2817=CARTESIAN_POINT('',(-0.0687228749999999,0.00254,-0.013335));
#2818=CARTESIAN_POINT('',(-0.0687228749999999,0.00254,-0.012065));
#2819=CARTESIAN_POINT('',(-0.0674528749999999,0.00254,-0.013335));
#2820=CARTESIAN_POINT('',(-0.0674528749999999,0.00254,-0.014605));
#2821=CARTESIAN_POINT('',(-0.044592875,0.00254,-0.014605));
#2822=CARTESIAN_POINT('',(-0.044592875,0.00254,-0.014605));
#2823=CARTESIAN_POINT('',(-0.044592875,0.00254,-0.013335));
#2824=CARTESIAN_POINT('',(-0.043322875,0.00254,-0.013335));
#2825=CARTESIAN_POINT('',(-0.043322875,0.00254,-0.013335));
#2826=CARTESIAN_POINT('',(-0.043322875,0.00254,-0.012065));
#2827=CARTESIAN_POINT('',(-0.044592875,0.00254,-0.012065));
#2828=CARTESIAN_POINT('',(-0.044592875,0.00254,-0.010795));
#2829=CARTESIAN_POINT('',(-0.044592875,0.00254,-0.010795));
#2830=CARTESIAN_POINT('',(-0.0674528749999999,0.00254,-0.010795));
#2831=CARTESIAN_POINT('',(-0.0674528749999999,0.00254,-0.012065));
#2832=CARTESIAN_POINT('',(-0.043322875,0.00254,0.013335));
#2833=CARTESIAN_POINT('',(-0.043322875,0.00254,0.013335));
#2834=CARTESIAN_POINT('',(-0.043322875,0.00254,0.012065));
#2835=CARTESIAN_POINT('',(-0.044592875,0.00254,0.013335));
#2836=CARTESIAN_POINT('',(-0.044592875,0.00254,0.014605));
#2837=CARTESIAN_POINT('',(-0.044592875,0.00254,0.014605));
#2838=CARTESIAN_POINT('',(-0.0674528749999999,0.00254,0.014605));
#2839=CARTESIAN_POINT('',(-0.0674528749999999,0.00254,0.013335));
#2840=CARTESIAN_POINT('',(-0.0687228749999999,0.00254,0.013335));
#2841=CARTESIAN_POINT('',(-0.0687228749999999,0.00254,0.013335));
#2842=CARTESIAN_POINT('',(-0.0687228749999999,0.00254,0.012065));
#2843=CARTESIAN_POINT('',(-0.0674528749999999,0.00254,0.012065));
#2844=CARTESIAN_POINT('',(-0.0674528749999999,0.00254,0.010795));
#2845=CARTESIAN_POINT('',(-0.044592875,0.00254,0.010795));
#2846=CARTESIAN_POINT('',(-0.044592875,0.00254,0.010795));
#2847=CARTESIAN_POINT('',(-0.044592875,0.00254,0.012065));
#2848=CARTESIAN_POINT('',(0.044592875,0.00254,0.010795));
#2849=CARTESIAN_POINT('',(0.0674528749999999,0.00254,0.010795));
#2850=CARTESIAN_POINT('',(0.044592875,0.00254,0.010795));
#2851=CARTESIAN_POINT('',(0.0674528749999999,0.00254,0.012065));
#2852=CARTESIAN_POINT('',(0.0687228749999999,0.00254,0.012065));
#2853=CARTESIAN_POINT('',(0.0687228749999999,0.00254,0.013335));
#2854=CARTESIAN_POINT('',(0.0687228749999999,0.00254,0.013335));
#2855=CARTESIAN_POINT('',(0.0674528749999999,0.00254,0.013335));
#2856=CARTESIAN_POINT('',(0.0674528749999999,0.00254,0.014605));
#2857=CARTESIAN_POINT('',(0.044592875,0.00254,0.014605));
#2858=CARTESIAN_POINT('',(0.044592875,0.00254,0.014605));
#2859=CARTESIAN_POINT('',(0.044592875,0.00254,0.013335));
#2860=CARTESIAN_POINT('',(0.043322875,0.00254,0.013335));
#2861=CARTESIAN_POINT('',(0.043322875,0.00254,0.013335));
#2862=CARTESIAN_POINT('',(0.043322875,0.00254,0.012065));
#2863=CARTESIAN_POINT('',(0.044592875,0.00254,0.012065));
#2864=CARTESIAN_POINT('',(0.044592875,0.00254,-0.010795));
#2865=CARTESIAN_POINT('',(0.044592875,0.00254,-0.010795));
#2866=CARTESIAN_POINT('',(0.0674528749999999,0.00254,-0.010795));
#2867=CARTESIAN_POINT('',(0.044592875,0.00254,-0.012065));
#2868=CARTESIAN_POINT('',(0.043322875,0.00254,-0.012065));
#2869=CARTESIAN_POINT('',(0.043322875,0.00254,-0.013335));
#2870=CARTESIAN_POINT('',(0.043322875,0.00254,-0.013335));
#2871=CARTESIAN_POINT('',(0.044592875,0.00254,-0.013335));
#2872=CARTESIAN_POINT('',(0.044592875,0.00254,-0.014605));
#2873=CARTESIAN_POINT('',(0.044592875,0.00254,-0.014605));
#2874=CARTESIAN_POINT('',(0.0674528749999999,0.00254,-0.014605));
#2875=CARTESIAN_POINT('',(0.0674528749999999,0.00254,-0.013335));
#2876=CARTESIAN_POINT('',(0.0687228749999999,0.00254,-0.013335));
#2877=CARTESIAN_POINT('',(0.0687228749999999,0.00254,-0.013335));
#2878=CARTESIAN_POINT('',(0.0687228749999999,0.00254,-0.012065));
#2879=CARTESIAN_POINT('',(0.0674528749999999,0.00254,-0.012065));
#2880=CARTESIAN_POINT('',(0.0012700000000002,0.00254,-0.01651));
#2881=CARTESIAN_POINT('',(0.0012700000000002,0.00254,-0.01651));
#2882=CARTESIAN_POINT('',(0.00127000000000048,0.00254,-0.03937));
#2883=CARTESIAN_POINT('',(1.99493199737333E-16,0.00254,-0.01651));
#2884=CARTESIAN_POINT('',(-0.0012699999999998,0.00254,-0.01651));
#2885=CARTESIAN_POINT('',(-0.0012699999999998,0.00254,-0.01651));
#2886=CARTESIAN_POINT('',(-0.00126999999999952,0.00254,-0.03937));
#2887=CARTESIAN_POINT('',(4.82253126321553E-16,0.00254,-0.03937));
#2888=CARTESIAN_POINT('',(-0.0107763073452829,0.00254,-0.0125723585694969));
#2889=CARTESIAN_POINT('',(-0.0107763073452829,0.00254,-0.0125723585694969));
#2890=CARTESIAN_POINT('',(-0.0269407683632072,0.00254,-0.0287368195874216));
#2891=CARTESIAN_POINT('',(-0.0116743329573898,0.00254,-0.01167433295739));
#2892=CARTESIAN_POINT('',(-0.0125723585694967,0.00254,-0.0107763073452831));
#2893=CARTESIAN_POINT('',(-0.0125723585694967,0.00254,-0.0107763073452831));
#2894=CARTESIAN_POINT('',(-0.028736819587421,0.00254,-0.0269407683632078));
#2895=CARTESIAN_POINT('',(-0.0278387939753141,0.00254,-0.0278387939753147));
#2896=CARTESIAN_POINT('',(-0.01651,0.00254,-0.00127000000000014));
#2897=CARTESIAN_POINT('',(-0.01651,0.00254,-0.00127000000000015));
#2898=CARTESIAN_POINT('',(-0.03937,0.00254,-0.00127000000000034));
#2899=CARTESIAN_POINT('',(-0.01651,0.00254,-1.42247325030098E-16));
#2900=CARTESIAN_POINT('',(-0.01651,0.00254,0.00126999999999986));
#2901=CARTESIAN_POINT('',(-0.01651,0.00254,0.00126999999999986));
#2902=CARTESIAN_POINT('',(-0.03937,0.00254,0.00126999999999965));
#2903=CARTESIAN_POINT('',(-0.03937,0.00254,-3.43475248243408E-16));
#2904=CARTESIAN_POINT('',(-0.0125723585694969,0.00254,0.0107763073452829));
#2905=CARTESIAN_POINT('',(-0.0125723585694969,0.00254,0.0107763073452829));
#2906=CARTESIAN_POINT('',(-0.0287368195874215,0.00254,0.0269407683632072));
#2907=CARTESIAN_POINT('',(-0.01167433295739,0.00254,0.0116743329573898));
#2908=CARTESIAN_POINT('',(-0.0107763073452831,0.00254,0.0125723585694967));
#2909=CARTESIAN_POINT('',(-0.0107763073452831,0.00254,0.0125723585694967));
#2910=CARTESIAN_POINT('',(-0.0269407683632077,0.00254,0.0287368195874211));
#2911=CARTESIAN_POINT('',(-0.0278387939753146,0.00254,0.0278387939753142));
#2912=CARTESIAN_POINT('',(-0.00127000000000008,0.00254,0.01651));
#2913=CARTESIAN_POINT('',(-0.00127000000000008,0.00254,0.01651));
#2914=CARTESIAN_POINT('',(-0.0012700000000002,0.00254,0.03937));
#2915=CARTESIAN_POINT('',(-8.50014503228636E-17,0.00254,0.01651));
#2916=CARTESIAN_POINT('',(0.00126999999999992,0.00254,0.01651));
#2917=CARTESIAN_POINT('',(0.00126999999999992,0.00254,0.01651));
#2918=CARTESIAN_POINT('',(0.00126999999999979,0.00254,0.03937));
#2919=CARTESIAN_POINT('',(-2.04697370165263E-16,0.00254,0.03937));
#2920=CARTESIAN_POINT('',(0.010776307345283,0.00254,0.0125723585694969));
#2921=CARTESIAN_POINT('',(0.010776307345283,0.00254,0.0125723585694969));
#2922=CARTESIAN_POINT('',(0.0269407683632073,0.00254,0.0287368195874214));
#2923=CARTESIAN_POINT('',(0.0116743329573899,0.00254,0.0116743329573899));
#2924=CARTESIAN_POINT('',(0.0125723585694968,0.00254,0.010776307345283));
#2925=CARTESIAN_POINT('',(0.0125723585694968,0.00254,0.010776307345283));
#2926=CARTESIAN_POINT('',(0.0287368195874212,0.00254,0.0269407683632076));
#2927=CARTESIAN_POINT('',(0.0278387939753143,0.00254,0.0278387939753145));
#2928=CARTESIAN_POINT('',(0.01651,0.00254,0.00127000000000003));
#2929=CARTESIAN_POINT('',(0.01651,0.00254,0.00127000000000003));
#2930=CARTESIAN_POINT('',(0.03937,0.00254,0.00127000000000007));
#2931=CARTESIAN_POINT('',(0.01651,0.00254,2.77555756156289E-17));
#2932=CARTESIAN_POINT('',(0.01651,0.00254,-0.00126999999999997));
#2933=CARTESIAN_POINT('',(0.01651,0.00254,-0.00126999999999997));
#2934=CARTESIAN_POINT('',(0.03937,0.00254,-0.00126999999999993));
#2935=CARTESIAN_POINT('',(0.03937,0.00254,6.93889390390723E-17));
#2936=CARTESIAN_POINT('',(0.0125723585694968,0.00254,-0.010776307345283));
#2937=CARTESIAN_POINT('',(0.0125723585694968,0.00254,-0.010776307345283));
#2938=CARTESIAN_POINT('',(0.0287368195874213,0.00254,-0.0269407683632075));
#2939=CARTESIAN_POINT('',(0.0116743329573899,0.00254,-0.0116743329573899));
#2940=CARTESIAN_POINT('',(0.010776307345283,0.00254,-0.0125723585694968));
#2941=CARTESIAN_POINT('',(0.010776307345283,0.00254,-0.0125723585694968));
#2942=CARTESIAN_POINT('',(0.0269407683632075,0.00254,-0.0287368195874213));
#2943=CARTESIAN_POINT('',(0.0278387939753144,0.00254,-0.0278387939753144));
#2944=CARTESIAN_POINT('',(0.0232448166265084,0.00254,0.03937));
#2945=CARTESIAN_POINT('',(0.0232448166265084,0.00254,0.04445));
#2946=CARTESIAN_POINT('',(0.0258275740294538,0.00254,0.0437444444444444));
#2947=CARTESIAN_POINT('',(1.38777878078145E-17,0.00254,-2.08166817117217E-17));
#2948=CARTESIAN_POINT('',(0.0434826634376077,0.00254,0.0262659090909059));
#2949=CARTESIAN_POINT('',(0.0478309297813685,0.00254,0.0288924999999965));
#2950=CARTESIAN_POINT('',(0.0478309297813684,0.00254,0.0238124999999965));
#2951=CARTESIAN_POINT('',(0.0478309297813684,0.00254,0.0238124999999965));
#2952=CARTESIAN_POINT('',(0.071516875,0.00254,0.023812499999996));
#2953=CARTESIAN_POINT('',(0.071516875,0.00254,0.023812499999996));
#2954=CARTESIAN_POINT('',(0.0765968749999999,0.00254,0.0187324999999959));
#2955=CARTESIAN_POINT('',(0.076596875,0.00254,-0.0187324999999995));
#2956=CARTESIAN_POINT('',(0.076596875,0.00254,-0.0187324999999995));
#2957=CARTESIAN_POINT('',(0.071516875,0.00254,-0.0238124999999995));
#2958=CARTESIAN_POINT('',(0.071516875,0.00254,-0.0238124999999995));
#2959=CARTESIAN_POINT('',(0.0478309297813668,0.00254,-0.0238124999999993));
#2960=CARTESIAN_POINT('',(0.0478309297813668,0.00254,-0.0238124999999993));
#2961=CARTESIAN_POINT('',(0.0478309297813668,0.00254,-0.0288924999999993));
#2962=CARTESIAN_POINT('',(0.0434826634376062,0.00254,-0.0262659090909085));
#2963=CARTESIAN_POINT('',(1.38777878078145E-17,0.00254,-2.08166817117217E-17));
#2964=CARTESIAN_POINT('',(0.0258275740294537,0.00254,-0.0437444444444444));
#2965=CARTESIAN_POINT('',(0.0232448166265084,0.00254,-0.03937));
#2966=CARTESIAN_POINT('',(0.0232448166265084,0.00254,-0.04445));
#2967=CARTESIAN_POINT('',(-0.0232448166265084,0.00254,-0.04445));
#2968=CARTESIAN_POINT('',(-0.0232448166265084,0.00254,-0.04445));
#2969=CARTESIAN_POINT('',(-0.0232448166265084,0.00254,-0.03937));
#2970=CARTESIAN_POINT('',(-0.0258275740294537,0.00254,-0.0437444444444444));
#2971=CARTESIAN_POINT('',(1.38777878078145E-17,0.00254,-2.08166817117217E-17));
#2972=CARTESIAN_POINT('',(-0.0434826634376058,0.00254,-0.0262659090909091));
#2973=CARTESIAN_POINT('',(-0.0478309297813664,0.00254,-0.0288925));
#2974=CARTESIAN_POINT('',(-0.0478309297813664,0.00254,-0.0238125));
#2975=CARTESIAN_POINT('',(-0.071516875,0.00254,-0.0238125));
#2976=CARTESIAN_POINT('',(-0.071516875,0.00254,-0.0238125));
#2977=CARTESIAN_POINT('',(-0.071516875,0.00254,-0.0238125));
#2978=CARTESIAN_POINT('',(-0.076596875,0.00254,-0.0187325));
#2979=CARTESIAN_POINT('',(-0.076596875,0.00254,-0.0187325));
#2980=CARTESIAN_POINT('',(-0.076596875,0.00254,0.018732499999999));
#2981=CARTESIAN_POINT('',(-0.076596875,0.00254,0.018732499999999));
#2982=CARTESIAN_POINT('',(-0.071516875,0.00254,0.0238124999999989));
#2983=CARTESIAN_POINT('',(-0.071516875,0.00254,0.0238124999999989));
#2984=CARTESIAN_POINT('',(-0.0478309297813674,0.00254,0.0238124999999985));
#2985=CARTESIAN_POINT('',(-0.0478309297813673,0.00254,0.0288924999999985));
#2986=CARTESIAN_POINT('',(-0.0434826634376066,0.00254,0.0262659090909077));
#2987=CARTESIAN_POINT('',(1.38777878078145E-17,0.00254,-2.08166817117217E-17));
#2988=CARTESIAN_POINT('',(-0.0258275740294537,0.00254,0.0437444444444444));
#2989=CARTESIAN_POINT('',(-0.0232448166265084,0.00254,0.03937));
#2990=CARTESIAN_POINT('',(-0.0232448166265084,0.00254,0.04445));
#2991=CARTESIAN_POINT('',(-0.0232448166265084,0.00254,0.04445));
#2992=CARTESIAN_POINT('',(0.0368190500963837,0.00254,-0.0281980042201571));
#2993=CARTESIAN_POINT('',(0.0368190500963837,0.00254,-0.0271820042201571));
#2994=CARTESIAN_POINT('',(1.38777878078145E-17,0.00254,-2.08166817117217E-17));
#2995=CARTESIAN_POINT('',(1.38777878078145E-17,0.00254,0.00634999999999998));
#2996=CARTESIAN_POINT('',(0.0281980042201573,0.00254,-0.0368190500963834));
#2997=CARTESIAN_POINT('',(0.0281980042201573,0.00254,-0.0378350500963833));
#2998=CARTESIAN_POINT('',(0.028198004220157,0.00254,0.0368190500963837));
#2999=CARTESIAN_POINT('',(0.028198004220157,0.00254,0.0378350500963838));
#3000=CARTESIAN_POINT('',(0.0368190500963834,0.00254,0.0281980042201575));
#3001=CARTESIAN_POINT('',(0.0368190500963834,0.00254,0.0271820042201576));
#3002=CARTESIAN_POINT('',(-0.0368190500963839,0.00254,0.0281980042201568));
#3003=CARTESIAN_POINT('',(-0.0368190500963839,0.00254,0.0292140042201568));
#3004=CARTESIAN_POINT('',(-0.0281980042201576,0.00254,0.0368190500963832));
#3005=CARTESIAN_POINT('',(-0.0281980042201576,0.00254,0.0358030500963834));
#3006=CARTESIAN_POINT('',(-0.0281980042201567,0.00254,-0.036819050096384));
#3007=CARTESIAN_POINT('',(-0.0281980042201567,0.00254,-0.035803050096384));
#3008=CARTESIAN_POINT('',(-0.0368190500963832,0.00254,-0.0281980042201577));
#3009=CARTESIAN_POINT('',(-0.0368190500963832,0.00254,-0.0292140042201576));
#3010=CARTESIAN_POINT('',(0.0232448166265084,0.,0.03937));
#3011=CARTESIAN_POINT('',(-0.0674528749999999,0.,-0.013335));
#3012=CARTESIAN_POINT('',(-0.0674528749999999,0.,-0.014605));
#3013=CARTESIAN_POINT('',(-0.0687228749999999,0.,-0.013335));
#3014=CARTESIAN_POINT('',(-0.0687228749999999,0.,-0.013335));
#3015=CARTESIAN_POINT('',(-0.0687228749999999,0.,-0.012065));
#3016=CARTESIAN_POINT('',(-0.0674528749999999,0.,-0.012065));
#3017=CARTESIAN_POINT('',(-0.0674528749999999,0.,-0.010795));
#3018=CARTESIAN_POINT('',(-0.044592875,0.,-0.010795));
#3019=CARTESIAN_POINT('',(-0.044592875,0.,-0.010795));
#3020=CARTESIAN_POINT('',(-0.044592875,0.,-0.012065));
#3021=CARTESIAN_POINT('',(-0.043322875,0.,-0.012065));
#3022=CARTESIAN_POINT('',(-0.043322875,0.,-0.013335));
#3023=CARTESIAN_POINT('',(-0.043322875,0.,-0.013335));
#3024=CARTESIAN_POINT('',(-0.044592875,0.,-0.013335));
#3025=CARTESIAN_POINT('',(-0.044592875,0.,-0.014605));
#3026=CARTESIAN_POINT('',(-0.044592875,0.,-0.014605));
#3027=CARTESIAN_POINT('',(-0.044592875,0.,0.013335));
#3028=CARTESIAN_POINT('',(-0.044592875,0.,0.014605));
#3029=CARTESIAN_POINT('',(-0.043322875,0.,0.013335));
#3030=CARTESIAN_POINT('',(-0.043322875,0.,0.013335));
#3031=CARTESIAN_POINT('',(-0.043322875,0.,0.012065));
#3032=CARTESIAN_POINT('',(-0.044592875,0.,0.012065));
#3033=CARTESIAN_POINT('',(-0.044592875,0.,0.010795));
#3034=CARTESIAN_POINT('',(-0.044592875,0.,0.010795));
#3035=CARTESIAN_POINT('',(-0.0674528749999999,0.,0.010795));
#3036=CARTESIAN_POINT('',(-0.0674528749999999,0.,0.012065));
#3037=CARTESIAN_POINT('',(-0.0687228749999999,0.,0.012065));
#3038=CARTESIAN_POINT('',(-0.0687228749999999,0.,0.013335));
#3039=CARTESIAN_POINT('',(-0.0687228749999999,0.,0.013335));
#3040=CARTESIAN_POINT('',(-0.0674528749999999,0.,0.013335));
#3041=CARTESIAN_POINT('',(-0.0674528749999999,0.,0.014605));
#3042=CARTESIAN_POINT('',(-0.044592875,0.,0.014605));
#3043=CARTESIAN_POINT('',(0.0674528749999999,0.,0.012065));
#3044=CARTESIAN_POINT('',(0.0687228749999999,0.,0.012065));
#3045=CARTESIAN_POINT('',(0.0674528749999999,0.,0.010795));
#3046=CARTESIAN_POINT('',(0.044592875,0.,0.010795));
#3047=CARTESIAN_POINT('',(0.044592875,0.,0.010795));
#3048=CARTESIAN_POINT('',(0.044592875,0.,0.012065));
#3049=CARTESIAN_POINT('',(0.043322875,0.,0.012065));
#3050=CARTESIAN_POINT('',(0.043322875,0.,0.013335));
#3051=CARTESIAN_POINT('',(0.043322875,0.,0.013335));
#3052=CARTESIAN_POINT('',(0.044592875,0.,0.013335));
#3053=CARTESIAN_POINT('',(0.044592875,0.,0.014605));
#3054=CARTESIAN_POINT('',(0.044592875,0.,0.014605));
#3055=CARTESIAN_POINT('',(0.0674528749999999,0.,0.014605));
#3056=CARTESIAN_POINT('',(0.0674528749999999,0.,0.013335));
#3057=CARTESIAN_POINT('',(0.0687228749999999,0.,0.013335));
#3058=CARTESIAN_POINT('',(0.0687228749999999,0.,0.013335));
#3059=CARTESIAN_POINT('',(0.044592875,0.,-0.012065));
#3060=CARTESIAN_POINT('',(0.043322875,0.,-0.012065));
#3061=CARTESIAN_POINT('',(0.044592875,0.,-0.010795));
#3062=CARTESIAN_POINT('',(0.044592875,0.,-0.010795));
#3063=CARTESIAN_POINT('',(0.0674528749999999,0.,-0.010795));
#3064=CARTESIAN_POINT('',(0.0674528749999999,0.,-0.012065));
#3065=CARTESIAN_POINT('',(0.0687228749999999,0.,-0.012065));
#3066=CARTESIAN_POINT('',(0.0687228749999999,0.,-0.013335));
#3067=CARTESIAN_POINT('',(0.0687228749999999,0.,-0.013335));
#3068=CARTESIAN_POINT('',(0.0674528749999999,0.,-0.013335));
#3069=CARTESIAN_POINT('',(0.0674528749999999,0.,-0.014605));
#3070=CARTESIAN_POINT('',(0.044592875,0.,-0.014605));
#3071=CARTESIAN_POINT('',(0.044592875,0.,-0.014605));
#3072=CARTESIAN_POINT('',(0.044592875,0.,-0.013335));
#3073=CARTESIAN_POINT('',(0.043322875,0.,-0.013335));
#3074=CARTESIAN_POINT('',(0.043322875,0.,-0.013335));
#3075=CARTESIAN_POINT('',(1.99493199737333E-16,0.,-0.01651));
#3076=CARTESIAN_POINT('',(-0.0012699999999998,0.,-0.01651));
#3077=CARTESIAN_POINT('',(0.0012700000000002,0.,-0.01651));
#3078=CARTESIAN_POINT('',(0.0012700000000002,0.,-0.01651));
#3079=CARTESIAN_POINT('',(0.00127000000000048,0.,-0.03937));
#3080=CARTESIAN_POINT('',(4.82253126321553E-16,0.,-0.03937));
#3081=CARTESIAN_POINT('',(-0.00126999999999952,0.,-0.03937));
#3082=CARTESIAN_POINT('',(-0.0012699999999998,0.,-0.01651));
#3083=CARTESIAN_POINT('',(-0.0116743329573898,0.,-0.01167433295739));
#3084=CARTESIAN_POINT('',(-0.0125723585694967,0.,-0.0107763073452831));
#3085=CARTESIAN_POINT('',(-0.0107763073452829,0.,-0.0125723585694969));
#3086=CARTESIAN_POINT('',(-0.0107763073452829,0.,-0.0125723585694969));
#3087=CARTESIAN_POINT('',(-0.0269407683632072,0.,-0.0287368195874216));
#3088=CARTESIAN_POINT('',(-0.0278387939753141,0.,-0.0278387939753147));
#3089=CARTESIAN_POINT('',(-0.028736819587421,0.,-0.0269407683632078));
#3090=CARTESIAN_POINT('',(-0.0125723585694967,0.,-0.0107763073452831));
#3091=CARTESIAN_POINT('',(-0.01651,0.,-1.42247325030098E-16));
#3092=CARTESIAN_POINT('',(-0.01651,0.,0.00126999999999986));
#3093=CARTESIAN_POINT('',(-0.01651,0.,-0.00127000000000014));
#3094=CARTESIAN_POINT('',(-0.01651,0.,-0.00127000000000014));
#3095=CARTESIAN_POINT('',(-0.03937,0.,-0.00127000000000034));
#3096=CARTESIAN_POINT('',(-0.03937,0.,-3.43475248243408E-16));
#3097=CARTESIAN_POINT('',(-0.03937,0.,0.00126999999999965));
#3098=CARTESIAN_POINT('',(-0.01651,0.,0.00126999999999986));
#3099=CARTESIAN_POINT('',(-0.01167433295739,0.,0.0116743329573898));
#3100=CARTESIAN_POINT('',(-0.0107763073452831,0.,0.0125723585694967));
#3101=CARTESIAN_POINT('',(-0.0125723585694969,0.,0.0107763073452829));
#3102=CARTESIAN_POINT('',(-0.0125723585694969,0.,0.0107763073452829));
#3103=CARTESIAN_POINT('',(-0.0287368195874215,0.,0.0269407683632072));
#3104=CARTESIAN_POINT('',(-0.0278387939753146,0.,0.0278387939753142));
#3105=CARTESIAN_POINT('',(-0.0269407683632077,0.,0.0287368195874211));
#3106=CARTESIAN_POINT('',(-0.0107763073452831,0.,0.0125723585694967));
#3107=CARTESIAN_POINT('',(-8.50014503228636E-17,0.,0.01651));
#3108=CARTESIAN_POINT('',(0.00126999999999992,0.,0.01651));
#3109=CARTESIAN_POINT('',(-0.00127000000000008,0.,0.01651));
#3110=CARTESIAN_POINT('',(-0.00127000000000008,0.,0.01651));
#3111=CARTESIAN_POINT('',(-0.0012700000000002,0.,0.03937));
#3112=CARTESIAN_POINT('',(-2.04697370165263E-16,0.,0.03937));
#3113=CARTESIAN_POINT('',(0.00126999999999979,0.,0.03937));
#3114=CARTESIAN_POINT('',(0.00126999999999992,0.,0.01651));
#3115=CARTESIAN_POINT('',(0.0116743329573899,0.,0.0116743329573899));
#3116=CARTESIAN_POINT('',(0.0125723585694968,0.,0.010776307345283));
#3117=CARTESIAN_POINT('',(0.010776307345283,0.,0.0125723585694969));
#3118=CARTESIAN_POINT('',(0.010776307345283,0.,0.0125723585694969));
#3119=CARTESIAN_POINT('',(0.0269407683632073,0.,0.0287368195874214));
#3120=CARTESIAN_POINT('',(0.0278387939753143,0.,0.0278387939753145));
#3121=CARTESIAN_POINT('',(0.0287368195874212,0.,0.0269407683632076));
#3122=CARTESIAN_POINT('',(0.0125723585694968,0.,0.010776307345283));
#3123=CARTESIAN_POINT('',(0.01651,0.,2.77555756156289E-17));
#3124=CARTESIAN_POINT('',(0.01651,0.,-0.00126999999999997));
#3125=CARTESIAN_POINT('',(0.01651,0.,0.00127000000000003));
#3126=CARTESIAN_POINT('',(0.01651,0.,0.00127000000000003));
#3127=CARTESIAN_POINT('',(0.03937,0.,0.00127000000000007));
#3128=CARTESIAN_POINT('',(0.03937,0.,6.93889390390723E-17));
#3129=CARTESIAN_POINT('',(0.03937,0.,-0.00126999999999993));
#3130=CARTESIAN_POINT('',(0.01651,0.,-0.00126999999999997));
#3131=CARTESIAN_POINT('',(0.0116743329573899,0.,-0.0116743329573899));
#3132=CARTESIAN_POINT('',(0.010776307345283,0.,-0.0125723585694968));
#3133=CARTESIAN_POINT('',(0.0125723585694968,0.,-0.010776307345283));
#3134=CARTESIAN_POINT('',(0.0125723585694968,0.,-0.010776307345283));
#3135=CARTESIAN_POINT('',(0.0287368195874213,0.,-0.0269407683632075));
#3136=CARTESIAN_POINT('',(0.0278387939753144,0.,-0.0278387939753144));
#3137=CARTESIAN_POINT('',(0.0269407683632075,0.,-0.0287368195874213));
#3138=CARTESIAN_POINT('',(0.010776307345283,0.,-0.0125723585694968));
#3139=CARTESIAN_POINT('',(-0.0368190500963832,0.,-0.0281980042201577));
#3140=CARTESIAN_POINT('',(-0.0368190500963832,0.,-0.0292140042201576));
#3141=CARTESIAN_POINT('',(-0.0368190500963839,0.,0.0281980042201568));
#3142=CARTESIAN_POINT('',(-0.0368190500963839,0.,0.0292140042201568));
#3143=CARTESIAN_POINT('',(0.0368190500963834,0.,0.0281980042201575));
#3144=CARTESIAN_POINT('',(0.0368190500963834,0.,0.0271820042201576));
#3145=CARTESIAN_POINT('',(1.38777878078145E-17,0.,-2.08166817117217E-17));
#3146=CARTESIAN_POINT('',(1.38777878078145E-17,0.,0.00634999999999998));
#3147=CARTESIAN_POINT('',(0.0232448166265084,0.,0.03937));
#3148=CARTESIAN_POINT('',(0.0232448166265084,0.,0.04445));
#3149=CARTESIAN_POINT('',(0.0258275740294538,0.,0.0437444444444444));
#3150=CARTESIAN_POINT('',(-0.0232448166265084,0.,0.04445));
#3151=CARTESIAN_POINT('',(-0.0232448166265084,0.,0.04445));
#3152=CARTESIAN_POINT('',(-0.0232448166265084,0.,0.03937));
#3153=CARTESIAN_POINT('',(-0.0258275740294537,0.,0.0437444444444444));
#3154=CARTESIAN_POINT('',(1.38777878078145E-17,0.,-2.08166817117217E-17));
#3155=CARTESIAN_POINT('',(-0.0434826634376066,0.,0.0262659090909077));
#3156=CARTESIAN_POINT('',(-0.0478309297813673,0.,0.0288924999999985));
#3157=CARTESIAN_POINT('',(-0.0478309297813674,0.,0.0238124999999985));
#3158=CARTESIAN_POINT('',(-0.071516875,0.,0.0238124999999989));
#3159=CARTESIAN_POINT('',(-0.071516875,0.,0.0238124999999989));
#3160=CARTESIAN_POINT('',(-0.076596875,0.,0.018732499999999));
#3161=CARTESIAN_POINT('',(-0.076596875,0.,0.018732499999999));
#3162=CARTESIAN_POINT('',(-0.076596875,0.,-0.0187325));
#3163=CARTESIAN_POINT('',(-0.076596875,0.,-0.0187325));
#3164=CARTESIAN_POINT('',(-0.071516875,0.,-0.0238125));
#3165=CARTESIAN_POINT('',(-0.071516875,0.,-0.0238125));
#3166=CARTESIAN_POINT('',(-0.071516875,0.,-0.0238125));
#3167=CARTESIAN_POINT('',(-0.0478309297813664,0.,-0.0238125));
#3168=CARTESIAN_POINT('',(-0.0478309297813664,0.,-0.0288925));
#3169=CARTESIAN_POINT('',(-0.0434826634376058,0.,-0.0262659090909091));
#3170=CARTESIAN_POINT('',(1.38777878078145E-17,0.,-2.08166817117217E-17));
#3171=CARTESIAN_POINT('',(-0.0258275740294537,0.,-0.0437444444444444));
#3172=CARTESIAN_POINT('',(-0.0232448166265084,0.,-0.03937));
#3173=CARTESIAN_POINT('',(-0.0232448166265084,0.,-0.04445));
#3174=CARTESIAN_POINT('',(-0.0232448166265084,0.,-0.04445));
#3175=CARTESIAN_POINT('',(0.0232448166265084,0.,-0.04445));
#3176=CARTESIAN_POINT('',(0.0232448166265084,0.,-0.03937));
#3177=CARTESIAN_POINT('',(0.0258275740294537,0.,-0.0437444444444444));
#3178=CARTESIAN_POINT('',(1.38777878078145E-17,0.,-2.08166817117217E-17));
#3179=CARTESIAN_POINT('',(0.0434826634376062,0.,-0.0262659090909085));
#3180=CARTESIAN_POINT('',(0.0478309297813668,0.,-0.0288924999999993));
#3181=CARTESIAN_POINT('',(0.0478309297813668,0.,-0.0238124999999993));
#3182=CARTESIAN_POINT('',(0.0478309297813668,0.,-0.0238124999999993));
#3183=CARTESIAN_POINT('',(0.071516875,0.,-0.0238124999999995));
#3184=CARTESIAN_POINT('',(0.071516875,0.,-0.0238124999999995));
#3185=CARTESIAN_POINT('',(0.076596875,0.,-0.0187324999999995));
#3186=CARTESIAN_POINT('',(0.076596875,0.,-0.0187324999999995));
#3187=CARTESIAN_POINT('',(0.0765968749999999,0.,0.0187324999999959));
#3188=CARTESIAN_POINT('',(0.071516875,0.,0.023812499999996));
#3189=CARTESIAN_POINT('',(0.071516875,0.,0.023812499999996));
#3190=CARTESIAN_POINT('',(0.0478309297813684,0.,0.0238124999999965));
#3191=CARTESIAN_POINT('',(0.0478309297813684,0.,0.0238124999999965));
#3192=CARTESIAN_POINT('',(0.0478309297813685,0.,0.0288924999999965));
#3193=CARTESIAN_POINT('',(0.0434826634376077,0.,0.0262659090909059));
#3194=CARTESIAN_POINT('',(1.38777878078145E-17,0.,-2.08166817117217E-17));
#3195=CARTESIAN_POINT('',(0.0368190500963837,0.,-0.0281980042201571));
#3196=CARTESIAN_POINT('',(0.0368190500963837,0.,-0.0271820042201571));
#3197=CARTESIAN_POINT('',(0.0281980042201573,0.,-0.0368190500963834));
#3198=CARTESIAN_POINT('',(0.0281980042201573,0.,-0.0378350500963833));
#3199=CARTESIAN_POINT('',(0.028198004220157,0.,0.0368190500963837));
#3200=CARTESIAN_POINT('',(0.028198004220157,0.,0.0378350500963838));
#3201=CARTESIAN_POINT('',(-0.0281980042201576,0.,0.0368190500963832));
#3202=CARTESIAN_POINT('',(-0.0281980042201576,0.,0.0358030500963834));
#3203=CARTESIAN_POINT('',(-0.0281980042201567,0.,-0.036819050096384));
#3204=CARTESIAN_POINT('',(-0.0281980042201567,0.,-0.035803050096384));
#3205=CARTESIAN_POINT('',(0.0232448166265084,0.00254,0.03937));
#3206=CARTESIAN_POINT('',(0.0258275740294538,0.00254,0.0437444444444444));
#3207=CARTESIAN_POINT('',(0.0232448166265084,0.00254,0.04445));
#3208=CARTESIAN_POINT('',(1.38777878078145E-17,0.00254,-2.08166817117217E-17));
#3209=CARTESIAN_POINT('',(0.0434826634376077,0.00254,0.0262659090909059));
#3210=CARTESIAN_POINT('',(0.0478309297813685,0.00254,0.0288924999999965));
#3211=CARTESIAN_POINT('',(0.0478309297813684,0.00254,0.0238124999999965));
#3212=CARTESIAN_POINT('',(0.0478309297813684,0.00254,0.0238124999999965));
#3213=CARTESIAN_POINT('',(0.071516875,0.00254,0.023812499999996));
#3214=CARTESIAN_POINT('',(0.071516875,0.00254,0.023812499999996));
#3215=CARTESIAN_POINT('',(0.0765968749999999,0.00254,0.0187324999999959));
#3216=CARTESIAN_POINT('',(0.076596875,0.00254,-0.0187324999999995));
#3217=CARTESIAN_POINT('',(0.076596875,0.00254,-0.0187324999999995));
#3218=CARTESIAN_POINT('',(0.071516875,0.00254,-0.0238124999999995));
#3219=CARTESIAN_POINT('',(0.071516875,0.00254,-0.0238124999999995));
#3220=CARTESIAN_POINT('',(0.0478309297813668,0.00254,-0.0238124999999993));
#3221=CARTESIAN_POINT('',(0.0478309297813668,0.00254,-0.0238124999999993));
#3222=CARTESIAN_POINT('',(0.0478309297813668,0.00254,-0.0288924999999993));
#3223=CARTESIAN_POINT('',(0.0434826634376062,0.00254,-0.0262659090909085));
#3224=CARTESIAN_POINT('',(1.38777878078145E-17,0.00254,-2.08166817117217E-17));
#3225=CARTESIAN_POINT('',(0.0258275740294537,0.00254,-0.0437444444444444));
#3226=CARTESIAN_POINT('',(0.0232448166265084,0.00254,-0.03937));
#3227=CARTESIAN_POINT('',(0.0232448166265084,0.00254,-0.04445));
#3228=CARTESIAN_POINT('',(-0.0232448166265084,0.00254,-0.04445));
#3229=CARTESIAN_POINT('',(-0.0232448166265084,0.00254,-0.04445));
#3230=CARTESIAN_POINT('',(-0.0232448166265084,0.00254,-0.03937));
#3231=CARTESIAN_POINT('',(-0.0258275740294537,0.00254,-0.0437444444444444));
#3232=CARTESIAN_POINT('',(1.38777878078145E-17,0.00254,-2.08166817117217E-17));
#3233=CARTESIAN_POINT('',(-0.0434826634376058,0.00254,-0.0262659090909091));
#3234=CARTESIAN_POINT('',(-0.0478309297813664,0.00254,-0.0288925));
#3235=CARTESIAN_POINT('',(-0.0478309297813664,0.00254,-0.0238125));
#3236=CARTESIAN_POINT('',(-0.071516875,0.00254,-0.0238125));
#3237=CARTESIAN_POINT('',(-0.071516875,0.00254,-0.0238125));
#3238=CARTESIAN_POINT('',(-0.071516875,0.00254,-0.0238125));
#3239=CARTESIAN_POINT('',(-0.076596875,0.00254,-0.0187325));
#3240=CARTESIAN_POINT('',(-0.076596875,0.00254,-0.0187325));
#3241=CARTESIAN_POINT('',(-0.076596875,0.00254,0.018732499999999));
#3242=CARTESIAN_POINT('',(-0.076596875,0.00254,0.018732499999999));
#3243=CARTESIAN_POINT('',(-0.071516875,0.00254,0.0238124999999989));
#3244=CARTESIAN_POINT('',(-0.071516875,0.00254,0.0238124999999989));
#3245=CARTESIAN_POINT('',(-0.0478309297813674,0.00254,0.0238124999999985));
#3246=CARTESIAN_POINT('',(-0.0478309297813673,0.00254,0.0288924999999985));
#3247=CARTESIAN_POINT('',(-0.0434826634376066,0.00254,0.0262659090909077));
#3248=CARTESIAN_POINT('',(1.38777878078145E-17,0.00254,-2.08166817117217E-17));
#3249=CARTESIAN_POINT('',(-0.0258275740294537,0.00254,0.0437444444444444));
#3250=CARTESIAN_POINT('',(-0.0232448166265084,0.00254,0.03937));
#3251=CARTESIAN_POINT('',(-0.0232448166265084,0.00254,0.04445));
#3252=CARTESIAN_POINT('',(-0.0232448166265084,0.00254,0.04445));
#3253=CARTESIAN_POINT('',(0.0368190500963837,0.00254,-0.0281980042201571));
#3254=CARTESIAN_POINT('',(1.38777878078145E-17,0.00254,-2.08166817117217E-17));
#3255=CARTESIAN_POINT('',(0.0281980042201573,0.00254,-0.0368190500963834));
#3256=CARTESIAN_POINT('',(0.028198004220157,0.00254,0.0368190500963837));
#3257=CARTESIAN_POINT('',(0.0368190500963834,0.00254,0.0281980042201575));
#3258=CARTESIAN_POINT('',(-0.0368190500963839,0.00254,0.0281980042201568));
#3259=CARTESIAN_POINT('',(-0.0281980042201576,0.00254,0.0368190500963832));
#3260=CARTESIAN_POINT('',(-0.0281980042201567,0.00254,-0.036819050096384));
#3261=CARTESIAN_POINT('',(-0.0368190500963832,0.00254,-0.0281980042201577));
#3262=CARTESIAN_POINT('',(0.0116743329573899,0.,-0.0116743329573899));
#3263=CARTESIAN_POINT('',(0.0125723585694968,0.,-0.010776307345283));
#3264=CARTESIAN_POINT('',(0.010776307345283,0.,-0.0125723585694968));
#3265=CARTESIAN_POINT('',(0.010776307345283,0.,-0.0125723585694968));
#3266=CARTESIAN_POINT('',(0.0269407683632075,0.,-0.0287368195874213));
#3267=CARTESIAN_POINT('',(0.0278387939753144,0.,-0.0278387939753144));
#3268=CARTESIAN_POINT('',(0.0287368195874213,0.,-0.0269407683632075));
#3269=CARTESIAN_POINT('',(0.0125723585694968,0.,-0.010776307345283));
#3270=CARTESIAN_POINT('',(0.01651,0.,2.77555756156289E-17));
#3271=CARTESIAN_POINT('',(0.01651,0.,0.00127000000000003));
#3272=CARTESIAN_POINT('',(0.01651,0.,-0.00126999999999997));
#3273=CARTESIAN_POINT('',(0.01651,0.,-0.00126999999999997));
#3274=CARTESIAN_POINT('',(0.03937,0.,-0.00126999999999993));
#3275=CARTESIAN_POINT('',(0.03937,0.,6.93889390390723E-17));
#3276=CARTESIAN_POINT('',(0.03937,0.,0.00127000000000007));
#3277=CARTESIAN_POINT('',(0.01651,0.,0.00127000000000003));
#3278=CARTESIAN_POINT('',(0.0116743329573899,0.,0.0116743329573899));
#3279=CARTESIAN_POINT('',(0.010776307345283,0.,0.0125723585694969));
#3280=CARTESIAN_POINT('',(0.0125723585694968,0.,0.010776307345283));
#3281=CARTESIAN_POINT('',(0.0125723585694968,0.,0.010776307345283));
#3282=CARTESIAN_POINT('',(0.0287368195874212,0.,0.0269407683632076));
#3283=CARTESIAN_POINT('',(0.0278387939753143,0.,0.0278387939753145));
#3284=CARTESIAN_POINT('',(0.0269407683632073,0.,0.0287368195874214));
#3285=CARTESIAN_POINT('',(0.010776307345283,0.,0.0125723585694969));
#3286=CARTESIAN_POINT('',(-8.50014503228636E-17,0.,0.01651));
#3287=CARTESIAN_POINT('',(-0.00127000000000008,0.,0.01651));
#3288=CARTESIAN_POINT('',(0.00126999999999992,0.,0.01651));
#3289=CARTESIAN_POINT('',(0.00126999999999992,0.,0.01651));
#3290=CARTESIAN_POINT('',(0.00126999999999979,0.,0.03937));
#3291=CARTESIAN_POINT('',(-2.04697370165263E-16,0.,0.03937));
#3292=CARTESIAN_POINT('',(-0.0012700000000002,0.,0.03937));
#3293=CARTESIAN_POINT('',(-0.00127000000000008,0.,0.01651));
#3294=CARTESIAN_POINT('',(-0.01167433295739,0.,0.0116743329573898));
#3295=CARTESIAN_POINT('',(-0.0125723585694969,0.,0.0107763073452829));
#3296=CARTESIAN_POINT('',(-0.0107763073452831,0.,0.0125723585694967));
#3297=CARTESIAN_POINT('',(-0.0107763073452831,0.,0.0125723585694967));
#3298=CARTESIAN_POINT('',(-0.0269407683632077,0.,0.0287368195874211));
#3299=CARTESIAN_POINT('',(-0.0278387939753146,0.,0.0278387939753142));
#3300=CARTESIAN_POINT('',(-0.0287368195874215,0.,0.0269407683632072));
#3301=CARTESIAN_POINT('',(-0.0125723585694969,0.,0.0107763073452829));
#3302=CARTESIAN_POINT('',(-0.01651,0.,-1.42247325030098E-16));
#3303=CARTESIAN_POINT('',(-0.01651,0.,-0.00127000000000014));
#3304=CARTESIAN_POINT('',(-0.01651,0.,0.00126999999999986));
#3305=CARTESIAN_POINT('',(-0.01651,0.,0.00126999999999986));
#3306=CARTESIAN_POINT('',(-0.03937,0.,0.00126999999999965));
#3307=CARTESIAN_POINT('',(-0.03937,0.,-3.43475248243408E-16));
#3308=CARTESIAN_POINT('',(-0.03937,0.,-0.00127000000000034));
#3309=CARTESIAN_POINT('',(-0.01651,0.,-0.00127000000000014));
#3310=CARTESIAN_POINT('',(-0.0116743329573898,0.,-0.01167433295739));
#3311=CARTESIAN_POINT('',(-0.0107763073452829,0.,-0.0125723585694969));
#3312=CARTESIAN_POINT('',(-0.0125723585694967,0.,-0.0107763073452831));
#3313=CARTESIAN_POINT('',(-0.0125723585694967,0.,-0.0107763073452831));
#3314=CARTESIAN_POINT('',(-0.028736819587421,0.,-0.0269407683632078));
#3315=CARTESIAN_POINT('',(-0.0278387939753141,0.,-0.0278387939753147));
#3316=CARTESIAN_POINT('',(-0.0269407683632072,0.,-0.0287368195874216));
#3317=CARTESIAN_POINT('',(-0.0107763073452829,0.,-0.0125723585694969));
#3318=CARTESIAN_POINT('',(1.99493199737333E-16,0.,-0.01651));
#3319=CARTESIAN_POINT('',(0.0012700000000002,0.,-0.01651));
#3320=CARTESIAN_POINT('',(-0.0012699999999998,0.,-0.01651));
#3321=CARTESIAN_POINT('',(-0.0012699999999998,0.,-0.01651));
#3322=CARTESIAN_POINT('',(-0.00126999999999952,0.,-0.03937));
#3323=CARTESIAN_POINT('',(4.82253126321553E-16,0.,-0.03937));
#3324=CARTESIAN_POINT('',(0.00127000000000048,0.,-0.03937));
#3325=CARTESIAN_POINT('',(0.0012700000000002,0.,-0.01651));
#3326=CARTESIAN_POINT('',(0.044592875,0.,-0.012065));
#3327=CARTESIAN_POINT('',(0.044592875,0.,-0.010795));
#3328=CARTESIAN_POINT('',(0.043322875,0.,-0.012065));
#3329=CARTESIAN_POINT('',(0.043322875,0.,-0.013335));
#3330=CARTESIAN_POINT('',(0.043322875,0.,-0.013335));
#3331=CARTESIAN_POINT('',(0.044592875,0.,-0.013335));
#3332=CARTESIAN_POINT('',(0.044592875,0.,-0.014605));
#3333=CARTESIAN_POINT('',(0.044592875,0.,-0.014605));
#3334=CARTESIAN_POINT('',(0.0674528749999999,0.,-0.014605));
#3335=CARTESIAN_POINT('',(0.0674528749999999,0.,-0.013335));
#3336=CARTESIAN_POINT('',(0.0687228749999999,0.,-0.013335));
#3337=CARTESIAN_POINT('',(0.0687228749999999,0.,-0.013335));
#3338=CARTESIAN_POINT('',(0.0687228749999999,0.,-0.012065));
#3339=CARTESIAN_POINT('',(0.0674528749999999,0.,-0.012065));
#3340=CARTESIAN_POINT('',(0.0674528749999999,0.,-0.010795));
#3341=CARTESIAN_POINT('',(0.044592875,0.,-0.010795));
#3342=CARTESIAN_POINT('',(0.0674528749999999,0.,0.012065));
#3343=CARTESIAN_POINT('',(0.0674528749999999,0.,0.010795));
#3344=CARTESIAN_POINT('',(0.0687228749999999,0.,0.012065));
#3345=CARTESIAN_POINT('',(0.0687228749999999,0.,0.013335));
#3346=CARTESIAN_POINT('',(0.0687228749999999,0.,0.013335));
#3347=CARTESIAN_POINT('',(0.0674528749999999,0.,0.013335));
#3348=CARTESIAN_POINT('',(0.0674528749999999,0.,0.014605));
#3349=CARTESIAN_POINT('',(0.044592875,0.,0.014605));
#3350=CARTESIAN_POINT('',(0.044592875,0.,0.014605));
#3351=CARTESIAN_POINT('',(0.044592875,0.,0.013335));
#3352=CARTESIAN_POINT('',(0.043322875,0.,0.013335));
#3353=CARTESIAN_POINT('',(0.043322875,0.,0.013335));
#3354=CARTESIAN_POINT('',(0.043322875,0.,0.012065));
#3355=CARTESIAN_POINT('',(0.044592875,0.,0.012065));
#3356=CARTESIAN_POINT('',(0.044592875,0.,0.010795));
#3357=CARTESIAN_POINT('',(0.044592875,0.,0.010795));
#3358=CARTESIAN_POINT('',(-0.044592875,0.,0.013335));
#3359=CARTESIAN_POINT('',(-0.043322875,0.,0.013335));
#3360=CARTESIAN_POINT('',(-0.044592875,0.,0.014605));
#3361=CARTESIAN_POINT('',(-0.044592875,0.,0.014605));
#3362=CARTESIAN_POINT('',(-0.0674528749999999,0.,0.014605));
#3363=CARTESIAN_POINT('',(-0.0674528749999999,0.,0.013335));
#3364=CARTESIAN_POINT('',(-0.0687228749999999,0.,0.013335));
#3365=CARTESIAN_POINT('',(-0.0687228749999999,0.,0.013335));
#3366=CARTESIAN_POINT('',(-0.0687228749999999,0.,0.012065));
#3367=CARTESIAN_POINT('',(-0.0674528749999999,0.,0.012065));
#3368=CARTESIAN_POINT('',(-0.0674528749999999,0.,0.010795));
#3369=CARTESIAN_POINT('',(-0.044592875,0.,0.010795));
#3370=CARTESIAN_POINT('',(-0.044592875,0.,0.010795));
#3371=CARTESIAN_POINT('',(-0.044592875,0.,0.012065));
#3372=CARTESIAN_POINT('',(-0.043322875,0.,0.012065));
#3373=CARTESIAN_POINT('',(-0.043322875,0.,0.013335));
#3374=CARTESIAN_POINT('',(-0.0674528749999999,0.,-0.013335));
#3375=CARTESIAN_POINT('',(-0.0687228749999999,0.,-0.013335));
#3376=CARTESIAN_POINT('',(-0.0674528749999999,0.,-0.014605));
#3377=CARTESIAN_POINT('',(-0.044592875,0.,-0.014605));
#3378=CARTESIAN_POINT('',(-0.044592875,0.,-0.014605));
#3379=CARTESIAN_POINT('',(-0.044592875,0.,-0.013335));
#3380=CARTESIAN_POINT('',(-0.043322875,0.,-0.013335));
#3381=CARTESIAN_POINT('',(-0.043322875,0.,-0.013335));
#3382=CARTESIAN_POINT('',(-0.043322875,0.,-0.012065));
#3383=CARTESIAN_POINT('',(-0.044592875,0.,-0.012065));
#3384=CARTESIAN_POINT('',(-0.044592875,0.,-0.010795));
#3385=CARTESIAN_POINT('',(-0.044592875,0.,-0.010795));
#3386=CARTESIAN_POINT('',(-0.0674528749999999,0.,-0.010795));
#3387=CARTESIAN_POINT('',(-0.0674528749999999,0.,-0.012065));
#3388=CARTESIAN_POINT('',(-0.0687228749999999,0.,-0.012065));
#3389=CARTESIAN_POINT('',(-0.0687228749999999,0.,-0.013335));
#3390=MECHANICAL_DESIGN_GEOMETRIC_PRESENTATION_REPRESENTATION('',(#2009),
#3391);
#3391=(
GEOMETRIC_REPRESENTATION_CONTEXT(3)
GLOBAL_UNCERTAINTY_ASSIGNED_CONTEXT((#3392))
GLOBAL_UNIT_ASSIGNED_CONTEXT((#3395,#3394,#3393))
REPRESENTATION_CONTEXT('Part 1','TOP_LEVEL_ASSEMBLY_PART')
);
#3392=UNCERTAINTY_MEASURE_WITH_UNIT(LENGTH_MEASURE(1.E-8),#3395,
'DISTANCE_ACCURACY_VALUE','Maximum Tolerance applied to model');
#3393=(
NAMED_UNIT(*)
SI_UNIT($,.STERADIAN.)
SOLID_ANGLE_UNIT()
);
#3394=(
NAMED_UNIT(*)
PLANE_ANGLE_UNIT()
SI_UNIT($,.RADIAN.)
);
#3395=(
LENGTH_UNIT()
NAMED_UNIT(*)
SI_UNIT($,.METRE.)
);
#3396=PRODUCT_DEFINITION_SHAPE('','',#3397);
#3397=PRODUCT_DEFINITION('','',#3399,#3398);
#3398=PRODUCT_DEFINITION_CONTEXT('',#3405,'design');
#3399=PRODUCT_DEFINITION_FORMATION_WITH_SPECIFIED_SOURCE('','',#3401,
 .NOT_KNOWN.);
#3400=PRODUCT_RELATED_PRODUCT_CATEGORY('','',(#3401));
#3401=PRODUCT('Part 1','Part 1','Part 1',(#3403));
#3402=PRODUCT_CATEGORY('','');
#3403=PRODUCT_CONTEXT('',#3405,'mechanical');
#3404=APPLICATION_PROTOCOL_DEFINITION('international standard',
'ap242_managed_model_based_3d_engineering',2020,#3405);
#3405=APPLICATION_CONTEXT('managed model based 3d engineering');
ENDSEC;
END-ISO-10303-21;
