ISO-10303-21;
HEADER;
FILE_DESCRIPTION((''),'2;1');
FILE_NAME('RZE0008A_ASM','2022-01-03T10:28:22',('a0412086'),(''),
'CREO PARAMETRIC BY PTC INC, 2018500','CREO PARAMETRIC BY PTC INC, 2018500','');
FILE_SCHEMA(('CONFIG_CONTROL_DESIGN','SHAPE_APPEARANCE_LAYERS_GROUPS'));
ENDSEC;
DATA;
#31=DIRECTION('',(1.E0,0.E0,0.E0));
#32=VECTOR('',#31,1.25E-1);
#33=CARTESIAN_POINT('',(-1.E0,0.E0,5.E-1));
#34=LINE('',#33,#32);
#35=DRAUGHTING_PRE_DEFINED_CURVE_FONT('continuous');
#36=CURVE_STYLE('',#35,POSITIVE_LENGTH_MEASURE(2.E-2),#28);
#37=PRESENTATION_STYLE_ASSIGNMENT((#36));
#38=STYLED_ITEM('',(#37),#34);
#39=DIRECTION('',(0.E0,0.E0,-1.E0));
#40=VECTOR('',#39,2.5E-1);
#41=CARTESIAN_POINT('',(-8.75E-1,0.E0,5.E-1));
#42=LINE('',#41,#40);
#43=CURVE_STYLE('',#35,POSITIVE_LENGTH_MEASURE(2.E-2),#28);
#44=PRESENTATION_STYLE_ASSIGNMENT((#43));
#45=STYLED_ITEM('',(#44),#42);
#46=CARTESIAN_POINT('',(-7.5E-1,0.E0,2.5E-1));
#47=DIRECTION('',(0.E0,-1.E0,0.E0));
#48=DIRECTION('',(-1.E0,0.E0,0.E0));
#49=AXIS2_PLACEMENT_3D('',#46,#47,#48);
#51=CURVE_STYLE('',#35,POSITIVE_LENGTH_MEASURE(2.E-2),#28);
#52=PRESENTATION_STYLE_ASSIGNMENT((#51));
#53=STYLED_ITEM('',(#52),#50);
#54=DIRECTION('',(0.E0,0.E0,-1.E0));
#55=VECTOR('',#54,2.5E-1);
#56=CARTESIAN_POINT('',(-6.25E-1,0.E0,5.E-1));
#57=LINE('',#56,#55);
#58=CURVE_STYLE('',#35,POSITIVE_LENGTH_MEASURE(2.E-2),#28);
#59=PRESENTATION_STYLE_ASSIGNMENT((#58));
#60=STYLED_ITEM('',(#59),#57);
#61=DIRECTION('',(1.E0,0.E0,0.E0));
#62=VECTOR('',#61,2.5E-1);
#63=CARTESIAN_POINT('',(-6.25E-1,0.E0,5.E-1));
#64=LINE('',#63,#62);
#65=CURVE_STYLE('',#35,POSITIVE_LENGTH_MEASURE(2.E-2),#28);
#66=PRESENTATION_STYLE_ASSIGNMENT((#65));
#67=STYLED_ITEM('',(#66),#64);
#68=DIRECTION('',(0.E0,0.E0,-1.E0));
#69=VECTOR('',#68,2.5E-1);
#70=CARTESIAN_POINT('',(-3.75E-1,0.E0,5.E-1));
#71=LINE('',#70,#69);
#72=CURVE_STYLE('',#35,POSITIVE_LENGTH_MEASURE(2.E-2),#28);
#73=PRESENTATION_STYLE_ASSIGNMENT((#72));
#74=STYLED_ITEM('',(#73),#71);
#75=CARTESIAN_POINT('',(-2.5E-1,0.E0,2.5E-1));
#76=DIRECTION('',(0.E0,1.E0,0.E0));
#77=DIRECTION('',(1.E0,0.E0,0.E0));
#78=AXIS2_PLACEMENT_3D('',#75,#76,#77);
#80=CURVE_STYLE('',#35,POSITIVE_LENGTH_MEASURE(2.E-2),#28);
#81=PRESENTATION_STYLE_ASSIGNMENT((#80));
#82=STYLED_ITEM('',(#81),#79);
#83=DIRECTION('',(0.E0,0.E0,-1.E0));
#84=VECTOR('',#83,2.5E-1);
#85=CARTESIAN_POINT('',(-1.25E-1,0.E0,5.E-1));
#86=LINE('',#85,#84);
#87=CURVE_STYLE('',#35,POSITIVE_LENGTH_MEASURE(2.E-2),#28);
#88=PRESENTATION_STYLE_ASSIGNMENT((#87));
#89=STYLED_ITEM('',(#88),#86);
#90=DIRECTION('',(1.E0,0.E0,0.E0));
#91=VECTOR('',#90,2.5E-1);
#92=CARTESIAN_POINT('',(-1.25E-1,0.E0,5.E-1));
#93=LINE('',#92,#91);
#94=CURVE_STYLE('',#35,POSITIVE_LENGTH_MEASURE(2.E-2),#28);
#95=PRESENTATION_STYLE_ASSIGNMENT((#94));
#96=STYLED_ITEM('',(#95),#93);
#97=DIRECTION('',(0.E0,0.E0,-1.E0));
#98=VECTOR('',#97,2.5E-1);
#99=CARTESIAN_POINT('',(1.25E-1,0.E0,5.E-1));
#100=LINE('',#99,#98);
#101=CURVE_STYLE('',#35,POSITIVE_LENGTH_MEASURE(2.E-2),#28);
#102=PRESENTATION_STYLE_ASSIGNMENT((#101));
#103=STYLED_ITEM('',(#102),#100);
#104=CARTESIAN_POINT('',(2.5E-1,0.E0,2.5E-1));
#105=DIRECTION('',(0.E0,1.E0,0.E0));
#106=DIRECTION('',(1.E0,0.E0,0.E0));
#107=AXIS2_PLACEMENT_3D('',#104,#105,#106);
#109=CURVE_STYLE('',#35,POSITIVE_LENGTH_MEASURE(2.E-2),#28);
#110=PRESENTATION_STYLE_ASSIGNMENT((#109));
#111=STYLED_ITEM('',(#110),#108);
#112=DIRECTION('',(0.E0,0.E0,-1.E0));
#113=VECTOR('',#112,2.5E-1);
#114=CARTESIAN_POINT('',(3.75E-1,0.E0,5.E-1));
#115=LINE('',#114,#113);
#116=CURVE_STYLE('',#35,POSITIVE_LENGTH_MEASURE(2.E-2),#28);
#117=PRESENTATION_STYLE_ASSIGNMENT((#116));
#118=STYLED_ITEM('',(#117),#115);
#119=DIRECTION('',(1.E0,0.E0,0.E0));
#120=VECTOR('',#119,2.5E-1);
#121=CARTESIAN_POINT('',(3.75E-1,0.E0,5.E-1));
#122=LINE('',#121,#120);
#123=CURVE_STYLE('',#35,POSITIVE_LENGTH_MEASURE(2.E-2),#28);
#124=PRESENTATION_STYLE_ASSIGNMENT((#123));
#125=STYLED_ITEM('',(#124),#122);
#126=DIRECTION('',(0.E0,0.E0,-1.E0));
#127=VECTOR('',#126,2.5E-1);
#128=CARTESIAN_POINT('',(6.25E-1,0.E0,5.E-1));
#129=LINE('',#128,#127);
#130=CURVE_STYLE('',#35,POSITIVE_LENGTH_MEASURE(2.E-2),#28);
#131=PRESENTATION_STYLE_ASSIGNMENT((#130));
#132=STYLED_ITEM('',(#131),#129);
#133=CARTESIAN_POINT('',(7.5E-1,0.E0,2.5E-1));
#134=DIRECTION('',(0.E0,1.E0,0.E0));
#135=DIRECTION('',(1.E0,0.E0,0.E0));
#136=AXIS2_PLACEMENT_3D('',#133,#134,#135);
#138=CURVE_STYLE('',#35,POSITIVE_LENGTH_MEASURE(2.E-2),#28);
#139=PRESENTATION_STYLE_ASSIGNMENT((#138));
#140=STYLED_ITEM('',(#139),#137);
#141=DIRECTION('',(0.E0,0.E0,-1.E0));
#142=VECTOR('',#141,2.5E-1);
#143=CARTESIAN_POINT('',(8.75E-1,0.E0,5.E-1));
#144=LINE('',#143,#142);
#145=CURVE_STYLE('',#35,POSITIVE_LENGTH_MEASURE(2.E-2),#28);
#146=PRESENTATION_STYLE_ASSIGNMENT((#145));
#147=STYLED_ITEM('',(#146),#144);
#148=DIRECTION('',(1.E0,0.E0,0.E0));
#149=VECTOR('',#148,1.25E-1);
#150=CARTESIAN_POINT('',(8.75E-1,0.E0,5.E-1));
#151=LINE('',#150,#149);
#152=CURVE_STYLE('',#35,POSITIVE_LENGTH_MEASURE(2.E-2),#28);
#153=PRESENTATION_STYLE_ASSIGNMENT((#152));
#154=STYLED_ITEM('',(#153),#151);
#155=DIRECTION('',(0.E0,0.E0,-1.E0));
#156=VECTOR('',#155,1.E0);
#157=CARTESIAN_POINT('',(1.E0,0.E0,5.E-1));
#158=LINE('',#157,#156);
#159=CURVE_STYLE('',#35,POSITIVE_LENGTH_MEASURE(2.E-2),#28);
#160=PRESENTATION_STYLE_ASSIGNMENT((#159));
#161=STYLED_ITEM('',(#160),#158);
#162=DIRECTION('',(-1.E0,0.E0,0.E0));
#163=VECTOR('',#162,1.25E-1);
#164=CARTESIAN_POINT('',(1.E0,0.E0,-5.E-1));
#165=LINE('',#164,#163);
#166=CURVE_STYLE('',#35,POSITIVE_LENGTH_MEASURE(2.E-2),#28);
#167=PRESENTATION_STYLE_ASSIGNMENT((#166));
#168=STYLED_ITEM('',(#167),#165);
#169=DIRECTION('',(0.E0,0.E0,1.E0));
#170=VECTOR('',#169,2.25E-1);
#171=CARTESIAN_POINT('',(8.75E-1,0.E0,-5.E-1));
#172=LINE('',#171,#170);
#173=CURVE_STYLE('',#35,POSITIVE_LENGTH_MEASURE(2.E-2),#28);
#174=PRESENTATION_STYLE_ASSIGNMENT((#173));
#175=STYLED_ITEM('',(#174),#172);
#176=DIRECTION('',(7.071067811865E-1,0.E0,-7.071067811865E-1));
#177=VECTOR('',#176,2.121320343560E-1);
#178=CARTESIAN_POINT('',(7.25E-1,0.E0,-1.25E-1));
#179=LINE('',#178,#177);
#180=CURVE_STYLE('',#35,POSITIVE_LENGTH_MEASURE(2.E-2),#28);
#181=PRESENTATION_STYLE_ASSIGNMENT((#180));
#182=STYLED_ITEM('',(#181),#179);
#183=DIRECTION('',(1.E0,0.E0,0.E0));
#184=VECTOR('',#183,1.E-1);
#185=CARTESIAN_POINT('',(6.25E-1,0.E0,-1.25E-1));
#186=LINE('',#185,#184);
#187=CURVE_STYLE('',#35,POSITIVE_LENGTH_MEASURE(2.E-2),#28);
#188=PRESENTATION_STYLE_ASSIGNMENT((#187));
#189=STYLED_ITEM('',(#188),#186);
#190=DIRECTION('',(0.E0,0.E0,1.E0));
#191=VECTOR('',#190,3.75E-1);
#192=CARTESIAN_POINT('',(6.25E-1,0.E0,-5.E-1));
#193=LINE('',#192,#191);
#194=CURVE_STYLE('',#35,POSITIVE_LENGTH_MEASURE(2.E-2),#28);
#195=PRESENTATION_STYLE_ASSIGNMENT((#194));
#196=STYLED_ITEM('',(#195),#193);
#197=DIRECTION('',(-1.E0,0.E0,0.E0));
#198=VECTOR('',#197,2.5E-1);
#199=CARTESIAN_POINT('',(6.25E-1,0.E0,-5.E-1));
#200=LINE('',#199,#198);
#201=CURVE_STYLE('',#35,POSITIVE_LENGTH_MEASURE(2.E-2),#28);
#202=PRESENTATION_STYLE_ASSIGNMENT((#201));
#203=STYLED_ITEM('',(#202),#200);
#204=DIRECTION('',(0.E0,0.E0,1.E0));
#205=VECTOR('',#204,2.5E-1);
#206=CARTESIAN_POINT('',(3.75E-1,0.E0,-5.E-1));
#207=LINE('',#206,#205);
#208=CURVE_STYLE('',#35,POSITIVE_LENGTH_MEASURE(2.E-2),#28);
#209=PRESENTATION_STYLE_ASSIGNMENT((#208));
#210=STYLED_ITEM('',(#209),#207);
#211=CARTESIAN_POINT('',(2.5E-1,0.E0,-2.5E-1));
#212=DIRECTION('',(0.E0,-1.E0,0.E0));
#213=DIRECTION('',(1.E0,0.E0,0.E0));
#214=AXIS2_PLACEMENT_3D('',#211,#212,#213);
#216=CURVE_STYLE('',#35,POSITIVE_LENGTH_MEASURE(2.E-2),#28);
#217=PRESENTATION_STYLE_ASSIGNMENT((#216));
#218=STYLED_ITEM('',(#217),#215);
#219=DIRECTION('',(0.E0,0.E0,1.E0));
#220=VECTOR('',#219,2.5E-1);
#221=CARTESIAN_POINT('',(1.25E-1,0.E0,-5.E-1));
#222=LINE('',#221,#220);
#223=CURVE_STYLE('',#35,POSITIVE_LENGTH_MEASURE(2.E-2),#28);
#224=PRESENTATION_STYLE_ASSIGNMENT((#223));
#225=STYLED_ITEM('',(#224),#222);
#226=DIRECTION('',(-1.E0,0.E0,0.E0));
#227=VECTOR('',#226,2.5E-1);
#228=CARTESIAN_POINT('',(1.25E-1,0.E0,-5.E-1));
#229=LINE('',#228,#227);
#230=CURVE_STYLE('',#35,POSITIVE_LENGTH_MEASURE(2.E-2),#28);
#231=PRESENTATION_STYLE_ASSIGNMENT((#230));
#232=STYLED_ITEM('',(#231),#229);
#233=DIRECTION('',(0.E0,0.E0,1.E0));
#234=VECTOR('',#233,2.5E-1);
#235=CARTESIAN_POINT('',(-1.25E-1,0.E0,-5.E-1));
#236=LINE('',#235,#234);
#237=CURVE_STYLE('',#35,POSITIVE_LENGTH_MEASURE(2.E-2),#28);
#238=PRESENTATION_STYLE_ASSIGNMENT((#237));
#239=STYLED_ITEM('',(#238),#236);
#240=CARTESIAN_POINT('',(-2.5E-1,0.E0,-2.5E-1));
#241=DIRECTION('',(0.E0,-1.E0,0.E0));
#242=DIRECTION('',(1.E0,0.E0,0.E0));
#243=AXIS2_PLACEMENT_3D('',#240,#241,#242);
#245=CURVE_STYLE('',#35,POSITIVE_LENGTH_MEASURE(2.E-2),#28);
#246=PRESENTATION_STYLE_ASSIGNMENT((#245));
#247=STYLED_ITEM('',(#246),#244);
#248=DIRECTION('',(0.E0,0.E0,1.E0));
#249=VECTOR('',#248,2.5E-1);
#250=CARTESIAN_POINT('',(-3.75E-1,0.E0,-5.E-1));
#251=LINE('',#250,#249);
#252=CURVE_STYLE('',#35,POSITIVE_LENGTH_MEASURE(2.E-2),#28);
#253=PRESENTATION_STYLE_ASSIGNMENT((#252));
#254=STYLED_ITEM('',(#253),#251);
#255=DIRECTION('',(-1.E0,0.E0,0.E0));
#256=VECTOR('',#255,2.5E-1);
#257=CARTESIAN_POINT('',(-3.75E-1,0.E0,-5.E-1));
#258=LINE('',#257,#256);
#259=CURVE_STYLE('',#35,POSITIVE_LENGTH_MEASURE(2.E-2),#28);
#260=PRESENTATION_STYLE_ASSIGNMENT((#259));
#261=STYLED_ITEM('',(#260),#258);
#262=DIRECTION('',(0.E0,0.E0,1.E0));
#263=VECTOR('',#262,2.5E-1);
#264=CARTESIAN_POINT('',(-6.25E-1,0.E0,-5.E-1));
#265=LINE('',#264,#263);
#266=CURVE_STYLE('',#35,POSITIVE_LENGTH_MEASURE(2.E-2),#28);
#267=PRESENTATION_STYLE_ASSIGNMENT((#266));
#268=STYLED_ITEM('',(#267),#265);
#269=CARTESIAN_POINT('',(-7.5E-1,0.E0,-2.5E-1));
#270=DIRECTION('',(0.E0,1.E0,0.E0));
#271=DIRECTION('',(-1.E0,0.E0,0.E0));
#272=AXIS2_PLACEMENT_3D('',#269,#270,#271);
#274=CURVE_STYLE('',#35,POSITIVE_LENGTH_MEASURE(2.E-2),#28);
#275=PRESENTATION_STYLE_ASSIGNMENT((#274));
#276=STYLED_ITEM('',(#275),#273);
#277=DIRECTION('',(0.E0,0.E0,1.E0));
#278=VECTOR('',#277,2.5E-1);
#279=CARTESIAN_POINT('',(-8.75E-1,0.E0,-5.E-1));
#280=LINE('',#279,#278);
#281=CURVE_STYLE('',#35,POSITIVE_LENGTH_MEASURE(2.E-2),#28);
#282=PRESENTATION_STYLE_ASSIGNMENT((#281));
#283=STYLED_ITEM('',(#282),#280);
#284=DIRECTION('',(-1.E0,0.E0,0.E0));
#285=VECTOR('',#284,1.25E-1);
#286=CARTESIAN_POINT('',(-8.75E-1,0.E0,-5.E-1));
#287=LINE('',#286,#285);
#288=CURVE_STYLE('',#35,POSITIVE_LENGTH_MEASURE(2.E-2),#28);
#289=PRESENTATION_STYLE_ASSIGNMENT((#288));
#290=STYLED_ITEM('',(#289),#287);
#291=DIRECTION('',(0.E0,0.E0,1.E0));
#292=VECTOR('',#291,1.E0);
#293=CARTESIAN_POINT('',(-1.E0,0.E0,-5.E-1));
#294=LINE('',#293,#292);
#295=CURVE_STYLE('',#35,POSITIVE_LENGTH_MEASURE(2.E-2),#28);
#296=PRESENTATION_STYLE_ASSIGNMENT((#295));
#297=STYLED_ITEM('',(#296),#294);
#298=DIRECTION('',(1.E0,0.E0,0.E0));
#299=VECTOR('',#298,2.5E-1);
#300=CARTESIAN_POINT('',(-8.75E-1,7.5E-2,5.E-1));
#301=LINE('',#300,#299);
#302=CURVE_STYLE('',#35,POSITIVE_LENGTH_MEASURE(2.E-2),#28);
#303=PRESENTATION_STYLE_ASSIGNMENT((#302));
#304=STYLED_ITEM('',(#303),#301);
#305=DIRECTION('',(0.E0,1.E0,0.E0));
#306=VECTOR('',#305,7.5E-2);
#307=CARTESIAN_POINT('',(-8.75E-1,0.E0,5.E-1));
#308=LINE('',#307,#306);
#309=CURVE_STYLE('',#35,POSITIVE_LENGTH_MEASURE(2.E-2),#28);
#310=PRESENTATION_STYLE_ASSIGNMENT((#309));
#311=STYLED_ITEM('',(#310),#308);
#312=DIRECTION('',(0.E0,1.E0,0.E0));
#313=VECTOR('',#312,7.75E-1);
#314=CARTESIAN_POINT('',(-1.E0,0.E0,5.E-1));
#315=LINE('',#314,#313);
#316=CURVE_STYLE('',#35,POSITIVE_LENGTH_MEASURE(2.E-2),#28);
#317=PRESENTATION_STYLE_ASSIGNMENT((#316));
#318=STYLED_ITEM('',(#317),#315);
#319=DIRECTION('',(0.E0,1.E0,0.E0));
#320=VECTOR('',#319,7.5E-2);
#321=CARTESIAN_POINT('',(8.75E-1,0.E0,5.E-1));
#322=LINE('',#321,#320);
#323=CURVE_STYLE('',#35,POSITIVE_LENGTH_MEASURE(2.E-2),#28);
#324=PRESENTATION_STYLE_ASSIGNMENT((#323));
#325=STYLED_ITEM('',(#324),#322);
#326=DIRECTION('',(1.E0,0.E0,0.E0));
#327=VECTOR('',#326,2.5E-1);
#328=CARTESIAN_POINT('',(6.25E-1,7.5E-2,5.E-1));
#329=LINE('',#328,#327);
#330=CURVE_STYLE('',#35,POSITIVE_LENGTH_MEASURE(2.E-2),#28);
#331=PRESENTATION_STYLE_ASSIGNMENT((#330));
#332=STYLED_ITEM('',(#331),#329);
#333=DIRECTION('',(0.E0,-1.E0,0.E0));
#334=VECTOR('',#333,7.5E-2);
#335=CARTESIAN_POINT('',(6.25E-1,7.5E-2,5.E-1));
#336=LINE('',#335,#334);
#337=CURVE_STYLE('',#35,POSITIVE_LENGTH_MEASURE(2.E-2),#28);
#338=PRESENTATION_STYLE_ASSIGNMENT((#337));
#339=STYLED_ITEM('',(#338),#336);
#340=DIRECTION('',(0.E0,1.E0,0.E0));
#341=VECTOR('',#340,7.5E-2);
#342=CARTESIAN_POINT('',(3.75E-1,0.E0,5.E-1));
#343=LINE('',#342,#341);
#344=CURVE_STYLE('',#35,POSITIVE_LENGTH_MEASURE(2.E-2),#28);
#345=PRESENTATION_STYLE_ASSIGNMENT((#344));
#346=STYLED_ITEM('',(#345),#343);
#347=DIRECTION('',(1.E0,0.E0,0.E0));
#348=VECTOR('',#347,2.5E-1);
#349=CARTESIAN_POINT('',(1.25E-1,7.5E-2,5.E-1));
#350=LINE('',#349,#348);
#351=CURVE_STYLE('',#35,POSITIVE_LENGTH_MEASURE(2.E-2),#28);
#352=PRESENTATION_STYLE_ASSIGNMENT((#351));
#353=STYLED_ITEM('',(#352),#350);
#354=DIRECTION('',(0.E0,-1.E0,0.E0));
#355=VECTOR('',#354,7.5E-2);
#356=CARTESIAN_POINT('',(1.25E-1,7.5E-2,5.E-1));
#357=LINE('',#356,#355);
#358=CURVE_STYLE('',#35,POSITIVE_LENGTH_MEASURE(2.E-2),#28);
#359=PRESENTATION_STYLE_ASSIGNMENT((#358));
#360=STYLED_ITEM('',(#359),#357);
#361=DIRECTION('',(0.E0,1.E0,0.E0));
#362=VECTOR('',#361,7.5E-2);
#363=CARTESIAN_POINT('',(-1.25E-1,0.E0,5.E-1));
#364=LINE('',#363,#362);
#365=CURVE_STYLE('',#35,POSITIVE_LENGTH_MEASURE(2.E-2),#28);
#366=PRESENTATION_STYLE_ASSIGNMENT((#365));
#367=STYLED_ITEM('',(#366),#364);
#368=DIRECTION('',(1.E0,0.E0,0.E0));
#369=VECTOR('',#368,2.5E-1);
#370=CARTESIAN_POINT('',(-3.75E-1,7.5E-2,5.E-1));
#371=LINE('',#370,#369);
#372=CURVE_STYLE('',#35,POSITIVE_LENGTH_MEASURE(2.E-2),#28);
#373=PRESENTATION_STYLE_ASSIGNMENT((#372));
#374=STYLED_ITEM('',(#373),#371);
#375=DIRECTION('',(0.E0,-1.E0,0.E0));
#376=VECTOR('',#375,7.5E-2);
#377=CARTESIAN_POINT('',(-3.75E-1,7.5E-2,5.E-1));
#378=LINE('',#377,#376);
#379=CURVE_STYLE('',#35,POSITIVE_LENGTH_MEASURE(2.E-2),#28);
#380=PRESENTATION_STYLE_ASSIGNMENT((#379));
#381=STYLED_ITEM('',(#380),#378);
#382=DIRECTION('',(0.E0,1.E0,0.E0));
#383=VECTOR('',#382,7.5E-2);
#384=CARTESIAN_POINT('',(-6.25E-1,0.E0,5.E-1));
#385=LINE('',#384,#383);
#386=CURVE_STYLE('',#35,POSITIVE_LENGTH_MEASURE(2.E-2),#28);
#387=PRESENTATION_STYLE_ASSIGNMENT((#386));
#388=STYLED_ITEM('',(#387),#385);
#389=DIRECTION('',(0.E0,0.E0,-1.E0));
#390=VECTOR('',#389,2.5E-1);
#391=CARTESIAN_POINT('',(-6.25E-1,7.5E-2,5.E-1));
#392=LINE('',#391,#390);
#393=CURVE_STYLE('',#35,POSITIVE_LENGTH_MEASURE(2.E-2),#28);
#394=PRESENTATION_STYLE_ASSIGNMENT((#393));
#395=STYLED_ITEM('',(#394),#392);
#396=CARTESIAN_POINT('',(-7.5E-1,7.5E-2,2.5E-1));
#397=DIRECTION('',(0.E0,-1.E0,0.E0));
#398=DIRECTION('',(-1.E0,0.E0,0.E0));
#399=AXIS2_PLACEMENT_3D('',#396,#397,#398);
#401=CURVE_STYLE('',#35,POSITIVE_LENGTH_MEASURE(2.E-2),#28);
#402=PRESENTATION_STYLE_ASSIGNMENT((#401));
#403=STYLED_ITEM('',(#402),#400);
#404=DIRECTION('',(0.E0,0.E0,-1.E0));
#405=VECTOR('',#404,2.5E-1);
#406=CARTESIAN_POINT('',(-1.25E-1,7.5E-2,5.E-1));
#407=LINE('',#406,#405);
#408=CURVE_STYLE('',#35,POSITIVE_LENGTH_MEASURE(2.E-2),#28);
#409=PRESENTATION_STYLE_ASSIGNMENT((#408));
#410=STYLED_ITEM('',(#409),#407);
#411=CARTESIAN_POINT('',(-2.5E-1,7.5E-2,2.5E-1));
#412=DIRECTION('',(0.E0,-1.E0,0.E0));
#413=DIRECTION('',(-1.E0,0.E0,0.E0));
#414=AXIS2_PLACEMENT_3D('',#411,#412,#413);
#416=CURVE_STYLE('',#35,POSITIVE_LENGTH_MEASURE(2.E-2),#28);
#417=PRESENTATION_STYLE_ASSIGNMENT((#416));
#418=STYLED_ITEM('',(#417),#415);
#419=CARTESIAN_POINT('',(-7.5E-1,7.5E-2,-2.5E-1));
#420=DIRECTION('',(0.E0,-1.E0,0.E0));
#421=DIRECTION('',(1.E0,0.E0,0.E0));
#422=AXIS2_PLACEMENT_3D('',#419,#420,#421);
#424=CURVE_STYLE('',#35,POSITIVE_LENGTH_MEASURE(2.E-2),#28);
#425=PRESENTATION_STYLE_ASSIGNMENT((#424));
#426=STYLED_ITEM('',(#425),#423);
#427=DIRECTION('',(0.E0,0.E0,1.E0));
#428=VECTOR('',#427,2.5E-1);
#429=CARTESIAN_POINT('',(-6.25E-1,7.5E-2,-5.E-1));
#430=LINE('',#429,#428);
#431=CURVE_STYLE('',#35,POSITIVE_LENGTH_MEASURE(2.E-2),#28);
#432=PRESENTATION_STYLE_ASSIGNMENT((#431));
#433=STYLED_ITEM('',(#432),#430);
#434=CARTESIAN_POINT('',(-2.5E-1,7.5E-2,-2.5E-1));
#435=DIRECTION('',(0.E0,-1.E0,0.E0));
#436=DIRECTION('',(1.E0,0.E0,0.E0));
#437=AXIS2_PLACEMENT_3D('',#434,#435,#436);
#439=CURVE_STYLE('',#35,POSITIVE_LENGTH_MEASURE(2.E-2),#28);
#440=PRESENTATION_STYLE_ASSIGNMENT((#439));
#441=STYLED_ITEM('',(#440),#438);
#442=DIRECTION('',(0.E0,0.E0,1.E0));
#443=VECTOR('',#442,2.5E-1);
#444=CARTESIAN_POINT('',(-1.25E-1,7.5E-2,-5.E-1));
#445=LINE('',#444,#443);
#446=CURVE_STYLE('',#35,POSITIVE_LENGTH_MEASURE(2.E-2),#28);
#447=PRESENTATION_STYLE_ASSIGNMENT((#446));
#448=STYLED_ITEM('',(#447),#445);
#449=DIRECTION('',(0.E0,0.E0,-1.E0));
#450=VECTOR('',#449,2.5E-1);
#451=CARTESIAN_POINT('',(3.75E-1,7.5E-2,5.E-1));
#452=LINE('',#451,#450);
#453=CURVE_STYLE('',#35,POSITIVE_LENGTH_MEASURE(2.E-2),#28);
#454=PRESENTATION_STYLE_ASSIGNMENT((#453));
#455=STYLED_ITEM('',(#454),#452);
#456=CARTESIAN_POINT('',(2.5E-1,7.5E-2,2.5E-1));
#457=DIRECTION('',(0.E0,-1.E0,0.E0));
#458=DIRECTION('',(-1.E0,0.E0,0.E0));
#459=AXIS2_PLACEMENT_3D('',#456,#457,#458);
#461=CURVE_STYLE('',#35,POSITIVE_LENGTH_MEASURE(2.E-2),#28);
#462=PRESENTATION_STYLE_ASSIGNMENT((#461));
#463=STYLED_ITEM('',(#462),#460);
#464=DIRECTION('',(0.E0,0.E0,-1.E0));
#465=VECTOR('',#464,2.5E-1);
#466=CARTESIAN_POINT('',(8.75E-1,7.5E-2,5.E-1));
#467=LINE('',#466,#465);
#468=CURVE_STYLE('',#35,POSITIVE_LENGTH_MEASURE(2.E-2),#28);
#469=PRESENTATION_STYLE_ASSIGNMENT((#468));
#470=STYLED_ITEM('',(#469),#467);
#471=CARTESIAN_POINT('',(7.5E-1,7.5E-2,2.5E-1));
#472=DIRECTION('',(0.E0,-1.E0,0.E0));
#473=DIRECTION('',(-1.E0,0.E0,0.E0));
#474=AXIS2_PLACEMENT_3D('',#471,#472,#473);
#476=CURVE_STYLE('',#35,POSITIVE_LENGTH_MEASURE(2.E-2),#28);
#477=PRESENTATION_STYLE_ASSIGNMENT((#476));
#478=STYLED_ITEM('',(#477),#475);
#479=CARTESIAN_POINT('',(2.5E-1,7.5E-2,-2.5E-1));
#480=DIRECTION('',(0.E0,-1.E0,0.E0));
#481=DIRECTION('',(1.E0,0.E0,0.E0));
#482=AXIS2_PLACEMENT_3D('',#479,#480,#481);
#484=CURVE_STYLE('',#35,POSITIVE_LENGTH_MEASURE(2.E-2),#28);
#485=PRESENTATION_STYLE_ASSIGNMENT((#484));
#486=STYLED_ITEM('',(#485),#483);
#487=DIRECTION('',(0.E0,0.E0,1.E0));
#488=VECTOR('',#487,2.5E-1);
#489=CARTESIAN_POINT('',(3.75E-1,7.5E-2,-5.E-1));
#490=LINE('',#489,#488);
#491=CURVE_STYLE('',#35,POSITIVE_LENGTH_MEASURE(2.E-2),#28);
#492=PRESENTATION_STYLE_ASSIGNMENT((#491));
#493=STYLED_ITEM('',(#492),#490);
#494=DIRECTION('',(7.071067811865E-1,0.E0,-7.071067811865E-1));
#495=VECTOR('',#494,2.121320343560E-1);
#496=CARTESIAN_POINT('',(7.25E-1,7.5E-2,-1.25E-1));
#497=LINE('',#496,#495);
#498=CURVE_STYLE('',#35,POSITIVE_LENGTH_MEASURE(2.E-2),#28);
#499=PRESENTATION_STYLE_ASSIGNMENT((#498));
#500=STYLED_ITEM('',(#499),#497);
#501=DIRECTION('',(0.E0,0.E0,1.E0));
#502=VECTOR('',#501,2.25E-1);
#503=CARTESIAN_POINT('',(8.75E-1,7.5E-2,-5.E-1));
#504=LINE('',#503,#502);
#505=CURVE_STYLE('',#35,POSITIVE_LENGTH_MEASURE(2.E-2),#28);
#506=PRESENTATION_STYLE_ASSIGNMENT((#505));
#507=STYLED_ITEM('',(#506),#504);
#508=DIRECTION('',(0.E0,-1.E0,0.E0));
#509=VECTOR('',#508,7.5E-2);
#510=CARTESIAN_POINT('',(-6.25E-1,7.5E-2,2.5E-1));
#511=LINE('',#510,#509);
#512=CURVE_STYLE('',#35,POSITIVE_LENGTH_MEASURE(2.E-2),#28);
#513=PRESENTATION_STYLE_ASSIGNMENT((#512));
#514=STYLED_ITEM('',(#513),#511);
#515=DIRECTION('',(0.E0,0.E0,-1.E0));
#516=VECTOR('',#515,2.5E-1);
#517=CARTESIAN_POINT('',(-8.75E-1,7.5E-2,5.E-1));
#518=LINE('',#517,#516);
#519=CURVE_STYLE('',#35,POSITIVE_LENGTH_MEASURE(2.E-2),#28);
#520=PRESENTATION_STYLE_ASSIGNMENT((#519));
#521=STYLED_ITEM('',(#520),#518);
#522=DIRECTION('',(0.E0,1.E0,0.E0));
#523=VECTOR('',#522,7.5E-2);
#524=CARTESIAN_POINT('',(-8.75E-1,0.E0,2.5E-1));
#525=LINE('',#524,#523);
#526=CURVE_STYLE('',#35,POSITIVE_LENGTH_MEASURE(2.E-2),#28);
#527=PRESENTATION_STYLE_ASSIGNMENT((#526));
#528=STYLED_ITEM('',(#527),#525);
#529=DIRECTION('',(0.E0,-1.E0,0.E0));
#530=VECTOR('',#529,7.5E-2);
#531=CARTESIAN_POINT('',(-1.25E-1,7.5E-2,2.5E-1));
#532=LINE('',#531,#530);
#533=CURVE_STYLE('',#35,POSITIVE_LENGTH_MEASURE(2.E-2),#28);
#534=PRESENTATION_STYLE_ASSIGNMENT((#533));
#535=STYLED_ITEM('',(#534),#532);
#536=DIRECTION('',(0.E0,0.E0,-1.E0));
#537=VECTOR('',#536,2.5E-1);
#538=CARTESIAN_POINT('',(-3.75E-1,7.5E-2,5.E-1));
#539=LINE('',#538,#537);
#540=CURVE_STYLE('',#35,POSITIVE_LENGTH_MEASURE(2.E-2),#28);
#541=PRESENTATION_STYLE_ASSIGNMENT((#540));
#542=STYLED_ITEM('',(#541),#539);
#543=DIRECTION('',(0.E0,1.E0,0.E0));
#544=VECTOR('',#543,7.5E-2);
#545=CARTESIAN_POINT('',(-3.75E-1,0.E0,2.5E-1));
#546=LINE('',#545,#544);
#547=CURVE_STYLE('',#35,POSITIVE_LENGTH_MEASURE(2.E-2),#28);
#548=PRESENTATION_STYLE_ASSIGNMENT((#547));
#549=STYLED_ITEM('',(#548),#546);
#550=DIRECTION('',(-1.E0,0.E0,0.E0));
#551=VECTOR('',#550,2.5E-1);
#552=CARTESIAN_POINT('',(-6.25E-1,7.5E-2,-5.E-1));
#553=LINE('',#552,#551);
#554=CURVE_STYLE('',#35,POSITIVE_LENGTH_MEASURE(2.E-2),#28);
#555=PRESENTATION_STYLE_ASSIGNMENT((#554));
#556=STYLED_ITEM('',(#555),#553);
#557=DIRECTION('',(0.E0,1.E0,0.E0));
#558=VECTOR('',#557,7.5E-2);
#559=CARTESIAN_POINT('',(-6.25E-1,0.E0,-5.E-1));
#560=LINE('',#559,#558);
#561=CURVE_STYLE('',#35,POSITIVE_LENGTH_MEASURE(2.E-2),#28);
#562=PRESENTATION_STYLE_ASSIGNMENT((#561));
#563=STYLED_ITEM('',(#562),#560);
#564=DIRECTION('',(0.E0,-1.E0,0.E0));
#565=VECTOR('',#564,7.5E-2);
#566=CARTESIAN_POINT('',(-3.75E-1,7.5E-2,-5.E-1));
#567=LINE('',#566,#565);
#568=CURVE_STYLE('',#35,POSITIVE_LENGTH_MEASURE(2.E-2),#28);
#569=PRESENTATION_STYLE_ASSIGNMENT((#568));
#570=STYLED_ITEM('',(#569),#567);
#571=DIRECTION('',(-1.E0,0.E0,0.E0));
#572=VECTOR('',#571,2.5E-1);
#573=CARTESIAN_POINT('',(-1.25E-1,7.5E-2,-5.E-1));
#574=LINE('',#573,#572);
#575=CURVE_STYLE('',#35,POSITIVE_LENGTH_MEASURE(2.E-2),#28);
#576=PRESENTATION_STYLE_ASSIGNMENT((#575));
#577=STYLED_ITEM('',(#576),#574);
#578=DIRECTION('',(0.E0,1.E0,0.E0));
#579=VECTOR('',#578,7.5E-2);
#580=CARTESIAN_POINT('',(-1.25E-1,0.E0,-5.E-1));
#581=LINE('',#580,#579);
#582=CURVE_STYLE('',#35,POSITIVE_LENGTH_MEASURE(2.E-2),#28);
#583=PRESENTATION_STYLE_ASSIGNMENT((#582));
#584=STYLED_ITEM('',(#583),#581);
#585=DIRECTION('',(0.E0,-1.E0,0.E0));
#586=VECTOR('',#585,7.5E-2);
#587=CARTESIAN_POINT('',(1.25E-1,7.5E-2,-5.E-1));
#588=LINE('',#587,#586);
#589=CURVE_STYLE('',#35,POSITIVE_LENGTH_MEASURE(2.E-2),#28);
#590=PRESENTATION_STYLE_ASSIGNMENT((#589));
#591=STYLED_ITEM('',(#590),#588);
#592=DIRECTION('',(-1.E0,0.E0,0.E0));
#593=VECTOR('',#592,2.5E-1);
#594=CARTESIAN_POINT('',(3.75E-1,7.5E-2,-5.E-1));
#595=LINE('',#594,#593);
#596=CURVE_STYLE('',#35,POSITIVE_LENGTH_MEASURE(2.E-2),#28);
#597=PRESENTATION_STYLE_ASSIGNMENT((#596));
#598=STYLED_ITEM('',(#597),#595);
#599=DIRECTION('',(0.E0,1.E0,0.E0));
#600=VECTOR('',#599,7.5E-2);
#601=CARTESIAN_POINT('',(3.75E-1,0.E0,-5.E-1));
#602=LINE('',#601,#600);
#603=CURVE_STYLE('',#35,POSITIVE_LENGTH_MEASURE(2.E-2),#28);
#604=PRESENTATION_STYLE_ASSIGNMENT((#603));
#605=STYLED_ITEM('',(#604),#602);
#606=DIRECTION('',(0.E0,-1.E0,0.E0));
#607=VECTOR('',#606,7.5E-2);
#608=CARTESIAN_POINT('',(6.25E-1,7.5E-2,-5.E-1));
#609=LINE('',#608,#607);
#610=CURVE_STYLE('',#35,POSITIVE_LENGTH_MEASURE(2.E-2),#28);
#611=PRESENTATION_STYLE_ASSIGNMENT((#610));
#612=STYLED_ITEM('',(#611),#609);
#613=DIRECTION('',(-1.E0,0.E0,0.E0));
#614=VECTOR('',#613,2.5E-1);
#615=CARTESIAN_POINT('',(8.75E-1,7.5E-2,-5.E-1));
#616=LINE('',#615,#614);
#617=CURVE_STYLE('',#35,POSITIVE_LENGTH_MEASURE(2.E-2),#28);
#618=PRESENTATION_STYLE_ASSIGNMENT((#617));
#619=STYLED_ITEM('',(#618),#616);
#620=DIRECTION('',(0.E0,1.E0,0.E0));
#621=VECTOR('',#620,7.5E-2);
#622=CARTESIAN_POINT('',(8.75E-1,0.E0,-5.E-1));
#623=LINE('',#622,#621);
#624=CURVE_STYLE('',#35,POSITIVE_LENGTH_MEASURE(2.E-2),#28);
#625=PRESENTATION_STYLE_ASSIGNMENT((#624));
#626=STYLED_ITEM('',(#625),#623);
#627=DIRECTION('',(0.E0,1.E0,0.E0));
#628=VECTOR('',#627,7.75E-1);
#629=CARTESIAN_POINT('',(1.E0,0.E0,-5.E-1));
#630=LINE('',#629,#628);
#631=CURVE_STYLE('',#35,POSITIVE_LENGTH_MEASURE(2.E-2),#28);
#632=PRESENTATION_STYLE_ASSIGNMENT((#631));
#633=STYLED_ITEM('',(#632),#630);
#634=DIRECTION('',(0.E0,1.E0,0.E0));
#635=VECTOR('',#634,7.5E-2);
#636=CARTESIAN_POINT('',(-8.75E-1,0.E0,-5.E-1));
#637=LINE('',#636,#635);
#638=CURVE_STYLE('',#35,POSITIVE_LENGTH_MEASURE(2.E-2),#28);
#639=PRESENTATION_STYLE_ASSIGNMENT((#638));
#640=STYLED_ITEM('',(#639),#637);
#641=DIRECTION('',(0.E0,1.E0,0.E0));
#642=VECTOR('',#641,7.5E-2);
#643=CARTESIAN_POINT('',(-6.25E-1,0.E0,-2.5E-1));
#644=LINE('',#643,#642);
#645=CURVE_STYLE('',#35,POSITIVE_LENGTH_MEASURE(2.E-2),#28);
#646=PRESENTATION_STYLE_ASSIGNMENT((#645));
#647=STYLED_ITEM('',(#646),#644);
#648=DIRECTION('',(0.E0,-1.E0,0.E0));
#649=VECTOR('',#648,7.5E-2);
#650=CARTESIAN_POINT('',(-8.75E-1,7.5E-2,-2.5E-1));
#651=LINE('',#650,#649);
#652=CURVE_STYLE('',#35,POSITIVE_LENGTH_MEASURE(2.E-2),#28);
#653=PRESENTATION_STYLE_ASSIGNMENT((#652));
#654=STYLED_ITEM('',(#653),#651);
#655=DIRECTION('',(0.E0,0.E0,1.E0));
#656=VECTOR('',#655,2.5E-1);
#657=CARTESIAN_POINT('',(-8.75E-1,7.5E-2,-5.E-1));
#658=LINE('',#657,#656);
#659=CURVE_STYLE('',#35,POSITIVE_LENGTH_MEASURE(2.E-2),#28);
#660=PRESENTATION_STYLE_ASSIGNMENT((#659));
#661=STYLED_ITEM('',(#660),#658);
#662=DIRECTION('',(0.E0,-1.E0,0.E0));
#663=VECTOR('',#662,7.5E-2);
#664=CARTESIAN_POINT('',(-3.75E-1,7.5E-2,-2.5E-1));
#665=LINE('',#664,#663);
#666=CURVE_STYLE('',#35,POSITIVE_LENGTH_MEASURE(2.E-2),#28);
#667=PRESENTATION_STYLE_ASSIGNMENT((#666));
#668=STYLED_ITEM('',(#667),#665);
#669=DIRECTION('',(0.E0,0.E0,1.E0));
#670=VECTOR('',#669,2.5E-1);
#671=CARTESIAN_POINT('',(-3.75E-1,7.5E-2,-5.E-1));
#672=LINE('',#671,#670);
#673=CURVE_STYLE('',#35,POSITIVE_LENGTH_MEASURE(2.E-2),#28);
#674=PRESENTATION_STYLE_ASSIGNMENT((#673));
#675=STYLED_ITEM('',(#674),#672);
#676=DIRECTION('',(0.E0,1.E0,0.E0));
#677=VECTOR('',#676,7.5E-2);
#678=CARTESIAN_POINT('',(-1.25E-1,0.E0,-2.5E-1));
#679=LINE('',#678,#677);
#680=CURVE_STYLE('',#35,POSITIVE_LENGTH_MEASURE(2.E-2),#28);
#681=PRESENTATION_STYLE_ASSIGNMENT((#680));
#682=STYLED_ITEM('',(#681),#679);
#683=DIRECTION('',(0.E0,-1.E0,0.E0));
#684=VECTOR('',#683,7.5E-2);
#685=CARTESIAN_POINT('',(1.25E-1,7.5E-2,-2.5E-1));
#686=LINE('',#685,#684);
#687=CURVE_STYLE('',#35,POSITIVE_LENGTH_MEASURE(2.E-2),#28);
#688=PRESENTATION_STYLE_ASSIGNMENT((#687));
#689=STYLED_ITEM('',(#688),#686);
#690=DIRECTION('',(0.E0,0.E0,1.E0));
#691=VECTOR('',#690,2.5E-1);
#692=CARTESIAN_POINT('',(1.25E-1,7.5E-2,-5.E-1));
#693=LINE('',#692,#691);
#694=CURVE_STYLE('',#35,POSITIVE_LENGTH_MEASURE(2.E-2),#28);
#695=PRESENTATION_STYLE_ASSIGNMENT((#694));
#696=STYLED_ITEM('',(#695),#693);
#697=DIRECTION('',(0.E0,1.E0,0.E0));
#698=VECTOR('',#697,7.5E-2);
#699=CARTESIAN_POINT('',(3.75E-1,0.E0,-2.5E-1));
#700=LINE('',#699,#698);
#701=CURVE_STYLE('',#35,POSITIVE_LENGTH_MEASURE(2.E-2),#28);
#702=PRESENTATION_STYLE_ASSIGNMENT((#701));
#703=STYLED_ITEM('',(#702),#700);
#704=DIRECTION('',(0.E0,0.E0,1.E0));
#705=VECTOR('',#704,3.75E-1);
#706=CARTESIAN_POINT('',(6.25E-1,7.5E-2,-5.E-1));
#707=LINE('',#706,#705);
#708=CURVE_STYLE('',#35,POSITIVE_LENGTH_MEASURE(2.E-2),#28);
#709=PRESENTATION_STYLE_ASSIGNMENT((#708));
#710=STYLED_ITEM('',(#709),#707);
#711=DIRECTION('',(0.E0,1.E0,0.E0));
#712=VECTOR('',#711,7.5E-2);
#713=CARTESIAN_POINT('',(7.25E-1,0.E0,-1.25E-1));
#714=LINE('',#713,#712);
#715=CURVE_STYLE('',#35,POSITIVE_LENGTH_MEASURE(2.E-2),#28);
#716=PRESENTATION_STYLE_ASSIGNMENT((#715));
#717=STYLED_ITEM('',(#716),#714);
#718=DIRECTION('',(-1.E0,0.E0,0.E0));
#719=VECTOR('',#718,1.E-1);
#720=CARTESIAN_POINT('',(7.25E-1,7.5E-2,-1.25E-1));
#721=LINE('',#720,#719);
#722=CURVE_STYLE('',#35,POSITIVE_LENGTH_MEASURE(2.E-2),#28);
#723=PRESENTATION_STYLE_ASSIGNMENT((#722));
#724=STYLED_ITEM('',(#723),#721);
#725=DIRECTION('',(0.E0,-1.E0,0.E0));
#726=VECTOR('',#725,7.5E-2);
#727=CARTESIAN_POINT('',(6.25E-1,7.5E-2,-1.25E-1));
#728=LINE('',#727,#726);
#729=CURVE_STYLE('',#35,POSITIVE_LENGTH_MEASURE(2.E-2),#28);
#730=PRESENTATION_STYLE_ASSIGNMENT((#729));
#731=STYLED_ITEM('',(#730),#728);
#732=DIRECTION('',(0.E0,1.E0,0.E0));
#733=VECTOR('',#732,7.5E-2);
#734=CARTESIAN_POINT('',(8.75E-1,0.E0,-2.75E-1));
#735=LINE('',#734,#733);
#736=CURVE_STYLE('',#35,POSITIVE_LENGTH_MEASURE(2.E-2),#28);
#737=PRESENTATION_STYLE_ASSIGNMENT((#736));
#738=STYLED_ITEM('',(#737),#735);
#739=DIRECTION('',(0.E0,1.E0,0.E0));
#740=VECTOR('',#739,7.75E-1);
#741=CARTESIAN_POINT('',(1.E0,0.E0,5.E-1));
#742=LINE('',#741,#740);
#743=CURVE_STYLE('',#35,POSITIVE_LENGTH_MEASURE(2.E-2),#28);
#744=PRESENTATION_STYLE_ASSIGNMENT((#743));
#745=STYLED_ITEM('',(#744),#742);
#746=DIRECTION('',(0.E0,0.E0,1.E0));
#747=VECTOR('',#746,1.E0);
#748=CARTESIAN_POINT('',(-1.E0,7.75E-1,-5.E-1));
#749=LINE('',#748,#747);
#750=CURVE_STYLE('',#35,POSITIVE_LENGTH_MEASURE(2.E-2),#28);
#751=PRESENTATION_STYLE_ASSIGNMENT((#750));
#752=STYLED_ITEM('',(#751),#749);
#753=DIRECTION('',(-1.E0,0.E0,0.E0));
#754=VECTOR('',#753,2.E0);
#755=CARTESIAN_POINT('',(1.E0,7.75E-1,-5.E-1));
#756=LINE('',#755,#754);
#757=CURVE_STYLE('',#35,POSITIVE_LENGTH_MEASURE(2.E-2),#28);
#758=PRESENTATION_STYLE_ASSIGNMENT((#757));
#759=STYLED_ITEM('',(#758),#756);
#760=DIRECTION('',(0.E0,0.E0,-1.E0));
#761=VECTOR('',#760,1.E0);
#762=CARTESIAN_POINT('',(1.E0,7.75E-1,5.E-1));
#763=LINE('',#762,#761);
#764=CURVE_STYLE('',#35,POSITIVE_LENGTH_MEASURE(2.E-2),#28);
#765=PRESENTATION_STYLE_ASSIGNMENT((#764));
#766=STYLED_ITEM('',(#765),#763);
#767=DIRECTION('',(1.E0,0.E0,0.E0));
#768=VECTOR('',#767,2.E0);
#769=CARTESIAN_POINT('',(-1.E0,7.75E-1,5.E-1));
#770=LINE('',#769,#768);
#771=CURVE_STYLE('',#35,POSITIVE_LENGTH_MEASURE(2.E-2),#28);
#772=PRESENTATION_STYLE_ASSIGNMENT((#771));
#773=STYLED_ITEM('',(#772),#770);
#774=DIRECTION('',(0.E0,1.E0,0.E0));
#775=VECTOR('',#774,7.75E-1);
#776=CARTESIAN_POINT('',(-1.E0,0.E0,-5.E-1));
#777=LINE('',#776,#775);
#778=CURVE_STYLE('',#35,POSITIVE_LENGTH_MEASURE(2.E-2),#28);
#779=PRESENTATION_STYLE_ASSIGNMENT((#778));
#780=STYLED_ITEM('',(#779),#777);
#781=DIRECTION('',(0.E0,-1.E0,0.E0));
#782=VECTOR('',#781,7.5E-2);
#783=CARTESIAN_POINT('',(3.75E-1,7.5E-2,2.5E-1));
#784=LINE('',#783,#782);
#785=CURVE_STYLE('',#35,POSITIVE_LENGTH_MEASURE(2.E-2),#28);
#786=PRESENTATION_STYLE_ASSIGNMENT((#785));
#787=STYLED_ITEM('',(#786),#784);
#788=DIRECTION('',(0.E0,0.E0,-1.E0));
#789=VECTOR('',#788,2.5E-1);
#790=CARTESIAN_POINT('',(1.25E-1,7.5E-2,5.E-1));
#791=LINE('',#790,#789);
#792=CURVE_STYLE('',#35,POSITIVE_LENGTH_MEASURE(2.E-2),#28);
#793=PRESENTATION_STYLE_ASSIGNMENT((#792));
#794=STYLED_ITEM('',(#793),#791);
#795=DIRECTION('',(0.E0,1.E0,0.E0));
#796=VECTOR('',#795,7.5E-2);
#797=CARTESIAN_POINT('',(1.25E-1,0.E0,2.5E-1));
#798=LINE('',#797,#796);
#799=CURVE_STYLE('',#35,POSITIVE_LENGTH_MEASURE(2.E-2),#28);
#800=PRESENTATION_STYLE_ASSIGNMENT((#799));
#801=STYLED_ITEM('',(#800),#798);
#802=DIRECTION('',(0.E0,-1.E0,0.E0));
#803=VECTOR('',#802,7.5E-2);
#804=CARTESIAN_POINT('',(8.75E-1,7.5E-2,2.5E-1));
#805=LINE('',#804,#803);
#806=CURVE_STYLE('',#35,POSITIVE_LENGTH_MEASURE(2.E-2),#28);
#807=PRESENTATION_STYLE_ASSIGNMENT((#806));
#808=STYLED_ITEM('',(#807),#805);
#809=DIRECTION('',(0.E0,0.E0,-1.E0));
#810=VECTOR('',#809,2.5E-1);
#811=CARTESIAN_POINT('',(6.25E-1,7.5E-2,5.E-1));
#812=LINE('',#811,#810);
#813=CURVE_STYLE('',#35,POSITIVE_LENGTH_MEASURE(2.E-2),#28);
#814=PRESENTATION_STYLE_ASSIGNMENT((#813));
#815=STYLED_ITEM('',(#814),#812);
#816=DIRECTION('',(0.E0,1.E0,0.E0));
#817=VECTOR('',#816,7.5E-2);
#818=CARTESIAN_POINT('',(6.25E-1,0.E0,2.5E-1));
#819=LINE('',#818,#817);
#820=CURVE_STYLE('',#35,POSITIVE_LENGTH_MEASURE(2.E-2),#28);
#821=PRESENTATION_STYLE_ASSIGNMENT((#820));
#822=STYLED_ITEM('',(#821),#819);
#823=CARTESIAN_POINT('',(-1.E0,0.E0,-5.E-1));
#824=CARTESIAN_POINT('',(-1.E0,0.E0,5.E-1));
#825=VERTEX_POINT('',#823);
#826=VERTEX_POINT('',#824);
#827=CARTESIAN_POINT('',(1.E0,0.E0,5.E-1));
#828=CARTESIAN_POINT('',(1.E0,0.E0,-5.E-1));
#829=VERTEX_POINT('',#827);
#830=VERTEX_POINT('',#828);
#831=CARTESIAN_POINT('',(-1.E0,7.75E-1,-5.E-1));
#832=CARTESIAN_POINT('',(-1.E0,7.75E-1,5.E-1));
#833=VERTEX_POINT('',#831);
#834=VERTEX_POINT('',#832);
#835=CARTESIAN_POINT('',(1.E0,7.75E-1,5.E-1));
#836=VERTEX_POINT('',#835);
#837=CARTESIAN_POINT('',(1.E0,7.75E-1,-5.E-1));
#838=VERTEX_POINT('',#837);
#839=CARTESIAN_POINT('',(-8.75E-1,7.5E-2,5.E-1));
#840=CARTESIAN_POINT('',(-6.25E-1,7.5E-2,5.E-1));
#841=VERTEX_POINT('',#839);
#842=VERTEX_POINT('',#840);
#843=CARTESIAN_POINT('',(-3.75E-1,7.5E-2,5.E-1));
#844=CARTESIAN_POINT('',(-1.25E-1,7.5E-2,5.E-1));
#845=VERTEX_POINT('',#843);
#846=VERTEX_POINT('',#844);
#847=CARTESIAN_POINT('',(-6.25E-1,7.5E-2,-5.E-1));
#848=CARTESIAN_POINT('',(-8.75E-1,7.5E-2,-5.E-1));
#849=VERTEX_POINT('',#847);
#850=VERTEX_POINT('',#848);
#851=CARTESIAN_POINT('',(-1.25E-1,7.5E-2,-5.E-1));
#852=CARTESIAN_POINT('',(-3.75E-1,7.5E-2,-5.E-1));
#853=VERTEX_POINT('',#851);
#854=VERTEX_POINT('',#852);
#855=CARTESIAN_POINT('',(-8.75E-1,0.E0,5.E-1));
#856=VERTEX_POINT('',#855);
#857=CARTESIAN_POINT('',(-6.25E-1,0.E0,5.E-1));
#858=CARTESIAN_POINT('',(-3.75E-1,0.E0,5.E-1));
#859=VERTEX_POINT('',#857);
#860=VERTEX_POINT('',#858);
#861=CARTESIAN_POINT('',(-1.25E-1,0.E0,5.E-1));
#862=CARTESIAN_POINT('',(1.25E-1,0.E0,5.E-1));
#863=VERTEX_POINT('',#861);
#864=VERTEX_POINT('',#862);
#865=CARTESIAN_POINT('',(3.75E-1,0.E0,5.E-1));
#866=CARTESIAN_POINT('',(6.25E-1,0.E0,5.E-1));
#867=VERTEX_POINT('',#865);
#868=VERTEX_POINT('',#866);
#869=CARTESIAN_POINT('',(8.75E-1,0.E0,5.E-1));
#870=VERTEX_POINT('',#869);
#871=CARTESIAN_POINT('',(8.75E-1,0.E0,-5.E-1));
#872=VERTEX_POINT('',#871);
#873=CARTESIAN_POINT('',(6.25E-1,0.E0,-5.E-1));
#874=CARTESIAN_POINT('',(3.75E-1,0.E0,-5.E-1));
#875=VERTEX_POINT('',#873);
#876=VERTEX_POINT('',#874);
#877=CARTESIAN_POINT('',(1.25E-1,0.E0,-5.E-1));
#878=CARTESIAN_POINT('',(-1.25E-1,0.E0,-5.E-1));
#879=VERTEX_POINT('',#877);
#880=VERTEX_POINT('',#878);
#881=CARTESIAN_POINT('',(-3.75E-1,0.E0,-5.E-1));
#882=CARTESIAN_POINT('',(-6.25E-1,0.E0,-5.E-1));
#883=VERTEX_POINT('',#881);
#884=VERTEX_POINT('',#882);
#885=CARTESIAN_POINT('',(-8.75E-1,0.E0,-5.E-1));
#886=VERTEX_POINT('',#885);
#887=CARTESIAN_POINT('',(6.25E-1,0.E0,-1.25E-1));
#888=CARTESIAN_POINT('',(7.25E-1,0.E0,-1.25E-1));
#889=VERTEX_POINT('',#887);
#890=VERTEX_POINT('',#888);
#891=CARTESIAN_POINT('',(8.75E-1,7.5E-2,5.E-1));
#892=VERTEX_POINT('',#891);
#893=CARTESIAN_POINT('',(6.25E-1,7.5E-2,5.E-1));
#894=VERTEX_POINT('',#893);
#895=CARTESIAN_POINT('',(3.75E-1,7.5E-2,5.E-1));
#896=VERTEX_POINT('',#895);
#897=CARTESIAN_POINT('',(1.25E-1,7.5E-2,5.E-1));
#898=VERTEX_POINT('',#897);
#899=CARTESIAN_POINT('',(8.75E-1,7.5E-2,-5.E-1));
#900=VERTEX_POINT('',#899);
#901=CARTESIAN_POINT('',(6.25E-1,7.5E-2,-5.E-1));
#902=VERTEX_POINT('',#901);
#903=CARTESIAN_POINT('',(3.75E-1,7.5E-2,-5.E-1));
#904=VERTEX_POINT('',#903);
#905=CARTESIAN_POINT('',(1.25E-1,7.5E-2,-5.E-1));
#906=VERTEX_POINT('',#905);
#907=CARTESIAN_POINT('',(6.25E-1,7.5E-2,-1.25E-1));
#908=VERTEX_POINT('',#907);
#909=CARTESIAN_POINT('',(8.75E-1,0.E0,-2.75E-1));
#910=VERTEX_POINT('',#909);
#911=CARTESIAN_POINT('',(3.75E-1,0.E0,-2.5E-1));
#912=VERTEX_POINT('',#911);
#913=CARTESIAN_POINT('',(1.25E-1,0.E0,-2.5E-1));
#914=VERTEX_POINT('',#913);
#915=CARTESIAN_POINT('',(-1.25E-1,0.E0,-2.5E-1));
#916=VERTEX_POINT('',#915);
#917=CARTESIAN_POINT('',(-3.75E-1,0.E0,-2.5E-1));
#918=VERTEX_POINT('',#917);
#919=CARTESIAN_POINT('',(8.75E-1,0.E0,2.5E-1));
#920=VERTEX_POINT('',#919);
#921=CARTESIAN_POINT('',(6.25E-1,0.E0,2.5E-1));
#922=VERTEX_POINT('',#921);
#923=CARTESIAN_POINT('',(3.75E-1,0.E0,2.5E-1));
#924=VERTEX_POINT('',#923);
#925=CARTESIAN_POINT('',(1.25E-1,0.E0,2.5E-1));
#926=VERTEX_POINT('',#925);
#927=CARTESIAN_POINT('',(-1.25E-1,0.E0,2.5E-1));
#928=VERTEX_POINT('',#927);
#929=CARTESIAN_POINT('',(-3.75E-1,0.E0,2.5E-1));
#930=VERTEX_POINT('',#929);
#931=CARTESIAN_POINT('',(7.25E-1,7.5E-2,-1.25E-1));
#932=CARTESIAN_POINT('',(8.75E-1,7.5E-2,-2.75E-1));
#933=VERTEX_POINT('',#931);
#934=VERTEX_POINT('',#932);
#935=CARTESIAN_POINT('',(-6.25E-1,0.E0,-2.5E-1));
#936=VERTEX_POINT('',#935);
#937=CARTESIAN_POINT('',(-6.25E-1,0.E0,2.5E-1));
#938=VERTEX_POINT('',#937);
#939=CARTESIAN_POINT('',(-8.75E-1,0.E0,-2.5E-1));
#940=VERTEX_POINT('',#939);
#941=CARTESIAN_POINT('',(-8.75E-1,0.E0,2.5E-1));
#942=VERTEX_POINT('',#941);
#943=CARTESIAN_POINT('',(6.25E-1,7.5E-2,2.5E-1));
#944=CARTESIAN_POINT('',(8.75E-1,7.5E-2,2.5E-1));
#945=VERTEX_POINT('',#943);
#946=VERTEX_POINT('',#944);
#947=CARTESIAN_POINT('',(1.25E-1,7.5E-2,2.5E-1));
#948=CARTESIAN_POINT('',(3.75E-1,7.5E-2,2.5E-1));
#949=VERTEX_POINT('',#947);
#950=VERTEX_POINT('',#948);
#951=CARTESIAN_POINT('',(-3.75E-1,7.5E-2,2.5E-1));
#952=CARTESIAN_POINT('',(-1.25E-1,7.5E-2,2.5E-1));
#953=VERTEX_POINT('',#951);
#954=VERTEX_POINT('',#952);
#955=CARTESIAN_POINT('',(-8.75E-1,7.5E-2,2.5E-1));
#956=CARTESIAN_POINT('',(-6.25E-1,7.5E-2,2.5E-1));
#957=VERTEX_POINT('',#955);
#958=VERTEX_POINT('',#956);
#959=CARTESIAN_POINT('',(3.75E-1,7.5E-2,-2.5E-1));
#960=CARTESIAN_POINT('',(1.25E-1,7.5E-2,-2.5E-1));
#961=VERTEX_POINT('',#959);
#962=VERTEX_POINT('',#960);
#963=CARTESIAN_POINT('',(-1.25E-1,7.5E-2,-2.5E-1));
#964=CARTESIAN_POINT('',(-3.75E-1,7.5E-2,-2.5E-1));
#965=VERTEX_POINT('',#963);
#966=VERTEX_POINT('',#964);
#967=CARTESIAN_POINT('',(-6.25E-1,7.5E-2,-2.5E-1));
#968=CARTESIAN_POINT('',(-8.75E-1,7.5E-2,-2.5E-1));
#969=VERTEX_POINT('',#967);
#970=VERTEX_POINT('',#968);
#971=CARTESIAN_POINT('',(0.E0,0.E0,0.E0));
#972=DIRECTION('',(0.E0,1.E0,0.E0));
#973=DIRECTION('',(1.E0,0.E0,0.E0));
#974=AXIS2_PLACEMENT_3D('',#971,#972,#973);
#975=PLANE('',#974);
#977=ORIENTED_EDGE('',*,*,#976,.T.);
#979=ORIENTED_EDGE('',*,*,#978,.T.);
#981=ORIENTED_EDGE('',*,*,#980,.T.);
#983=ORIENTED_EDGE('',*,*,#982,.F.);
#985=ORIENTED_EDGE('',*,*,#984,.T.);
#987=ORIENTED_EDGE('',*,*,#986,.T.);
#989=ORIENTED_EDGE('',*,*,#988,.F.);
#991=ORIENTED_EDGE('',*,*,#990,.F.);
#993=ORIENTED_EDGE('',*,*,#992,.T.);
#995=ORIENTED_EDGE('',*,*,#994,.T.);
#997=ORIENTED_EDGE('',*,*,#996,.F.);
#999=ORIENTED_EDGE('',*,*,#998,.F.);
#1001=ORIENTED_EDGE('',*,*,#1000,.T.);
#1003=ORIENTED_EDGE('',*,*,#1002,.T.);
#1005=ORIENTED_EDGE('',*,*,#1004,.F.);
#1007=ORIENTED_EDGE('',*,*,#1006,.F.);
#1009=ORIENTED_EDGE('',*,*,#1008,.T.);
#1011=ORIENTED_EDGE('',*,*,#1010,.T.);
#1013=ORIENTED_EDGE('',*,*,#1012,.T.);
#1015=ORIENTED_EDGE('',*,*,#1014,.T.);
#1017=ORIENTED_EDGE('',*,*,#1016,.F.);
#1019=ORIENTED_EDGE('',*,*,#1018,.F.);
#1021=ORIENTED_EDGE('',*,*,#1020,.F.);
#1023=ORIENTED_EDGE('',*,*,#1022,.T.);
#1025=ORIENTED_EDGE('',*,*,#1024,.T.);
#1027=ORIENTED_EDGE('',*,*,#1026,.T.);
#1029=ORIENTED_EDGE('',*,*,#1028,.F.);
#1031=ORIENTED_EDGE('',*,*,#1030,.T.);
#1033=ORIENTED_EDGE('',*,*,#1032,.T.);
#1035=ORIENTED_EDGE('',*,*,#1034,.T.);
#1037=ORIENTED_EDGE('',*,*,#1036,.F.);
#1039=ORIENTED_EDGE('',*,*,#1038,.T.);
#1041=ORIENTED_EDGE('',*,*,#1040,.T.);
#1043=ORIENTED_EDGE('',*,*,#1042,.F.);
#1045=ORIENTED_EDGE('',*,*,#1044,.F.);
#1047=ORIENTED_EDGE('',*,*,#1046,.T.);
#1049=ORIENTED_EDGE('',*,*,#1048,.T.);
#1050=EDGE_LOOP('',(#977,#979,#981,#983,#985,#987,#989,#991,#993,#995,#997,#999,
#1001,#1003,#1005,#1007,#1009,#1011,#1013,#1015,#1017,#1019,#1021,#1023,#1025,
#1027,#1029,#1031,#1033,#1035,#1037,#1039,#1041,#1043,#1045,#1047,#1049));
#1051=FACE_OUTER_BOUND('',#1050,.F.);
#1052=ADVANCED_FACE('',(#1051),#975,.F.);
#1053=CARTESIAN_POINT('',(-1.E0,0.E0,5.E-1));
#1054=DIRECTION('',(0.E0,0.E0,1.E0));
#1055=DIRECTION('',(1.E0,0.E0,0.E0));
#1056=AXIS2_PLACEMENT_3D('',#1053,#1054,#1055);
#1057=PLANE('',#1056);
#1059=ORIENTED_EDGE('',*,*,#1058,.F.);
#1061=ORIENTED_EDGE('',*,*,#1060,.F.);
#1062=ORIENTED_EDGE('',*,*,#976,.F.);
#1064=ORIENTED_EDGE('',*,*,#1063,.T.);
#1066=ORIENTED_EDGE('',*,*,#1065,.T.);
#1068=ORIENTED_EDGE('',*,*,#1067,.F.);
#1069=ORIENTED_EDGE('',*,*,#1008,.F.);
#1071=ORIENTED_EDGE('',*,*,#1070,.T.);
#1073=ORIENTED_EDGE('',*,*,#1072,.F.);
#1075=ORIENTED_EDGE('',*,*,#1074,.T.);
#1076=ORIENTED_EDGE('',*,*,#1000,.F.);
#1078=ORIENTED_EDGE('',*,*,#1077,.T.);
#1080=ORIENTED_EDGE('',*,*,#1079,.F.);
#1082=ORIENTED_EDGE('',*,*,#1081,.T.);
#1083=ORIENTED_EDGE('',*,*,#992,.F.);
#1085=ORIENTED_EDGE('',*,*,#1084,.T.);
#1087=ORIENTED_EDGE('',*,*,#1086,.F.);
#1089=ORIENTED_EDGE('',*,*,#1088,.T.);
#1090=ORIENTED_EDGE('',*,*,#984,.F.);
#1092=ORIENTED_EDGE('',*,*,#1091,.T.);
#1093=EDGE_LOOP('',(#1059,#1061,#1062,#1064,#1066,#1068,#1069,#1071,#1073,#1075,
#1076,#1078,#1080,#1082,#1083,#1085,#1087,#1089,#1090,#1092));
#1094=FACE_OUTER_BOUND('',#1093,.F.);
#1095=ADVANCED_FACE('',(#1094),#1057,.T.);
#1096=CARTESIAN_POINT('',(0.E0,7.5E-2,0.E0));
#1097=DIRECTION('',(0.E0,1.E0,0.E0));
#1098=DIRECTION('',(1.E0,0.E0,0.E0));
#1099=AXIS2_PLACEMENT_3D('',#1096,#1097,#1098);
#1100=PLANE('',#1099);
#1101=ORIENTED_EDGE('',*,*,#1058,.T.);
#1103=ORIENTED_EDGE('',*,*,#1102,.T.);
#1105=ORIENTED_EDGE('',*,*,#1104,.F.);
#1107=ORIENTED_EDGE('',*,*,#1106,.F.);
#1108=EDGE_LOOP('',(#1101,#1103,#1105,#1107));
#1109=FACE_OUTER_BOUND('',#1108,.F.);
#1110=ADVANCED_FACE('',(#1109),#1100,.F.);
#1111=CARTESIAN_POINT('',(0.E0,7.5E-2,0.E0));
#1112=DIRECTION('',(0.E0,1.E0,0.E0));
#1113=DIRECTION('',(1.E0,0.E0,0.E0));
#1114=AXIS2_PLACEMENT_3D('',#1111,#1112,#1113);
#1115=PLANE('',#1114);
#1116=ORIENTED_EDGE('',*,*,#1086,.T.);
#1118=ORIENTED_EDGE('',*,*,#1117,.T.);
#1120=ORIENTED_EDGE('',*,*,#1119,.F.);
#1122=ORIENTED_EDGE('',*,*,#1121,.F.);
#1123=EDGE_LOOP('',(#1116,#1118,#1120,#1122));
#1124=FACE_OUTER_BOUND('',#1123,.F.);
#1125=ADVANCED_FACE('',(#1124),#1115,.F.);
#1126=CARTESIAN_POINT('',(0.E0,7.5E-2,0.E0));
#1127=DIRECTION('',(0.E0,1.E0,0.E0));
#1128=DIRECTION('',(1.E0,0.E0,0.E0));
#1129=AXIS2_PLACEMENT_3D('',#1126,#1127,#1128);
#1130=PLANE('',#1129);
#1132=ORIENTED_EDGE('',*,*,#1131,.T.);
#1134=ORIENTED_EDGE('',*,*,#1133,.T.);
#1136=ORIENTED_EDGE('',*,*,#1135,.F.);
#1138=ORIENTED_EDGE('',*,*,#1137,.F.);
#1139=EDGE_LOOP('',(#1132,#1134,#1136,#1138));
#1140=FACE_OUTER_BOUND('',#1139,.F.);
#1141=ADVANCED_FACE('',(#1140),#1130,.F.);
#1142=CARTESIAN_POINT('',(0.E0,7.5E-2,0.E0));
#1143=DIRECTION('',(0.E0,1.E0,0.E0));
#1144=DIRECTION('',(1.E0,0.E0,0.E0));
#1145=AXIS2_PLACEMENT_3D('',#1142,#1143,#1144);
#1146=PLANE('',#1145);
#1148=ORIENTED_EDGE('',*,*,#1147,.T.);
#1150=ORIENTED_EDGE('',*,*,#1149,.T.);
#1152=ORIENTED_EDGE('',*,*,#1151,.F.);
#1154=ORIENTED_EDGE('',*,*,#1153,.F.);
#1155=EDGE_LOOP('',(#1148,#1150,#1152,#1154));
#1156=FACE_OUTER_BOUND('',#1155,.F.);
#1157=ADVANCED_FACE('',(#1156),#1146,.F.);
#1158=CARTESIAN_POINT('',(0.E0,7.5E-2,0.E0));
#1159=DIRECTION('',(0.E0,1.E0,0.E0));
#1160=DIRECTION('',(1.E0,0.E0,0.E0));
#1161=AXIS2_PLACEMENT_3D('',#1158,#1159,#1160);
#1162=PLANE('',#1161);
#1163=ORIENTED_EDGE('',*,*,#1079,.T.);
#1165=ORIENTED_EDGE('',*,*,#1164,.T.);
#1167=ORIENTED_EDGE('',*,*,#1166,.F.);
#1169=ORIENTED_EDGE('',*,*,#1168,.F.);
#1170=EDGE_LOOP('',(#1163,#1165,#1167,#1169));
#1171=FACE_OUTER_BOUND('',#1170,.F.);
#1172=ADVANCED_FACE('',(#1171),#1162,.F.);
#1173=CARTESIAN_POINT('',(0.E0,7.5E-2,0.E0));
#1174=DIRECTION('',(0.E0,1.E0,0.E0));
#1175=DIRECTION('',(1.E0,0.E0,0.E0));
#1176=AXIS2_PLACEMENT_3D('',#1173,#1174,#1175);
#1177=PLANE('',#1176);
#1178=ORIENTED_EDGE('',*,*,#1072,.T.);
#1180=ORIENTED_EDGE('',*,*,#1179,.T.);
#1182=ORIENTED_EDGE('',*,*,#1181,.F.);
#1184=ORIENTED_EDGE('',*,*,#1183,.F.);
#1185=EDGE_LOOP('',(#1178,#1180,#1182,#1184));
#1186=FACE_OUTER_BOUND('',#1185,.F.);
#1187=ADVANCED_FACE('',(#1186),#1177,.F.);
#1188=CARTESIAN_POINT('',(0.E0,7.5E-2,0.E0));
#1189=DIRECTION('',(0.E0,1.E0,0.E0));
#1190=DIRECTION('',(1.E0,0.E0,0.E0));
#1191=AXIS2_PLACEMENT_3D('',#1188,#1189,#1190);
#1192=PLANE('',#1191);
#1194=ORIENTED_EDGE('',*,*,#1193,.T.);
#1196=ORIENTED_EDGE('',*,*,#1195,.T.);
#1198=ORIENTED_EDGE('',*,*,#1197,.F.);
#1200=ORIENTED_EDGE('',*,*,#1199,.F.);
#1201=EDGE_LOOP('',(#1194,#1196,#1198,#1200));
#1202=FACE_OUTER_BOUND('',#1201,.F.);
#1203=ADVANCED_FACE('',(#1202),#1192,.F.);
#1204=CARTESIAN_POINT('',(0.E0,7.5E-2,0.E0));
#1205=DIRECTION('',(0.E0,1.E0,0.E0));
#1206=DIRECTION('',(1.E0,0.E0,0.E0));
#1207=AXIS2_PLACEMENT_3D('',#1204,#1205,#1206);
#1208=PLANE('',#1207);
#1210=ORIENTED_EDGE('',*,*,#1209,.T.);
#1212=ORIENTED_EDGE('',*,*,#1211,.T.);
#1214=ORIENTED_EDGE('',*,*,#1213,.F.);
#1216=ORIENTED_EDGE('',*,*,#1215,.T.);
#1218=ORIENTED_EDGE('',*,*,#1217,.F.);
#1219=EDGE_LOOP('',(#1210,#1212,#1214,#1216,#1218));
#1220=FACE_OUTER_BOUND('',#1219,.F.);
#1221=ADVANCED_FACE('',(#1220),#1208,.F.);
#1222=CARTESIAN_POINT('',(-6.25E-1,-2.5E-2,5.5E-1));
#1223=DIRECTION('',(-1.E0,0.E0,0.E0));
#1224=DIRECTION('',(0.E0,1.E0,0.E0));
#1225=AXIS2_PLACEMENT_3D('',#1222,#1223,#1224);
#1226=PLANE('',#1225);
#1227=ORIENTED_EDGE('',*,*,#982,.T.);
#1229=ORIENTED_EDGE('',*,*,#1228,.F.);
#1230=ORIENTED_EDGE('',*,*,#1102,.F.);
#1231=ORIENTED_EDGE('',*,*,#1091,.F.);
#1232=EDGE_LOOP('',(#1227,#1229,#1230,#1231));
#1233=FACE_OUTER_BOUND('',#1232,.F.);
#1234=ADVANCED_FACE('',(#1233),#1226,.T.);
#1235=CARTESIAN_POINT('',(-7.5E-1,2.3542E-1,2.5E-1));
#1236=DIRECTION('',(0.E0,-1.E0,0.E0));
#1237=DIRECTION('',(0.E0,0.E0,-1.E0));
#1238=AXIS2_PLACEMENT_3D('',#1235,#1236,#1237);
#1239=CYLINDRICAL_SURFACE('',#1238,1.25E-1);
#1240=ORIENTED_EDGE('',*,*,#980,.F.);
#1242=ORIENTED_EDGE('',*,*,#1241,.T.);
#1243=ORIENTED_EDGE('',*,*,#1104,.T.);
#1244=ORIENTED_EDGE('',*,*,#1228,.T.);
#1245=EDGE_LOOP('',(#1240,#1242,#1243,#1244));
#1246=FACE_OUTER_BOUND('',#1245,.F.);
#1247=ADVANCED_FACE('',(#1246),#1239,.F.);
#1248=CARTESIAN_POINT('',(-8.75E-1,7.5E-2,5.5E-1));
#1249=DIRECTION('',(1.E0,0.E0,0.E0));
#1250=DIRECTION('',(0.E0,-1.E0,0.E0));
#1251=AXIS2_PLACEMENT_3D('',#1248,#1249,#1250);
#1252=PLANE('',#1251);
#1253=ORIENTED_EDGE('',*,*,#978,.F.);
#1254=ORIENTED_EDGE('',*,*,#1060,.T.);
#1255=ORIENTED_EDGE('',*,*,#1106,.T.);
#1256=ORIENTED_EDGE('',*,*,#1241,.F.);
#1257=EDGE_LOOP('',(#1253,#1254,#1255,#1256));
#1258=FACE_OUTER_BOUND('',#1257,.F.);
#1259=ADVANCED_FACE('',(#1258),#1252,.T.);
#1260=CARTESIAN_POINT('',(-1.25E-1,-2.5E-2,5.5E-1));
#1261=DIRECTION('',(-1.E0,0.E0,0.E0));
#1262=DIRECTION('',(0.E0,1.E0,0.E0));
#1263=AXIS2_PLACEMENT_3D('',#1260,#1261,#1262);
#1264=PLANE('',#1263);
#1265=ORIENTED_EDGE('',*,*,#1084,.F.);
#1266=ORIENTED_EDGE('',*,*,#990,.T.);
#1268=ORIENTED_EDGE('',*,*,#1267,.F.);
#1269=ORIENTED_EDGE('',*,*,#1117,.F.);
#1270=EDGE_LOOP('',(#1265,#1266,#1268,#1269));
#1271=FACE_OUTER_BOUND('',#1270,.F.);
#1272=ADVANCED_FACE('',(#1271),#1264,.T.);
#1273=CARTESIAN_POINT('',(-2.5E-1,-1.8542E-1,2.5E-1));
#1274=DIRECTION('',(0.E0,1.E0,0.E0));
#1275=DIRECTION('',(0.E0,0.E0,-1.E0));
#1276=AXIS2_PLACEMENT_3D('',#1273,#1274,#1275);
#1277=CYLINDRICAL_SURFACE('',#1276,1.25E-1);
#1278=ORIENTED_EDGE('',*,*,#988,.T.);
#1280=ORIENTED_EDGE('',*,*,#1279,.T.);
#1281=ORIENTED_EDGE('',*,*,#1119,.T.);
#1282=ORIENTED_EDGE('',*,*,#1267,.T.);
#1283=EDGE_LOOP('',(#1278,#1280,#1281,#1282));
#1284=FACE_OUTER_BOUND('',#1283,.F.);
#1285=ADVANCED_FACE('',(#1284),#1277,.F.);
#1286=CARTESIAN_POINT('',(-3.75E-1,7.5E-2,5.5E-1));
#1287=DIRECTION('',(1.E0,0.E0,0.E0));
#1288=DIRECTION('',(0.E0,-1.E0,0.E0));
#1289=AXIS2_PLACEMENT_3D('',#1286,#1287,#1288);
#1290=PLANE('',#1289);
#1291=ORIENTED_EDGE('',*,*,#1088,.F.);
#1292=ORIENTED_EDGE('',*,*,#1121,.T.);
#1293=ORIENTED_EDGE('',*,*,#1279,.F.);
#1294=ORIENTED_EDGE('',*,*,#986,.F.);
#1295=EDGE_LOOP('',(#1291,#1292,#1293,#1294));
#1296=FACE_OUTER_BOUND('',#1295,.F.);
#1297=ADVANCED_FACE('',(#1296),#1290,.T.);
#1298=CARTESIAN_POINT('',(1.E0,0.E0,-5.E-1));
#1299=DIRECTION('',(0.E0,0.E0,-1.E0));
#1300=DIRECTION('',(-1.E0,0.E0,0.E0));
#1301=AXIS2_PLACEMENT_3D('',#1298,#1299,#1300);
#1302=PLANE('',#1301);
#1303=ORIENTED_EDGE('',*,*,#1131,.F.);
#1305=ORIENTED_EDGE('',*,*,#1304,.F.);
#1306=ORIENTED_EDGE('',*,*,#1038,.F.);
#1308=ORIENTED_EDGE('',*,*,#1307,.F.);
#1309=ORIENTED_EDGE('',*,*,#1147,.F.);
#1311=ORIENTED_EDGE('',*,*,#1310,.F.);
#1312=ORIENTED_EDGE('',*,*,#1030,.F.);
#1314=ORIENTED_EDGE('',*,*,#1313,.F.);
#1315=ORIENTED_EDGE('',*,*,#1193,.F.);
#1317=ORIENTED_EDGE('',*,*,#1316,.F.);
#1318=ORIENTED_EDGE('',*,*,#1022,.F.);
#1320=ORIENTED_EDGE('',*,*,#1319,.F.);
#1321=ORIENTED_EDGE('',*,*,#1209,.F.);
#1323=ORIENTED_EDGE('',*,*,#1322,.F.);
#1324=ORIENTED_EDGE('',*,*,#1012,.F.);
#1326=ORIENTED_EDGE('',*,*,#1325,.T.);
#1328=ORIENTED_EDGE('',*,*,#1327,.T.);
#1330=ORIENTED_EDGE('',*,*,#1329,.F.);
#1331=ORIENTED_EDGE('',*,*,#1046,.F.);
#1333=ORIENTED_EDGE('',*,*,#1332,.T.);
#1334=EDGE_LOOP('',(#1303,#1305,#1306,#1308,#1309,#1311,#1312,#1314,#1315,#1317,
#1318,#1320,#1321,#1323,#1324,#1326,#1328,#1330,#1331,#1333));
#1335=FACE_OUTER_BOUND('',#1334,.F.);
#1336=ADVANCED_FACE('',(#1335),#1302,.T.);
#1337=CARTESIAN_POINT('',(-6.25E-1,-2.5E-2,-5.5E-1));
#1338=DIRECTION('',(1.E0,0.E0,0.E0));
#1339=DIRECTION('',(0.E0,1.E0,0.E0));
#1340=AXIS2_PLACEMENT_3D('',#1337,#1338,#1339);
#1341=PLANE('',#1340);
#1342=ORIENTED_EDGE('',*,*,#1040,.F.);
#1343=ORIENTED_EDGE('',*,*,#1304,.T.);
#1344=ORIENTED_EDGE('',*,*,#1137,.T.);
#1346=ORIENTED_EDGE('',*,*,#1345,.F.);
#1347=EDGE_LOOP('',(#1342,#1343,#1344,#1346));
#1348=FACE_OUTER_BOUND('',#1347,.F.);
#1349=ADVANCED_FACE('',(#1348),#1341,.F.);
#1350=CARTESIAN_POINT('',(-7.5E-1,-1.8542E-1,-2.5E-1));
#1351=DIRECTION('',(0.E0,1.E0,0.E0));
#1352=DIRECTION('',(0.E0,0.E0,1.E0));
#1353=AXIS2_PLACEMENT_3D('',#1350,#1351,#1352);
#1354=CYLINDRICAL_SURFACE('',#1353,1.25E-1);
#1355=ORIENTED_EDGE('',*,*,#1042,.T.);
#1356=ORIENTED_EDGE('',*,*,#1345,.T.);
#1357=ORIENTED_EDGE('',*,*,#1135,.T.);
#1359=ORIENTED_EDGE('',*,*,#1358,.T.);
#1360=EDGE_LOOP('',(#1355,#1356,#1357,#1359));
#1361=FACE_OUTER_BOUND('',#1360,.F.);
#1362=ADVANCED_FACE('',(#1361),#1354,.F.);
#1363=CARTESIAN_POINT('',(-8.75E-1,7.5E-2,-5.5E-1));
#1364=DIRECTION('',(-1.E0,0.E0,0.E0));
#1365=DIRECTION('',(0.E0,-1.E0,0.E0));
#1366=AXIS2_PLACEMENT_3D('',#1363,#1364,#1365);
#1367=PLANE('',#1366);
#1368=ORIENTED_EDGE('',*,*,#1044,.T.);
#1369=ORIENTED_EDGE('',*,*,#1358,.F.);
#1370=ORIENTED_EDGE('',*,*,#1133,.F.);
#1371=ORIENTED_EDGE('',*,*,#1332,.F.);
#1372=EDGE_LOOP('',(#1368,#1369,#1370,#1371));
#1373=FACE_OUTER_BOUND('',#1372,.F.);
#1374=ADVANCED_FACE('',(#1373),#1367,.F.);
#1375=CARTESIAN_POINT('',(-3.75E-1,7.5E-2,-5.5E-1));
#1376=DIRECTION('',(-1.E0,0.E0,0.E0));
#1377=DIRECTION('',(0.E0,-1.E0,0.E0));
#1378=AXIS2_PLACEMENT_3D('',#1375,#1376,#1377);
#1379=PLANE('',#1378);
#1380=ORIENTED_EDGE('',*,*,#1307,.T.);
#1381=ORIENTED_EDGE('',*,*,#1036,.T.);
#1383=ORIENTED_EDGE('',*,*,#1382,.F.);
#1384=ORIENTED_EDGE('',*,*,#1149,.F.);
#1385=EDGE_LOOP('',(#1380,#1381,#1383,#1384));
#1386=FACE_OUTER_BOUND('',#1385,.F.);
#1387=ADVANCED_FACE('',(#1386),#1379,.F.);
#1388=CARTESIAN_POINT('',(-2.5E-1,2.3542E-1,-2.5E-1));
#1389=DIRECTION('',(0.E0,-1.E0,0.E0));
#1390=DIRECTION('',(0.E0,0.E0,1.E0));
#1391=AXIS2_PLACEMENT_3D('',#1388,#1389,#1390);
#1392=CYLINDRICAL_SURFACE('',#1391,1.25E-1);
#1393=ORIENTED_EDGE('',*,*,#1034,.F.);
#1395=ORIENTED_EDGE('',*,*,#1394,.T.);
#1396=ORIENTED_EDGE('',*,*,#1151,.T.);
#1397=ORIENTED_EDGE('',*,*,#1382,.T.);
#1398=EDGE_LOOP('',(#1393,#1395,#1396,#1397));
#1399=FACE_OUTER_BOUND('',#1398,.F.);
#1400=ADVANCED_FACE('',(#1399),#1392,.F.);
#1401=CARTESIAN_POINT('',(-1.25E-1,-2.5E-2,-5.5E-1));
#1402=DIRECTION('',(1.E0,0.E0,0.E0));
#1403=DIRECTION('',(0.E0,1.E0,0.E0));
#1404=AXIS2_PLACEMENT_3D('',#1401,#1402,#1403);
#1405=PLANE('',#1404);
#1406=ORIENTED_EDGE('',*,*,#1310,.T.);
#1407=ORIENTED_EDGE('',*,*,#1153,.T.);
#1408=ORIENTED_EDGE('',*,*,#1394,.F.);
#1409=ORIENTED_EDGE('',*,*,#1032,.F.);
#1410=EDGE_LOOP('',(#1406,#1407,#1408,#1409));
#1411=FACE_OUTER_BOUND('',#1410,.F.);
#1412=ADVANCED_FACE('',(#1411),#1405,.F.);
#1413=CARTESIAN_POINT('',(1.25E-1,7.5E-2,-5.5E-1));
#1414=DIRECTION('',(-1.E0,0.E0,0.E0));
#1415=DIRECTION('',(0.E0,-1.E0,0.E0));
#1416=AXIS2_PLACEMENT_3D('',#1413,#1414,#1415);
#1417=PLANE('',#1416);
#1418=ORIENTED_EDGE('',*,*,#1313,.T.);
#1419=ORIENTED_EDGE('',*,*,#1028,.T.);
#1421=ORIENTED_EDGE('',*,*,#1420,.F.);
#1422=ORIENTED_EDGE('',*,*,#1195,.F.);
#1423=EDGE_LOOP('',(#1418,#1419,#1421,#1422));
#1424=FACE_OUTER_BOUND('',#1423,.F.);
#1425=ADVANCED_FACE('',(#1424),#1417,.F.);
#1426=CARTESIAN_POINT('',(2.5E-1,2.3542E-1,-2.5E-1));
#1427=DIRECTION('',(0.E0,-1.E0,0.E0));
#1428=DIRECTION('',(0.E0,0.E0,1.E0));
#1429=AXIS2_PLACEMENT_3D('',#1426,#1427,#1428);
#1430=CYLINDRICAL_SURFACE('',#1429,1.25E-1);
#1431=ORIENTED_EDGE('',*,*,#1026,.F.);
#1433=ORIENTED_EDGE('',*,*,#1432,.T.);
#1434=ORIENTED_EDGE('',*,*,#1197,.T.);
#1435=ORIENTED_EDGE('',*,*,#1420,.T.);
#1436=EDGE_LOOP('',(#1431,#1433,#1434,#1435));
#1437=FACE_OUTER_BOUND('',#1436,.F.);
#1438=ADVANCED_FACE('',(#1437),#1430,.F.);
#1439=CARTESIAN_POINT('',(3.75E-1,-2.5E-2,-5.5E-1));
#1440=DIRECTION('',(1.E0,0.E0,0.E0));
#1441=DIRECTION('',(0.E0,1.E0,0.E0));
#1442=AXIS2_PLACEMENT_3D('',#1439,#1440,#1441);
#1443=PLANE('',#1442);
#1444=ORIENTED_EDGE('',*,*,#1316,.T.);
#1445=ORIENTED_EDGE('',*,*,#1199,.T.);
#1446=ORIENTED_EDGE('',*,*,#1432,.F.);
#1447=ORIENTED_EDGE('',*,*,#1024,.F.);
#1448=EDGE_LOOP('',(#1444,#1445,#1446,#1447));
#1449=FACE_OUTER_BOUND('',#1448,.F.);
#1450=ADVANCED_FACE('',(#1449),#1443,.F.);
#1451=CARTESIAN_POINT('',(6.25E-1,7.5E-2,-5.5E-1));
#1452=DIRECTION('',(-1.E0,0.E0,0.E0));
#1453=DIRECTION('',(0.E0,-1.E0,0.E0));
#1454=AXIS2_PLACEMENT_3D('',#1451,#1452,#1453);
#1455=PLANE('',#1454);
#1456=ORIENTED_EDGE('',*,*,#1319,.T.);
#1457=ORIENTED_EDGE('',*,*,#1020,.T.);
#1459=ORIENTED_EDGE('',*,*,#1458,.F.);
#1460=ORIENTED_EDGE('',*,*,#1211,.F.);
#1461=EDGE_LOOP('',(#1456,#1457,#1459,#1460));
#1462=FACE_OUTER_BOUND('',#1461,.F.);
#1463=ADVANCED_FACE('',(#1462),#1455,.F.);
#1464=CARTESIAN_POINT('',(0.E0,7.5E-2,-1.25E-1));
#1465=DIRECTION('',(0.E0,0.E0,1.E0));
#1466=DIRECTION('',(1.E0,0.E0,0.E0));
#1467=AXIS2_PLACEMENT_3D('',#1464,#1465,#1466);
#1468=PLANE('',#1467);
#1469=ORIENTED_EDGE('',*,*,#1018,.T.);
#1471=ORIENTED_EDGE('',*,*,#1470,.T.);
#1472=ORIENTED_EDGE('',*,*,#1213,.T.);
#1473=ORIENTED_EDGE('',*,*,#1458,.T.);
#1474=EDGE_LOOP('',(#1469,#1471,#1472,#1473));
#1475=FACE_OUTER_BOUND('',#1474,.F.);
#1476=ADVANCED_FACE('',(#1475),#1468,.F.);
#1477=CARTESIAN_POINT('',(8.E-1,2.5E-2,-2.E-1));
#1478=DIRECTION('',(7.071067811865E-1,0.E0,7.071067811865E-1));
#1479=DIRECTION('',(7.071067811865E-1,0.E0,-7.071067811865E-1));
#1480=AXIS2_PLACEMENT_3D('',#1477,#1478,#1479);
#1481=PLANE('',#1480);
#1482=ORIENTED_EDGE('',*,*,#1016,.T.);
#1484=ORIENTED_EDGE('',*,*,#1483,.T.);
#1485=ORIENTED_EDGE('',*,*,#1215,.F.);
#1486=ORIENTED_EDGE('',*,*,#1470,.F.);
#1487=EDGE_LOOP('',(#1482,#1484,#1485,#1486));
#1488=FACE_OUTER_BOUND('',#1487,.F.);
#1489=ADVANCED_FACE('',(#1488),#1481,.F.);
#1490=CARTESIAN_POINT('',(8.75E-1,-2.5E-2,-5.5E-1));
#1491=DIRECTION('',(1.E0,0.E0,0.E0));
#1492=DIRECTION('',(0.E0,1.E0,0.E0));
#1493=AXIS2_PLACEMENT_3D('',#1490,#1491,#1492);
#1494=PLANE('',#1493);
#1495=ORIENTED_EDGE('',*,*,#1322,.T.);
#1496=ORIENTED_EDGE('',*,*,#1217,.T.);
#1497=ORIENTED_EDGE('',*,*,#1483,.F.);
#1498=ORIENTED_EDGE('',*,*,#1014,.F.);
#1499=EDGE_LOOP('',(#1495,#1496,#1497,#1498));
#1500=FACE_OUTER_BOUND('',#1499,.F.);
#1501=ADVANCED_FACE('',(#1500),#1494,.F.);
#1502=CARTESIAN_POINT('',(1.E0,0.E0,5.E-1));
#1503=DIRECTION('',(1.E0,0.E0,0.E0));
#1504=DIRECTION('',(0.E0,0.E0,-1.E0));
#1505=AXIS2_PLACEMENT_3D('',#1502,#1503,#1504);
#1506=PLANE('',#1505);
#1507=ORIENTED_EDGE('',*,*,#1010,.F.);
#1508=ORIENTED_EDGE('',*,*,#1067,.T.);
#1510=ORIENTED_EDGE('',*,*,#1509,.T.);
#1511=ORIENTED_EDGE('',*,*,#1325,.F.);
#1512=EDGE_LOOP('',(#1507,#1508,#1510,#1511));
#1513=FACE_OUTER_BOUND('',#1512,.F.);
#1514=ADVANCED_FACE('',(#1513),#1506,.T.);
#1515=CARTESIAN_POINT('',(0.E0,7.75E-1,0.E0));
#1516=DIRECTION('',(0.E0,1.E0,0.E0));
#1517=DIRECTION('',(1.E0,0.E0,0.E0));
#1518=AXIS2_PLACEMENT_3D('',#1515,#1516,#1517);
#1519=PLANE('',#1518);
#1521=ORIENTED_EDGE('',*,*,#1520,.F.);
#1522=ORIENTED_EDGE('',*,*,#1327,.F.);
#1523=ORIENTED_EDGE('',*,*,#1509,.F.);
#1524=ORIENTED_EDGE('',*,*,#1065,.F.);
#1525=EDGE_LOOP('',(#1521,#1522,#1523,#1524));
#1526=FACE_OUTER_BOUND('',#1525,.F.);
#1527=ADVANCED_FACE('',(#1526),#1519,.T.);
#1528=CARTESIAN_POINT('',(-1.E0,0.E0,-5.E-1));
#1529=DIRECTION('',(-1.E0,0.E0,0.E0));
#1530=DIRECTION('',(0.E0,0.E0,1.E0));
#1531=AXIS2_PLACEMENT_3D('',#1528,#1529,#1530);
#1532=PLANE('',#1531);
#1533=ORIENTED_EDGE('',*,*,#1048,.F.);
#1534=ORIENTED_EDGE('',*,*,#1329,.T.);
#1535=ORIENTED_EDGE('',*,*,#1520,.T.);
#1536=ORIENTED_EDGE('',*,*,#1063,.F.);
#1537=EDGE_LOOP('',(#1533,#1534,#1535,#1536));
#1538=FACE_OUTER_BOUND('',#1537,.F.);
#1539=ADVANCED_FACE('',(#1538),#1532,.T.);
#1540=CARTESIAN_POINT('',(3.75E-1,-2.5E-2,5.5E-1));
#1541=DIRECTION('',(-1.E0,0.E0,0.E0));
#1542=DIRECTION('',(0.E0,1.E0,0.E0));
#1543=AXIS2_PLACEMENT_3D('',#1540,#1541,#1542);
#1544=PLANE('',#1543);
#1545=ORIENTED_EDGE('',*,*,#1077,.F.);
#1546=ORIENTED_EDGE('',*,*,#998,.T.);
#1548=ORIENTED_EDGE('',*,*,#1547,.F.);
#1549=ORIENTED_EDGE('',*,*,#1164,.F.);
#1550=EDGE_LOOP('',(#1545,#1546,#1548,#1549));
#1551=FACE_OUTER_BOUND('',#1550,.F.);
#1552=ADVANCED_FACE('',(#1551),#1544,.T.);
#1553=CARTESIAN_POINT('',(2.5E-1,-1.8542E-1,2.5E-1));
#1554=DIRECTION('',(0.E0,1.E0,0.E0));
#1555=DIRECTION('',(0.E0,0.E0,-1.E0));
#1556=AXIS2_PLACEMENT_3D('',#1553,#1554,#1555);
#1557=CYLINDRICAL_SURFACE('',#1556,1.25E-1);
#1558=ORIENTED_EDGE('',*,*,#996,.T.);
#1560=ORIENTED_EDGE('',*,*,#1559,.T.);
#1561=ORIENTED_EDGE('',*,*,#1166,.T.);
#1562=ORIENTED_EDGE('',*,*,#1547,.T.);
#1563=EDGE_LOOP('',(#1558,#1560,#1561,#1562));
#1564=FACE_OUTER_BOUND('',#1563,.F.);
#1565=ADVANCED_FACE('',(#1564),#1557,.F.);
#1566=CARTESIAN_POINT('',(1.25E-1,7.5E-2,5.5E-1));
#1567=DIRECTION('',(1.E0,0.E0,0.E0));
#1568=DIRECTION('',(0.E0,-1.E0,0.E0));
#1569=AXIS2_PLACEMENT_3D('',#1566,#1567,#1568);
#1570=PLANE('',#1569);
#1571=ORIENTED_EDGE('',*,*,#1081,.F.);
#1572=ORIENTED_EDGE('',*,*,#1168,.T.);
#1573=ORIENTED_EDGE('',*,*,#1559,.F.);
#1574=ORIENTED_EDGE('',*,*,#994,.F.);
#1575=EDGE_LOOP('',(#1571,#1572,#1573,#1574));
#1576=FACE_OUTER_BOUND('',#1575,.F.);
#1577=ADVANCED_FACE('',(#1576),#1570,.T.);
#1578=CARTESIAN_POINT('',(8.75E-1,-2.5E-2,5.5E-1));
#1579=DIRECTION('',(-1.E0,0.E0,0.E0));
#1580=DIRECTION('',(0.E0,1.E0,0.E0));
#1581=AXIS2_PLACEMENT_3D('',#1578,#1579,#1580);
#1582=PLANE('',#1581);
#1583=ORIENTED_EDGE('',*,*,#1070,.F.);
#1584=ORIENTED_EDGE('',*,*,#1006,.T.);
#1586=ORIENTED_EDGE('',*,*,#1585,.F.);
#1587=ORIENTED_EDGE('',*,*,#1179,.F.);
#1588=EDGE_LOOP('',(#1583,#1584,#1586,#1587));
#1589=FACE_OUTER_BOUND('',#1588,.F.);
#1590=ADVANCED_FACE('',(#1589),#1582,.T.);
#1591=CARTESIAN_POINT('',(7.5E-1,-1.8542E-1,2.5E-1));
#1592=DIRECTION('',(0.E0,1.E0,0.E0));
#1593=DIRECTION('',(0.E0,0.E0,-1.E0));
#1594=AXIS2_PLACEMENT_3D('',#1591,#1592,#1593);
#1595=CYLINDRICAL_SURFACE('',#1594,1.25E-1);
#1596=ORIENTED_EDGE('',*,*,#1004,.T.);
#1598=ORIENTED_EDGE('',*,*,#1597,.T.);
#1599=ORIENTED_EDGE('',*,*,#1181,.T.);
#1600=ORIENTED_EDGE('',*,*,#1585,.T.);
#1601=EDGE_LOOP('',(#1596,#1598,#1599,#1600));
#1602=FACE_OUTER_BOUND('',#1601,.F.);
#1603=ADVANCED_FACE('',(#1602),#1595,.F.);
#1604=CARTESIAN_POINT('',(6.25E-1,7.5E-2,5.5E-1));
#1605=DIRECTION('',(1.E0,0.E0,0.E0));
#1606=DIRECTION('',(0.E0,-1.E0,0.E0));
#1607=AXIS2_PLACEMENT_3D('',#1604,#1605,#1606);
#1608=PLANE('',#1607);
#1609=ORIENTED_EDGE('',*,*,#1074,.F.);
#1610=ORIENTED_EDGE('',*,*,#1183,.T.);
#1611=ORIENTED_EDGE('',*,*,#1597,.F.);
#1612=ORIENTED_EDGE('',*,*,#1002,.F.);
#1613=EDGE_LOOP('',(#1609,#1610,#1611,#1612));
#1614=FACE_OUTER_BOUND('',#1613,.F.);
#1615=ADVANCED_FACE('',(#1614),#1608,.T.);
#1616=CLOSED_SHELL('',(#1052,#1095,#1110,#1125,#1141,#1157,#1172,#1187,#1203,
#1221,#1234,#1247,#1259,#1272,#1285,#1297,#1336,#1349,#1362,#1374,#1387,#1400,
#1412,#1425,#1438,#1450,#1463,#1476,#1489,#1501,#1514,#1527,#1539,#1552,#1565,
#1577,#1590,#1603,#1615));
#1617=MANIFOLD_SOLID_BREP('',#1616);
#1618=FILL_AREA_STYLE_COLOUR('',#28);
#1619=FILL_AREA_STYLE('',(#1618));
#1620=SURFACE_STYLE_FILL_AREA(#1619);
#1621=SURFACE_SIDE_STYLE('',(#1620));
#1622=SURFACE_STYLE_USAGE(.BOTH.,#1621);
#1623=PRESENTATION_STYLE_ASSIGNMENT((#1622));
#30=STYLED_ITEM('',(#1623),#1617);
#1625=DIMENSIONAL_EXPONENTS(0.E0,0.E0,0.E0,0.E0,0.E0,0.E0,0.E0);
#1627=PLANE_ANGLE_MEASURE_WITH_UNIT(PLANE_ANGLE_MEASURE(1.745329251994E-2),
#1626);
#1628=(CONVERSION_BASED_UNIT('DEGREE',#1627)NAMED_UNIT(*)PLANE_ANGLE_UNIT());
#1630=UNCERTAINTY_MEASURE_WITH_UNIT(LENGTH_MEASURE(2.459576388259E-4),#1624,
'closure',
'Maximum model space distance between geometric entities at asserted connectivities');
#1631=(GEOMETRIC_REPRESENTATION_CONTEXT(3)GLOBAL_UNCERTAINTY_ASSIGNED_CONTEXT((
#1630))GLOBAL_UNIT_ASSIGNED_CONTEXT((#1624,#1628,#1629))REPRESENTATION_CONTEXT(
'ID1','3'));
#1632=CARTESIAN_POINT('',(0.E0,0.E0,0.E0));
#1633=DIRECTION('',(0.E0,0.E0,1.E0));
#1634=DIRECTION('',(1.E0,0.E0,0.E0));
#1637=APPLICATION_CONTEXT(
'CONFIGURATION CONTROLLED 3D DESIGNS OF MECHANICAL PARTS AND ASSEMBLIES');
#1638=APPLICATION_PROTOCOL_DEFINITION('international standard',
'config_control_design',1994,#1637);
#1639=DESIGN_CONTEXT('',#1637,'design');
#1640=MECHANICAL_CONTEXT('',#1637,'mechanical');
#1641=PRODUCT('BODY-RZE0008A','BODY-RZE0008A','NOT SPECIFIED',(#1640));
#1642=PRODUCT_DEFINITION_FORMATION_WITH_SPECIFIED_SOURCE('4','LAST_VERSION',
#1641,.MADE.);
#1651=CARTESIAN_POINT('',(0.E0,0.E0,2.5E-2));
#1652=DIRECTION('',(1.E0,0.E0,0.E0));
#1653=DIRECTION('',(0.E0,1.E0,0.E0));
#1654=AXIS2_PLACEMENT_3D('',#1651,#1652,#1653);
#1655=ITEM_DEFINED_TRANSFORMATION('','',#1635,#1654);
#1656=(REPRESENTATION_RELATIONSHIP('','',#1636,#1648)REPRESENTATION_RELATIONSHIP_WITH_TRANSFORMATION(#1655)SHAPE_REPRESENTATION_RELATIONSHIP());
#1657=CONTEXT_DEPENDENT_SHAPE_REPRESENTATION(#1656,#1650);
#1659=DIRECTION('',(-7.071067811865E-1,0.E0,7.071067811865E-1));
#1660=VECTOR('',#1659,2.121320343560E-1);
#1661=CARTESIAN_POINT('',(8.75E-1,0.E0,-2.75E-1));
#1662=LINE('',#1661,#1660);
#1663=CURVE_STYLE('',#35,POSITIVE_LENGTH_MEASURE(2.E-2),#22);
#1664=PRESENTATION_STYLE_ASSIGNMENT((#1663));
#1665=STYLED_ITEM('',(#1664),#1662);
#1666=DIRECTION('',(1.E0,0.E0,0.E0));
#1667=VECTOR('',#1666,2.5E-1);
#1668=CARTESIAN_POINT('',(6.25E-1,0.E0,-5.E-1));
#1669=LINE('',#1668,#1667);
#1670=CURVE_STYLE('',#35,POSITIVE_LENGTH_MEASURE(2.E-2),#22);
#1671=PRESENTATION_STYLE_ASSIGNMENT((#1670));
#1672=STYLED_ITEM('',(#1671),#1669);
#1673=DIRECTION('',(0.E0,0.E0,1.E0));
#1674=VECTOR('',#1673,3.75E-1);
#1675=CARTESIAN_POINT('',(6.25E-1,0.E0,-5.E-1));
#1676=LINE('',#1675,#1674);
#1677=CURVE_STYLE('',#35,POSITIVE_LENGTH_MEASURE(2.E-2),#22);
#1678=PRESENTATION_STYLE_ASSIGNMENT((#1677));
#1679=STYLED_ITEM('',(#1678),#1676);
#1680=DIRECTION('',(7.071067811865E-1,0.E0,-7.071067811865E-1));
#1681=VECTOR('',#1680,2.121320343560E-1);
#1682=CARTESIAN_POINT('',(7.25E-1,1.E-1,-1.25E-1));
#1683=LINE('',#1682,#1681);
#1684=CURVE_STYLE('',#35,POSITIVE_LENGTH_MEASURE(2.E-2),#22);
#1685=PRESENTATION_STYLE_ASSIGNMENT((#1684));
#1686=STYLED_ITEM('',(#1685),#1683);
#1687=DIRECTION('',(1.E0,0.E0,0.E0));
#1688=VECTOR('',#1687,2.5E-1);
#1689=CARTESIAN_POINT('',(6.25E-1,1.E-1,-5.E-1));
#1690=LINE('',#1689,#1688);
#1691=CURVE_STYLE('',#35,POSITIVE_LENGTH_MEASURE(2.E-2),#22);
#1692=PRESENTATION_STYLE_ASSIGNMENT((#1691));
#1693=STYLED_ITEM('',(#1692),#1690);
#1694=DIRECTION('',(0.E0,0.E0,1.E0));
#1695=VECTOR('',#1694,2.25E-1);
#1696=CARTESIAN_POINT('',(8.75E-1,1.E-1,-5.E-1));
#1697=LINE('',#1696,#1695);
#1698=CURVE_STYLE('',#35,POSITIVE_LENGTH_MEASURE(2.E-2),#22);
#1699=PRESENTATION_STYLE_ASSIGNMENT((#1698));
#1700=STYLED_ITEM('',(#1699),#1697);
#1701=DIRECTION('',(0.E0,1.E0,0.E0));
#1702=VECTOR('',#1701,1.E-1);
#1703=CARTESIAN_POINT('',(7.25E-1,0.E0,-1.25E-1));
#1704=LINE('',#1703,#1702);
#1705=CURVE_STYLE('',#35,POSITIVE_LENGTH_MEASURE(2.E-2),#22);
#1706=PRESENTATION_STYLE_ASSIGNMENT((#1705));
#1707=STYLED_ITEM('',(#1706),#1704);
#1708=DIRECTION('',(1.E0,0.E0,0.E0));
#1709=VECTOR('',#1708,1.E-1);
#1710=CARTESIAN_POINT('',(6.25E-1,0.E0,-1.25E-1));
#1711=LINE('',#1710,#1709);
#1712=CURVE_STYLE('',#35,POSITIVE_LENGTH_MEASURE(2.E-2),#22);
#1713=PRESENTATION_STYLE_ASSIGNMENT((#1712));
#1714=STYLED_ITEM('',(#1713),#1711);
#1715=DIRECTION('',(0.E0,-1.E0,0.E0));
#1716=VECTOR('',#1715,1.E-1);
#1717=CARTESIAN_POINT('',(6.25E-1,1.E-1,-1.25E-1));
#1718=LINE('',#1717,#1716);
#1719=CURVE_STYLE('',#35,POSITIVE_LENGTH_MEASURE(2.E-2),#22);
#1720=PRESENTATION_STYLE_ASSIGNMENT((#1719));
#1721=STYLED_ITEM('',(#1720),#1718);
#1722=DIRECTION('',(-1.E0,0.E0,0.E0));
#1723=VECTOR('',#1722,1.E-1);
#1724=CARTESIAN_POINT('',(7.25E-1,1.E-1,-1.25E-1));
#1725=LINE('',#1724,#1723);
#1726=CURVE_STYLE('',#35,POSITIVE_LENGTH_MEASURE(2.E-2),#22);
#1727=PRESENTATION_STYLE_ASSIGNMENT((#1726));
#1728=STYLED_ITEM('',(#1727),#1725);
#1729=DIRECTION('',(0.E0,-1.E0,0.E0));
#1730=VECTOR('',#1729,1.E-1);
#1731=CARTESIAN_POINT('',(6.25E-1,1.E-1,-5.E-1));
#1732=LINE('',#1731,#1730);
#1733=CURVE_STYLE('',#35,POSITIVE_LENGTH_MEASURE(2.E-2),#22);
#1734=PRESENTATION_STYLE_ASSIGNMENT((#1733));
#1735=STYLED_ITEM('',(#1734),#1732);
#1736=DIRECTION('',(0.E0,0.E0,1.E0));
#1737=VECTOR('',#1736,3.75E-1);
#1738=CARTESIAN_POINT('',(6.25E-1,1.E-1,-5.E-1));
#1739=LINE('',#1738,#1737);
#1740=CURVE_STYLE('',#35,POSITIVE_LENGTH_MEASURE(2.E-2),#22);
#1741=PRESENTATION_STYLE_ASSIGNMENT((#1740));
#1742=STYLED_ITEM('',(#1741),#1739);
#1743=DIRECTION('',(0.E0,1.E0,0.E0));
#1744=VECTOR('',#1743,1.E-1);
#1745=CARTESIAN_POINT('',(8.75E-1,0.E0,-2.75E-1));
#1746=LINE('',#1745,#1744);
#1747=CURVE_STYLE('',#35,POSITIVE_LENGTH_MEASURE(2.E-2),#22);
#1748=PRESENTATION_STYLE_ASSIGNMENT((#1747));
#1749=STYLED_ITEM('',(#1748),#1746);
#1750=DIRECTION('',(0.E0,1.E0,0.E0));
#1751=VECTOR('',#1750,1.E-1);
#1752=CARTESIAN_POINT('',(8.75E-1,0.E0,-5.E-1));
#1753=LINE('',#1752,#1751);
#1754=CURVE_STYLE('',#35,POSITIVE_LENGTH_MEASURE(2.E-2),#22);
#1755=PRESENTATION_STYLE_ASSIGNMENT((#1754));
#1756=STYLED_ITEM('',(#1755),#1753);
#1757=DIRECTION('',(0.E0,0.E0,1.E0));
#1758=VECTOR('',#1757,2.25E-1);
#1759=CARTESIAN_POINT('',(8.75E-1,0.E0,-5.E-1));
#1760=LINE('',#1759,#1758);
#1761=CURVE_STYLE('',#35,POSITIVE_LENGTH_MEASURE(2.E-2),#22);
#1762=PRESENTATION_STYLE_ASSIGNMENT((#1761));
#1763=STYLED_ITEM('',(#1762),#1760);
#1764=CARTESIAN_POINT('',(6.25E-1,1.E-1,-1.25E-1));
#1765=CARTESIAN_POINT('',(6.25E-1,0.E0,-1.25E-1));
#1766=VERTEX_POINT('',#1764);
#1767=VERTEX_POINT('',#1765);
#1768=CARTESIAN_POINT('',(6.25E-1,0.E0,-5.E-1));
#1769=CARTESIAN_POINT('',(8.75E-1,0.E0,-5.E-1));
#1770=VERTEX_POINT('',#1768);
#1771=VERTEX_POINT('',#1769);
#1772=CARTESIAN_POINT('',(8.75E-1,1.E-1,-5.E-1));
#1773=VERTEX_POINT('',#1772);
#1774=CARTESIAN_POINT('',(6.25E-1,1.E-1,-5.E-1));
#1775=VERTEX_POINT('',#1774);
#1776=CARTESIAN_POINT('',(7.25E-1,1.E-1,-1.25E-1));
#1777=CARTESIAN_POINT('',(8.75E-1,1.E-1,-2.75E-1));
#1778=VERTEX_POINT('',#1776);
#1779=VERTEX_POINT('',#1777);
#1780=CARTESIAN_POINT('',(8.75E-1,0.E0,-2.75E-1));
#1781=VERTEX_POINT('',#1780);
#1782=CARTESIAN_POINT('',(7.25E-1,0.E0,-1.25E-1));
#1783=VERTEX_POINT('',#1782);
#1784=CARTESIAN_POINT('',(0.E0,0.E0,0.E0));
#1785=DIRECTION('',(0.E0,1.E0,0.E0));
#1786=DIRECTION('',(1.E0,0.E0,0.E0));
#1787=AXIS2_PLACEMENT_3D('',#1784,#1785,#1786);
#1788=PLANE('',#1787);
#1790=ORIENTED_EDGE('',*,*,#1789,.F.);
#1792=ORIENTED_EDGE('',*,*,#1791,.F.);
#1794=ORIENTED_EDGE('',*,*,#1793,.F.);
#1796=ORIENTED_EDGE('',*,*,#1795,.T.);
#1798=ORIENTED_EDGE('',*,*,#1797,.T.);
#1799=EDGE_LOOP('',(#1790,#1792,#1794,#1796,#1798));
#1800=FACE_OUTER_BOUND('',#1799,.F.);
#1801=ADVANCED_FACE('',(#1800),#1788,.F.);
#1802=CARTESIAN_POINT('',(8.E-1,5.E-2,-2.E-1));
#1803=DIRECTION('',(7.071067811865E-1,0.E0,7.071067811865E-1));
#1804=DIRECTION('',(7.071067811865E-1,0.E0,-7.071067811865E-1));
#1805=AXIS2_PLACEMENT_3D('',#1802,#1803,#1804);
#1806=PLANE('',#1805);
#1808=ORIENTED_EDGE('',*,*,#1807,.T.);
#1810=ORIENTED_EDGE('',*,*,#1809,.F.);
#1811=ORIENTED_EDGE('',*,*,#1789,.T.);
#1813=ORIENTED_EDGE('',*,*,#1812,.T.);
#1814=EDGE_LOOP('',(#1808,#1810,#1811,#1813));
#1815=FACE_OUTER_BOUND('',#1814,.F.);
#1816=ADVANCED_FACE('',(#1815),#1806,.T.);
#1817=CARTESIAN_POINT('',(0.E0,1.E-1,0.E0));
#1818=DIRECTION('',(0.E0,1.E0,0.E0));
#1819=DIRECTION('',(1.E0,0.E0,0.E0));
#1820=AXIS2_PLACEMENT_3D('',#1817,#1818,#1819);
#1821=PLANE('',#1820);
#1822=ORIENTED_EDGE('',*,*,#1807,.F.);
#1824=ORIENTED_EDGE('',*,*,#1823,.T.);
#1826=ORIENTED_EDGE('',*,*,#1825,.F.);
#1828=ORIENTED_EDGE('',*,*,#1827,.T.);
#1830=ORIENTED_EDGE('',*,*,#1829,.T.);
#1831=EDGE_LOOP('',(#1822,#1824,#1826,#1828,#1830));
#1832=FACE_OUTER_BOUND('',#1831,.F.);
#1833=ADVANCED_FACE('',(#1832),#1821,.T.);
#1834=CARTESIAN_POINT('',(0.E0,1.E-1,-1.25E-1));
#1835=DIRECTION('',(0.E0,0.E0,1.E0));
#1836=DIRECTION('',(1.E0,0.E0,0.E0));
#1837=AXIS2_PLACEMENT_3D('',#1834,#1835,#1836);
#1838=PLANE('',#1837);
#1839=ORIENTED_EDGE('',*,*,#1812,.F.);
#1840=ORIENTED_EDGE('',*,*,#1797,.F.);
#1842=ORIENTED_EDGE('',*,*,#1841,.F.);
#1843=ORIENTED_EDGE('',*,*,#1823,.F.);
#1844=EDGE_LOOP('',(#1839,#1840,#1842,#1843));
#1845=FACE_OUTER_BOUND('',#1844,.F.);
#1846=ADVANCED_FACE('',(#1845),#1838,.T.);
#1847=CARTESIAN_POINT('',(6.25E-1,1.E-1,-5.5E-1));
#1848=DIRECTION('',(-1.E0,0.E0,0.E0));
#1849=DIRECTION('',(0.E0,-1.E0,0.E0));
#1850=AXIS2_PLACEMENT_3D('',#1847,#1848,#1849);
#1851=PLANE('',#1850);
#1853=ORIENTED_EDGE('',*,*,#1852,.F.);
#1854=ORIENTED_EDGE('',*,*,#1825,.T.);
#1855=ORIENTED_EDGE('',*,*,#1841,.T.);
#1856=ORIENTED_EDGE('',*,*,#1795,.F.);
#1857=EDGE_LOOP('',(#1853,#1854,#1855,#1856));
#1858=FACE_OUTER_BOUND('',#1857,.F.);
#1859=ADVANCED_FACE('',(#1858),#1851,.T.);
#1860=CARTESIAN_POINT('',(-1.E0,0.E0,-5.E-1));
#1861=DIRECTION('',(0.E0,0.E0,1.E0));
#1862=DIRECTION('',(1.E0,0.E0,0.E0));
#1863=AXIS2_PLACEMENT_3D('',#1860,#1861,#1862);
#1864=PLANE('',#1863);
#1866=ORIENTED_EDGE('',*,*,#1865,.T.);
#1867=ORIENTED_EDGE('',*,*,#1827,.F.);
#1868=ORIENTED_EDGE('',*,*,#1852,.T.);
#1869=ORIENTED_EDGE('',*,*,#1793,.T.);
#1870=EDGE_LOOP('',(#1866,#1867,#1868,#1869));
#1871=FACE_OUTER_BOUND('',#1870,.F.);
#1872=ADVANCED_FACE('',(#1871),#1864,.F.);
#1873=FILL_AREA_STYLE_COLOUR('',#20);
#1874=FILL_AREA_STYLE('',(#1873));
#1875=SURFACE_STYLE_FILL_AREA(#1874);
#1876=SURFACE_SIDE_STYLE('',(#1875));
#1877=SURFACE_STYLE_USAGE(.POSITIVE.,#1876);
#1878=FILL_AREA_STYLE_COLOUR('',#22);
#1879=FILL_AREA_STYLE('',(#1878));
#1880=SURFACE_STYLE_FILL_AREA(#1879);
#1881=SURFACE_SIDE_STYLE('',(#1880));
#1882=SURFACE_STYLE_USAGE(.NEGATIVE.,#1881);
#1883=PRESENTATION_STYLE_ASSIGNMENT((#1877,#1882));
#1884=OVER_RIDING_STYLED_ITEM('',(#1883),#1872,#1658);
#1885=CARTESIAN_POINT('',(8.75E-1,0.E0,-5.5E-1));
#1886=DIRECTION('',(1.E0,0.E0,0.E0));
#1887=DIRECTION('',(0.E0,1.E0,0.E0));
#1888=AXIS2_PLACEMENT_3D('',#1885,#1886,#1887);
#1889=PLANE('',#1888);
#1890=ORIENTED_EDGE('',*,*,#1809,.T.);
#1891=ORIENTED_EDGE('',*,*,#1829,.F.);
#1892=ORIENTED_EDGE('',*,*,#1865,.F.);
#1893=ORIENTED_EDGE('',*,*,#1791,.T.);
#1894=EDGE_LOOP('',(#1890,#1891,#1892,#1893));
#1895=FACE_OUTER_BOUND('',#1894,.F.);
#1896=ADVANCED_FACE('',(#1895),#1889,.T.);
#1897=CLOSED_SHELL('',(#1801,#1816,#1833,#1846,#1859,#1872,#1896));
#1898=MANIFOLD_SOLID_BREP('',#1897);
#1899=FILL_AREA_STYLE_COLOUR('',#22);
#1900=FILL_AREA_STYLE('',(#1899));
#1901=SURFACE_STYLE_FILL_AREA(#1900);
#1902=SURFACE_SIDE_STYLE('',(#1901));
#1903=SURFACE_STYLE_USAGE(.BOTH.,#1902);
#1904=PRESENTATION_STYLE_ASSIGNMENT((#1903));
#1658=STYLED_ITEM('',(#1904),#1898);
#1906=DIRECTION('',(0.E0,1.E0,0.E0));
#1907=VECTOR('',#1906,1.E-1);
#1908=CARTESIAN_POINT('',(-6.25E-1,0.E0,-2.5E-1));
#1909=LINE('',#1908,#1907);
#1910=CURVE_STYLE('',#35,POSITIVE_LENGTH_MEASURE(2.E-2),#22);
#1911=PRESENTATION_STYLE_ASSIGNMENT((#1910));
#1912=STYLED_ITEM('',(#1911),#1909);
#1913=DIRECTION('',(0.E0,1.E0,0.E0));
#1914=VECTOR('',#1913,1.E-1);
#1915=CARTESIAN_POINT('',(-6.25E-1,0.E0,-5.E-1));
#1916=LINE('',#1915,#1914);
#1917=CURVE_STYLE('',#35,POSITIVE_LENGTH_MEASURE(2.E-2),#22);
#1918=PRESENTATION_STYLE_ASSIGNMENT((#1917));
#1919=STYLED_ITEM('',(#1918),#1916);
#1920=DIRECTION('',(0.E0,0.E0,1.E0));
#1921=VECTOR('',#1920,2.5E-1);
#1922=CARTESIAN_POINT('',(-6.25E-1,0.E0,-5.E-1));
#1923=LINE('',#1922,#1921);
#1924=CURVE_STYLE('',#35,POSITIVE_LENGTH_MEASURE(2.E-2),#22);
#1925=PRESENTATION_STYLE_ASSIGNMENT((#1924));
#1926=STYLED_ITEM('',(#1925),#1923);
#1927=CARTESIAN_POINT('',(-7.5E-1,0.E0,-2.5E-1));
#1928=DIRECTION('',(0.E0,1.E0,0.E0));
#1929=DIRECTION('',(-1.E0,0.E0,0.E0));
#1930=AXIS2_PLACEMENT_3D('',#1927,#1928,#1929);
#1932=CURVE_STYLE('',#35,POSITIVE_LENGTH_MEASURE(2.E-2),#22);
#1933=PRESENTATION_STYLE_ASSIGNMENT((#1932));
#1934=STYLED_ITEM('',(#1933),#1931);
#1935=DIRECTION('',(1.E0,0.E0,0.E0));
#1936=VECTOR('',#1935,2.5E-1);
#1937=CARTESIAN_POINT('',(-8.75E-1,0.E0,-5.E-1));
#1938=LINE('',#1937,#1936);
#1939=CURVE_STYLE('',#35,POSITIVE_LENGTH_MEASURE(2.E-2),#22);
#1940=PRESENTATION_STYLE_ASSIGNMENT((#1939));
#1941=STYLED_ITEM('',(#1940),#1938);
#1942=DIRECTION('',(0.E0,0.E0,1.E0));
#1943=VECTOR('',#1942,2.5E-1);
#1944=CARTESIAN_POINT('',(-8.75E-1,0.E0,-5.E-1));
#1945=LINE('',#1944,#1943);
#1946=CURVE_STYLE('',#35,POSITIVE_LENGTH_MEASURE(2.E-2),#22);
#1947=PRESENTATION_STYLE_ASSIGNMENT((#1946));
#1948=STYLED_ITEM('',(#1947),#1945);
#1949=CARTESIAN_POINT('',(-7.5E-1,1.E-1,-2.5E-1));
#1950=DIRECTION('',(0.E0,-1.E0,0.E0));
#1951=DIRECTION('',(1.E0,0.E0,0.E0));
#1952=AXIS2_PLACEMENT_3D('',#1949,#1950,#1951);
#1954=CURVE_STYLE('',#35,POSITIVE_LENGTH_MEASURE(2.E-2),#22);
#1955=PRESENTATION_STYLE_ASSIGNMENT((#1954));
#1956=STYLED_ITEM('',(#1955),#1953);
#1957=DIRECTION('',(1.E0,0.E0,0.E0));
#1958=VECTOR('',#1957,2.5E-1);
#1959=CARTESIAN_POINT('',(-8.75E-1,1.E-1,-5.E-1));
#1960=LINE('',#1959,#1958);
#1961=CURVE_STYLE('',#35,POSITIVE_LENGTH_MEASURE(2.E-2),#22);
#1962=PRESENTATION_STYLE_ASSIGNMENT((#1961));
#1963=STYLED_ITEM('',(#1962),#1960);
#1964=DIRECTION('',(0.E0,0.E0,1.E0));
#1965=VECTOR('',#1964,2.5E-1);
#1966=CARTESIAN_POINT('',(-6.25E-1,1.E-1,-5.E-1));
#1967=LINE('',#1966,#1965);
#1968=CURVE_STYLE('',#35,POSITIVE_LENGTH_MEASURE(2.E-2),#22);
#1969=PRESENTATION_STYLE_ASSIGNMENT((#1968));
#1970=STYLED_ITEM('',(#1969),#1967);
#1971=DIRECTION('',(0.E0,-1.E0,0.E0));
#1972=VECTOR('',#1971,1.E-1);
#1973=CARTESIAN_POINT('',(-8.75E-1,1.E-1,-2.5E-1));
#1974=LINE('',#1973,#1972);
#1975=CURVE_STYLE('',#35,POSITIVE_LENGTH_MEASURE(2.E-2),#22);
#1976=PRESENTATION_STYLE_ASSIGNMENT((#1975));
#1977=STYLED_ITEM('',(#1976),#1974);
#1978=DIRECTION('',(0.E0,-1.E0,0.E0));
#1979=VECTOR('',#1978,1.E-1);
#1980=CARTESIAN_POINT('',(-8.75E-1,1.E-1,-5.E-1));
#1981=LINE('',#1980,#1979);
#1982=CURVE_STYLE('',#35,POSITIVE_LENGTH_MEASURE(2.E-2),#22);
#1983=PRESENTATION_STYLE_ASSIGNMENT((#1982));
#1984=STYLED_ITEM('',(#1983),#1981);
#1985=DIRECTION('',(0.E0,0.E0,1.E0));
#1986=VECTOR('',#1985,2.5E-1);
#1987=CARTESIAN_POINT('',(-8.75E-1,1.E-1,-5.E-1));
#1988=LINE('',#1987,#1986);
#1989=CURVE_STYLE('',#35,POSITIVE_LENGTH_MEASURE(2.E-2),#22);
#1990=PRESENTATION_STYLE_ASSIGNMENT((#1989));
#1991=STYLED_ITEM('',(#1990),#1988);
#1992=CARTESIAN_POINT('',(-8.75E-1,0.E0,-5.E-1));
#1993=CARTESIAN_POINT('',(-6.25E-1,0.E0,-5.E-1));
#1994=VERTEX_POINT('',#1992);
#1995=VERTEX_POINT('',#1993);
#1996=CARTESIAN_POINT('',(-8.75E-1,1.E-1,-5.E-1));
#1997=CARTESIAN_POINT('',(-6.25E-1,1.E-1,-5.E-1));
#1998=VERTEX_POINT('',#1996);
#1999=VERTEX_POINT('',#1997);
#2000=CARTESIAN_POINT('',(-8.75E-1,0.E0,-2.5E-1));
#2001=CARTESIAN_POINT('',(-6.25E-1,0.E0,-2.5E-1));
#2002=VERTEX_POINT('',#2000);
#2003=VERTEX_POINT('',#2001);
#2004=CARTESIAN_POINT('',(-8.75E-1,1.E-1,-2.5E-1));
#2005=VERTEX_POINT('',#2004);
#2006=CARTESIAN_POINT('',(-6.25E-1,1.E-1,-2.5E-1));
#2007=VERTEX_POINT('',#2006);
#2008=CARTESIAN_POINT('',(-6.25E-1,0.E0,-5.5E-1));
#2009=DIRECTION('',(1.E0,0.E0,0.E0));
#2010=DIRECTION('',(0.E0,1.E0,0.E0));
#2011=AXIS2_PLACEMENT_3D('',#2008,#2009,#2010);
#2012=PLANE('',#2011);
#2014=ORIENTED_EDGE('',*,*,#2013,.T.);
#2016=ORIENTED_EDGE('',*,*,#2015,.F.);
#2018=ORIENTED_EDGE('',*,*,#2017,.F.);
#2020=ORIENTED_EDGE('',*,*,#2019,.T.);
#2021=EDGE_LOOP('',(#2014,#2016,#2018,#2020));
#2022=FACE_OUTER_BOUND('',#2021,.F.);
#2023=ADVANCED_FACE('',(#2022),#2012,.T.);
#2024=CARTESIAN_POINT('',(-7.5E-1,-1.6042E-1,-2.5E-1));
#2025=DIRECTION('',(0.E0,1.E0,0.E0));
#2026=DIRECTION('',(0.E0,0.E0,1.E0));
#2027=AXIS2_PLACEMENT_3D('',#2024,#2025,#2026);
#2028=CYLINDRICAL_SURFACE('',#2027,1.25E-1);
#2030=ORIENTED_EDGE('',*,*,#2029,.F.);
#2032=ORIENTED_EDGE('',*,*,#2031,.F.);
#2034=ORIENTED_EDGE('',*,*,#2033,.F.);
#2035=ORIENTED_EDGE('',*,*,#2013,.F.);
#2036=EDGE_LOOP('',(#2030,#2032,#2034,#2035));
#2037=FACE_OUTER_BOUND('',#2036,.F.);
#2038=ADVANCED_FACE('',(#2037),#2028,.T.);
#2039=CARTESIAN_POINT('',(0.E0,0.E0,0.E0));
#2040=DIRECTION('',(0.E0,1.E0,0.E0));
#2041=DIRECTION('',(1.E0,0.E0,0.E0));
#2042=AXIS2_PLACEMENT_3D('',#2039,#2040,#2041);
#2043=PLANE('',#2042);
#2044=ORIENTED_EDGE('',*,*,#2029,.T.);
#2045=ORIENTED_EDGE('',*,*,#2019,.F.);
#2047=ORIENTED_EDGE('',*,*,#2046,.F.);
#2049=ORIENTED_EDGE('',*,*,#2048,.T.);
#2050=EDGE_LOOP('',(#2044,#2045,#2047,#2049));
#2051=FACE_OUTER_BOUND('',#2050,.F.);
#2052=ADVANCED_FACE('',(#2051),#2043,.F.);
#2053=CARTESIAN_POINT('',(-1.E0,0.E0,-5.E-1));
#2054=DIRECTION('',(0.E0,0.E0,1.E0));
#2055=DIRECTION('',(1.E0,0.E0,0.E0));
#2056=AXIS2_PLACEMENT_3D('',#2053,#2054,#2055);
#2057=PLANE('',#2056);
#2058=ORIENTED_EDGE('',*,*,#2017,.T.);
#2060=ORIENTED_EDGE('',*,*,#2059,.F.);
#2062=ORIENTED_EDGE('',*,*,#2061,.T.);
#2063=ORIENTED_EDGE('',*,*,#2046,.T.);
#2064=EDGE_LOOP('',(#2058,#2060,#2062,#2063));
#2065=FACE_OUTER_BOUND('',#2064,.F.);
#2066=ADVANCED_FACE('',(#2065),#2057,.F.);
#2067=FILL_AREA_STYLE_COLOUR('',#20);
#2068=FILL_AREA_STYLE('',(#2067));
#2069=SURFACE_STYLE_FILL_AREA(#2068);
#2070=SURFACE_SIDE_STYLE('',(#2069));
#2071=SURFACE_STYLE_USAGE(.POSITIVE.,#2070);
#2072=PRESENTATION_STYLE_ASSIGNMENT((#2071));
#2073=OVER_RIDING_STYLED_ITEM('',(#2072),#2066,#1905);
#2074=CARTESIAN_POINT('',(0.E0,1.E-1,0.E0));
#2075=DIRECTION('',(0.E0,1.E0,0.E0));
#2076=DIRECTION('',(1.E0,0.E0,0.E0));
#2077=AXIS2_PLACEMENT_3D('',#2074,#2075,#2076);
#2078=PLANE('',#2077);
#2079=ORIENTED_EDGE('',*,*,#2033,.T.);
#2081=ORIENTED_EDGE('',*,*,#2080,.F.);
#2082=ORIENTED_EDGE('',*,*,#2059,.T.);
#2083=ORIENTED_EDGE('',*,*,#2015,.T.);
#2084=EDGE_LOOP('',(#2079,#2081,#2082,#2083));
#2085=FACE_OUTER_BOUND('',#2084,.F.);
#2086=ADVANCED_FACE('',(#2085),#2078,.T.);
#2087=CARTESIAN_POINT('',(-8.75E-1,1.E-1,-5.5E-1));
#2088=DIRECTION('',(-1.E0,0.E0,0.E0));
#2089=DIRECTION('',(0.E0,-1.E0,0.E0));
#2090=AXIS2_PLACEMENT_3D('',#2087,#2088,#2089);
#2091=PLANE('',#2090);
#2092=ORIENTED_EDGE('',*,*,#2031,.T.);
#2093=ORIENTED_EDGE('',*,*,#2048,.F.);
#2094=ORIENTED_EDGE('',*,*,#2061,.F.);
#2095=ORIENTED_EDGE('',*,*,#2080,.T.);
#2096=EDGE_LOOP('',(#2092,#2093,#2094,#2095));
#2097=FACE_OUTER_BOUND('',#2096,.F.);
#2098=ADVANCED_FACE('',(#2097),#2091,.T.);
#2099=CLOSED_SHELL('',(#2023,#2038,#2052,#2066,#2086,#2098));
#2100=MANIFOLD_SOLID_BREP('',#2099);
#2101=FILL_AREA_STYLE_COLOUR('',#22);
#2102=FILL_AREA_STYLE('',(#2101));
#2103=SURFACE_STYLE_FILL_AREA(#2102);
#2104=SURFACE_SIDE_STYLE('',(#2103));
#2105=SURFACE_STYLE_USAGE(.POSITIVE.,#2104);
#2106=PRESENTATION_STYLE_ASSIGNMENT((#2105));
#1905=STYLED_ITEM('',(#2106),#2100);
#2108=DIRECTION('',(0.E0,1.E0,0.E0));
#2109=VECTOR('',#2108,1.E-1);
#2110=CARTESIAN_POINT('',(-1.25E-1,0.E0,-2.5E-1));
#2111=LINE('',#2110,#2109);
#2112=CURVE_STYLE('',#35,POSITIVE_LENGTH_MEASURE(2.E-2),#22);
#2113=PRESENTATION_STYLE_ASSIGNMENT((#2112));
#2114=STYLED_ITEM('',(#2113),#2111);
#2115=DIRECTION('',(0.E0,1.E0,0.E0));
#2116=VECTOR('',#2115,1.E-1);
#2117=CARTESIAN_POINT('',(-1.25E-1,0.E0,-5.E-1));
#2118=LINE('',#2117,#2116);
#2119=CURVE_STYLE('',#35,POSITIVE_LENGTH_MEASURE(2.E-2),#22);
#2120=PRESENTATION_STYLE_ASSIGNMENT((#2119));
#2121=STYLED_ITEM('',(#2120),#2118);
#2122=DIRECTION('',(0.E0,0.E0,1.E0));
#2123=VECTOR('',#2122,2.5E-1);
#2124=CARTESIAN_POINT('',(-1.25E-1,0.E0,-5.E-1));
#2125=LINE('',#2124,#2123);
#2126=CURVE_STYLE('',#35,POSITIVE_LENGTH_MEASURE(2.E-2),#22);
#2127=PRESENTATION_STYLE_ASSIGNMENT((#2126));
#2128=STYLED_ITEM('',(#2127),#2125);
#2129=CARTESIAN_POINT('',(-2.5E-1,1.E-1,-2.5E-1));
#2130=DIRECTION('',(0.E0,-1.E0,0.E0));
#2131=DIRECTION('',(1.E0,0.E0,0.E0));
#2132=AXIS2_PLACEMENT_3D('',#2129,#2130,#2131);
#2134=CURVE_STYLE('',#35,POSITIVE_LENGTH_MEASURE(2.E-2),#22);
#2135=PRESENTATION_STYLE_ASSIGNMENT((#2134));
#2136=STYLED_ITEM('',(#2135),#2133);
#2137=DIRECTION('',(1.E0,0.E0,0.E0));
#2138=VECTOR('',#2137,2.5E-1);
#2139=CARTESIAN_POINT('',(-3.75E-1,1.E-1,-5.E-1));
#2140=LINE('',#2139,#2138);
#2141=CURVE_STYLE('',#35,POSITIVE_LENGTH_MEASURE(2.E-2),#22);
#2142=PRESENTATION_STYLE_ASSIGNMENT((#2141));
#2143=STYLED_ITEM('',(#2142),#2140);
#2144=DIRECTION('',(0.E0,0.E0,1.E0));
#2145=VECTOR('',#2144,2.5E-1);
#2146=CARTESIAN_POINT('',(-1.25E-1,1.E-1,-5.E-1));
#2147=LINE('',#2146,#2145);
#2148=CURVE_STYLE('',#35,POSITIVE_LENGTH_MEASURE(2.E-2),#22);
#2149=PRESENTATION_STYLE_ASSIGNMENT((#2148));
#2150=STYLED_ITEM('',(#2149),#2147);
#2151=DIRECTION('',(0.E0,-1.E0,0.E0));
#2152=VECTOR('',#2151,1.E-1);
#2153=CARTESIAN_POINT('',(-3.75E-1,1.E-1,-2.5E-1));
#2154=LINE('',#2153,#2152);
#2155=CURVE_STYLE('',#35,POSITIVE_LENGTH_MEASURE(2.E-2),#22);
#2156=PRESENTATION_STYLE_ASSIGNMENT((#2155));
#2157=STYLED_ITEM('',(#2156),#2154);
#2158=DIRECTION('',(0.E0,-1.E0,0.E0));
#2159=VECTOR('',#2158,1.E-1);
#2160=CARTESIAN_POINT('',(-3.75E-1,1.E-1,-5.E-1));
#2161=LINE('',#2160,#2159);
#2162=CURVE_STYLE('',#35,POSITIVE_LENGTH_MEASURE(2.E-2),#22);
#2163=PRESENTATION_STYLE_ASSIGNMENT((#2162));
#2164=STYLED_ITEM('',(#2163),#2161);
#2165=DIRECTION('',(0.E0,0.E0,1.E0));
#2166=VECTOR('',#2165,2.5E-1);
#2167=CARTESIAN_POINT('',(-3.75E-1,1.E-1,-5.E-1));
#2168=LINE('',#2167,#2166);
#2169=CURVE_STYLE('',#35,POSITIVE_LENGTH_MEASURE(2.E-2),#22);
#2170=PRESENTATION_STYLE_ASSIGNMENT((#2169));
#2171=STYLED_ITEM('',(#2170),#2168);
#2172=CARTESIAN_POINT('',(-2.5E-1,0.E0,-2.5E-1));
#2173=DIRECTION('',(0.E0,1.E0,0.E0));
#2174=DIRECTION('',(-1.E0,0.E0,0.E0));
#2175=AXIS2_PLACEMENT_3D('',#2172,#2173,#2174);
#2177=CURVE_STYLE('',#35,POSITIVE_LENGTH_MEASURE(2.E-2),#22);
#2178=PRESENTATION_STYLE_ASSIGNMENT((#2177));
#2179=STYLED_ITEM('',(#2178),#2176);
#2180=DIRECTION('',(1.E0,0.E0,0.E0));
#2181=VECTOR('',#2180,2.5E-1);
#2182=CARTESIAN_POINT('',(-3.75E-1,0.E0,-5.E-1));
#2183=LINE('',#2182,#2181);
#2184=CURVE_STYLE('',#35,POSITIVE_LENGTH_MEASURE(2.E-2),#22);
#2185=PRESENTATION_STYLE_ASSIGNMENT((#2184));
#2186=STYLED_ITEM('',(#2185),#2183);
#2187=DIRECTION('',(0.E0,0.E0,1.E0));
#2188=VECTOR('',#2187,2.5E-1);
#2189=CARTESIAN_POINT('',(-3.75E-1,0.E0,-5.E-1));
#2190=LINE('',#2189,#2188);
#2191=CURVE_STYLE('',#35,POSITIVE_LENGTH_MEASURE(2.E-2),#22);
#2192=PRESENTATION_STYLE_ASSIGNMENT((#2191));
#2193=STYLED_ITEM('',(#2192),#2190);
#2194=CARTESIAN_POINT('',(-3.75E-1,0.E0,-5.E-1));
#2195=CARTESIAN_POINT('',(-1.25E-1,0.E0,-5.E-1));
#2196=VERTEX_POINT('',#2194);
#2197=VERTEX_POINT('',#2195);
#2198=CARTESIAN_POINT('',(-3.75E-1,1.E-1,-5.E-1));
#2199=CARTESIAN_POINT('',(-1.25E-1,1.E-1,-5.E-1));
#2200=VERTEX_POINT('',#2198);
#2201=VERTEX_POINT('',#2199);
#2202=CARTESIAN_POINT('',(-1.25E-1,1.E-1,-2.5E-1));
#2203=CARTESIAN_POINT('',(-3.75E-1,1.E-1,-2.5E-1));
#2204=VERTEX_POINT('',#2202);
#2205=VERTEX_POINT('',#2203);
#2206=CARTESIAN_POINT('',(-1.25E-1,0.E0,-2.5E-1));
#2207=VERTEX_POINT('',#2206);
#2208=CARTESIAN_POINT('',(-3.75E-1,0.E0,-2.5E-1));
#2209=VERTEX_POINT('',#2208);
#2210=CARTESIAN_POINT('',(-1.25E-1,0.E0,-5.5E-1));
#2211=DIRECTION('',(1.E0,0.E0,0.E0));
#2212=DIRECTION('',(0.E0,1.E0,0.E0));
#2213=AXIS2_PLACEMENT_3D('',#2210,#2211,#2212);
#2214=PLANE('',#2213);
#2216=ORIENTED_EDGE('',*,*,#2215,.T.);
#2218=ORIENTED_EDGE('',*,*,#2217,.F.);
#2220=ORIENTED_EDGE('',*,*,#2219,.F.);
#2222=ORIENTED_EDGE('',*,*,#2221,.T.);
#2223=EDGE_LOOP('',(#2216,#2218,#2220,#2222));
#2224=FACE_OUTER_BOUND('',#2223,.F.);
#2225=ADVANCED_FACE('',(#2224),#2214,.T.);
#2226=CARTESIAN_POINT('',(-2.5E-1,2.6042E-1,-2.5E-1));
#2227=DIRECTION('',(0.E0,-1.E0,0.E0));
#2228=DIRECTION('',(0.E0,0.E0,1.E0));
#2229=AXIS2_PLACEMENT_3D('',#2226,#2227,#2228);
#2230=CYLINDRICAL_SURFACE('',#2229,1.25E-1);
#2232=ORIENTED_EDGE('',*,*,#2231,.F.);
#2233=ORIENTED_EDGE('',*,*,#2215,.F.);
#2235=ORIENTED_EDGE('',*,*,#2234,.F.);
#2237=ORIENTED_EDGE('',*,*,#2236,.F.);
#2238=EDGE_LOOP('',(#2232,#2233,#2235,#2237));
#2239=FACE_OUTER_BOUND('',#2238,.F.);
#2240=ADVANCED_FACE('',(#2239),#2230,.T.);
#2241=CARTESIAN_POINT('',(0.E0,1.E-1,0.E0));
#2242=DIRECTION('',(0.E0,1.E0,0.E0));
#2243=DIRECTION('',(1.E0,0.E0,0.E0));
#2244=AXIS2_PLACEMENT_3D('',#2241,#2242,#2243);
#2245=PLANE('',#2244);
#2246=ORIENTED_EDGE('',*,*,#2231,.T.);
#2248=ORIENTED_EDGE('',*,*,#2247,.F.);
#2250=ORIENTED_EDGE('',*,*,#2249,.T.);
#2251=ORIENTED_EDGE('',*,*,#2217,.T.);
#2252=EDGE_LOOP('',(#2246,#2248,#2250,#2251));
#2253=FACE_OUTER_BOUND('',#2252,.F.);
#2254=ADVANCED_FACE('',(#2253),#2245,.T.);
#2255=CARTESIAN_POINT('',(-3.75E-1,1.E-1,-5.5E-1));
#2256=DIRECTION('',(-1.E0,0.E0,0.E0));
#2257=DIRECTION('',(0.E0,-1.E0,0.E0));
#2258=AXIS2_PLACEMENT_3D('',#2255,#2256,#2257);
#2259=PLANE('',#2258);
#2260=ORIENTED_EDGE('',*,*,#2236,.T.);
#2262=ORIENTED_EDGE('',*,*,#2261,.F.);
#2264=ORIENTED_EDGE('',*,*,#2263,.F.);
#2265=ORIENTED_EDGE('',*,*,#2247,.T.);
#2266=EDGE_LOOP('',(#2260,#2262,#2264,#2265));
#2267=FACE_OUTER_BOUND('',#2266,.F.);
#2268=ADVANCED_FACE('',(#2267),#2259,.T.);
#2269=CARTESIAN_POINT('',(0.E0,0.E0,0.E0));
#2270=DIRECTION('',(0.E0,1.E0,0.E0));
#2271=DIRECTION('',(1.E0,0.E0,0.E0));
#2272=AXIS2_PLACEMENT_3D('',#2269,#2270,#2271);
#2273=PLANE('',#2272);
#2274=ORIENTED_EDGE('',*,*,#2234,.T.);
#2275=ORIENTED_EDGE('',*,*,#2221,.F.);
#2277=ORIENTED_EDGE('',*,*,#2276,.F.);
#2278=ORIENTED_EDGE('',*,*,#2261,.T.);
#2279=EDGE_LOOP('',(#2274,#2275,#2277,#2278));
#2280=FACE_OUTER_BOUND('',#2279,.F.);
#2281=ADVANCED_FACE('',(#2280),#2273,.F.);
#2282=CARTESIAN_POINT('',(-1.E0,0.E0,-5.E-1));
#2283=DIRECTION('',(0.E0,0.E0,1.E0));
#2284=DIRECTION('',(1.E0,0.E0,0.E0));
#2285=AXIS2_PLACEMENT_3D('',#2282,#2283,#2284);
#2286=PLANE('',#2285);
#2287=ORIENTED_EDGE('',*,*,#2219,.T.);
#2288=ORIENTED_EDGE('',*,*,#2249,.F.);
#2289=ORIENTED_EDGE('',*,*,#2263,.T.);
#2290=ORIENTED_EDGE('',*,*,#2276,.T.);
#2291=EDGE_LOOP('',(#2287,#2288,#2289,#2290));
#2292=FACE_OUTER_BOUND('',#2291,.F.);
#2293=ADVANCED_FACE('',(#2292),#2286,.F.);
#2294=FILL_AREA_STYLE_COLOUR('',#20);
#2295=FILL_AREA_STYLE('',(#2294));
#2296=SURFACE_STYLE_FILL_AREA(#2295);
#2297=SURFACE_SIDE_STYLE('',(#2296));
#2298=SURFACE_STYLE_USAGE(.POSITIVE.,#2297);
#2299=PRESENTATION_STYLE_ASSIGNMENT((#2298));
#2300=OVER_RIDING_STYLED_ITEM('',(#2299),#2293,#2107);
#2301=CLOSED_SHELL('',(#2225,#2240,#2254,#2268,#2281,#2293));
#2302=MANIFOLD_SOLID_BREP('',#2301);
#2303=FILL_AREA_STYLE_COLOUR('',#22);
#2304=FILL_AREA_STYLE('',(#2303));
#2305=SURFACE_STYLE_FILL_AREA(#2304);
#2306=SURFACE_SIDE_STYLE('',(#2305));
#2307=SURFACE_STYLE_USAGE(.POSITIVE.,#2306);
#2308=PRESENTATION_STYLE_ASSIGNMENT((#2307));
#2107=STYLED_ITEM('',(#2308),#2302);
#2310=DIRECTION('',(0.E0,1.E0,0.E0));
#2311=VECTOR('',#2310,1.E-1);
#2312=CARTESIAN_POINT('',(3.75E-1,0.E0,-2.5E-1));
#2313=LINE('',#2312,#2311);
#2314=CURVE_STYLE('',#35,POSITIVE_LENGTH_MEASURE(2.E-2),#22);
#2315=PRESENTATION_STYLE_ASSIGNMENT((#2314));
#2316=STYLED_ITEM('',(#2315),#2313);
#2317=DIRECTION('',(0.E0,1.E0,0.E0));
#2318=VECTOR('',#2317,1.E-1);
#2319=CARTESIAN_POINT('',(3.75E-1,0.E0,-5.E-1));
#2320=LINE('',#2319,#2318);
#2321=CURVE_STYLE('',#35,POSITIVE_LENGTH_MEASURE(2.E-2),#22);
#2322=PRESENTATION_STYLE_ASSIGNMENT((#2321));
#2323=STYLED_ITEM('',(#2322),#2320);
#2324=DIRECTION('',(0.E0,0.E0,1.E0));
#2325=VECTOR('',#2324,2.5E-1);
#2326=CARTESIAN_POINT('',(3.75E-1,0.E0,-5.E-1));
#2327=LINE('',#2326,#2325);
#2328=CURVE_STYLE('',#35,POSITIVE_LENGTH_MEASURE(2.E-2),#22);
#2329=PRESENTATION_STYLE_ASSIGNMENT((#2328));
#2330=STYLED_ITEM('',(#2329),#2327);
#2331=CARTESIAN_POINT('',(2.5E-1,1.E-1,-2.5E-1));
#2332=DIRECTION('',(0.E0,-1.E0,0.E0));
#2333=DIRECTION('',(1.E0,0.E0,0.E0));
#2334=AXIS2_PLACEMENT_3D('',#2331,#2332,#2333);
#2336=CURVE_STYLE('',#35,POSITIVE_LENGTH_MEASURE(2.E-2),#22);
#2337=PRESENTATION_STYLE_ASSIGNMENT((#2336));
#2338=STYLED_ITEM('',(#2337),#2335);
#2339=DIRECTION('',(1.E0,0.E0,0.E0));
#2340=VECTOR('',#2339,2.5E-1);
#2341=CARTESIAN_POINT('',(1.25E-1,1.E-1,-5.E-1));
#2342=LINE('',#2341,#2340);
#2343=CURVE_STYLE('',#35,POSITIVE_LENGTH_MEASURE(2.E-2),#22);
#2344=PRESENTATION_STYLE_ASSIGNMENT((#2343));
#2345=STYLED_ITEM('',(#2344),#2342);
#2346=DIRECTION('',(0.E0,0.E0,1.E0));
#2347=VECTOR('',#2346,2.5E-1);
#2348=CARTESIAN_POINT('',(3.75E-1,1.E-1,-5.E-1));
#2349=LINE('',#2348,#2347);
#2350=CURVE_STYLE('',#35,POSITIVE_LENGTH_MEASURE(2.E-2),#22);
#2351=PRESENTATION_STYLE_ASSIGNMENT((#2350));
#2352=STYLED_ITEM('',(#2351),#2349);
#2353=DIRECTION('',(0.E0,-1.E0,0.E0));
#2354=VECTOR('',#2353,1.E-1);
#2355=CARTESIAN_POINT('',(1.25E-1,1.E-1,-2.5E-1));
#2356=LINE('',#2355,#2354);
#2357=CURVE_STYLE('',#35,POSITIVE_LENGTH_MEASURE(2.E-2),#22);
#2358=PRESENTATION_STYLE_ASSIGNMENT((#2357));
#2359=STYLED_ITEM('',(#2358),#2356);
#2360=DIRECTION('',(0.E0,-1.E0,0.E0));
#2361=VECTOR('',#2360,1.E-1);
#2362=CARTESIAN_POINT('',(1.25E-1,1.E-1,-5.E-1));
#2363=LINE('',#2362,#2361);
#2364=CURVE_STYLE('',#35,POSITIVE_LENGTH_MEASURE(2.E-2),#22);
#2365=PRESENTATION_STYLE_ASSIGNMENT((#2364));
#2366=STYLED_ITEM('',(#2365),#2363);
#2367=DIRECTION('',(0.E0,0.E0,1.E0));
#2368=VECTOR('',#2367,2.5E-1);
#2369=CARTESIAN_POINT('',(1.25E-1,1.E-1,-5.E-1));
#2370=LINE('',#2369,#2368);
#2371=CURVE_STYLE('',#35,POSITIVE_LENGTH_MEASURE(2.E-2),#22);
#2372=PRESENTATION_STYLE_ASSIGNMENT((#2371));
#2373=STYLED_ITEM('',(#2372),#2370);
#2374=CARTESIAN_POINT('',(2.5E-1,0.E0,-2.5E-1));
#2375=DIRECTION('',(0.E0,1.E0,0.E0));
#2376=DIRECTION('',(-1.E0,0.E0,0.E0));
#2377=AXIS2_PLACEMENT_3D('',#2374,#2375,#2376);
#2379=CURVE_STYLE('',#35,POSITIVE_LENGTH_MEASURE(2.E-2),#22);
#2380=PRESENTATION_STYLE_ASSIGNMENT((#2379));
#2381=STYLED_ITEM('',(#2380),#2378);
#2382=DIRECTION('',(1.E0,0.E0,0.E0));
#2383=VECTOR('',#2382,2.5E-1);
#2384=CARTESIAN_POINT('',(1.25E-1,0.E0,-5.E-1));
#2385=LINE('',#2384,#2383);
#2386=CURVE_STYLE('',#35,POSITIVE_LENGTH_MEASURE(2.E-2),#22);
#2387=PRESENTATION_STYLE_ASSIGNMENT((#2386));
#2388=STYLED_ITEM('',(#2387),#2385);
#2389=DIRECTION('',(0.E0,0.E0,1.E0));
#2390=VECTOR('',#2389,2.5E-1);
#2391=CARTESIAN_POINT('',(1.25E-1,0.E0,-5.E-1));
#2392=LINE('',#2391,#2390);
#2393=CURVE_STYLE('',#35,POSITIVE_LENGTH_MEASURE(2.E-2),#22);
#2394=PRESENTATION_STYLE_ASSIGNMENT((#2393));
#2395=STYLED_ITEM('',(#2394),#2392);
#2396=CARTESIAN_POINT('',(1.25E-1,0.E0,-5.E-1));
#2397=CARTESIAN_POINT('',(3.75E-1,0.E0,-5.E-1));
#2398=VERTEX_POINT('',#2396);
#2399=VERTEX_POINT('',#2397);
#2400=CARTESIAN_POINT('',(3.75E-1,1.E-1,-5.E-1));
#2401=VERTEX_POINT('',#2400);
#2402=CARTESIAN_POINT('',(1.25E-1,1.E-1,-5.E-1));
#2403=VERTEX_POINT('',#2402);
#2404=CARTESIAN_POINT('',(3.75E-1,1.E-1,-2.5E-1));
#2405=CARTESIAN_POINT('',(1.25E-1,1.E-1,-2.5E-1));
#2406=VERTEX_POINT('',#2404);
#2407=VERTEX_POINT('',#2405);
#2408=CARTESIAN_POINT('',(3.75E-1,0.E0,-2.5E-1));
#2409=VERTEX_POINT('',#2408);
#2410=CARTESIAN_POINT('',(1.25E-1,0.E0,-2.5E-1));
#2411=VERTEX_POINT('',#2410);
#2412=CARTESIAN_POINT('',(3.75E-1,0.E0,-5.5E-1));
#2413=DIRECTION('',(1.E0,0.E0,0.E0));
#2414=DIRECTION('',(0.E0,1.E0,0.E0));
#2415=AXIS2_PLACEMENT_3D('',#2412,#2413,#2414);
#2416=PLANE('',#2415);
#2418=ORIENTED_EDGE('',*,*,#2417,.T.);
#2420=ORIENTED_EDGE('',*,*,#2419,.F.);
#2422=ORIENTED_EDGE('',*,*,#2421,.F.);
#2424=ORIENTED_EDGE('',*,*,#2423,.T.);
#2425=EDGE_LOOP('',(#2418,#2420,#2422,#2424));
#2426=FACE_OUTER_BOUND('',#2425,.F.);
#2427=ADVANCED_FACE('',(#2426),#2416,.T.);
#2428=CARTESIAN_POINT('',(2.5E-1,2.6042E-1,-2.5E-1));
#2429=DIRECTION('',(0.E0,-1.E0,0.E0));
#2430=DIRECTION('',(0.E0,0.E0,1.E0));
#2431=AXIS2_PLACEMENT_3D('',#2428,#2429,#2430);
#2432=CYLINDRICAL_SURFACE('',#2431,1.25E-1);
#2434=ORIENTED_EDGE('',*,*,#2433,.F.);
#2435=ORIENTED_EDGE('',*,*,#2417,.F.);
#2437=ORIENTED_EDGE('',*,*,#2436,.F.);
#2439=ORIENTED_EDGE('',*,*,#2438,.F.);
#2440=EDGE_LOOP('',(#2434,#2435,#2437,#2439));
#2441=FACE_OUTER_BOUND('',#2440,.F.);
#2442=ADVANCED_FACE('',(#2441),#2432,.T.);
#2443=CARTESIAN_POINT('',(0.E0,1.E-1,0.E0));
#2444=DIRECTION('',(0.E0,1.E0,0.E0));
#2445=DIRECTION('',(1.E0,0.E0,0.E0));
#2446=AXIS2_PLACEMENT_3D('',#2443,#2444,#2445);
#2447=PLANE('',#2446);
#2448=ORIENTED_EDGE('',*,*,#2433,.T.);
#2450=ORIENTED_EDGE('',*,*,#2449,.F.);
#2452=ORIENTED_EDGE('',*,*,#2451,.T.);
#2453=ORIENTED_EDGE('',*,*,#2419,.T.);
#2454=EDGE_LOOP('',(#2448,#2450,#2452,#2453));
#2455=FACE_OUTER_BOUND('',#2454,.F.);
#2456=ADVANCED_FACE('',(#2455),#2447,.T.);
#2457=CARTESIAN_POINT('',(1.25E-1,1.E-1,-5.5E-1));
#2458=DIRECTION('',(-1.E0,0.E0,0.E0));
#2459=DIRECTION('',(0.E0,-1.E0,0.E0));
#2460=AXIS2_PLACEMENT_3D('',#2457,#2458,#2459);
#2461=PLANE('',#2460);
#2462=ORIENTED_EDGE('',*,*,#2438,.T.);
#2464=ORIENTED_EDGE('',*,*,#2463,.F.);
#2466=ORIENTED_EDGE('',*,*,#2465,.F.);
#2467=ORIENTED_EDGE('',*,*,#2449,.T.);
#2468=EDGE_LOOP('',(#2462,#2464,#2466,#2467));
#2469=FACE_OUTER_BOUND('',#2468,.F.);
#2470=ADVANCED_FACE('',(#2469),#2461,.T.);
#2471=CARTESIAN_POINT('',(0.E0,0.E0,0.E0));
#2472=DIRECTION('',(0.E0,1.E0,0.E0));
#2473=DIRECTION('',(1.E0,0.E0,0.E0));
#2474=AXIS2_PLACEMENT_3D('',#2471,#2472,#2473);
#2475=PLANE('',#2474);
#2476=ORIENTED_EDGE('',*,*,#2436,.T.);
#2477=ORIENTED_EDGE('',*,*,#2423,.F.);
#2479=ORIENTED_EDGE('',*,*,#2478,.F.);
#2480=ORIENTED_EDGE('',*,*,#2463,.T.);
#2481=EDGE_LOOP('',(#2476,#2477,#2479,#2480));
#2482=FACE_OUTER_BOUND('',#2481,.F.);
#2483=ADVANCED_FACE('',(#2482),#2475,.F.);
#2484=CARTESIAN_POINT('',(-1.E0,0.E0,-5.E-1));
#2485=DIRECTION('',(0.E0,0.E0,1.E0));
#2486=DIRECTION('',(1.E0,0.E0,0.E0));
#2487=AXIS2_PLACEMENT_3D('',#2484,#2485,#2486);
#2488=PLANE('',#2487);
#2489=ORIENTED_EDGE('',*,*,#2421,.T.);
#2490=ORIENTED_EDGE('',*,*,#2451,.F.);
#2491=ORIENTED_EDGE('',*,*,#2465,.T.);
#2492=ORIENTED_EDGE('',*,*,#2478,.T.);
#2493=EDGE_LOOP('',(#2489,#2490,#2491,#2492));
#2494=FACE_OUTER_BOUND('',#2493,.F.);
#2495=ADVANCED_FACE('',(#2494),#2488,.F.);
#2496=FILL_AREA_STYLE_COLOUR('',#20);
#2497=FILL_AREA_STYLE('',(#2496));
#2498=SURFACE_STYLE_FILL_AREA(#2497);
#2499=SURFACE_SIDE_STYLE('',(#2498));
#2500=SURFACE_STYLE_USAGE(.POSITIVE.,#2499);
#2501=PRESENTATION_STYLE_ASSIGNMENT((#2500));
#2502=OVER_RIDING_STYLED_ITEM('',(#2501),#2495,#2309);
#2503=CLOSED_SHELL('',(#2427,#2442,#2456,#2470,#2483,#2495));
#2504=MANIFOLD_SOLID_BREP('',#2503);
#2505=FILL_AREA_STYLE_COLOUR('',#22);
#2506=FILL_AREA_STYLE('',(#2505));
#2507=SURFACE_STYLE_FILL_AREA(#2506);
#2508=SURFACE_SIDE_STYLE('',(#2507));
#2509=SURFACE_STYLE_USAGE(.POSITIVE.,#2508);
#2510=PRESENTATION_STYLE_ASSIGNMENT((#2509));
#2309=STYLED_ITEM('',(#2510),#2504);
#2512=DIRECTION('',(0.E0,-1.E0,0.E0));
#2513=VECTOR('',#2512,1.E-1);
#2514=CARTESIAN_POINT('',(8.75E-1,1.E-1,2.5E-1));
#2515=LINE('',#2514,#2513);
#2516=CURVE_STYLE('',#35,POSITIVE_LENGTH_MEASURE(2.E-2),#22);
#2517=PRESENTATION_STYLE_ASSIGNMENT((#2516));
#2518=STYLED_ITEM('',(#2517),#2515);
#2519=DIRECTION('',(0.E0,0.E0,-1.E0));
#2520=VECTOR('',#2519,2.5E-1);
#2521=CARTESIAN_POINT('',(8.75E-1,0.E0,5.E-1));
#2522=LINE('',#2521,#2520);
#2523=CURVE_STYLE('',#35,POSITIVE_LENGTH_MEASURE(2.E-2),#22);
#2524=PRESENTATION_STYLE_ASSIGNMENT((#2523));
#2525=STYLED_ITEM('',(#2524),#2522);
#2526=DIRECTION('',(0.E0,1.E0,0.E0));
#2527=VECTOR('',#2526,1.E-1);
#2528=CARTESIAN_POINT('',(8.75E-1,0.E0,5.E-1));
#2529=LINE('',#2528,#2527);
#2530=CURVE_STYLE('',#35,POSITIVE_LENGTH_MEASURE(2.E-2),#22);
#2531=PRESENTATION_STYLE_ASSIGNMENT((#2530));
#2532=STYLED_ITEM('',(#2531),#2529);
#2533=CARTESIAN_POINT('',(7.5E-1,0.E0,2.5E-1));
#2534=DIRECTION('',(0.E0,1.E0,0.E0));
#2535=DIRECTION('',(1.E0,0.E0,0.E0));
#2536=AXIS2_PLACEMENT_3D('',#2533,#2534,#2535);
#2538=CURVE_STYLE('',#35,POSITIVE_LENGTH_MEASURE(2.E-2),#22);
#2539=PRESENTATION_STYLE_ASSIGNMENT((#2538));
#2540=STYLED_ITEM('',(#2539),#2537);
#2541=DIRECTION('',(0.E0,0.E0,-1.E0));
#2542=VECTOR('',#2541,2.5E-1);
#2543=CARTESIAN_POINT('',(6.25E-1,0.E0,5.E-1));
#2544=LINE('',#2543,#2542);
#2545=CURVE_STYLE('',#35,POSITIVE_LENGTH_MEASURE(2.E-2),#22);
#2546=PRESENTATION_STYLE_ASSIGNMENT((#2545));
#2547=STYLED_ITEM('',(#2546),#2544);
#2548=DIRECTION('',(-1.E0,0.E0,0.E0));
#2549=VECTOR('',#2548,2.5E-1);
#2550=CARTESIAN_POINT('',(8.75E-1,0.E0,5.E-1));
#2551=LINE('',#2550,#2549);
#2552=CURVE_STYLE('',#35,POSITIVE_LENGTH_MEASURE(2.E-2),#22);
#2553=PRESENTATION_STYLE_ASSIGNMENT((#2552));
#2554=STYLED_ITEM('',(#2553),#2551);
#2555=DIRECTION('',(0.E0,1.E0,0.E0));
#2556=VECTOR('',#2555,1.E-1);
#2557=CARTESIAN_POINT('',(6.25E-1,0.E0,2.5E-1));
#2558=LINE('',#2557,#2556);
#2559=CURVE_STYLE('',#35,POSITIVE_LENGTH_MEASURE(2.E-2),#22);
#2560=PRESENTATION_STYLE_ASSIGNMENT((#2559));
#2561=STYLED_ITEM('',(#2560),#2558);
#2562=DIRECTION('',(0.E0,0.E0,-1.E0));
#2563=VECTOR('',#2562,2.5E-1);
#2564=CARTESIAN_POINT('',(6.25E-1,1.E-1,5.E-1));
#2565=LINE('',#2564,#2563);
#2566=CURVE_STYLE('',#35,POSITIVE_LENGTH_MEASURE(2.E-2),#22);
#2567=PRESENTATION_STYLE_ASSIGNMENT((#2566));
#2568=STYLED_ITEM('',(#2567),#2565);
#2569=DIRECTION('',(0.E0,-1.E0,0.E0));
#2570=VECTOR('',#2569,1.E-1);
#2571=CARTESIAN_POINT('',(6.25E-1,1.E-1,5.E-1));
#2572=LINE('',#2571,#2570);
#2573=CURVE_STYLE('',#35,POSITIVE_LENGTH_MEASURE(2.E-2),#22);
#2574=PRESENTATION_STYLE_ASSIGNMENT((#2573));
#2575=STYLED_ITEM('',(#2574),#2572);
#2576=CARTESIAN_POINT('',(7.5E-1,1.E-1,2.5E-1));
#2577=DIRECTION('',(0.E0,-1.E0,0.E0));
#2578=DIRECTION('',(-1.E0,0.E0,0.E0));
#2579=AXIS2_PLACEMENT_3D('',#2576,#2577,#2578);
#2581=CURVE_STYLE('',#35,POSITIVE_LENGTH_MEASURE(2.E-2),#22);
#2582=PRESENTATION_STYLE_ASSIGNMENT((#2581));
#2583=STYLED_ITEM('',(#2582),#2580);
#2584=DIRECTION('',(0.E0,0.E0,-1.E0));
#2585=VECTOR('',#2584,2.5E-1);
#2586=CARTESIAN_POINT('',(8.75E-1,1.E-1,5.E-1));
#2587=LINE('',#2586,#2585);
#2588=CURVE_STYLE('',#35,POSITIVE_LENGTH_MEASURE(2.E-2),#22);
#2589=PRESENTATION_STYLE_ASSIGNMENT((#2588));
#2590=STYLED_ITEM('',(#2589),#2587);
#2591=DIRECTION('',(-1.E0,0.E0,0.E0));
#2592=VECTOR('',#2591,2.5E-1);
#2593=CARTESIAN_POINT('',(8.75E-1,1.E-1,5.E-1));
#2594=LINE('',#2593,#2592);
#2595=CURVE_STYLE('',#35,POSITIVE_LENGTH_MEASURE(2.E-2),#22);
#2596=PRESENTATION_STYLE_ASSIGNMENT((#2595));
#2597=STYLED_ITEM('',(#2596),#2594);
#2598=CARTESIAN_POINT('',(8.75E-1,0.E0,5.E-1));
#2599=CARTESIAN_POINT('',(6.25E-1,0.E0,5.E-1));
#2600=VERTEX_POINT('',#2598);
#2601=VERTEX_POINT('',#2599);
#2602=CARTESIAN_POINT('',(8.75E-1,1.E-1,5.E-1));
#2603=CARTESIAN_POINT('',(6.25E-1,1.E-1,5.E-1));
#2604=VERTEX_POINT('',#2602);
#2605=VERTEX_POINT('',#2603);
#2606=CARTESIAN_POINT('',(8.75E-1,0.E0,2.5E-1));
#2607=CARTESIAN_POINT('',(6.25E-1,0.E0,2.5E-1));
#2608=VERTEX_POINT('',#2606);
#2609=VERTEX_POINT('',#2607);
#2610=CARTESIAN_POINT('',(8.75E-1,1.E-1,2.5E-1));
#2611=VERTEX_POINT('',#2610);
#2612=CARTESIAN_POINT('',(6.25E-1,1.E-1,2.5E-1));
#2613=VERTEX_POINT('',#2612);
#2614=CARTESIAN_POINT('',(8.75E-1,0.E0,5.5E-1));
#2615=DIRECTION('',(-1.E0,0.E0,0.E0));
#2616=DIRECTION('',(0.E0,1.E0,0.E0));
#2617=AXIS2_PLACEMENT_3D('',#2614,#2615,#2616);
#2618=PLANE('',#2617);
#2620=ORIENTED_EDGE('',*,*,#2619,.T.);
#2622=ORIENTED_EDGE('',*,*,#2621,.F.);
#2624=ORIENTED_EDGE('',*,*,#2623,.T.);
#2626=ORIENTED_EDGE('',*,*,#2625,.T.);
#2627=EDGE_LOOP('',(#2620,#2622,#2624,#2626));
#2628=FACE_OUTER_BOUND('',#2627,.F.);
#2629=ADVANCED_FACE('',(#2628),#2618,.F.);
#2630=CARTESIAN_POINT('',(7.5E-1,-1.6042E-1,2.5E-1));
#2631=DIRECTION('',(0.E0,1.E0,0.E0));
#2632=DIRECTION('',(0.E0,0.E0,-1.E0));
#2633=AXIS2_PLACEMENT_3D('',#2630,#2631,#2632);
#2634=CYLINDRICAL_SURFACE('',#2633,1.25E-1);
#2636=ORIENTED_EDGE('',*,*,#2635,.F.);
#2637=ORIENTED_EDGE('',*,*,#2619,.F.);
#2639=ORIENTED_EDGE('',*,*,#2638,.F.);
#2641=ORIENTED_EDGE('',*,*,#2640,.F.);
#2642=EDGE_LOOP('',(#2636,#2637,#2639,#2641));
#2643=FACE_OUTER_BOUND('',#2642,.F.);
#2644=ADVANCED_FACE('',(#2643),#2634,.T.);
#2645=CARTESIAN_POINT('',(0.E0,0.E0,0.E0));
#2646=DIRECTION('',(0.E0,1.E0,0.E0));
#2647=DIRECTION('',(1.E0,0.E0,0.E0));
#2648=AXIS2_PLACEMENT_3D('',#2645,#2646,#2647);
#2649=PLANE('',#2648);
#2650=ORIENTED_EDGE('',*,*,#2635,.T.);
#2652=ORIENTED_EDGE('',*,*,#2651,.F.);
#2654=ORIENTED_EDGE('',*,*,#2653,.F.);
#2655=ORIENTED_EDGE('',*,*,#2621,.T.);
#2656=EDGE_LOOP('',(#2650,#2652,#2654,#2655));
#2657=FACE_OUTER_BOUND('',#2656,.F.);
#2658=ADVANCED_FACE('',(#2657),#2649,.F.);
#2659=CARTESIAN_POINT('',(6.25E-1,1.E-1,5.5E-1));
#2660=DIRECTION('',(1.E0,0.E0,0.E0));
#2661=DIRECTION('',(0.E0,-1.E0,0.E0));
#2662=AXIS2_PLACEMENT_3D('',#2659,#2660,#2661);
#2663=PLANE('',#2662);
#2664=ORIENTED_EDGE('',*,*,#2640,.T.);
#2666=ORIENTED_EDGE('',*,*,#2665,.F.);
#2668=ORIENTED_EDGE('',*,*,#2667,.T.);
#2669=ORIENTED_EDGE('',*,*,#2651,.T.);
#2670=EDGE_LOOP('',(#2664,#2666,#2668,#2669));
#2671=FACE_OUTER_BOUND('',#2670,.F.);
#2672=ADVANCED_FACE('',(#2671),#2663,.F.);
#2673=CARTESIAN_POINT('',(0.E0,1.E-1,0.E0));
#2674=DIRECTION('',(0.E0,1.E0,0.E0));
#2675=DIRECTION('',(1.E0,0.E0,0.E0));
#2676=AXIS2_PLACEMENT_3D('',#2673,#2674,#2675);
#2677=PLANE('',#2676);
#2678=ORIENTED_EDGE('',*,*,#2638,.T.);
#2679=ORIENTED_EDGE('',*,*,#2625,.F.);
#2681=ORIENTED_EDGE('',*,*,#2680,.T.);
#2682=ORIENTED_EDGE('',*,*,#2665,.T.);
#2683=EDGE_LOOP('',(#2678,#2679,#2681,#2682));
#2684=FACE_OUTER_BOUND('',#2683,.F.);
#2685=ADVANCED_FACE('',(#2684),#2677,.T.);
#2686=CARTESIAN_POINT('',(1.E0,0.E0,5.E-1));
#2687=DIRECTION('',(0.E0,0.E0,-1.E0));
#2688=DIRECTION('',(-1.E0,0.E0,0.E0));
#2689=AXIS2_PLACEMENT_3D('',#2686,#2687,#2688);
#2690=PLANE('',#2689);
#2691=ORIENTED_EDGE('',*,*,#2667,.F.);
#2692=ORIENTED_EDGE('',*,*,#2680,.F.);
#2693=ORIENTED_EDGE('',*,*,#2623,.F.);
#2694=ORIENTED_EDGE('',*,*,#2653,.T.);
#2695=EDGE_LOOP('',(#2691,#2692,#2693,#2694));
#2696=FACE_OUTER_BOUND('',#2695,.F.);
#2697=ADVANCED_FACE('',(#2696),#2690,.F.);
#2698=FILL_AREA_STYLE_COLOUR('',#20);
#2699=FILL_AREA_STYLE('',(#2698));
#2700=SURFACE_STYLE_FILL_AREA(#2699);
#2701=SURFACE_SIDE_STYLE('',(#2700));
#2702=SURFACE_STYLE_USAGE(.POSITIVE.,#2701);
#2703=PRESENTATION_STYLE_ASSIGNMENT((#2702));
#2704=OVER_RIDING_STYLED_ITEM('',(#2703),#2697,#2511);
#2705=CLOSED_SHELL('',(#2629,#2644,#2658,#2672,#2685,#2697));
#2706=MANIFOLD_SOLID_BREP('',#2705);
#2707=FILL_AREA_STYLE_COLOUR('',#22);
#2708=FILL_AREA_STYLE('',(#2707));
#2709=SURFACE_STYLE_FILL_AREA(#2708);
#2710=SURFACE_SIDE_STYLE('',(#2709));
#2711=SURFACE_STYLE_USAGE(.POSITIVE.,#2710);
#2712=PRESENTATION_STYLE_ASSIGNMENT((#2711));
#2511=STYLED_ITEM('',(#2712),#2706);
#2714=DIRECTION('',(0.E0,-1.E0,0.E0));
#2715=VECTOR('',#2714,1.E-1);
#2716=CARTESIAN_POINT('',(3.75E-1,1.E-1,2.5E-1));
#2717=LINE('',#2716,#2715);
#2718=CURVE_STYLE('',#35,POSITIVE_LENGTH_MEASURE(2.E-2),#22);
#2719=PRESENTATION_STYLE_ASSIGNMENT((#2718));
#2720=STYLED_ITEM('',(#2719),#2717);
#2721=DIRECTION('',(0.E0,0.E0,-1.E0));
#2722=VECTOR('',#2721,2.5E-1);
#2723=CARTESIAN_POINT('',(3.75E-1,0.E0,5.E-1));
#2724=LINE('',#2723,#2722);
#2725=CURVE_STYLE('',#35,POSITIVE_LENGTH_MEASURE(2.E-2),#22);
#2726=PRESENTATION_STYLE_ASSIGNMENT((#2725));
#2727=STYLED_ITEM('',(#2726),#2724);
#2728=DIRECTION('',(0.E0,1.E0,0.E0));
#2729=VECTOR('',#2728,1.E-1);
#2730=CARTESIAN_POINT('',(3.75E-1,0.E0,5.E-1));
#2731=LINE('',#2730,#2729);
#2732=CURVE_STYLE('',#35,POSITIVE_LENGTH_MEASURE(2.E-2),#22);
#2733=PRESENTATION_STYLE_ASSIGNMENT((#2732));
#2734=STYLED_ITEM('',(#2733),#2731);
#2735=CARTESIAN_POINT('',(2.5E-1,0.E0,2.5E-1));
#2736=DIRECTION('',(0.E0,1.E0,0.E0));
#2737=DIRECTION('',(1.E0,0.E0,0.E0));
#2738=AXIS2_PLACEMENT_3D('',#2735,#2736,#2737);
#2740=CURVE_STYLE('',#35,POSITIVE_LENGTH_MEASURE(2.E-2),#22);
#2741=PRESENTATION_STYLE_ASSIGNMENT((#2740));
#2742=STYLED_ITEM('',(#2741),#2739);
#2743=DIRECTION('',(0.E0,0.E0,-1.E0));
#2744=VECTOR('',#2743,2.5E-1);
#2745=CARTESIAN_POINT('',(1.25E-1,0.E0,5.E-1));
#2746=LINE('',#2745,#2744);
#2747=CURVE_STYLE('',#35,POSITIVE_LENGTH_MEASURE(2.E-2),#22);
#2748=PRESENTATION_STYLE_ASSIGNMENT((#2747));
#2749=STYLED_ITEM('',(#2748),#2746);
#2750=DIRECTION('',(-1.E0,0.E0,0.E0));
#2751=VECTOR('',#2750,2.5E-1);
#2752=CARTESIAN_POINT('',(3.75E-1,0.E0,5.E-1));
#2753=LINE('',#2752,#2751);
#2754=CURVE_STYLE('',#35,POSITIVE_LENGTH_MEASURE(2.E-2),#22);
#2755=PRESENTATION_STYLE_ASSIGNMENT((#2754));
#2756=STYLED_ITEM('',(#2755),#2753);
#2757=DIRECTION('',(0.E0,1.E0,0.E0));
#2758=VECTOR('',#2757,1.E-1);
#2759=CARTESIAN_POINT('',(1.25E-1,0.E0,2.5E-1));
#2760=LINE('',#2759,#2758);
#2761=CURVE_STYLE('',#35,POSITIVE_LENGTH_MEASURE(2.E-2),#22);
#2762=PRESENTATION_STYLE_ASSIGNMENT((#2761));
#2763=STYLED_ITEM('',(#2762),#2760);
#2764=DIRECTION('',(0.E0,0.E0,-1.E0));
#2765=VECTOR('',#2764,2.5E-1);
#2766=CARTESIAN_POINT('',(1.25E-1,1.E-1,5.E-1));
#2767=LINE('',#2766,#2765);
#2768=CURVE_STYLE('',#35,POSITIVE_LENGTH_MEASURE(2.E-2),#22);
#2769=PRESENTATION_STYLE_ASSIGNMENT((#2768));
#2770=STYLED_ITEM('',(#2769),#2767);
#2771=DIRECTION('',(0.E0,-1.E0,0.E0));
#2772=VECTOR('',#2771,1.E-1);
#2773=CARTESIAN_POINT('',(1.25E-1,1.E-1,5.E-1));
#2774=LINE('',#2773,#2772);
#2775=CURVE_STYLE('',#35,POSITIVE_LENGTH_MEASURE(2.E-2),#22);
#2776=PRESENTATION_STYLE_ASSIGNMENT((#2775));
#2777=STYLED_ITEM('',(#2776),#2774);
#2778=CARTESIAN_POINT('',(2.5E-1,1.E-1,2.5E-1));
#2779=DIRECTION('',(0.E0,-1.E0,0.E0));
#2780=DIRECTION('',(-1.E0,0.E0,0.E0));
#2781=AXIS2_PLACEMENT_3D('',#2778,#2779,#2780);
#2783=CURVE_STYLE('',#35,POSITIVE_LENGTH_MEASURE(2.E-2),#22);
#2784=PRESENTATION_STYLE_ASSIGNMENT((#2783));
#2785=STYLED_ITEM('',(#2784),#2782);
#2786=DIRECTION('',(0.E0,0.E0,-1.E0));
#2787=VECTOR('',#2786,2.5E-1);
#2788=CARTESIAN_POINT('',(3.75E-1,1.E-1,5.E-1));
#2789=LINE('',#2788,#2787);
#2790=CURVE_STYLE('',#35,POSITIVE_LENGTH_MEASURE(2.E-2),#22);
#2791=PRESENTATION_STYLE_ASSIGNMENT((#2790));
#2792=STYLED_ITEM('',(#2791),#2789);
#2793=DIRECTION('',(-1.E0,0.E0,0.E0));
#2794=VECTOR('',#2793,2.5E-1);
#2795=CARTESIAN_POINT('',(3.75E-1,1.E-1,5.E-1));
#2796=LINE('',#2795,#2794);
#2797=CURVE_STYLE('',#35,POSITIVE_LENGTH_MEASURE(2.E-2),#22);
#2798=PRESENTATION_STYLE_ASSIGNMENT((#2797));
#2799=STYLED_ITEM('',(#2798),#2796);
#2800=CARTESIAN_POINT('',(3.75E-1,0.E0,5.E-1));
#2801=CARTESIAN_POINT('',(1.25E-1,0.E0,5.E-1));
#2802=VERTEX_POINT('',#2800);
#2803=VERTEX_POINT('',#2801);
#2804=CARTESIAN_POINT('',(3.75E-1,1.E-1,5.E-1));
#2805=CARTESIAN_POINT('',(1.25E-1,1.E-1,5.E-1));
#2806=VERTEX_POINT('',#2804);
#2807=VERTEX_POINT('',#2805);
#2808=CARTESIAN_POINT('',(3.75E-1,0.E0,2.5E-1));
#2809=CARTESIAN_POINT('',(1.25E-1,0.E0,2.5E-1));
#2810=VERTEX_POINT('',#2808);
#2811=VERTEX_POINT('',#2809);
#2812=CARTESIAN_POINT('',(3.75E-1,1.E-1,2.5E-1));
#2813=VERTEX_POINT('',#2812);
#2814=CARTESIAN_POINT('',(1.25E-1,1.E-1,2.5E-1));
#2815=VERTEX_POINT('',#2814);
#2816=CARTESIAN_POINT('',(3.75E-1,0.E0,5.5E-1));
#2817=DIRECTION('',(-1.E0,0.E0,0.E0));
#2818=DIRECTION('',(0.E0,1.E0,0.E0));
#2819=AXIS2_PLACEMENT_3D('',#2816,#2817,#2818);
#2820=PLANE('',#2819);
#2822=ORIENTED_EDGE('',*,*,#2821,.T.);
#2824=ORIENTED_EDGE('',*,*,#2823,.F.);
#2826=ORIENTED_EDGE('',*,*,#2825,.T.);
#2828=ORIENTED_EDGE('',*,*,#2827,.T.);
#2829=EDGE_LOOP('',(#2822,#2824,#2826,#2828));
#2830=FACE_OUTER_BOUND('',#2829,.F.);
#2831=ADVANCED_FACE('',(#2830),#2820,.F.);
#2832=CARTESIAN_POINT('',(2.5E-1,-1.6042E-1,2.5E-1));
#2833=DIRECTION('',(0.E0,1.E0,0.E0));
#2834=DIRECTION('',(0.E0,0.E0,-1.E0));
#2835=AXIS2_PLACEMENT_3D('',#2832,#2833,#2834);
#2836=CYLINDRICAL_SURFACE('',#2835,1.25E-1);
#2838=ORIENTED_EDGE('',*,*,#2837,.F.);
#2839=ORIENTED_EDGE('',*,*,#2821,.F.);
#2841=ORIENTED_EDGE('',*,*,#2840,.F.);
#2843=ORIENTED_EDGE('',*,*,#2842,.F.);
#2844=EDGE_LOOP('',(#2838,#2839,#2841,#2843));
#2845=FACE_OUTER_BOUND('',#2844,.F.);
#2846=ADVANCED_FACE('',(#2845),#2836,.T.);
#2847=CARTESIAN_POINT('',(0.E0,0.E0,0.E0));
#2848=DIRECTION('',(0.E0,1.E0,0.E0));
#2849=DIRECTION('',(1.E0,0.E0,0.E0));
#2850=AXIS2_PLACEMENT_3D('',#2847,#2848,#2849);
#2851=PLANE('',#2850);
#2852=ORIENTED_EDGE('',*,*,#2837,.T.);
#2854=ORIENTED_EDGE('',*,*,#2853,.F.);
#2856=ORIENTED_EDGE('',*,*,#2855,.F.);
#2857=ORIENTED_EDGE('',*,*,#2823,.T.);
#2858=EDGE_LOOP('',(#2852,#2854,#2856,#2857));
#2859=FACE_OUTER_BOUND('',#2858,.F.);
#2860=ADVANCED_FACE('',(#2859),#2851,.F.);
#2861=CARTESIAN_POINT('',(1.25E-1,1.E-1,5.5E-1));
#2862=DIRECTION('',(1.E0,0.E0,0.E0));
#2863=DIRECTION('',(0.E0,-1.E0,0.E0));
#2864=AXIS2_PLACEMENT_3D('',#2861,#2862,#2863);
#2865=PLANE('',#2864);
#2866=ORIENTED_EDGE('',*,*,#2842,.T.);
#2868=ORIENTED_EDGE('',*,*,#2867,.F.);
#2870=ORIENTED_EDGE('',*,*,#2869,.T.);
#2871=ORIENTED_EDGE('',*,*,#2853,.T.);
#2872=EDGE_LOOP('',(#2866,#2868,#2870,#2871));
#2873=FACE_OUTER_BOUND('',#2872,.F.);
#2874=ADVANCED_FACE('',(#2873),#2865,.F.);
#2875=CARTESIAN_POINT('',(0.E0,1.E-1,0.E0));
#2876=DIRECTION('',(0.E0,1.E0,0.E0));
#2877=DIRECTION('',(1.E0,0.E0,0.E0));
#2878=AXIS2_PLACEMENT_3D('',#2875,#2876,#2877);
#2879=PLANE('',#2878);
#2880=ORIENTED_EDGE('',*,*,#2840,.T.);
#2881=ORIENTED_EDGE('',*,*,#2827,.F.);
#2883=ORIENTED_EDGE('',*,*,#2882,.T.);
#2884=ORIENTED_EDGE('',*,*,#2867,.T.);
#2885=EDGE_LOOP('',(#2880,#2881,#2883,#2884));
#2886=FACE_OUTER_BOUND('',#2885,.F.);
#2887=ADVANCED_FACE('',(#2886),#2879,.T.);
#2888=CARTESIAN_POINT('',(1.E0,0.E0,5.E-1));
#2889=DIRECTION('',(0.E0,0.E0,-1.E0));
#2890=DIRECTION('',(-1.E0,0.E0,0.E0));
#2891=AXIS2_PLACEMENT_3D('',#2888,#2889,#2890);
#2892=PLANE('',#2891);
#2893=ORIENTED_EDGE('',*,*,#2869,.F.);
#2894=ORIENTED_EDGE('',*,*,#2882,.F.);
#2895=ORIENTED_EDGE('',*,*,#2825,.F.);
#2896=ORIENTED_EDGE('',*,*,#2855,.T.);
#2897=EDGE_LOOP('',(#2893,#2894,#2895,#2896));
#2898=FACE_OUTER_BOUND('',#2897,.F.);
#2899=ADVANCED_FACE('',(#2898),#2892,.F.);
#2900=FILL_AREA_STYLE_COLOUR('',#20);
#2901=FILL_AREA_STYLE('',(#2900));
#2902=SURFACE_STYLE_FILL_AREA(#2901);
#2903=SURFACE_SIDE_STYLE('',(#2902));
#2904=SURFACE_STYLE_USAGE(.POSITIVE.,#2903);
#2905=PRESENTATION_STYLE_ASSIGNMENT((#2904));
#2906=OVER_RIDING_STYLED_ITEM('',(#2905),#2899,#2713);
#2907=CLOSED_SHELL('',(#2831,#2846,#2860,#2874,#2887,#2899));
#2908=MANIFOLD_SOLID_BREP('',#2907);
#2909=FILL_AREA_STYLE_COLOUR('',#22);
#2910=FILL_AREA_STYLE('',(#2909));
#2911=SURFACE_STYLE_FILL_AREA(#2910);
#2912=SURFACE_SIDE_STYLE('',(#2911));
#2913=SURFACE_STYLE_USAGE(.POSITIVE.,#2912);
#2914=PRESENTATION_STYLE_ASSIGNMENT((#2913));
#2713=STYLED_ITEM('',(#2914),#2908);
#2916=DIRECTION('',(0.E0,-1.E0,0.E0));
#2917=VECTOR('',#2916,1.E-1);
#2918=CARTESIAN_POINT('',(-1.25E-1,1.E-1,2.5E-1));
#2919=LINE('',#2918,#2917);
#2920=CURVE_STYLE('',#35,POSITIVE_LENGTH_MEASURE(2.E-2),#22);
#2921=PRESENTATION_STYLE_ASSIGNMENT((#2920));
#2922=STYLED_ITEM('',(#2921),#2919);
#2923=DIRECTION('',(0.E0,0.E0,-1.E0));
#2924=VECTOR('',#2923,2.5E-1);
#2925=CARTESIAN_POINT('',(-1.25E-1,0.E0,5.E-1));
#2926=LINE('',#2925,#2924);
#2927=CURVE_STYLE('',#35,POSITIVE_LENGTH_MEASURE(2.E-2),#22);
#2928=PRESENTATION_STYLE_ASSIGNMENT((#2927));
#2929=STYLED_ITEM('',(#2928),#2926);
#2930=DIRECTION('',(0.E0,1.E0,0.E0));
#2931=VECTOR('',#2930,1.E-1);
#2932=CARTESIAN_POINT('',(-1.25E-1,0.E0,5.E-1));
#2933=LINE('',#2932,#2931);
#2934=CURVE_STYLE('',#35,POSITIVE_LENGTH_MEASURE(2.E-2),#22);
#2935=PRESENTATION_STYLE_ASSIGNMENT((#2934));
#2936=STYLED_ITEM('',(#2935),#2933);
#2937=CARTESIAN_POINT('',(-2.5E-1,0.E0,2.5E-1));
#2938=DIRECTION('',(0.E0,1.E0,0.E0));
#2939=DIRECTION('',(1.E0,0.E0,0.E0));
#2940=AXIS2_PLACEMENT_3D('',#2937,#2938,#2939);
#2942=CURVE_STYLE('',#35,POSITIVE_LENGTH_MEASURE(2.E-2),#22);
#2943=PRESENTATION_STYLE_ASSIGNMENT((#2942));
#2944=STYLED_ITEM('',(#2943),#2941);
#2945=DIRECTION('',(0.E0,0.E0,-1.E0));
#2946=VECTOR('',#2945,2.5E-1);
#2947=CARTESIAN_POINT('',(-3.75E-1,0.E0,5.E-1));
#2948=LINE('',#2947,#2946);
#2949=CURVE_STYLE('',#35,POSITIVE_LENGTH_MEASURE(2.E-2),#22);
#2950=PRESENTATION_STYLE_ASSIGNMENT((#2949));
#2951=STYLED_ITEM('',(#2950),#2948);
#2952=DIRECTION('',(-1.E0,0.E0,0.E0));
#2953=VECTOR('',#2952,2.5E-1);
#2954=CARTESIAN_POINT('',(-1.25E-1,0.E0,5.E-1));
#2955=LINE('',#2954,#2953);
#2956=CURVE_STYLE('',#35,POSITIVE_LENGTH_MEASURE(2.E-2),#22);
#2957=PRESENTATION_STYLE_ASSIGNMENT((#2956));
#2958=STYLED_ITEM('',(#2957),#2955);
#2959=DIRECTION('',(0.E0,1.E0,0.E0));
#2960=VECTOR('',#2959,1.E-1);
#2961=CARTESIAN_POINT('',(-3.75E-1,0.E0,2.5E-1));
#2962=LINE('',#2961,#2960);
#2963=CURVE_STYLE('',#35,POSITIVE_LENGTH_MEASURE(2.E-2),#22);
#2964=PRESENTATION_STYLE_ASSIGNMENT((#2963));
#2965=STYLED_ITEM('',(#2964),#2962);
#2966=DIRECTION('',(0.E0,0.E0,-1.E0));
#2967=VECTOR('',#2966,2.5E-1);
#2968=CARTESIAN_POINT('',(-3.75E-1,1.E-1,5.E-1));
#2969=LINE('',#2968,#2967);
#2970=CURVE_STYLE('',#35,POSITIVE_LENGTH_MEASURE(2.E-2),#22);
#2971=PRESENTATION_STYLE_ASSIGNMENT((#2970));
#2972=STYLED_ITEM('',(#2971),#2969);
#2973=DIRECTION('',(0.E0,-1.E0,0.E0));
#2974=VECTOR('',#2973,1.E-1);
#2975=CARTESIAN_POINT('',(-3.75E-1,1.E-1,5.E-1));
#2976=LINE('',#2975,#2974);
#2977=CURVE_STYLE('',#35,POSITIVE_LENGTH_MEASURE(2.E-2),#22);
#2978=PRESENTATION_STYLE_ASSIGNMENT((#2977));
#2979=STYLED_ITEM('',(#2978),#2976);
#2980=CARTESIAN_POINT('',(-2.5E-1,1.E-1,2.5E-1));
#2981=DIRECTION('',(0.E0,-1.E0,0.E0));
#2982=DIRECTION('',(-1.E0,0.E0,0.E0));
#2983=AXIS2_PLACEMENT_3D('',#2980,#2981,#2982);
#2985=CURVE_STYLE('',#35,POSITIVE_LENGTH_MEASURE(2.E-2),#22);
#2986=PRESENTATION_STYLE_ASSIGNMENT((#2985));
#2987=STYLED_ITEM('',(#2986),#2984);
#2988=DIRECTION('',(0.E0,0.E0,-1.E0));
#2989=VECTOR('',#2988,2.5E-1);
#2990=CARTESIAN_POINT('',(-1.25E-1,1.E-1,5.E-1));
#2991=LINE('',#2990,#2989);
#2992=CURVE_STYLE('',#35,POSITIVE_LENGTH_MEASURE(2.E-2),#22);
#2993=PRESENTATION_STYLE_ASSIGNMENT((#2992));
#2994=STYLED_ITEM('',(#2993),#2991);
#2995=DIRECTION('',(-1.E0,0.E0,0.E0));
#2996=VECTOR('',#2995,2.5E-1);
#2997=CARTESIAN_POINT('',(-1.25E-1,1.E-1,5.E-1));
#2998=LINE('',#2997,#2996);
#2999=CURVE_STYLE('',#35,POSITIVE_LENGTH_MEASURE(2.E-2),#22);
#3000=PRESENTATION_STYLE_ASSIGNMENT((#2999));
#3001=STYLED_ITEM('',(#3000),#2998);
#3002=CARTESIAN_POINT('',(-1.25E-1,0.E0,5.E-1));
#3003=CARTESIAN_POINT('',(-3.75E-1,0.E0,5.E-1));
#3004=VERTEX_POINT('',#3002);
#3005=VERTEX_POINT('',#3003);
#3006=CARTESIAN_POINT('',(-1.25E-1,1.E-1,5.E-1));
#3007=VERTEX_POINT('',#3006);
#3008=CARTESIAN_POINT('',(-3.75E-1,1.E-1,5.E-1));
#3009=VERTEX_POINT('',#3008);
#3010=CARTESIAN_POINT('',(-1.25E-1,0.E0,2.5E-1));
#3011=CARTESIAN_POINT('',(-3.75E-1,0.E0,2.5E-1));
#3012=VERTEX_POINT('',#3010);
#3013=VERTEX_POINT('',#3011);
#3014=CARTESIAN_POINT('',(-1.25E-1,1.E-1,2.5E-1));
#3015=VERTEX_POINT('',#3014);
#3016=CARTESIAN_POINT('',(-3.75E-1,1.E-1,2.5E-1));
#3017=VERTEX_POINT('',#3016);
#3018=CARTESIAN_POINT('',(-1.25E-1,0.E0,5.5E-1));
#3019=DIRECTION('',(-1.E0,0.E0,0.E0));
#3020=DIRECTION('',(0.E0,1.E0,0.E0));
#3021=AXIS2_PLACEMENT_3D('',#3018,#3019,#3020);
#3022=PLANE('',#3021);
#3024=ORIENTED_EDGE('',*,*,#3023,.T.);
#3026=ORIENTED_EDGE('',*,*,#3025,.F.);
#3028=ORIENTED_EDGE('',*,*,#3027,.T.);
#3030=ORIENTED_EDGE('',*,*,#3029,.T.);
#3031=EDGE_LOOP('',(#3024,#3026,#3028,#3030));
#3032=FACE_OUTER_BOUND('',#3031,.F.);
#3033=ADVANCED_FACE('',(#3032),#3022,.F.);
#3034=CARTESIAN_POINT('',(-2.5E-1,-1.6042E-1,2.5E-1));
#3035=DIRECTION('',(0.E0,1.E0,0.E0));
#3036=DIRECTION('',(0.E0,0.E0,-1.E0));
#3037=AXIS2_PLACEMENT_3D('',#3034,#3035,#3036);
#3038=CYLINDRICAL_SURFACE('',#3037,1.25E-1);
#3040=ORIENTED_EDGE('',*,*,#3039,.F.);
#3041=ORIENTED_EDGE('',*,*,#3023,.F.);
#3043=ORIENTED_EDGE('',*,*,#3042,.F.);
#3045=ORIENTED_EDGE('',*,*,#3044,.F.);
#3046=EDGE_LOOP('',(#3040,#3041,#3043,#3045));
#3047=FACE_OUTER_BOUND('',#3046,.F.);
#3048=ADVANCED_FACE('',(#3047),#3038,.T.);
#3049=CARTESIAN_POINT('',(0.E0,0.E0,0.E0));
#3050=DIRECTION('',(0.E0,1.E0,0.E0));
#3051=DIRECTION('',(1.E0,0.E0,0.E0));
#3052=AXIS2_PLACEMENT_3D('',#3049,#3050,#3051);
#3053=PLANE('',#3052);
#3054=ORIENTED_EDGE('',*,*,#3039,.T.);
#3056=ORIENTED_EDGE('',*,*,#3055,.F.);
#3058=ORIENTED_EDGE('',*,*,#3057,.F.);
#3059=ORIENTED_EDGE('',*,*,#3025,.T.);
#3060=EDGE_LOOP('',(#3054,#3056,#3058,#3059));
#3061=FACE_OUTER_BOUND('',#3060,.F.);
#3062=ADVANCED_FACE('',(#3061),#3053,.F.);
#3063=CARTESIAN_POINT('',(-3.75E-1,1.E-1,5.5E-1));
#3064=DIRECTION('',(1.E0,0.E0,0.E0));
#3065=DIRECTION('',(0.E0,-1.E0,0.E0));
#3066=AXIS2_PLACEMENT_3D('',#3063,#3064,#3065);
#3067=PLANE('',#3066);
#3068=ORIENTED_EDGE('',*,*,#3044,.T.);
#3070=ORIENTED_EDGE('',*,*,#3069,.F.);
#3072=ORIENTED_EDGE('',*,*,#3071,.T.);
#3073=ORIENTED_EDGE('',*,*,#3055,.T.);
#3074=EDGE_LOOP('',(#3068,#3070,#3072,#3073));
#3075=FACE_OUTER_BOUND('',#3074,.F.);
#3076=ADVANCED_FACE('',(#3075),#3067,.F.);
#3077=CARTESIAN_POINT('',(0.E0,1.E-1,0.E0));
#3078=DIRECTION('',(0.E0,1.E0,0.E0));
#3079=DIRECTION('',(1.E0,0.E0,0.E0));
#3080=AXIS2_PLACEMENT_3D('',#3077,#3078,#3079);
#3081=PLANE('',#3080);
#3082=ORIENTED_EDGE('',*,*,#3042,.T.);
#3083=ORIENTED_EDGE('',*,*,#3029,.F.);
#3085=ORIENTED_EDGE('',*,*,#3084,.T.);
#3086=ORIENTED_EDGE('',*,*,#3069,.T.);
#3087=EDGE_LOOP('',(#3082,#3083,#3085,#3086));
#3088=FACE_OUTER_BOUND('',#3087,.F.);
#3089=ADVANCED_FACE('',(#3088),#3081,.T.);
#3090=CARTESIAN_POINT('',(1.E0,0.E0,5.E-1));
#3091=DIRECTION('',(0.E0,0.E0,-1.E0));
#3092=DIRECTION('',(-1.E0,0.E0,0.E0));
#3093=AXIS2_PLACEMENT_3D('',#3090,#3091,#3092);
#3094=PLANE('',#3093);
#3095=ORIENTED_EDGE('',*,*,#3071,.F.);
#3096=ORIENTED_EDGE('',*,*,#3084,.F.);
#3097=ORIENTED_EDGE('',*,*,#3027,.F.);
#3098=ORIENTED_EDGE('',*,*,#3057,.T.);
#3099=EDGE_LOOP('',(#3095,#3096,#3097,#3098));
#3100=FACE_OUTER_BOUND('',#3099,.F.);
#3101=ADVANCED_FACE('',(#3100),#3094,.F.);
#3102=FILL_AREA_STYLE_COLOUR('',#20);
#3103=FILL_AREA_STYLE('',(#3102));
#3104=SURFACE_STYLE_FILL_AREA(#3103);
#3105=SURFACE_SIDE_STYLE('',(#3104));
#3106=SURFACE_STYLE_USAGE(.POSITIVE.,#3105);
#3107=PRESENTATION_STYLE_ASSIGNMENT((#3106));
#3108=OVER_RIDING_STYLED_ITEM('',(#3107),#3101,#2915);
#3109=CLOSED_SHELL('',(#3033,#3048,#3062,#3076,#3089,#3101));
#3110=MANIFOLD_SOLID_BREP('',#3109);
#3111=FILL_AREA_STYLE_COLOUR('',#22);
#3112=FILL_AREA_STYLE('',(#3111));
#3113=SURFACE_STYLE_FILL_AREA(#3112);
#3114=SURFACE_SIDE_STYLE('',(#3113));
#3115=SURFACE_STYLE_USAGE(.POSITIVE.,#3114);
#3116=PRESENTATION_STYLE_ASSIGNMENT((#3115));
#2915=STYLED_ITEM('',(#3116),#3110);
#3118=DIRECTION('',(0.E0,-1.E0,0.E0));
#3119=VECTOR('',#3118,1.E-1);
#3120=CARTESIAN_POINT('',(-6.25E-1,1.E-1,2.5E-1));
#3121=LINE('',#3120,#3119);
#3122=CURVE_STYLE('',#35,POSITIVE_LENGTH_MEASURE(2.E-2),#22);
#3123=PRESENTATION_STYLE_ASSIGNMENT((#3122));
#3124=STYLED_ITEM('',(#3123),#3121);
#3125=DIRECTION('',(0.E0,0.E0,-1.E0));
#3126=VECTOR('',#3125,2.5E-1);
#3127=CARTESIAN_POINT('',(-6.25E-1,0.E0,5.E-1));
#3128=LINE('',#3127,#3126);
#3129=CURVE_STYLE('',#35,POSITIVE_LENGTH_MEASURE(2.E-2),#22);
#3130=PRESENTATION_STYLE_ASSIGNMENT((#3129));
#3131=STYLED_ITEM('',(#3130),#3128);
#3132=DIRECTION('',(0.E0,1.E0,0.E0));
#3133=VECTOR('',#3132,1.E-1);
#3134=CARTESIAN_POINT('',(-6.25E-1,0.E0,5.E-1));
#3135=LINE('',#3134,#3133);
#3136=CURVE_STYLE('',#35,POSITIVE_LENGTH_MEASURE(2.E-2),#22);
#3137=PRESENTATION_STYLE_ASSIGNMENT((#3136));
#3138=STYLED_ITEM('',(#3137),#3135);
#3139=CARTESIAN_POINT('',(-7.5E-1,1.E-1,2.5E-1));
#3140=DIRECTION('',(0.E0,-1.E0,0.E0));
#3141=DIRECTION('',(-1.E0,0.E0,0.E0));
#3142=AXIS2_PLACEMENT_3D('',#3139,#3140,#3141);
#3144=CURVE_STYLE('',#35,POSITIVE_LENGTH_MEASURE(2.E-2),#22);
#3145=PRESENTATION_STYLE_ASSIGNMENT((#3144));
#3146=STYLED_ITEM('',(#3145),#3143);
#3147=DIRECTION('',(0.E0,0.E0,-1.E0));
#3148=VECTOR('',#3147,2.5E-1);
#3149=CARTESIAN_POINT('',(-6.25E-1,1.E-1,5.E-1));
#3150=LINE('',#3149,#3148);
#3151=CURVE_STYLE('',#35,POSITIVE_LENGTH_MEASURE(2.E-2),#22);
#3152=PRESENTATION_STYLE_ASSIGNMENT((#3151));
#3153=STYLED_ITEM('',(#3152),#3150);
#3154=DIRECTION('',(-1.E0,0.E0,0.E0));
#3155=VECTOR('',#3154,2.5E-1);
#3156=CARTESIAN_POINT('',(-6.25E-1,1.E-1,5.E-1));
#3157=LINE('',#3156,#3155);
#3158=CURVE_STYLE('',#35,POSITIVE_LENGTH_MEASURE(2.E-2),#22);
#3159=PRESENTATION_STYLE_ASSIGNMENT((#3158));
#3160=STYLED_ITEM('',(#3159),#3157);
#3161=DIRECTION('',(0.E0,1.E0,0.E0));
#3162=VECTOR('',#3161,1.E-1);
#3163=CARTESIAN_POINT('',(-8.75E-1,0.E0,2.5E-1));
#3164=LINE('',#3163,#3162);
#3165=CURVE_STYLE('',#35,POSITIVE_LENGTH_MEASURE(2.E-2),#22);
#3166=PRESENTATION_STYLE_ASSIGNMENT((#3165));
#3167=STYLED_ITEM('',(#3166),#3164);
#3168=DIRECTION('',(0.E0,0.E0,-1.E0));
#3169=VECTOR('',#3168,2.5E-1);
#3170=CARTESIAN_POINT('',(-8.75E-1,1.E-1,5.E-1));
#3171=LINE('',#3170,#3169);
#3172=CURVE_STYLE('',#35,POSITIVE_LENGTH_MEASURE(2.E-2),#22);
#3173=PRESENTATION_STYLE_ASSIGNMENT((#3172));
#3174=STYLED_ITEM('',(#3173),#3171);
#3175=DIRECTION('',(0.E0,-1.E0,0.E0));
#3176=VECTOR('',#3175,1.E-1);
#3177=CARTESIAN_POINT('',(-8.75E-1,1.E-1,5.E-1));
#3178=LINE('',#3177,#3176);
#3179=CURVE_STYLE('',#35,POSITIVE_LENGTH_MEASURE(2.E-2),#22);
#3180=PRESENTATION_STYLE_ASSIGNMENT((#3179));
#3181=STYLED_ITEM('',(#3180),#3178);
#3182=CARTESIAN_POINT('',(-7.5E-1,0.E0,2.5E-1));
#3183=DIRECTION('',(0.E0,1.E0,0.E0));
#3184=DIRECTION('',(1.E0,0.E0,0.E0));
#3185=AXIS2_PLACEMENT_3D('',#3182,#3183,#3184);
#3187=CURVE_STYLE('',#35,POSITIVE_LENGTH_MEASURE(2.E-2),#22);
#3188=PRESENTATION_STYLE_ASSIGNMENT((#3187));
#3189=STYLED_ITEM('',(#3188),#3186);
#3190=DIRECTION('',(0.E0,0.E0,-1.E0));
#3191=VECTOR('',#3190,2.5E-1);
#3192=CARTESIAN_POINT('',(-8.75E-1,0.E0,5.E-1));
#3193=LINE('',#3192,#3191);
#3194=CURVE_STYLE('',#35,POSITIVE_LENGTH_MEASURE(2.E-2),#22);
#3195=PRESENTATION_STYLE_ASSIGNMENT((#3194));
#3196=STYLED_ITEM('',(#3195),#3193);
#3197=DIRECTION('',(-1.E0,0.E0,0.E0));
#3198=VECTOR('',#3197,2.5E-1);
#3199=CARTESIAN_POINT('',(-6.25E-1,0.E0,5.E-1));
#3200=LINE('',#3199,#3198);
#3201=CURVE_STYLE('',#35,POSITIVE_LENGTH_MEASURE(2.E-2),#22);
#3202=PRESENTATION_STYLE_ASSIGNMENT((#3201));
#3203=STYLED_ITEM('',(#3202),#3200);
#3204=CARTESIAN_POINT('',(-6.25E-1,0.E0,5.E-1));
#3205=CARTESIAN_POINT('',(-8.75E-1,0.E0,5.E-1));
#3206=VERTEX_POINT('',#3204);
#3207=VERTEX_POINT('',#3205);
#3208=CARTESIAN_POINT('',(-6.25E-1,1.E-1,5.E-1));
#3209=CARTESIAN_POINT('',(-8.75E-1,1.E-1,5.E-1));
#3210=VERTEX_POINT('',#3208);
#3211=VERTEX_POINT('',#3209);
#3212=CARTESIAN_POINT('',(-8.75E-1,1.E-1,2.5E-1));
#3213=CARTESIAN_POINT('',(-6.25E-1,1.E-1,2.5E-1));
#3214=VERTEX_POINT('',#3212);
#3215=VERTEX_POINT('',#3213);
#3216=CARTESIAN_POINT('',(-8.75E-1,0.E0,2.5E-1));
#3217=VERTEX_POINT('',#3216);
#3218=CARTESIAN_POINT('',(-6.25E-1,0.E0,2.5E-1));
#3219=VERTEX_POINT('',#3218);
#3220=CARTESIAN_POINT('',(-6.25E-1,0.E0,5.5E-1));
#3221=DIRECTION('',(-1.E0,0.E0,0.E0));
#3222=DIRECTION('',(0.E0,1.E0,0.E0));
#3223=AXIS2_PLACEMENT_3D('',#3220,#3221,#3222);
#3224=PLANE('',#3223);
#3226=ORIENTED_EDGE('',*,*,#3225,.T.);
#3228=ORIENTED_EDGE('',*,*,#3227,.F.);
#3230=ORIENTED_EDGE('',*,*,#3229,.T.);
#3232=ORIENTED_EDGE('',*,*,#3231,.T.);
#3233=EDGE_LOOP('',(#3226,#3228,#3230,#3232));
#3234=FACE_OUTER_BOUND('',#3233,.F.);
#3235=ADVANCED_FACE('',(#3234),#3224,.F.);
#3236=CARTESIAN_POINT('',(-7.5E-1,2.6042E-1,2.5E-1));
#3237=DIRECTION('',(0.E0,-1.E0,0.E0));
#3238=DIRECTION('',(0.E0,0.E0,-1.E0));
#3239=AXIS2_PLACEMENT_3D('',#3236,#3237,#3238);
#3240=CYLINDRICAL_SURFACE('',#3239,1.25E-1);
#3242=ORIENTED_EDGE('',*,*,#3241,.F.);
#3244=ORIENTED_EDGE('',*,*,#3243,.F.);
#3246=ORIENTED_EDGE('',*,*,#3245,.F.);
#3247=ORIENTED_EDGE('',*,*,#3225,.F.);
#3248=EDGE_LOOP('',(#3242,#3244,#3246,#3247));
#3249=FACE_OUTER_BOUND('',#3248,.F.);
#3250=ADVANCED_FACE('',(#3249),#3240,.T.);
#3251=CARTESIAN_POINT('',(0.E0,1.E-1,0.E0));
#3252=DIRECTION('',(0.E0,1.E0,0.E0));
#3253=DIRECTION('',(1.E0,0.E0,0.E0));
#3254=AXIS2_PLACEMENT_3D('',#3251,#3252,#3253);
#3255=PLANE('',#3254);
#3256=ORIENTED_EDGE('',*,*,#3241,.T.);
#3257=ORIENTED_EDGE('',*,*,#3231,.F.);
#3259=ORIENTED_EDGE('',*,*,#3258,.T.);
#3261=ORIENTED_EDGE('',*,*,#3260,.T.);
#3262=EDGE_LOOP('',(#3256,#3257,#3259,#3261));
#3263=FACE_OUTER_BOUND('',#3262,.F.);
#3264=ADVANCED_FACE('',(#3263),#3255,.T.);
#3265=CARTESIAN_POINT('',(1.E0,0.E0,5.E-1));
#3266=DIRECTION('',(0.E0,0.E0,-1.E0));
#3267=DIRECTION('',(-1.E0,0.E0,0.E0));
#3268=AXIS2_PLACEMENT_3D('',#3265,#3266,#3267);
#3269=PLANE('',#3268);
#3271=ORIENTED_EDGE('',*,*,#3270,.F.);
#3272=ORIENTED_EDGE('',*,*,#3258,.F.);
#3273=ORIENTED_EDGE('',*,*,#3229,.F.);
#3275=ORIENTED_EDGE('',*,*,#3274,.T.);
#3276=EDGE_LOOP('',(#3271,#3272,#3273,#3275));
#3277=FACE_OUTER_BOUND('',#3276,.F.);
#3278=ADVANCED_FACE('',(#3277),#3269,.F.);
#3279=FILL_AREA_STYLE_COLOUR('',#20);
#3280=FILL_AREA_STYLE('',(#3279));
#3281=SURFACE_STYLE_FILL_AREA(#3280);
#3282=SURFACE_SIDE_STYLE('',(#3281));
#3283=SURFACE_STYLE_USAGE(.POSITIVE.,#3282);
#3284=PRESENTATION_STYLE_ASSIGNMENT((#3283));
#3285=OVER_RIDING_STYLED_ITEM('',(#3284),#3278,#3117);
#3286=CARTESIAN_POINT('',(-8.75E-1,1.E-1,5.5E-1));
#3287=DIRECTION('',(1.E0,0.E0,0.E0));
#3288=DIRECTION('',(0.E0,-1.E0,0.E0));
#3289=AXIS2_PLACEMENT_3D('',#3286,#3287,#3288);
#3290=PLANE('',#3289);
#3291=ORIENTED_EDGE('',*,*,#3243,.T.);
#3292=ORIENTED_EDGE('',*,*,#3260,.F.);
#3293=ORIENTED_EDGE('',*,*,#3270,.T.);
#3295=ORIENTED_EDGE('',*,*,#3294,.T.);
#3296=EDGE_LOOP('',(#3291,#3292,#3293,#3295));
#3297=FACE_OUTER_BOUND('',#3296,.F.);
#3298=ADVANCED_FACE('',(#3297),#3290,.F.);
#3299=CARTESIAN_POINT('',(0.E0,0.E0,0.E0));
#3300=DIRECTION('',(0.E0,1.E0,0.E0));
#3301=DIRECTION('',(1.E0,0.E0,0.E0));
#3302=AXIS2_PLACEMENT_3D('',#3299,#3300,#3301);
#3303=PLANE('',#3302);
#3304=ORIENTED_EDGE('',*,*,#3245,.T.);
#3305=ORIENTED_EDGE('',*,*,#3294,.F.);
#3306=ORIENTED_EDGE('',*,*,#3274,.F.);
#3307=ORIENTED_EDGE('',*,*,#3227,.T.);
#3308=EDGE_LOOP('',(#3304,#3305,#3306,#3307));
#3309=FACE_OUTER_BOUND('',#3308,.F.);
#3310=ADVANCED_FACE('',(#3309),#3303,.F.);
#3311=CLOSED_SHELL('',(#3235,#3250,#3264,#3278,#3298,#3310));
#3312=MANIFOLD_SOLID_BREP('',#3311);
#3313=FILL_AREA_STYLE_COLOUR('',#22);
#3314=FILL_AREA_STYLE('',(#3313));
#3315=SURFACE_STYLE_FILL_AREA(#3314);
#3316=SURFACE_SIDE_STYLE('',(#3315));
#3317=SURFACE_STYLE_USAGE(.POSITIVE.,#3316);
#3318=PRESENTATION_STYLE_ASSIGNMENT((#3317));
#3117=STYLED_ITEM('',(#3318),#3312);
#3320=DIMENSIONAL_EXPONENTS(0.E0,0.E0,0.E0,0.E0,0.E0,0.E0,0.E0);
#3322=PLANE_ANGLE_MEASURE_WITH_UNIT(PLANE_ANGLE_MEASURE(1.745329251994E-2),
#3321);
#3323=(CONVERSION_BASED_UNIT('DEGREE',#3322)NAMED_UNIT(*)PLANE_ANGLE_UNIT());
#3325=UNCERTAINTY_MEASURE_WITH_UNIT(LENGTH_MEASURE(2.575746340503E-4),#3319,
'closure',
'Maximum model space distance between geometric entities at asserted connectivities');
#3326=(GEOMETRIC_REPRESENTATION_CONTEXT(3)GLOBAL_UNCERTAINTY_ASSIGNED_CONTEXT((
#3325))GLOBAL_UNIT_ASSIGNED_CONTEXT((#3319,#3323,#3324))REPRESENTATION_CONTEXT(
'ID2','3'));
#3327=CARTESIAN_POINT('',(0.E0,0.E0,0.E0));
#3328=DIRECTION('',(0.E0,0.E0,1.E0));
#3329=DIRECTION('',(1.E0,0.E0,0.E0));
#3332=MECHANICAL_CONTEXT('',#1637,'mechanical');
#3333=PRODUCT('FRAME-RZE0008A','FRAME-RZE0008A','NOT SPECIFIED',(#3332));
#3334=PRODUCT_DEFINITION_FORMATION_WITH_SPECIFIED_SOURCE('4','LAST_VERSION',
#3333,.MADE.);
#3340=CARTESIAN_POINT('',(0.E0,0.E0,0.E0));
#3341=DIRECTION('',(1.E0,0.E0,0.E0));
#3342=DIRECTION('',(0.E0,1.E0,0.E0));
#3343=AXIS2_PLACEMENT_3D('',#3340,#3341,#3342);
#3344=ITEM_DEFINED_TRANSFORMATION('','',#3330,#3343);
#3345=(REPRESENTATION_RELATIONSHIP('','',#3331,#1648)REPRESENTATION_RELATIONSHIP_WITH_TRANSFORMATION(#3344)SHAPE_REPRESENTATION_RELATIONSHIP());
#3346=CONTEXT_DEPENDENT_SHAPE_REPRESENTATION(#3345,#3339);
#3348=DIMENSIONAL_EXPONENTS(0.E0,0.E0,0.E0,0.E0,0.E0,0.E0,0.E0);
#3350=PLANE_ANGLE_MEASURE_WITH_UNIT(PLANE_ANGLE_MEASURE(1.745329251994E-2),
#3349);
#3351=(CONVERSION_BASED_UNIT('DEGREE',#3350)NAMED_UNIT(*)PLANE_ANGLE_UNIT());
#3353=UNCERTAINTY_MEASURE_WITH_UNIT(LENGTH_MEASURE(2.374773422671E-4),#3347,
'closure',
'Maximum model space distance between geometric entities at asserted connectivities');
#3354=(GEOMETRIC_REPRESENTATION_CONTEXT(3)GLOBAL_UNCERTAINTY_ASSIGNED_CONTEXT((
#3353))GLOBAL_UNIT_ASSIGNED_CONTEXT((#3347,#3351,#3352))REPRESENTATION_CONTEXT(
'ID3','3'));
#3355=CARTESIAN_POINT('',(0.E0,0.E0,0.E0));
#3356=DIRECTION('',(0.E0,0.E0,1.E0));
#3357=DIRECTION('',(1.E0,0.E0,0.E0));
#3359=MECHANICAL_DESIGN_GEOMETRIC_PRESENTATION_REPRESENTATION('',(#38,#45,#53,
#60,#67,#74,#82,#89,#96,#103,#111,#118,#125,#132,#140,#147,#154,#161,#168,#175,
#182,#189,#196,#203,#210,#218,#225,#232,#239,#247,#254,#261,#268,#276,#283,#290,
#297,#304,#311,#318,#325,#332,#339,#346,#353,#360,#367,#374,#381,#388,#395,#403,
#410,#418,#426,#433,#441,#448,#455,#463,#470,#478,#486,#493,#500,#507,#514,#521,
#528,#535,#542,#549,#556,#563,#570,#577,#584,#591,#598,#605,#612,#619,#626,#633,
#640,#647,#654,#661,#668,#675,#682,#689,#696,#703,#710,#717,#724,#731,#738,#745,
#752,#759,#766,#773,#780,#787,#794,#801,#808,#815,#822,#30,#1665,#1672,#1679,
#1686,#1693,#1700,#1707,#1714,#1721,#1728,#1735,#1742,#1749,#1756,#1763,#1884,
#1658,#1912,#1919,#1926,#1934,#1941,#1948,#1956,#1963,#1970,#1977,#1984,#1991,
#2073,#1905,#2114,#2121,#2128,#2136,#2143,#2150,#2157,#2164,#2171,#2179,#2186,
#2193,#2300,#2107,#2316,#2323,#2330,#2338,#2345,#2352,#2359,#2366,#2373,#2381,
#2388,#2395,#2502,#2309,#2518,#2525,#2532,#2540,#2547,#2554,#2561,#2568,#2575,
#2583,#2590,#2597,#2704,#2511,#2720,#2727,#2734,#2742,#2749,#2756,#2763,#2770,
#2777,#2785,#2792,#2799,#2906,#2713,#2922,#2929,#2936,#2944,#2951,#2958,#2965,
#2972,#2979,#2987,#2994,#3001,#3108,#2915,#3124,#3131,#3138,#3146,#3153,#3160,
#3167,#3174,#3181,#3189,#3196,#3203,#3285,#3117),#3354);
#3360=DESIGN_CONTEXT('',#1637,'design');
#3361=MECHANICAL_CONTEXT('',#1637,'mechanical');
#3362=PRODUCT('RZE0008A_ASM','RZE0008A_ASM','NOT SPECIFIED',(#3361));
#3363=PRODUCT_DEFINITION_FORMATION_WITH_SPECIFIED_SOURCE('6','LAST_VERSION',
#3362,.MADE.);
#3365=PRODUCT_CATEGORY('part','');
#3366=PRODUCT_RELATED_PRODUCT_CATEGORY('assembly','',(#3362));
#3367=PRODUCT_CATEGORY_RELATIONSHIP('','',#3365,#3366);
#3368=PRODUCT_CATEGORY('part','');
#3369=PRODUCT_RELATED_PRODUCT_CATEGORY('detail','',(#1641,#3333));
#3370=PRODUCT_CATEGORY_RELATIONSHIP('','',#3368,#3369);
#3371=SECURITY_CLASSIFICATION_LEVEL('unclassified');
#3372=SECURITY_CLASSIFICATION('','',#3371);
#3373=CC_DESIGN_SECURITY_CLASSIFICATION(#3372,(#1642,#3334,#3363,#1649,#3338));
#3374=APPROVAL_STATUS('approved');
#3375=APPROVAL(#3374,'');
#3376=CC_DESIGN_APPROVAL(#3375,(#3372,#1642,#3334,#3363,#1643,#3335,#3364));
#3377=CALENDAR_DATE(122,3,1);
#3378=COORDINATED_UNIVERSAL_TIME_OFFSET(8,0,.BEHIND.);
#3379=LOCAL_TIME(10,28,2.2E1,#3378);
#3380=DATE_AND_TIME(#3377,#3379);
#3381=APPROVAL_DATE_TIME(#3380,#3375);
#3382=DATE_TIME_ROLE('creation_date');
#3383=CC_DESIGN_DATE_AND_TIME_ASSIGNMENT(#3380,#3382,(#1643,#3335,#3364));
#3384=DATE_TIME_ROLE('classification_date');
#3385=CC_DESIGN_DATE_AND_TIME_ASSIGNMENT(#3380,#3384,(#3372));
#3386=PERSON('UNSPECIFIED','UNSPECIFIED',$,$,$,$);
#3387=ORGANIZATION('UNSPECIFIED','UNSPECIFIED','UNSPECIFIED');
#3388=PERSON_AND_ORGANIZATION(#3386,#3387);
#3389=APPROVAL_ROLE('approver');
#3390=APPROVAL_PERSON_ORGANIZATION(#3388,#3375,#3389);
#3391=PERSON_AND_ORGANIZATION_ROLE('creator');
#3392=CC_DESIGN_PERSON_AND_ORGANIZATION_ASSIGNMENT(#3388,#3391,(#1642,#3334,
#3363,#1643,#3335,#3364));
#3393=PERSON_AND_ORGANIZATION_ROLE('design_supplier');
#3394=CC_DESIGN_PERSON_AND_ORGANIZATION_ASSIGNMENT(#3388,#3393,(#1642,#3334,
#3363));
#3395=PERSON_AND_ORGANIZATION_ROLE('classification_officer');
#3396=CC_DESIGN_PERSON_AND_ORGANIZATION_ASSIGNMENT(#3388,#3395,(#3372));
#3397=PERSON_AND_ORGANIZATION_ROLE('design_owner');
#3398=CC_DESIGN_PERSON_AND_ORGANIZATION_ASSIGNMENT(#3388,#3397,(#3362,#1641,
#3333));
#1=COLOUR_RGB('',0.E0,4.3E-1,1.E0);
#2=COLOUR_RGB('',0.E0,6.6E-1,0.E0);
#3=COLOUR_RGB('',9.8039E-2,9.8039E-2,9.8039E-2);
#4=COLOUR_RGB('',1.80392E-1,2.7451E-1,9.8039E-2);
#5=COLOUR_RGB('',3.E-1,1.29412E-1,2.5098E-1);
#6=COLOUR_RGB('',3.13725E-1,3.13725E-1,3.13725E-1);
#7=COLOUR_RGB('',3.2E-1,4.9E-1,1.76471E-1);
#8=COLOUR_RGB('',3.5E-1,3.5E-1,3.5E-1);
#9=COLOUR_RGB('',3.92157E-1,3.92157E-1,3.92157E-1);
#10=COLOUR_RGB('',5.7E-1,0.E0,1.E0);
#11=COLOUR_RGB('',5.9E-1,3.E-1,0.E0);
#12=COLOUR_RGB('',6.E-1,6.E-1,6.E-1);
#13=COLOUR_RGB('',6.2E-1,3.3E-1,2.3E-1);
#14=COLOUR_RGB('',6.35294E-1,6.86275E-1,7.4902E-1);
#15=COLOUR_RGB('',6.66667E-1,6.66667E-1,6.66667E-1);
#16=COLOUR_RGB('',6.9E-1,0.E0,0.E0);
#17=COLOUR_RGB('',7.E-1,7.E-1,7.E-1);
#18=COLOUR_RGB('',8.23529E-1,7.05882E-1,4.31373E-1);
#19=COLOUR_RGB('',8.39216E-1,8.90196E-1,7.68627E-1);
#20=COLOUR_RGB('',8.62745E-1,4.98039E-1,3.92157E-1);
#21=COLOUR_RGB('',8.7E-1,7.5E-1,4.9E-1);
#22=COLOUR_RGB('',8.82353E-1,8.82353E-1,8.82353E-1);
#23=COLOUR_RGB('',9.80392E-1,9.80392E-1,9.80392E-1);
#24=COLOUR_RGB('',9.9E-1,1.E0,0.E0);
#25=COLOUR_RGB('',1.E0,5.E-1,0.E0);
#26=COLOUR_RGB('',1.E0,6.19608E-1,5.17647E-1);
#27=DRAUGHTING_PRE_DEFINED_COLOUR('white');
#28=COLOUR_RGB('',2.86E-1,2.86E-1,2.86E-1);
#29=COLOUR_RGB('',8.5E-1,8.5E-1,8.5E-1);
#50=CIRCLE('',#49,1.25E-1);
#79=CIRCLE('',#78,1.25E-1);
#108=CIRCLE('',#107,1.25E-1);
#137=CIRCLE('',#136,1.25E-1);
#215=CIRCLE('',#214,1.25E-1);
#244=CIRCLE('',#243,1.25E-1);
#273=CIRCLE('',#272,1.25E-1);
#400=CIRCLE('',#399,1.25E-1);
#415=CIRCLE('',#414,1.25E-1);
#423=CIRCLE('',#422,1.25E-1);
#438=CIRCLE('',#437,1.25E-1);
#460=CIRCLE('',#459,1.25E-1);
#475=CIRCLE('',#474,1.25E-1);
#483=CIRCLE('',#482,1.25E-1);
#976=EDGE_CURVE('',#826,#856,#34,.T.);
#978=EDGE_CURVE('',#856,#942,#42,.T.);
#980=EDGE_CURVE('',#942,#938,#50,.T.);
#982=EDGE_CURVE('',#859,#938,#57,.T.);
#984=EDGE_CURVE('',#859,#860,#64,.T.);
#986=EDGE_CURVE('',#860,#930,#71,.T.);
#988=EDGE_CURVE('',#928,#930,#79,.T.);
#990=EDGE_CURVE('',#863,#928,#86,.T.);
#992=EDGE_CURVE('',#863,#864,#93,.T.);
#994=EDGE_CURVE('',#864,#926,#100,.T.);
#996=EDGE_CURVE('',#924,#926,#108,.T.);
#998=EDGE_CURVE('',#867,#924,#115,.T.);
#1000=EDGE_CURVE('',#867,#868,#122,.T.);
#1002=EDGE_CURVE('',#868,#922,#129,.T.);
#1004=EDGE_CURVE('',#920,#922,#137,.T.);
#1006=EDGE_CURVE('',#870,#920,#144,.T.);
#1008=EDGE_CURVE('',#870,#829,#151,.T.);
#1010=EDGE_CURVE('',#829,#830,#158,.T.);
#1012=EDGE_CURVE('',#830,#872,#165,.T.);
#1014=EDGE_CURVE('',#872,#910,#172,.T.);
#1016=EDGE_CURVE('',#890,#910,#179,.T.);
#1018=EDGE_CURVE('',#889,#890,#186,.T.);
#1020=EDGE_CURVE('',#875,#889,#193,.T.);
#1022=EDGE_CURVE('',#875,#876,#200,.T.);
#1024=EDGE_CURVE('',#876,#912,#207,.T.);
#1026=EDGE_CURVE('',#912,#914,#215,.T.);
#1028=EDGE_CURVE('',#879,#914,#222,.T.);
#1030=EDGE_CURVE('',#879,#880,#229,.T.);
#1032=EDGE_CURVE('',#880,#916,#236,.T.);
#1034=EDGE_CURVE('',#916,#918,#244,.T.);
#1036=EDGE_CURVE('',#883,#918,#251,.T.);
#1038=EDGE_CURVE('',#883,#884,#258,.T.);
#1040=EDGE_CURVE('',#884,#936,#265,.T.);
#1042=EDGE_CURVE('',#940,#936,#273,.T.);
#1044=EDGE_CURVE('',#886,#940,#280,.T.);
#1046=EDGE_CURVE('',#886,#825,#287,.T.);
#1048=EDGE_CURVE('',#825,#826,#294,.T.);
#1058=EDGE_CURVE('',#841,#842,#301,.T.);
#1060=EDGE_CURVE('',#856,#841,#308,.T.);
#1063=EDGE_CURVE('',#826,#834,#315,.T.);
#1065=EDGE_CURVE('',#834,#836,#770,.T.);
#1067=EDGE_CURVE('',#829,#836,#742,.T.);
#1070=EDGE_CURVE('',#870,#892,#322,.T.);
#1072=EDGE_CURVE('',#894,#892,#329,.T.);
#1074=EDGE_CURVE('',#894,#868,#336,.T.);
#1077=EDGE_CURVE('',#867,#896,#343,.T.);
#1079=EDGE_CURVE('',#898,#896,#350,.T.);
#1081=EDGE_CURVE('',#898,#864,#357,.T.);
#1084=EDGE_CURVE('',#863,#846,#364,.T.);
#1086=EDGE_CURVE('',#845,#846,#371,.T.);
#1088=EDGE_CURVE('',#845,#860,#378,.T.);
#1091=EDGE_CURVE('',#859,#842,#385,.T.);
#1102=EDGE_CURVE('',#842,#958,#392,.T.);
#1104=EDGE_CURVE('',#957,#958,#400,.T.);
#1106=EDGE_CURVE('',#841,#957,#518,.T.);
#1117=EDGE_CURVE('',#846,#954,#407,.T.);
#1119=EDGE_CURVE('',#953,#954,#415,.T.);
#1121=EDGE_CURVE('',#845,#953,#539,.T.);
#1131=EDGE_CURVE('',#849,#850,#553,.T.);
#1133=EDGE_CURVE('',#850,#970,#658,.T.);
#1135=EDGE_CURVE('',#969,#970,#423,.T.);
#1137=EDGE_CURVE('',#849,#969,#430,.T.);
#1147=EDGE_CURVE('',#853,#854,#574,.T.);
#1149=EDGE_CURVE('',#854,#966,#672,.T.);
#1151=EDGE_CURVE('',#965,#966,#438,.T.);
#1153=EDGE_CURVE('',#853,#965,#445,.T.);
#1164=EDGE_CURVE('',#896,#950,#452,.T.);
#1166=EDGE_CURVE('',#949,#950,#460,.T.);
#1168=EDGE_CURVE('',#898,#949,#791,.T.);
#1179=EDGE_CURVE('',#892,#946,#467,.T.);
#1181=EDGE_CURVE('',#945,#946,#475,.T.);
#1183=EDGE_CURVE('',#894,#945,#812,.T.);
#1193=EDGE_CURVE('',#904,#906,#595,.T.);
#1195=EDGE_CURVE('',#906,#962,#693,.T.);
#1197=EDGE_CURVE('',#961,#962,#483,.T.);
#1199=EDGE_CURVE('',#904,#961,#490,.T.);
#1209=EDGE_CURVE('',#900,#902,#616,.T.);
#1211=EDGE_CURVE('',#902,#908,#707,.T.);
#1213=EDGE_CURVE('',#933,#908,#721,.T.);
#1215=EDGE_CURVE('',#933,#934,#497,.T.);
#1217=EDGE_CURVE('',#900,#934,#504,.T.);
#1228=EDGE_CURVE('',#958,#938,#511,.T.);
#1241=EDGE_CURVE('',#942,#957,#525,.T.);
#1267=EDGE_CURVE('',#954,#928,#532,.T.);
#1279=EDGE_CURVE('',#930,#953,#546,.T.);
#1304=EDGE_CURVE('',#884,#849,#560,.T.);
#1307=EDGE_CURVE('',#854,#883,#567,.T.);
#1310=EDGE_CURVE('',#880,#853,#581,.T.);
#1313=EDGE_CURVE('',#906,#879,#588,.T.);
#1316=EDGE_CURVE('',#876,#904,#602,.T.);
#1319=EDGE_CURVE('',#902,#875,#609,.T.);
#1322=EDGE_CURVE('',#872,#900,#623,.T.);
#1325=EDGE_CURVE('',#830,#838,#630,.T.);
#1327=EDGE_CURVE('',#838,#833,#756,.T.);
#1329=EDGE_CURVE('',#825,#833,#777,.T.);
#1332=EDGE_CURVE('',#886,#850,#637,.T.);
#1345=EDGE_CURVE('',#936,#969,#644,.T.);
#1358=EDGE_CURVE('',#970,#940,#651,.T.);
#1382=EDGE_CURVE('',#966,#918,#665,.T.);
#1394=EDGE_CURVE('',#916,#965,#679,.T.);
#1420=EDGE_CURVE('',#962,#914,#686,.T.);
#1432=EDGE_CURVE('',#912,#961,#700,.T.);
#1458=EDGE_CURVE('',#908,#889,#728,.T.);
#1470=EDGE_CURVE('',#890,#933,#714,.T.);
#1483=EDGE_CURVE('',#910,#934,#735,.T.);
#1509=EDGE_CURVE('',#836,#838,#763,.T.);
#1520=EDGE_CURVE('',#833,#834,#749,.T.);
#1547=EDGE_CURVE('',#950,#924,#784,.T.);
#1559=EDGE_CURVE('',#926,#949,#798,.T.);
#1585=EDGE_CURVE('',#946,#920,#805,.T.);
#1597=EDGE_CURVE('',#922,#945,#819,.T.);
#1624=(LENGTH_UNIT()NAMED_UNIT(*)SI_UNIT(.MILLI.,.METRE.));
#1626=(NAMED_UNIT(*)PLANE_ANGLE_UNIT()SI_UNIT($,.RADIAN.));
#1629=(NAMED_UNIT(*)SI_UNIT($,.STERADIAN.)SOLID_ANGLE_UNIT());
#1635=AXIS2_PLACEMENT_3D('',#1632,#1633,#1634);
#1636=ADVANCED_BREP_SHAPE_REPRESENTATION('',(#1635,#1617),#1631);
#1643=PRODUCT_DEFINITION('design','',#1642,#1639);
#1644=PRODUCT_DEFINITION_SHAPE('','SHAPE FOR BODY-RZE0008A.',#1643);
#1645=SHAPE_DEFINITION_REPRESENTATION(#1644,#1636);
#1646=SHAPE_DEFINITION_REPRESENTATION(#1647,#1648);
#1647=PRODUCT_DEFINITION_SHAPE('','SHAPE FOR RZE0008A_ASM.',#3364);
#1648=SHAPE_REPRESENTATION('',(#1654,#3343,#3358),#3354);
#1649=NEXT_ASSEMBLY_USAGE_OCCURRENCE('0','Next assembly relationship',
'BODY-RZE0008A',#3364,#1643,$);
#1650=PRODUCT_DEFINITION_SHAPE('Placement #0',
'Placement of BODY-RZE0008A with respect to RZE0008A_ASM',#1649);
#1789=EDGE_CURVE('',#1781,#1783,#1662,.T.);
#1791=EDGE_CURVE('',#1771,#1781,#1760,.T.);
#1793=EDGE_CURVE('',#1770,#1771,#1669,.T.);
#1795=EDGE_CURVE('',#1770,#1767,#1676,.T.);
#1797=EDGE_CURVE('',#1767,#1783,#1711,.T.);
#1807=EDGE_CURVE('',#1778,#1779,#1683,.T.);
#1809=EDGE_CURVE('',#1781,#1779,#1746,.T.);
#1812=EDGE_CURVE('',#1783,#1778,#1704,.T.);
#1823=EDGE_CURVE('',#1778,#1766,#1725,.T.);
#1825=EDGE_CURVE('',#1775,#1766,#1739,.T.);
#1827=EDGE_CURVE('',#1775,#1773,#1690,.T.);
#1829=EDGE_CURVE('',#1773,#1779,#1697,.T.);
#1841=EDGE_CURVE('',#1766,#1767,#1718,.T.);
#1852=EDGE_CURVE('',#1775,#1770,#1732,.T.);
#1865=EDGE_CURVE('',#1771,#1773,#1753,.T.);
#1931=CIRCLE('',#1930,1.25E-1);
#1953=CIRCLE('',#1952,1.25E-1);
#2013=EDGE_CURVE('',#2003,#2007,#1909,.T.);
#2015=EDGE_CURVE('',#1999,#2007,#1967,.T.);
#2017=EDGE_CURVE('',#1995,#1999,#1916,.T.);
#2019=EDGE_CURVE('',#1995,#2003,#1923,.T.);
#2029=EDGE_CURVE('',#2002,#2003,#1931,.T.);
#2031=EDGE_CURVE('',#2005,#2002,#1974,.T.);
#2033=EDGE_CURVE('',#2007,#2005,#1953,.T.);
#2046=EDGE_CURVE('',#1994,#1995,#1938,.T.);
#2048=EDGE_CURVE('',#1994,#2002,#1945,.T.);
#2059=EDGE_CURVE('',#1998,#1999,#1960,.T.);
#2061=EDGE_CURVE('',#1998,#1994,#1981,.T.);
#2080=EDGE_CURVE('',#1998,#2005,#1988,.T.);
#2133=CIRCLE('',#2132,1.25E-1);
#2176=CIRCLE('',#2175,1.25E-1);
#2215=EDGE_CURVE('',#2207,#2204,#2111,.T.);
#2217=EDGE_CURVE('',#2201,#2204,#2147,.T.);
#2219=EDGE_CURVE('',#2197,#2201,#2118,.T.);
#2221=EDGE_CURVE('',#2197,#2207,#2125,.T.);
#2231=EDGE_CURVE('',#2204,#2205,#2133,.T.);
#2234=EDGE_CURVE('',#2209,#2207,#2176,.T.);
#2236=EDGE_CURVE('',#2205,#2209,#2154,.T.);
#2247=EDGE_CURVE('',#2200,#2205,#2168,.T.);
#2249=EDGE_CURVE('',#2200,#2201,#2140,.T.);
#2261=EDGE_CURVE('',#2196,#2209,#2190,.T.);
#2263=EDGE_CURVE('',#2200,#2196,#2161,.T.);
#2276=EDGE_CURVE('',#2196,#2197,#2183,.T.);
#2335=CIRCLE('',#2334,1.25E-1);
#2378=CIRCLE('',#2377,1.25E-1);
#2417=EDGE_CURVE('',#2409,#2406,#2313,.T.);
#2419=EDGE_CURVE('',#2401,#2406,#2349,.T.);
#2421=EDGE_CURVE('',#2399,#2401,#2320,.T.);
#2423=EDGE_CURVE('',#2399,#2409,#2327,.T.);
#2433=EDGE_CURVE('',#2406,#2407,#2335,.T.);
#2436=EDGE_CURVE('',#2411,#2409,#2378,.T.);
#2438=EDGE_CURVE('',#2407,#2411,#2356,.T.);
#2449=EDGE_CURVE('',#2403,#2407,#2370,.T.);
#2451=EDGE_CURVE('',#2403,#2401,#2342,.T.);
#2463=EDGE_CURVE('',#2398,#2411,#2392,.T.);
#2465=EDGE_CURVE('',#2403,#2398,#2363,.T.);
#2478=EDGE_CURVE('',#2398,#2399,#2385,.T.);
#2537=CIRCLE('',#2536,1.25E-1);
#2580=CIRCLE('',#2579,1.25E-1);
#2619=EDGE_CURVE('',#2611,#2608,#2515,.T.);
#2621=EDGE_CURVE('',#2600,#2608,#2522,.T.);
#2623=EDGE_CURVE('',#2600,#2604,#2529,.T.);
#2625=EDGE_CURVE('',#2604,#2611,#2587,.T.);
#2635=EDGE_CURVE('',#2608,#2609,#2537,.T.);
#2638=EDGE_CURVE('',#2613,#2611,#2580,.T.);
#2640=EDGE_CURVE('',#2609,#2613,#2558,.T.);
#2651=EDGE_CURVE('',#2601,#2609,#2544,.T.);
#2653=EDGE_CURVE('',#2600,#2601,#2551,.T.);
#2665=EDGE_CURVE('',#2605,#2613,#2565,.T.);
#2667=EDGE_CURVE('',#2605,#2601,#2572,.T.);
#2680=EDGE_CURVE('',#2604,#2605,#2594,.T.);
#2739=CIRCLE('',#2738,1.25E-1);
#2782=CIRCLE('',#2781,1.25E-1);
#2821=EDGE_CURVE('',#2813,#2810,#2717,.T.);
#2823=EDGE_CURVE('',#2802,#2810,#2724,.T.);
#2825=EDGE_CURVE('',#2802,#2806,#2731,.T.);
#2827=EDGE_CURVE('',#2806,#2813,#2789,.T.);
#2837=EDGE_CURVE('',#2810,#2811,#2739,.T.);
#2840=EDGE_CURVE('',#2815,#2813,#2782,.T.);
#2842=EDGE_CURVE('',#2811,#2815,#2760,.T.);
#2853=EDGE_CURVE('',#2803,#2811,#2746,.T.);
#2855=EDGE_CURVE('',#2802,#2803,#2753,.T.);
#2867=EDGE_CURVE('',#2807,#2815,#2767,.T.);
#2869=EDGE_CURVE('',#2807,#2803,#2774,.T.);
#2882=EDGE_CURVE('',#2806,#2807,#2796,.T.);
#2941=CIRCLE('',#2940,1.25E-1);
#2984=CIRCLE('',#2983,1.25E-1);
#3023=EDGE_CURVE('',#3015,#3012,#2919,.T.);
#3025=EDGE_CURVE('',#3004,#3012,#2926,.T.);
#3027=EDGE_CURVE('',#3004,#3007,#2933,.T.);
#3029=EDGE_CURVE('',#3007,#3015,#2991,.T.);
#3039=EDGE_CURVE('',#3012,#3013,#2941,.T.);
#3042=EDGE_CURVE('',#3017,#3015,#2984,.T.);
#3044=EDGE_CURVE('',#3013,#3017,#2962,.T.);
#3055=EDGE_CURVE('',#3005,#3013,#2948,.T.);
#3057=EDGE_CURVE('',#3004,#3005,#2955,.T.);
#3069=EDGE_CURVE('',#3009,#3017,#2969,.T.);
#3071=EDGE_CURVE('',#3009,#3005,#2976,.T.);
#3084=EDGE_CURVE('',#3007,#3009,#2998,.T.);
#3143=CIRCLE('',#3142,1.25E-1);
#3186=CIRCLE('',#3185,1.25E-1);
#3225=EDGE_CURVE('',#3215,#3219,#3121,.T.);
#3227=EDGE_CURVE('',#3206,#3219,#3128,.T.);
#3229=EDGE_CURVE('',#3206,#3210,#3135,.T.);
#3231=EDGE_CURVE('',#3210,#3215,#3150,.T.);
#3241=EDGE_CURVE('',#3214,#3215,#3143,.T.);
#3243=EDGE_CURVE('',#3217,#3214,#3164,.T.);
#3245=EDGE_CURVE('',#3219,#3217,#3186,.T.);
#3258=EDGE_CURVE('',#3210,#3211,#3157,.T.);
#3260=EDGE_CURVE('',#3211,#3214,#3171,.T.);
#3270=EDGE_CURVE('',#3211,#3207,#3178,.T.);
#3274=EDGE_CURVE('',#3206,#3207,#3200,.T.);
#3294=EDGE_CURVE('',#3207,#3217,#3193,.T.);
#3319=(LENGTH_UNIT()NAMED_UNIT(*)SI_UNIT(.MILLI.,.METRE.));
#3321=(NAMED_UNIT(*)PLANE_ANGLE_UNIT()SI_UNIT($,.RADIAN.));
#3324=(NAMED_UNIT(*)SI_UNIT($,.STERADIAN.)SOLID_ANGLE_UNIT());
#3330=AXIS2_PLACEMENT_3D('',#3327,#3328,#3329);
#3331=ADVANCED_BREP_SHAPE_REPRESENTATION('',(#3330,#1898,#2100,#2302,#2504,
#2706,#2908,#3110,#3312),#3326);
#3335=PRODUCT_DEFINITION('design','',#3334,#1639);
#3336=PRODUCT_DEFINITION_SHAPE('','SHAPE FOR FRAME-RZE0008A.',#3335);
#3337=SHAPE_DEFINITION_REPRESENTATION(#3336,#3331);
#3338=NEXT_ASSEMBLY_USAGE_OCCURRENCE('1','Next assembly relationship',
'FRAME-RZE0008A',#3364,#3335,$);
#3339=PRODUCT_DEFINITION_SHAPE('Placement #1',
'Placement of FRAME-RZE0008A with respect to RZE0008A_ASM',#3338);
#3347=(LENGTH_UNIT()NAMED_UNIT(*)SI_UNIT(.MILLI.,.METRE.));
#3349=(NAMED_UNIT(*)PLANE_ANGLE_UNIT()SI_UNIT($,.RADIAN.));
#3352=(NAMED_UNIT(*)SI_UNIT($,.STERADIAN.)SOLID_ANGLE_UNIT());
#3358=AXIS2_PLACEMENT_3D('',#3355,#3356,#3357);
#3364=PRODUCT_DEFINITION('design','',#3363,#3360);
ENDSEC;
END-ISO-10303-21;
