ISO-10303-21;
HEADER;
FILE_DESCRIPTION (( 'STEP AP214' ),
    '1' );
FILE_NAME ('DPX167125DT-8197B1.STEP',
    '2025-01-31T13:44:40',
    ( '' ),
    ( '' ),
    'SwSTEP 2.0',
    'SolidWorks 2020',
    '' );
FILE_SCHEMA (( 'AUTOMOTIVE_DESIGN' ));
ENDSEC;

DATA;
#1 = FILL_AREA_STYLE ('',( #2005 ) ) ;
#2 = VECTOR ( 'NONE', #1369, 1000.000000000000000 ) ;
#3 = EDGE_LOOP ( 'NONE', ( #616, #1734, #847, #456 ) ) ;
#4 = VECTOR ( 'NONE', #1643, 1000.000000000000000 ) ;
#5 = ORIENTED_EDGE ( 'NONE', *, *, #1266, .F. ) ;
#6 = SURFACE_STYLE_FILL_AREA ( #1693 ) ;
#7 = CARTESIAN_POINT ( 'NONE',  ( -0.5500000000000000444, 0.5810999999999999499, -0.1499999999999999112 ) ) ;
#8 = ORIENTED_EDGE ( 'NONE', *, *, #435, .T. ) ;
#9 = EDGE_CURVE ( 'NONE', #1672, #1867, #1690, .T. ) ;
#10 = ADVANCED_FACE ( 'NONE', ( #836 ), #1181, .F. ) ;
#11 = DIRECTION ( 'NONE',  ( 0.000000000000000000, 1.000000000000000000, -0.000000000000000000 ) ) ;
#12 = EDGE_CURVE ( 'NONE', #2182, #1014, #630, .T. ) ;
#13 = SURFACE_SIDE_STYLE ('',( #1190 ) ) ;
#14 = SHAPE_DEFINITION_REPRESENTATION ( #635, #752 ) ;
#15 = EDGE_LOOP ( 'NONE', ( #2042, #519, #1527, #523 ) ) ;
#16 = CARTESIAN_POINT ( 'NONE',  ( 0.6999999999999994005, -0.01000000000000002623, -0.2500000000000002220 ) ) ;
#17 = ORIENTED_EDGE ( 'NONE', *, *, #862, .T. ) ;
#18 =( NAMED_UNIT ( * ) PLANE_ANGLE_UNIT ( ) SI_UNIT ( $, .RADIAN. ) );
#19 = SURFACE_STYLE_USAGE ( .BOTH. , #187 ) ;
#20 = ORIENTED_EDGE ( 'NONE', *, *, #2052, .T. ) ;
#21 = LINE ( 'NONE', #1198, #790 ) ;
#22 = EDGE_CURVE ( 'NONE', #1672, #443, #1668, .T. ) ;
#23 = ADVANCED_FACE ( 'NONE', ( #2172 ), #659, .F. ) ;
#24 = CARTESIAN_POINT ( 'NONE',  ( 0.1499999999999996336, -0.01000000000000002623, 0.4000000000000001887 ) ) ;
#25 = ORIENTED_EDGE ( 'NONE', *, *, #1189, .T. ) ;
#26 = FILL_AREA_STYLE ('',( #396 ) ) ;
#27 = ORIENTED_EDGE ( 'NONE', *, *, #775, .T. ) ;
#28 = CARTESIAN_POINT ( 'NONE',  ( 0.000000000000000000, 0.5900000000000000799, 0.000000000000000000 ) ) ;
#29 = VECTOR ( 'NONE', #898, 1000.000000000000000 ) ;
#30 = VECTOR ( 'NONE', #1223, 1000.000000000000000 ) ;
#31 = MECHANICAL_DESIGN_GEOMETRIC_PRESENTATION_REPRESENTATION (  '', ( #1945 ), #307 ) ;
#32 = EDGE_CURVE ( 'NONE', #443, #2096, #1066, .T. ) ;
#33 = VECTOR ( 'NONE', #1815, 1000.000000000000000 ) ;
#34 = ORIENTED_EDGE ( 'NONE', *, *, #932, .T. ) ;
#35 = DIRECTION ( 'NONE',  ( 1.084202172485503645E-15, 0.000000000000000000, 1.000000000000000000 ) ) ;
#36 = EDGE_CURVE ( 'NONE', #922, #529, #1090, .T. ) ;
#37 = CARTESIAN_POINT ( 'NONE',  ( 0.8000000000000001554, 0.000000000000000000, -0.2900000000000000355 ) ) ;
#38 = EDGE_CURVE ( 'NONE', #1150, #756, #379, .T. ) ;
#39 = ORIENTED_EDGE ( 'NONE', *, *, #580, .F. ) ;
#40 = PRESENTATION_LAYER_ASSIGNMENT (  '', '', ( #469 ) ) ;
#41 = CARTESIAN_POINT ( 'NONE',  ( 0.3999999999999996336, -0.01000000000000002623, -0.2500000000000001110 ) ) ;
#42 = ORIENTED_EDGE ( 'NONE', *, *, #1784, .T. ) ;
#43 = DIRECTION ( 'NONE',  ( 1.000000000000000000, -0.000000000000000000, 0.000000000000000000 ) ) ;
#44 = SURFACE_STYLE_USAGE ( .BOTH. , #13 ) ;
#45 = CARTESIAN_POINT ( 'NONE',  ( -0.1500000000000000222, 0.5799999999999999600, -0.1499999999999999667 ) ) ;
#46 = CARTESIAN_POINT ( 'NONE',  ( -0.6999999999999999556, 0.000000000000000000, -0.3900000000000000688 ) ) ;
#47 = DIRECTION ( 'NONE',  ( 1.000000000000000000, 0.000000000000000000, 3.614007241618350250E-16 ) ) ;
#48 = ORIENTED_EDGE ( 'NONE', *, *, #2039, .T. ) ;
#49 = DIRECTION ( 'NONE',  ( 0.000000000000000000, -1.000000000000000000, 0.000000000000000000 ) ) ;
#50 = EDGE_CURVE ( 'NONE', #948, #430, #1538, .T. ) ;
#51 = ORIENTED_EDGE ( 'NONE', *, *, #839, .T. ) ;
#52 = FACE_OUTER_BOUND ( 'NONE', #753, .T. ) ;
#53 = VECTOR ( 'NONE', #1530, 1000.000000000000000 ) ;
#54 = CARTESIAN_POINT ( 'NONE',  ( -0.7000000000000000666, 0.5900000000000000799, -0.4000000000000000777 ) ) ;
#55 = VECTOR ( 'NONE', #1630, 1000.000000000000000 ) ;
#56 = CARTESIAN_POINT ( 'NONE',  ( -0.4000000000000001887, -0.01000000000000002623, -0.2500000000000002220 ) ) ;
#57 = LINE ( 'NONE', #593, #1230 ) ;
#58 = VERTEX_POINT ( 'NONE', #1739 ) ;
#59 = DIRECTION ( 'NONE',  ( 1.000000000000000000, 0.000000000000000000, 0.000000000000000000 ) ) ;
#60 = ORIENTED_EDGE ( 'NONE', *, *, #1252, .T. ) ;
#61 = DIRECTION ( 'NONE',  ( -1.000000000000000000, 0.000000000000000000, -3.614007241618350250E-16 ) ) ;
#62 =( LENGTH_UNIT ( ) NAMED_UNIT ( * ) SI_UNIT ( .MILLI., .METRE. ) );
#63 = ORIENTED_EDGE ( 'NONE', *, *, #1638, .F. ) ;
#64 = DIRECTION ( 'NONE',  ( -0.000000000000000000, 1.000000000000000000, 0.000000000000000000 ) ) ;
#65 = STYLED_ITEM ( 'NONE', ( #1285 ), #747 ) ;
#66 = STYLED_ITEM ( 'NONE', ( #339 ), #1743 ) ;
#67 = DIRECTION ( 'NONE',  ( 1.000000000000000000, 0.000000000000000000, -3.614007241618350250E-16 ) ) ;
#68 = ORIENTED_EDGE ( 'NONE', *, *, #1027, .T. ) ;
#69 = DIRECTION ( 'NONE',  ( 1.445602896647339706E-15, 0.000000000000000000, 1.000000000000000000 ) ) ;
#70 = ORIENTED_EDGE ( 'NONE', *, *, #542, .F. ) ;
#71 = MECHANICAL_DESIGN_GEOMETRIC_PRESENTATION_REPRESENTATION (  '', ( #469 ), #1881 ) ;
#72 = UNCERTAINTY_MEASURE_WITH_UNIT (LENGTH_MEASURE( 1.000000000000000082E-05 ), #550, 'distance_accuracy_value', 'NONE');
#73 = CIRCLE ( 'NONE', #434, 0.09999999999999999167 ) ;
#74 = DIRECTION ( 'NONE',  ( 1.000000000000000000, 0.000000000000000000, -3.614007241618350250E-16 ) ) ;
#75 = DIRECTION ( 'NONE',  ( 0.000000000000000000, 0.000000000000000000, 1.000000000000000000 ) ) ;
#76 = PRODUCT_RELATED_PRODUCT_CATEGORY ( 'part', '', ( #462 ) ) ;
#77 = EDGE_CURVE ( 'NONE', #228, #93, #366, .T. ) ;
#78 = LINE ( 'NONE', #87, #108 ) ;
#79 = CARTESIAN_POINT ( 'NONE',  ( -0.6999999999999999556, 0.5900000000000000799, -0.2500000000000001110 ) ) ;
#80 = EDGE_CURVE ( 'NONE', #1242, #1365, #1200, .T. ) ;
#81 = VERTEX_POINT ( 'NONE', #1403 ) ;
#82 = CARTESIAN_POINT ( 'NONE',  ( 0.6999999999999994005, -0.01000000000000002623, -0.2500000000000002220 ) ) ;
#83 = ORIENTED_EDGE ( 'NONE', *, *, #164, .F. ) ;
#84 = CARTESIAN_POINT ( 'NONE',  ( 0.6999999999999999556, 0.5799999999999999600, -0.2900000000000000355 ) ) ;
#85 = ORIENTED_EDGE ( 'NONE', *, *, #1067, .F. ) ;
#86 = CARTESIAN_POINT ( 'NONE',  ( 0.6999999999999999556, 0.5799999999999999600, -0.2900000000000000355 ) ) ;
#87 = CARTESIAN_POINT ( 'NONE',  ( 0.3999999999999995226, -0.01000000000000002623, -0.4000000000000000777 ) ) ;
#88 = LINE ( 'NONE', #884, #184 ) ;
#89 = VERTEX_POINT ( 'NONE', #16 ) ;
#90 = LINE ( 'NONE', #1955, #1120 ) ;
#91 = ADVANCED_FACE ( 'NONE', ( #1240 ), #696, .T. ) ;
#92 = DIRECTION ( 'NONE',  ( 0.000000000000000000, 0.000000000000000000, -1.000000000000000000 ) ) ;
#93 = VERTEX_POINT ( 'NONE', #24 ) ;
#94 = CARTESIAN_POINT ( 'NONE',  ( 0.6999999999999999556, 0.000000000000000000, -0.2900000000000000355 ) ) ;
#95 = CARTESIAN_POINT ( 'NONE',  ( 0.6999999999999994005, 0.000000000000000000, 0.2500000000000002220 ) ) ;
#96 = ORIENTED_EDGE ( 'NONE', *, *, #164, .T. ) ;
#97 = LINE ( 'NONE', #1287, #2180 ) ;
#98 = DIRECTION ( 'NONE',  ( 0.000000000000000000, 0.000000000000000000, -1.000000000000000000 ) ) ;
#99 = CARTESIAN_POINT ( 'NONE',  ( 0.1499999999999996336, 0.5900000000000000799, -0.4000000000000001887 ) ) ;
#100 = AXIS2_PLACEMENT_3D ( 'NONE', #400, #1046, #2040 ) ;
#101 = CARTESIAN_POINT ( 'NONE',  ( 0.3999999999999998002, -0.01000000000000002623, 0.4000000000000002442 ) ) ;
#102 = ORIENTED_EDGE ( 'NONE', *, *, #1812, .T. ) ;
#103 = CARTESIAN_POINT ( 'NONE',  ( -0.1500000000000002720, 0.5799999999999999600, -0.3900000000000000688 ) ) ;
#104 = AXIS2_PLACEMENT_3D ( 'NONE', #1897, #652, #143 ) ;
#105 = EDGE_LOOP ( 'NONE', ( #971, #578, #1278, #1064, #787, #1660, #896, #1992 ) ) ;
#106 = ADVANCED_FACE ( 'NONE', ( #1729 ), #886, .F. ) ;
#107 = COLOUR_RGB ( '',1.000000000000000000, 0.5019607843137254832, 0.5019607843137254832 ) ;
#108 = VECTOR ( 'NONE', #2104, 1000.000000000000000 ) ;
#109 = LINE ( 'NONE', #1836, #881 ) ;
#110 = EDGE_LOOP ( 'NONE', ( #39, #672, #1324, #1850 ) ) ;
#111 = CARTESIAN_POINT ( 'NONE',  ( 0.1499999999999996336, 0.5799999999999999600, -0.2900000000000000355 ) ) ;
#112 = CARTESIAN_POINT ( 'NONE',  ( 0.3999999999999996336, -0.01000000000000002623, -0.2500000000000001110 ) ) ;
#113 = VECTOR ( 'NONE', #700, 1000.000000000000000 ) ;
#114 = LINE ( 'NONE', #977, #297 ) ;
#115 = CARTESIAN_POINT ( 'NONE',  ( 0.3999999999999996336, -0.01000000000000002623, -0.2500000000000001110 ) ) ;
#116 = ORIENTED_EDGE ( 'NONE', *, *, #227, .F. ) ;
#117 = CARTESIAN_POINT ( 'NONE',  ( -0.6999999999999999556, 0.5900000000000000799, -0.2500000000000001110 ) ) ;
#118 = VECTOR ( 'NONE', #510, 1000.000000000000000 ) ;
#119 = ORIENTED_EDGE ( 'NONE', *, *, #1432, .T. ) ;
#120 = EDGE_CURVE ( 'NONE', #1232, #1549, #1035, .T. ) ;
#121 = PRESENTATION_STYLE_ASSIGNMENT (( #1269 ) ) ;
#122 = FILL_AREA_STYLE ('',( #641 ) ) ;
#123 = DIRECTION ( 'NONE',  ( -7.228014483236698528E-16, 0.000000000000000000, 1.000000000000000000 ) ) ;
#124 = PLANE ( 'NONE',  #1379 ) ;
#125 = CARTESIAN_POINT ( 'NONE',  ( 0.3999999999999998002, -0.01000000000000002623, 0.4000000000000002442 ) ) ;
#126 = ORIENTED_EDGE ( 'NONE', *, *, #405, .F. ) ;
#127 = AXIS2_PLACEMENT_3D ( 'NONE', #1355, #1500, #1522 ) ;
#128 = VECTOR ( 'NONE', #310, 1000.000000000000000 ) ;
#129 = LINE ( 'NONE', #2001, #222 ) ;
#130 = ORIENTED_EDGE ( 'NONE', *, *, #1578, .F. ) ;
#131 =( LENGTH_UNIT ( ) NAMED_UNIT ( * ) SI_UNIT ( .MILLI., .METRE. ) );
#132 = DIRECTION ( 'NONE',  ( -7.228014483236698528E-16, 0.000000000000000000, -1.000000000000000000 ) ) ;
#133 = EDGE_CURVE ( 'NONE', #1913, #166, #537, .T. ) ;
#134 = LINE ( 'NONE', #1642, #1767 ) ;
#135 = SURFACE_STYLE_FILL_AREA ( #1478 ) ;
#136 = LINE ( 'NONE', #658, #1753 ) ;
#137 = LINE ( 'NONE', #1452, #162 ) ;
#138 = ORIENTED_EDGE ( 'NONE', *, *, #303, .T. ) ;
#139 = DIRECTION ( 'NONE',  ( 0.000000000000000000, 0.000000000000000000, 1.000000000000000000 ) ) ;
#140 = VECTOR ( 'NONE', #748, 1000.000000000000000 ) ;
#141 = ORIENTED_EDGE ( 'NONE', *, *, #1812, .F. ) ;
#142 = AXIS2_PLACEMENT_3D ( 'NONE', #892, #49, #728 ) ;
#143 = DIRECTION ( 'NONE',  ( 0.000000000000000000, 0.000000000000000000, -1.000000000000000000 ) ) ;
#144 = LINE ( 'NONE', #820, #603 ) ;
#145 = EDGE_LOOP ( 'NONE', ( #1011, #829, #126, #1732 ) ) ;
#146 = EDGE_CURVE ( 'NONE', #275, #805, #213, .T. ) ;
#147 = CARTESIAN_POINT ( 'NONE',  ( 0.3999999999999998002, 0.5900000000000000799, 0.4000000000000002442 ) ) ;
#148 = VECTOR ( 'NONE', #1019, 1000.000000000000000 ) ;
#149 = CARTESIAN_POINT ( 'NONE',  ( -0.5500000000000000444, 0.5810999999999999499, 0.1500000000000000777 ) ) ;
#150 = EDGE_CURVE ( 'NONE', #1898, #338, #875, .T. ) ;
#151 =( GEOMETRIC_REPRESENTATION_CONTEXT ( 3 ) GLOBAL_UNCERTAINTY_ASSIGNED_CONTEXT ( ( #1494 ) ) GLOBAL_UNIT_ASSIGNED_CONTEXT ( ( #62, #919, #546 ) ) REPRESENTATION_CONTEXT ( 'NONE', 'WORKASPACE' ) );
#152 = CARTESIAN_POINT ( 'NONE',  ( -0.6999999999999999556, 0.5799999999999999600, -0.2899999999999990363 ) ) ;
#153 = ORIENTED_EDGE ( 'NONE', *, *, #1292, .F. ) ;
#154 = FILL_AREA_STYLE_COLOUR ( '', #1699 ) ;
#155 = CARTESIAN_POINT ( 'NONE',  ( -0.1500000000000000222, 0.5810999999999999499, 0.1500000000000000500 ) ) ;
#156 = COLOUR_RGB ( '',0.7921568627450980005, 0.8196078431372548767, 0.9333333333333333481 ) ;
#157 = DIRECTION ( 'NONE',  ( 1.000000000000000000, 0.000000000000000000, -3.614007241618349264E-16 ) ) ;
#158 = VERTEX_POINT ( 'NONE', #944 ) ;
#159 = SURFACE_SIDE_STYLE ('',( #271 ) ) ;
#160 =( NAMED_UNIT ( * ) PLANE_ANGLE_UNIT ( ) SI_UNIT ( $, .RADIAN. ) );
#161 = CARTESIAN_POINT ( 'NONE',  ( 0.1499999999999996336, -0.01000000000000002623, -0.2500000000000002220 ) ) ;
#162 = VECTOR ( 'NONE', #1592, 1000.000000000000000 ) ;
#163 = ORIENTED_EDGE ( 'NONE', *, *, #175, .T. ) ;
#164 = EDGE_CURVE ( 'NONE', #58, #794, #1941, .T. ) ;
#165 =( GEOMETRIC_REPRESENTATION_CONTEXT ( 3 ) GLOBAL_UNCERTAINTY_ASSIGNED_CONTEXT ( ( #1424 ) ) GLOBAL_UNIT_ASSIGNED_CONTEXT ( ( #628, #1950, #305 ) ) REPRESENTATION_CONTEXT ( 'NONE', 'WORKASPACE' ) );
#166 = VERTEX_POINT ( 'NONE', #288 ) ;
#167 = AXIS2_PLACEMENT_3D ( 'NONE', #633, #1155, #645 ) ;
#168 = CARTESIAN_POINT ( 'NONE',  ( -0.6999999999999999556, -0.01000000000000002623, 0.2500000000000001110 ) ) ;
#169 = EDGE_LOOP ( 'NONE', ( #938, #726, #34, #1158 ) ) ;
#170 = DIRECTION ( 'NONE',  ( 1.000000000000000000, 0.000000000000000000, -3.614007241618347292E-16 ) ) ;
#171 = CARTESIAN_POINT ( 'NONE',  ( 0.000000000000000000, 0.000000000000000000, 0.000000000000000000 ) ) ;
#172 = ORIENTED_EDGE ( 'NONE', *, *, #80, .T. ) ;
#173 = CYLINDRICAL_SURFACE ( 'NONE', #1443, 0.1000000000000000194 ) ;
#174 = ORIENTED_EDGE ( 'NONE', *, *, #797, .T. ) ;
#175 = EDGE_CURVE ( 'NONE', #430, #1021, #1470, .T. ) ;
#176 = FILL_AREA_STYLE ('',( #1016 ) ) ;
#177 = ADVANCED_FACE ( 'NONE', ( #440 ), #1975, .T. ) ;
#178 = LINE ( 'NONE', #477, #1486 ) ;
#179 = ORIENTED_EDGE ( 'NONE', *, *, #1726, .F. ) ;
#180 =( GEOMETRIC_REPRESENTATION_CONTEXT ( 3 ) GLOBAL_UNCERTAINTY_ASSIGNED_CONTEXT ( ( #649 ) ) GLOBAL_UNIT_ASSIGNED_CONTEXT ( ( #1333, #2012, #1684 ) ) REPRESENTATION_CONTEXT ( 'NONE', 'WORKASPACE' ) );
#181 =( LENGTH_UNIT ( ) NAMED_UNIT ( * ) SI_UNIT ( .MILLI., .METRE. ) );
#182 = FILL_AREA_STYLE_COLOUR ( '', #1555 ) ;
#183 = AXIS2_PLACEMENT_3D ( 'NONE', #28, #1715, #873 ) ;
#184 = VECTOR ( 'NONE', #2115, 1000.000000000000000 ) ;
#185 = EDGE_LOOP ( 'NONE', ( #853, #826, #325, #130 ) ) ;
#186 = FACE_OUTER_BOUND ( 'NONE', #843, .T. ) ;
#187 = SURFACE_SIDE_STYLE ('',( #1676 ) ) ;
#188 = VERTEX_POINT ( 'NONE', #1764 ) ;
#189 = EDGE_CURVE ( 'NONE', #527, #1003, #1789, .T. ) ;
#190 = EDGE_CURVE ( 'NONE', #594, #1598, #1088, .T. ) ;
#191 = CARTESIAN_POINT ( 'NONE',  ( 0.3999999999999995226, 0.5900000000000000799, -0.4000000000000000777 ) ) ;
#192 = DIRECTION ( 'NONE',  ( 1.000000000000000000, 0.000000000000000000, -0.000000000000000000 ) ) ;
#193 = DIRECTION ( 'NONE',  ( 0.000000000000000000, 0.000000000000000000, -1.000000000000000000 ) ) ;
#194 = ORIENTED_EDGE ( 'NONE', *, *, #212, .T. ) ;
#195 = EDGE_LOOP ( 'NONE', ( #520, #551, #1357, #347 ) ) ;
#196 = PRESENTATION_LAYER_ASSIGNMENT (  '', '', ( #1652 ) ) ;
#197 = DIRECTION ( 'NONE',  ( 1.445602896647339706E-15, 0.000000000000000000, 1.000000000000000000 ) ) ;
#198 = CARTESIAN_POINT ( 'NONE',  ( -0.6999999999999999556, -0.01000000000000002623, 0.2500000000000001110 ) ) ;
#199 = FILL_AREA_STYLE ('',( #1887 ) ) ;
#200 = ORIENTED_EDGE ( 'NONE', *, *, #38, .T. ) ;
#201 = CARTESIAN_POINT ( 'NONE',  ( 0.3999999999999996336, -0.01000000000000002623, 0.2500000000000001110 ) ) ;
#202 = DIRECTION ( 'NONE',  ( 0.000000000000000000, 1.000000000000000000, 0.000000000000000000 ) ) ;
#203 = ORIENTED_EDGE ( 'NONE', *, *, #963, .T. ) ;
#204 = CARTESIAN_POINT ( 'NONE',  ( 0.000000000000000000, 0.5810999999999999499, 0.000000000000000000 ) ) ;
#205 = ORIENTED_EDGE ( 'NONE', *, *, #189, .F. ) ;
#206 = DIRECTION ( 'NONE',  ( -1.000000000000000000, 0.000000000000000000, 1.084202172485503645E-15 ) ) ;
#207 = VECTOR ( 'NONE', #945, 1000.000000000000000 ) ;
#208 = PRESENTATION_LAYER_ASSIGNMENT (  '', '', ( #2121 ) ) ;
#209 = PRESENTATION_STYLE_ASSIGNMENT (( #44 ) ) ;
#210 = PRESENTATION_LAYER_ASSIGNMENT (  '', '', ( #1061 ) ) ;
#211 = CARTESIAN_POINT ( 'NONE',  ( 0.1499999999999996336, -0.01000000000000002623, 0.4000000000000001887 ) ) ;
#212 = EDGE_CURVE ( 'NONE', #1889, #1251, #771, .T. ) ;
#213 = LINE ( 'NONE', #46, #1623 ) ;
#214 = EDGE_CURVE ( 'NONE', #1846, #2050, #1114, .T. ) ;
#215 = CARTESIAN_POINT ( 'NONE',  ( 0.3999999999999996336, -0.01000000000000002623, 0.2500000000000001110 ) ) ;
#216 = ORIENTED_EDGE ( 'NONE', *, *, #146, .T. ) ;
#217 = FACE_OUTER_BOUND ( 'NONE', #235, .T. ) ;
#218 = EDGE_LOOP ( 'NONE', ( #1078, #1746, #1072, #1243, #1081, #1034, #42, #179 ) ) ;
#219 = DIRECTION ( 'NONE',  ( 0.000000000000000000, -0.000000000000000000, 1.000000000000000000 ) ) ;
#220 = CARTESIAN_POINT ( 'NONE',  ( -0.7000000000000001776, 0.000000000000000000, 0.2500000000000000000 ) ) ;
#221 = DIRECTION ( 'NONE',  ( 1.000000000000000000, 0.000000000000000000, -3.614007241618349264E-16 ) ) ;
#222 = VECTOR ( 'NONE', #1331, 1000.000000000000000 ) ;
#223 = ORIENTED_EDGE ( 'NONE', *, *, #863, .T. ) ;
#224 = DIRECTION ( 'NONE',  ( -1.000000000000000000, 0.000000000000000000, 3.614007241618350250E-16 ) ) ;
#225 = CARTESIAN_POINT ( 'NONE',  ( -0.6999999999999995115, 0.000000000000000000, -0.2900000000000010902 ) ) ;
#226 = EDGE_CURVE ( 'NONE', #1251, #1757, #1274, .T. ) ;
#227 = EDGE_CURVE ( 'NONE', #425, #1409, #1928, .T. ) ;
#228 = VERTEX_POINT ( 'NONE', #1446 ) ;
#229 = DIRECTION ( 'NONE',  ( -0.000000000000000000, -1.000000000000000000, -0.000000000000000000 ) ) ;
#230 = VERTEX_POINT ( 'NONE', #415 ) ;
#231 = CARTESIAN_POINT ( 'NONE',  ( -0.1500000000000001887, -0.01000000000000002623, -0.2500000000000001110 ) ) ;
#232 = DIRECTION ( 'NONE',  ( 0.000000000000000000, 0.000000000000000000, 1.000000000000000000 ) ) ;
#233 = VECTOR ( 'NONE', #1248, 1000.000000000000000 ) ;
#234 = DIRECTION ( 'NONE',  ( 0.000000000000000000, 1.000000000000000000, 0.000000000000000000 ) ) ;
#235 = EDGE_LOOP ( 'NONE', ( #1332, #585, #2031, #1639 ) ) ;
#236 = CARTESIAN_POINT ( 'NONE',  ( -0.6999999999999999556, 0.5799999999999999600, 0.3900000000000000688 ) ) ;
#237 = ORIENTED_EDGE ( 'NONE', *, *, #1920, .F. ) ;
#238 = EDGE_CURVE ( 'NONE', #1003, #1365, #614, .T. ) ;
#239 = CARTESIAN_POINT ( 'NONE',  ( 0.1499999999999996336, 0.5799999999999999600, 0.3900000000000000688 ) ) ;
#240 = PRODUCT_DEFINITION ( 'UNKNOWN', '', #1998, #986 ) ;
#241 = EDGE_CURVE ( 'NONE', #1620, #948, #785, .T. ) ;
#242 = EDGE_LOOP ( 'NONE', ( #1210, #1770, #1954, #414 ) ) ;
#243 = ADVANCED_FACE ( 'NONE', ( #908 ), #277, .F. ) ;
#244 =( GEOMETRIC_REPRESENTATION_CONTEXT ( 3 ) GLOBAL_UNCERTAINTY_ASSIGNED_CONTEXT ( ( #2092 ) ) GLOBAL_UNIT_ASSIGNED_CONTEXT ( ( #2086, #1888, #1751 ) ) REPRESENTATION_CONTEXT ( 'NONE', 'WORKASPACE' ) );
#245 = LINE ( 'NONE', #1426, #2055 ) ;
#246 = VECTOR ( 'NONE', #821, 1000.000000000000000 ) ;
#247 = CARTESIAN_POINT ( 'NONE',  ( -0.1500000000000000222, -0.01000000000000002623, 0.4000000000000002442 ) ) ;
#248 = VERTEX_POINT ( 'NONE', #955 ) ;
#249 = CARTESIAN_POINT ( 'NONE',  ( 0.6999999999999994005, 0.5900000000000000799, -0.2500000000000002220 ) ) ;
#250 =( GEOMETRIC_REPRESENTATION_CONTEXT ( 3 ) GLOBAL_UNCERTAINTY_ASSIGNED_CONTEXT ( ( #586 ) ) GLOBAL_UNIT_ASSIGNED_CONTEXT ( ( #1769, #1593, #626 ) ) REPRESENTATION_CONTEXT ( 'NONE', 'WORKASPACE' ) );
#251 = VECTOR ( 'NONE', #1971, 1000.000000000000000 ) ;
#252 = CARTESIAN_POINT ( 'NONE',  ( -0.7000000000000000666, -0.01000000000000002623, -0.4000000000000000777 ) ) ;
#253 = VERTEX_POINT ( 'NONE', #2117 ) ;
#254 = DIRECTION ( 'NONE',  ( 0.000000000000000000, 0.000000000000000000, -1.000000000000000000 ) ) ;
#255 = ORIENTED_EDGE ( 'NONE', *, *, #662, .T. ) ;
#256 = AXIS2_PLACEMENT_3D ( 'NONE', #2156, #1993, #306 ) ;
#257 = FACE_OUTER_BOUND ( 'NONE', #431, .T. ) ;
#258 = VECTOR ( 'NONE', #234, 1000.000000000000000 ) ;
#259 = LINE ( 'NONE', #1616, #1289 ) ;
#260 = LINE ( 'NONE', #1270, #1462 ) ;
#261 = EDGE_CURVE ( 'NONE', #1913, #1510, #2107, .T. ) ;
#262 = EDGE_CURVE ( 'NONE', #2028, #1721, #1798, .T. ) ;
#263 = CARTESIAN_POINT ( 'NONE',  ( 0.3999999999999996336, -0.01000000000000002623, 0.2500000000000001110 ) ) ;
#264 = DIRECTION ( 'NONE',  ( 0.000000000000000000, 0.000000000000000000, -1.000000000000000000 ) ) ;
#265 = EDGE_LOOP ( 'NONE', ( #1378, #216, #1794, #2078 ) ) ;
#266 = CARTESIAN_POINT ( 'NONE',  ( -0.5500000000000000444, 0.5810999999999999499, 0.1500000000000000777 ) ) ;
#267 = ORIENTED_EDGE ( 'NONE', *, *, #175, .F. ) ;
#268 = ORIENTED_EDGE ( 'NONE', *, *, #1319, .F. ) ;
#269 = CARTESIAN_POINT ( 'NONE',  ( 0.1499999999999996336, -0.01000000000000002623, -0.4000000000000001887 ) ) ;
#270 = DIRECTION ( 'NONE',  ( -0.000000000000000000, -1.000000000000000000, -0.000000000000000000 ) ) ;
#271 = SURFACE_STYLE_FILL_AREA ( #1111 ) ;
#272 = EDGE_CURVE ( 'NONE', #2165, #328, #1634, .T. ) ;
#273 = PLANE ( 'NONE',  #1032 ) ;
#274 = AXIS2_PLACEMENT_3D ( 'NONE', #927, #1097, #467 ) ;
#275 = VERTEX_POINT ( 'NONE', #1261 ) ;
#276 = EDGE_CURVE ( 'NONE', #721, #1273, #2097, .T. ) ;
#277 = PLANE ( 'NONE',  #1012 ) ;
#278 = VECTOR ( 'NONE', #2150, 1000.000000000000000 ) ;
#279 = VERTEX_POINT ( 'NONE', #1610 ) ;
#280 = DIRECTION ( 'NONE',  ( 3.614007241618350250E-16, -0.000000000000000000, 1.000000000000000000 ) ) ;
#281 = PLANE ( 'NONE',  #636 ) ;
#282 = EDGE_LOOP ( 'NONE', ( #582, #439, #70, #1362 ) ) ;
#283 = CARTESIAN_POINT ( 'NONE',  ( -0.6999999999999999556, -0.01000000000000002623, 0.2500000000000001110 ) ) ;
#284 = CARTESIAN_POINT ( 'NONE',  ( 0.000000000000000000, 0.5900000000000000799, 0.000000000000000000 ) ) ;
#285 = CARTESIAN_POINT ( 'NONE',  ( 0.6999999999999999556, 0.000000000000000000, -0.2500000000000006106 ) ) ;
#286 = VECTOR ( 'NONE', #35, 1000.000000000000000 ) ;
#287 = CARTESIAN_POINT ( 'NONE',  ( -0.5500000000000000444, 0.5799999999999999600, -0.1499999999999999112 ) ) ;
#288 = CARTESIAN_POINT ( 'NONE',  ( 0.6999999999999994005, -0.01000000000000002623, 0.2500000000000002220 ) ) ;
#289 = AXIS2_PLACEMENT_3D ( 'NONE', #357, #545, #192 ) ;
#290 = ORIENTED_EDGE ( 'NONE', *, *, #474, .F. ) ;
#291 = EDGE_CURVE ( 'NONE', #1014, #1889, #90, .T. ) ;
#292 = CARTESIAN_POINT ( 'NONE',  ( -0.7000000000000000666, -0.01000000000000002623, 0.4000000000000000777 ) ) ;
#293 = EDGE_LOOP ( 'NONE', ( #1911, #792, #695, #861, #60, #1542, #1557, #1195 ) ) ;
#294 = CARTESIAN_POINT ( 'NONE',  ( -0.7000000000000000666, -0.01000000000000002623, -0.4000000000000000777 ) ) ;
#295 = CARTESIAN_POINT ( 'NONE',  ( -0.5500000000000000444, 0.5799999999999999600, 0.1500000000000000500 ) ) ;
#296 = VECTOR ( 'NONE', #1410, 1000.000000000000000 ) ;
#297 = VECTOR ( 'NONE', #1654, 1000.000000000000000 ) ;
#298 = CARTESIAN_POINT ( 'NONE',  ( -0.1500000000000000777, 0.5799999999999999600, -0.1499999999999999667 ) ) ;
#299 = DIRECTION ( 'NONE',  ( -1.000000000000000000, 0.000000000000000000, 0.000000000000000000 ) ) ;
#300 = DIRECTION ( 'NONE',  ( 1.000000000000000000, 0.000000000000000000, -3.614007241618350250E-16 ) ) ;
#301 = EDGE_LOOP ( 'NONE', ( #936, #1153, #926, #1056 ) ) ;
#302 =( NAMED_UNIT ( * ) SI_UNIT ( $, .STERADIAN. ) SOLID_ANGLE_UNIT ( ) );
#303 = EDGE_CURVE ( 'NONE', #341, #81, #136, .T. ) ;
#304 = ORIENTED_EDGE ( 'NONE', *, *, #1432, .F. ) ;
#305 =( NAMED_UNIT ( * ) SI_UNIT ( $, .STERADIAN. ) SOLID_ANGLE_UNIT ( ) );
#306 = DIRECTION ( 'NONE',  ( 1.000000000000000000, 0.000000000000000000, 3.614007241618350250E-16 ) ) ;
#307 =( GEOMETRIC_REPRESENTATION_CONTEXT ( 3 ) GLOBAL_UNCERTAINTY_ASSIGNED_CONTEXT ( ( #1313 ) ) GLOBAL_UNIT_ASSIGNED_CONTEXT ( ( #406, #1890, #595 ) ) REPRESENTATION_CONTEXT ( 'NONE', 'WORKASPACE' ) );
#308 = PLANE ( 'NONE',  #786 ) ;
#309 = LINE ( 'NONE', #1964, #1673 ) ;
#310 = DIRECTION ( 'NONE',  ( 1.000000000000000000, 0.000000000000000000, -1.807003620809176111E-16 ) ) ;
#311 = CARTESIAN_POINT ( 'NONE',  ( 0.6999999999999999556, 0.5799999999999999600, -0.2900000000000000355 ) ) ;
#312 = CARTESIAN_POINT ( 'NONE',  ( -0.6999999999999999556, 0.5799999999999999600, 0.2900000000000000355 ) ) ;
#313 = ORIENTED_EDGE ( 'NONE', *, *, #419, .F. ) ;
#314 = CARTESIAN_POINT ( 'NONE',  ( 0.3999999999999996336, 0.5900000000000000799, -0.2500000000000001110 ) ) ;
#315 = PRESENTATION_STYLE_ASSIGNMENT (( #19 ) ) ;
#316 = ORIENTED_EDGE ( 'NONE', *, *, #799, .F. ) ;
#317 = EDGE_CURVE ( 'NONE', #527, #2035, #669, .T. ) ;
#318 = PLANE ( 'NONE',  #1307 ) ;
#319 = CARTESIAN_POINT ( 'NONE',  ( 0.1499999999999996336, 0.000000000000000000, -0.2500000000000002220 ) ) ;
#320 = LINE ( 'NONE', #335, #1571 ) ;
#321 = DIRECTION ( 'NONE',  ( -0.000000000000000000, -1.000000000000000000, -0.000000000000000000 ) ) ;
#322 = UNCERTAINTY_MEASURE_WITH_UNIT (LENGTH_MEASURE( 1.000000000000000082E-05 ), #1359, 'distance_accuracy_value', 'NONE');
#323 = CARTESIAN_POINT ( 'NONE',  ( 0.3999999999999998557, 0.5799999999999999600, 0.3900000000000000688 ) ) ;
#324 = PRESENTATION_LAYER_ASSIGNMENT (  '', '', ( #1057 ) ) ;
#325 = ORIENTED_EDGE ( 'NONE', *, *, #401, .T. ) ;
#326 = LINE ( 'NONE', #499, #1876 ) ;
#327 = CARTESIAN_POINT ( 'NONE',  ( -0.4000000000000001887, 0.5900000000000000799, -0.2500000000000002220 ) ) ;
#328 = VERTEX_POINT ( 'NONE', #1644 ) ;
#329 = DIRECTION ( 'NONE',  ( 0.000000000000000000, 0.000000000000000000, -1.000000000000000000 ) ) ;
#330 = UNCERTAINTY_MEASURE_WITH_UNIT (LENGTH_MEASURE( 1.000000000000000082E-05 ), #1091, 'distance_accuracy_value', 'NONE');
#331 = DIRECTION ( 'NONE',  ( 1.084202172485503645E-15, 0.000000000000000000, 1.000000000000000000 ) ) ;
#332 = EDGE_CURVE ( 'NONE', #756, #1018, #1679, .T. ) ;
#333 = LINE ( 'NONE', #1146, #128 ) ;
#334 = AXIS2_PLACEMENT_3D ( 'NONE', #101, #968, #2130 ) ;
#335 = CARTESIAN_POINT ( 'NONE',  ( 0.1499999999999996336, 0.000000000000000000, -0.2900000000000000355 ) ) ;
#336 = VERTEX_POINT ( 'NONE', #1490 ) ;
#337 = FILL_AREA_STYLE ('',( #818 ) ) ;
#338 = VERTEX_POINT ( 'NONE', #147 ) ;
#339 = PRESENTATION_STYLE_ASSIGNMENT (( #876 ) ) ;
#340 = LINE ( 'NONE', #1685, #1060 ) ;
#341 = VERTEX_POINT ( 'NONE', #490 ) ;
#342 = CARTESIAN_POINT ( 'NONE',  ( -0.6999999999999999556, -0.01000000000000002623, 0.2500000000000001110 ) ) ;
#343 = LINE ( 'NONE', #471, #1576 ) ;
#344 = EDGE_CURVE ( 'NONE', #1695, #1898, #803, .T. ) ;
#345 = CARTESIAN_POINT ( 'NONE',  ( 0.6999999999999994005, 0.5799999999999999600, -0.2500000000000002220 ) ) ;
#346 = EDGE_CURVE ( 'NONE', #1788, #1837, #2170, .T. ) ;
#347 = ORIENTED_EDGE ( 'NONE', *, *, #2064, .T. ) ;
#348 = ADVANCED_FACE ( 'NONE', ( #2021 ), #1845, .T. ) ;
#349 = FACE_OUTER_BOUND ( 'NONE', #301, .T. ) ;
#350 = VERTEX_POINT ( 'NONE', #319 ) ;
#351 = DIRECTION ( 'NONE',  ( 0.000000000000000000, 1.000000000000000000, 0.000000000000000000 ) ) ;
#352 = VECTOR ( 'NONE', #611, 1000.000000000000000 ) ;
#353 = CARTESIAN_POINT ( 'NONE',  ( 0.6999999999999994005, -0.01000000000000002623, -0.4000000000000001887 ) ) ;
#354 = LINE ( 'NONE', #1531, #1299 ) ;
#355 = VERTEX_POINT ( 'NONE', #835 ) ;
#356 = CARTESIAN_POINT ( 'NONE',  ( 0.6999999999999994005, 0.5900000000000000799, -0.2500000000000002220 ) ) ;
#357 = CARTESIAN_POINT ( 'NONE',  ( -0.6999999999999999556, 0.5799999999999999600, -0.3900000000000000688 ) ) ;
#358 = ORIENTED_EDGE ( 'NONE', *, *, #1052, .F. ) ;
#359 = ORIENTED_EDGE ( 'NONE', *, *, #1920, .T. ) ;
#360 = PLANE ( 'NONE',  #1697 ) ;
#361 = LINE ( 'NONE', #654, #1730 ) ;
#362 = ORIENTED_EDGE ( 'NONE', *, *, #9, .F. ) ;
#363 = COLOUR_RGB ( '',1.000000000000000000, 1.000000000000000000, 1.000000000000000000 ) ;
#364 = VECTOR ( 'NONE', #1405, 1000.000000000000000 ) ;
#365 = VERTEX_POINT ( 'NONE', #813 ) ;
#366 = LINE ( 'NONE', #568, #1129 ) ;
#367 = ORIENTED_EDGE ( 'NONE', *, *, #563, .F. ) ;
#368 = DIRECTION ( 'NONE',  ( 0.000000000000000000, 0.000000000000000000, -1.000000000000000000 ) ) ;
#369 = ORIENTED_EDGE ( 'NONE', *, *, #473, .T. ) ;
#370 = ORIENTED_EDGE ( 'NONE', *, *, #303, .F. ) ;
#371 = SURFACE_STYLE_USAGE ( .BOTH. , #1878 ) ;
#372 = VERTEX_POINT ( 'NONE', #1666 ) ;
#373 = CARTESIAN_POINT ( 'NONE',  ( 0.1499999999999996336, -0.01000000000000002623, -0.4000000000000001887 ) ) ;
#374 = ORIENTED_EDGE ( 'NONE', *, *, #562, .T. ) ;
#375 = EDGE_CURVE ( 'NONE', #559, #714, #1505, .T. ) ;
#376 = DIRECTION ( 'NONE',  ( 0.000000000000000000, 1.000000000000000000, 0.000000000000000000 ) ) ;
#377 = ADVANCED_FACE ( 'NONE', ( #1180 ), #1001, .T. ) ;
#378 = DIRECTION ( 'NONE',  ( 1.000000000000000000, 0.000000000000000000, -1.807003620809176111E-16 ) ) ;
#379 = LINE ( 'NONE', #1219, #1835 ) ;
#380 = PLANE ( 'NONE',  #1629 ) ;
#381 = ORIENTED_EDGE ( 'NONE', *, *, #799, .T. ) ;
#382 = VECTOR ( 'NONE', #1372, 1000.000000000000000 ) ;
#383 = FILL_AREA_STYLE ('',( #1899 ) ) ;
#384 = PRESENTATION_STYLE_ASSIGNMENT (( #574 ) ) ;
#385 = ORIENTED_EDGE ( 'NONE', *, *, #2052, .F. ) ;
#386 = CARTESIAN_POINT ( 'NONE',  ( 0.000000000000000000, 0.5900000000000000799, 0.000000000000000000 ) ) ;
#387 = VECTOR ( 'NONE', #994, 1000.000000000000000 ) ;
#388 = STYLED_ITEM ( 'NONE', ( #422 ), #1974 ) ;
#389 = CARTESIAN_POINT ( 'NONE',  ( 0.3999999999999996336, 0.5900000000000000799, 0.2500000000000001110 ) ) ;
#390 = LINE ( 'NONE', #79, #1106 ) ;
#391 = EDGE_LOOP ( 'NONE', ( #304, #1320, #1212, #872 ) ) ;
#392 = DIRECTION ( 'NONE',  ( 0.000000000000000000, 0.000000000000000000, -1.000000000000000000 ) ) ;
#393 = CARTESIAN_POINT ( 'NONE',  ( -0.1500000000000000777, 0.000000000000000000, 0.3900000000000000688 ) ) ;
#394 = ORIENTED_EDGE ( 'NONE', *, *, #375, .T. ) ;
#395 = VECTOR ( 'NONE', #1970, 1000.000000000000000 ) ;
#396 = FILL_AREA_STYLE_COLOUR ( '', #107 ) ;
#397 = ORIENTED_EDGE ( 'NONE', *, *, #1508, .T. ) ;
#398 = LINE ( 'NONE', #1595, #1104 ) ;
#399 = ORIENTED_EDGE ( 'NONE', *, *, #610, .F. ) ;
#400 = CARTESIAN_POINT ( 'NONE',  ( -0.6999999999999999556, -0.01000000000000002623, -0.2500000000000001110 ) ) ;
#401 = EDGE_CURVE ( 'NONE', #188, #1957, #343, .T. ) ;
#402 = DIRECTION ( 'NONE',  ( -1.445602896647339706E-15, 0.000000000000000000, -1.000000000000000000 ) ) ;
#403 = EDGE_CURVE ( 'NONE', #253, #1788, #1166, .T. ) ;
#404 = ORIENTED_EDGE ( 'NONE', *, *, #631, .T. ) ;
#405 = EDGE_CURVE ( 'NONE', #478, #338, #2006, .T. ) ;
#406 =( LENGTH_UNIT ( ) NAMED_UNIT ( * ) SI_UNIT ( .MILLI., .METRE. ) );
#407 = DIRECTION ( 'NONE',  ( 1.000000000000000000, 0.000000000000000000, 3.614007241618350250E-16 ) ) ;
#408 = EDGE_LOOP ( 'NONE', ( #1076, #868, #743, #313 ) ) ;
#409 = CARTESIAN_POINT ( 'NONE',  ( 0.6999999999999999556, 0.000000000000000000, -0.2500000000000004441 ) ) ;
#410 = STYLED_ITEM ( 'NONE', ( #1861 ), #581 ) ;
#411 = CARTESIAN_POINT ( 'NONE',  ( -0.1500000000000000222, 0.5810999999999999499, -0.1499999999999999667 ) ) ;
#412 = VECTOR ( 'NONE', #592, 1000.000000000000000 ) ;
#413 = CARTESIAN_POINT ( 'NONE',  ( 0.6999999999999999556, 0.5799999999999999600, -0.3900000000000000688 ) ) ;
#414 = ORIENTED_EDGE ( 'NONE', *, *, #214, .T. ) ;
#415 = CARTESIAN_POINT ( 'NONE',  ( -0.1500000000000000222, 0.5810999999999999499, 0.1500000000000000500 ) ) ;
#416 = EDGE_LOOP ( 'NONE', ( #1345, #200, #833, #993 ) ) ;
#417 = CARTESIAN_POINT ( 'NONE',  ( -0.6999999999999999556, 0.000000000000000000, -0.2500000000000001110 ) ) ;
#418 = DIRECTION ( 'NONE',  ( 0.000000000000000000, 1.000000000000000000, 0.000000000000000000 ) ) ;
#419 = EDGE_CURVE ( 'NONE', #478, #2028, #333, .T. ) ;
#420 = EDGE_LOOP ( 'NONE', ( #362, #1802, #1528, #68, #141, #1463, #1105, #933 ) ) ;
#421 = LINE ( 'NONE', #409, #1030 ) ;
#422 = PRESENTATION_STYLE_ASSIGNMENT (( #1916 ) ) ;
#423 = VECTOR ( 'NONE', #1217, 1000.000000000000000 ) ;
#424 = CARTESIAN_POINT ( 'NONE',  ( -0.1500000000000000222, 0.5810999999999999499, 0.1500000000000000500 ) ) ;
#425 = VERTEX_POINT ( 'NONE', #1821 ) ;
#426 = CARTESIAN_POINT ( 'NONE',  ( 0.6999999999999997335, 0.000000000000000000, 0.2500000000000003886 ) ) ;
#427 = AXIS2_PLACEMENT_3D ( 'NONE', #442, #1793, #1627 ) ;
#428 = COLOUR_RGB ( '',1.000000000000000000, 1.000000000000000000, 1.000000000000000000 ) ;
#429 = CARTESIAN_POINT ( 'NONE',  ( 0.1499999999999996336, 0.000000000000000000, -0.2900000000000000355 ) ) ;
#430 = VERTEX_POINT ( 'NONE', #978 ) ;
#431 = EDGE_LOOP ( 'NONE', ( #1943, #819, #1906, #1388, #1502, #1497, #385, #1224 ) ) ;
#432 = AXIS2_PLACEMENT_3D ( 'NONE', #386, #576, #75 ) ;
#433 = EDGE_CURVE ( 'NONE', #1036, #596, #1655, .T. ) ;
#434 = AXIS2_PLACEMENT_3D ( 'NONE', #1775, #1738, #264 ) ;
#435 = EDGE_CURVE ( 'NONE', #1677, #686, #1997, .T. ) ;
#436 =( NAMED_UNIT ( * ) PLANE_ANGLE_UNIT ( ) SI_UNIT ( $, .RADIAN. ) );
#437 = FILL_AREA_STYLE_COLOUR ( '', #957 ) ;
#438 = SURFACE_SIDE_STYLE ('',( #135 ) ) ;
#439 = ORIENTED_EDGE ( 'NONE', *, *, #1578, .T. ) ;
#440 = FACE_OUTER_BOUND ( 'NONE', #591, .T. ) ;
#441 = ORIENTED_EDGE ( 'NONE', *, *, #1110, .F. ) ;
#442 = CARTESIAN_POINT ( 'NONE',  ( -0.6999999999999999556, -0.01000000000000002623, -0.2500000000000001110 ) ) ;
#443 = VERTEX_POINT ( 'NONE', #1771 ) ;
#444 = VECTOR ( 'NONE', #1933, 1000.000000000000000 ) ;
#445 = CARTESIAN_POINT ( 'NONE',  ( -0.1500000000000002720, 0.000000000000000000, -0.3900000000000000688 ) ) ;
#446 = CARTESIAN_POINT ( 'NONE',  ( -0.8000000000000000444, 0.000000000000000000, 0.2900000000000000355 ) ) ;
#447 = DIRECTION ( 'NONE',  ( 1.000000000000000000, 0.000000000000000000, -3.614007241618347292E-16 ) ) ;
#448 = DIRECTION ( 'NONE',  ( 0.000000000000000000, 1.000000000000000000, 0.000000000000000000 ) ) ;
#449 = PRESENTATION_LAYER_ASSIGNMENT (  '', '', ( #2036 ) ) ;
#450 = EDGE_CURVE ( 'NONE', #1025, #1681, #259, .T. ) ;
#451 = CARTESIAN_POINT ( 'NONE',  ( -0.1500000000000001887, -0.01000000000000002623, 0.2500000000000001110 ) ) ;
#452 = VECTOR ( 'NONE', #506, 1000.000000000000000 ) ;
#453 = CARTESIAN_POINT ( 'NONE',  ( -0.4000000000000007438, 0.000000000000000000, -0.2899999999999984812 ) ) ;
#454 = ORIENTED_EDGE ( 'NONE', *, *, #1799, .F. ) ;
#455 = CARTESIAN_POINT ( 'NONE',  ( 0.1499999999999996336, 0.5900000000000000799, 0.2500000000000002220 ) ) ;
#456 = ORIENTED_EDGE ( 'NONE', *, *, #1052, .T. ) ;
#457 = DIRECTION ( 'NONE',  ( 1.000000000000000000, 0.000000000000000000, -3.614007241618347292E-16 ) ) ;
#458 = FACE_OUTER_BOUND ( 'NONE', #1422, .T. ) ;
#459 = CARTESIAN_POINT ( 'NONE',  ( 0.1499999999999996336, 0.5799999999999999600, -0.3900000000000000688 ) ) ;
#460 = CARTESIAN_POINT ( 'NONE',  ( -0.7000000000000000666, -0.01000000000000002623, 0.4000000000000000777 ) ) ;
#461 = EDGE_CURVE ( 'NONE', #721, #443, #1474, .T. ) ;
#462 = PRODUCT ( 'DPX167125DT-8197B1', 'DPX167125DT-8197B1', '', ( #867 ) ) ;
#463 = ORIENTED_EDGE ( 'NONE', *, *, #1841, .F. ) ;
#464 =( GEOMETRIC_REPRESENTATION_CONTEXT ( 3 ) GLOBAL_UNCERTAINTY_ASSIGNED_CONTEXT ( ( #72 ) ) GLOBAL_UNIT_ASSIGNED_CONTEXT ( ( #550, #18, #1722 ) ) REPRESENTATION_CONTEXT ( 'NONE', 'WORKASPACE' ) );
#465 = DIRECTION ( 'NONE',  ( -0.000000000000000000, -1.000000000000000000, -0.000000000000000000 ) ) ;
#466 = ORIENTED_EDGE ( 'NONE', *, *, #1665, .T. ) ;
#467 = DIRECTION ( 'NONE',  ( -1.000000000000000000, 0.000000000000000000, 6.776263578034402713E-17 ) ) ;
#468 = PRESENTATION_STYLE_ASSIGNMENT (( #2127 ) ) ;
#469 = STYLED_ITEM ( 'NONE', ( #468 ), #1451 ) ;
#470 = PRESENTATION_STYLE_ASSIGNMENT (( #810 ) ) ;
#471 = CARTESIAN_POINT ( 'NONE',  ( 0.1499999999999996336, 0.5900000000000000799, -0.2500000000000002220 ) ) ;
#472 = ORIENTED_EDGE ( 'NONE', *, *, #291, .F. ) ;
#473 = EDGE_CURVE ( 'NONE', #1204, #1242, #1640, .T. ) ;
#474 = EDGE_CURVE ( 'NONE', #1889, #1267, #1804, .T. ) ;
#475 = ORIENTED_EDGE ( 'NONE', *, *, #1716, .T. ) ;
#476 = CARTESIAN_POINT ( 'NONE',  ( -0.5500000000000000444, 0.5810999999999999499, -0.1499999999999999112 ) ) ;
#477 = CARTESIAN_POINT ( 'NONE',  ( -0.3999999999999996891, -0.01000000000000002623, 0.3999999999999999667 ) ) ;
#478 = VERTEX_POINT ( 'NONE', #1425 ) ;
#479 = DIRECTION ( 'NONE',  ( 1.000000000000000000, -0.000000000000000000, 0.000000000000000000 ) ) ;
#480 = FACE_OUTER_BOUND ( 'NONE', #784, .T. ) ;
#481 = DIRECTION ( 'NONE',  ( 7.228014483236698528E-16, 0.000000000000000000, 1.000000000000000000 ) ) ;
#482 = DIRECTION ( 'NONE',  ( 0.000000000000000000, 1.000000000000000000, -0.000000000000000000 ) ) ;
#483 = LINE ( 'NONE', #323, #118 ) ;
#484 = ORIENTED_EDGE ( 'NONE', *, *, #865, .T. ) ;
#485 = PLANE ( 'NONE',  #1526 ) ;
#486 = SURFACE_SIDE_STYLE ('',( #6 ) ) ;
#487 = FILL_AREA_STYLE_COLOUR ( '', #2087 ) ;
#488 = EDGE_LOOP ( 'NONE', ( #484, #138, #1140, #2032, #1766, #667, #2134, #1590 ) ) ;
#489 = CARTESIAN_POINT ( 'NONE',  ( -0.8000000000000000444, 0.5799999999999999600, -0.2900000000000000355 ) ) ;
#490 = CARTESIAN_POINT ( 'NONE',  ( -0.3999999999999996891, 0.5799999999999999600, 0.3900000000000000688 ) ) ;
#491 = VECTOR ( 'NONE', #1393, 1000.000000000000000 ) ;
#492 = CARTESIAN_POINT ( 'NONE',  ( 0.6999999999999994005, -0.01000000000000002623, -0.2500000000000002220 ) ) ;
#493 = CARTESIAN_POINT ( 'NONE',  ( -0.6999999999999999556, 0.5799999999999999600, -0.3900000000000000688 ) ) ;
#494 = UNCERTAINTY_MEASURE_WITH_UNIT (LENGTH_MEASURE( 1.000000000000000082E-05 ), #1774, 'distance_accuracy_value', 'NONE');
#495 = CARTESIAN_POINT ( 'NONE',  ( -0.8000000000000000444, 0.5799999999999999600, 0.2900000000000000355 ) ) ;
#496 = VECTOR ( 'NONE', #996, 1000.000000000000000 ) ;
#497 = ORIENTED_EDGE ( 'NONE', *, *, #1226, .T. ) ;
#498 = CIRCLE ( 'NONE', #1271, 0.1000000000000000194 ) ;
#499 = CARTESIAN_POINT ( 'NONE',  ( 0.8000000000000001554, 0.5799999999999999600, 0.2900000000000000355 ) ) ;
#500 = DIRECTION ( 'NONE',  ( 1.000000000000000000, 0.000000000000000000, 0.000000000000000000 ) ) ;
#501 = DIRECTION ( 'NONE',  ( 3.614007241618349264E-16, -0.000000000000000000, 1.000000000000000000 ) ) ;
#502 = ORIENTED_EDGE ( 'NONE', *, *, #1213, .T. ) ;
#503 = ADVANCED_FACE ( 'NONE', ( #587 ), #796, .F. ) ;
#504 = ADVANCED_FACE ( 'NONE', ( #1605 ), #1961, .F. ) ;
#505 = DIRECTION ( 'NONE',  ( 7.228014483236698528E-16, 0.000000000000000000, -1.000000000000000000 ) ) ;
#506 = DIRECTION ( 'NONE',  ( 0.000000000000000000, 0.000000000000000000, -1.000000000000000000 ) ) ;
#507 = VECTOR ( 'NONE', #1296, 1000.000000000000000 ) ;
#508 = DIRECTION ( 'NONE',  ( -0.000000000000000000, -1.000000000000000000, -0.000000000000000000 ) ) ;
#509 = ORIENTED_EDGE ( 'NONE', *, *, #929, .T. ) ;
#510 = DIRECTION ( 'NONE',  ( 0.000000000000000000, 1.000000000000000000, 0.000000000000000000 ) ) ;
#511 = ORIENTED_EDGE ( 'NONE', *, *, #317, .T. ) ;
#512 = FACE_OUTER_BOUND ( 'NONE', #169, .T. ) ;
#513 = PLANE ( 'NONE',  #683 ) ;
#514 = ORIENTED_EDGE ( 'NONE', *, *, #276, .T. ) ;
#515 = LINE ( 'NONE', #524, #148 ) ;
#516 = APPLICATION_CONTEXT ( 'automotive_design' ) ;
#517 = EDGE_CURVE ( 'NONE', #1824, #1251, #1142, .T. ) ;
#518 = ORIENTED_EDGE ( 'NONE', *, *, #865, .F. ) ;
#519 = ORIENTED_EDGE ( 'NONE', *, *, #797, .F. ) ;
#520 = ORIENTED_EDGE ( 'NONE', *, *, #1093, .T. ) ;
#521 = AXIS2_PLACEMENT_3D ( 'NONE', #115, #1418, #1293 ) ;
#522 = DIRECTION ( 'NONE',  ( 1.000000000000000000, 0.000000000000000000, -3.614007241618349264E-16 ) ) ;
#523 = ORIENTED_EDGE ( 'NONE', *, *, #77, .T. ) ;
#524 = CARTESIAN_POINT ( 'NONE',  ( 0.6999999999999999556, 0.000000000000000000, -0.2500000000000002220 ) ) ;
#525 = VECTOR ( 'NONE', #828, 1000.000000000000000 ) ;
#526 = CARTESIAN_POINT ( 'NONE',  ( -0.3999999999999999112, -0.01000000000000002623, 0.2500000000000000000 ) ) ;
#527 = VERTEX_POINT ( 'NONE', #445 ) ;
#528 = AXIS2_PLACEMENT_3D ( 'NONE', #236, #737, #869 ) ;
#529 = VERTEX_POINT ( 'NONE', #1455 ) ;
#530 = VECTOR ( 'NONE', #92, 1000.000000000000000 ) ;
#531 = CARTESIAN_POINT ( 'NONE',  ( -0.8000000000000000444, 0.5799999999999999600, 0.2900000000000000355 ) ) ;
#532 = ORIENTED_EDGE ( 'NONE', *, *, #36, .T. ) ;
#533 = VECTOR ( 'NONE', #59, 1000.000000000000000 ) ;
#534 = AXIS2_PLACEMENT_3D ( 'NONE', #1469, #1995, #612 ) ;
#535 = FACE_OUTER_BOUND ( 'NONE', #1545, .T. ) ;
#536 = VECTOR ( 'NONE', #1162, 1000.000000000000000 ) ;
#537 = LINE ( 'NONE', #201, #670 ) ;
#538 = VECTOR ( 'NONE', #2158, 1000.000000000000000 ) ;
#539 = ORIENTED_EDGE ( 'NONE', *, *, #1756, .T. ) ;
#540 = EDGE_CURVE ( 'NONE', #1612, #2132, #757, .T. ) ;
#541 = PLANE ( 'NONE',  #1591 ) ;
#542 = EDGE_CURVE ( 'NONE', #714, #1957, #2113, .T. ) ;
#543 = ORIENTED_EDGE ( 'NONE', *, *, #401, .F. ) ;
#544 = CARTESIAN_POINT ( 'NONE',  ( -0.3999999999999999112, -0.01000000000000002623, 0.2500000000000000000 ) ) ;
#545 = DIRECTION ( 'NONE',  ( 0.000000000000000000, 0.000000000000000000, 1.000000000000000000 ) ) ;
#546 =( NAMED_UNIT ( * ) SI_UNIT ( $, .STERADIAN. ) SOLID_ANGLE_UNIT ( ) );
#547 = DIRECTION ( 'NONE',  ( 1.000000000000000000, 0.000000000000000000, -1.807003620809176111E-16 ) ) ;
#548 = CARTESIAN_POINT ( 'NONE',  ( 0.6999999999999994005, -0.01000000000000002623, 0.2500000000000002220 ) ) ;
#549 = EDGE_LOOP ( 'NONE', ( #1776, #514, #316, #823 ) ) ;
#550 =( LENGTH_UNIT ( ) NAMED_UNIT ( * ) SI_UNIT ( .MILLI., .METRE. ) );
#551 = ORIENTED_EDGE ( 'NONE', *, *, #1374, .T. ) ;
#552 = VECTOR ( 'NONE', #1133, 1000.000000000000000 ) ;
#553 = EDGE_CURVE ( 'NONE', #981, #1036, #97, .T. ) ;
#554 = DIRECTION ( 'NONE',  ( 0.000000000000000000, 0.000000000000000000, -1.000000000000000000 ) ) ;
#555 = CARTESIAN_POINT ( 'NONE',  ( -0.1500000000000000222, 0.5799999999999999600, 0.1500000000000000500 ) ) ;
#556 = PLANE ( 'NONE',  #104 ) ;
#557 = ORIENTED_EDGE ( 'NONE', *, *, #1883, .T. ) ;
#558 = PLANE ( 'NONE',  #1662 ) ;
#559 = VERTEX_POINT ( 'NONE', #949 ) ;
#560 = FACE_OUTER_BOUND ( 'NONE', #840, .T. ) ;
#561 = VECTOR ( 'NONE', #866, 1000.000000000000000 ) ;
#562 = EDGE_CURVE ( 'NONE', #1014, #1677, #1467, .T. ) ;
#563 = EDGE_CURVE ( 'NONE', #1863, #158, #1130, .T. ) ;
#564 = SURFACE_STYLE_FILL_AREA ( #1400 ) ;
#565 = LINE ( 'NONE', #1586, #1141 ) ;
#566 = ADVANCED_FACE ( 'NONE', ( #1512 ), #1160, .F. ) ;
#567 = ORIENTED_EDGE ( 'NONE', *, *, #607, .F. ) ;
#568 = CARTESIAN_POINT ( 'NONE',  ( -0.1500000000000000222, -0.01000000000000002623, 0.4000000000000002442 ) ) ;
#569 = LINE ( 'NONE', #453, #1765 ) ;
#570 = AXIS2_PLACEMENT_3D ( 'NONE', #1083, #43, #554 ) ;
#571 = VERTEX_POINT ( 'NONE', #1839 ) ;
#572 = STYLED_ITEM ( 'NONE', ( #470 ), #1136 ) ;
#573 = PRESENTATION_LAYER_ASSIGNMENT (  '', '', ( #1239 ) ) ;
#574 = SURFACE_STYLE_USAGE ( .BOTH. , #1408 ) ;
#575 = ORIENTED_EDGE ( 'NONE', *, *, #1825, .F. ) ;
#576 = DIRECTION ( 'NONE',  ( -0.000000000000000000, 1.000000000000000000, 0.000000000000000000 ) ) ;
#577 = CARTESIAN_POINT ( 'NONE',  ( 0.1499999999999996336, -0.01000000000000002623, 0.2500000000000002220 ) ) ;
#578 = ORIENTED_EDGE ( 'NONE', *, *, #238, .T. ) ;
#579 = CARTESIAN_POINT ( 'NONE',  ( -0.1500000000000000222, 0.5810999999999999499, -0.1499999999999999667 ) ) ;
#580 = EDGE_CURVE ( 'NONE', #1824, #2058, #678, .T. ) ;
#581 = ADVANCED_FACE ( 'NONE', ( #1185 ), #360, .F. ) ;
#582 = ORIENTED_EDGE ( 'NONE', *, *, #1787, .T. ) ;
#583 = CARTESIAN_POINT ( 'NONE',  ( 0.1499999999999996336, 0.5799999999999999600, -0.2900000000000000355 ) ) ;
#584 = LINE ( 'NONE', #1092, #1098 ) ;
#585 = ORIENTED_EDGE ( 'NONE', *, *, #1040, .T. ) ;
#586 = UNCERTAINTY_MEASURE_WITH_UNIT (LENGTH_MEASURE( 1.000000000000000082E-05 ), #1769, 'distance_accuracy_value', 'NONE');
#587 = FACE_OUTER_BOUND ( 'NONE', #1922, .T. ) ;
#588 = DIRECTION ( 'NONE',  ( -1.084202172485503645E-15, 0.000000000000000000, -1.000000000000000000 ) ) ;
#589 = COLOUR_RGB ( '',1.000000000000000000, 0.5019607843137254832, 0.5019607843137254832 ) ;
#590 = FACE_OUTER_BOUND ( 'NONE', #619, .T. ) ;
#591 = EDGE_LOOP ( 'NONE', ( #290, #194, #663, #601 ) ) ;
#592 = DIRECTION ( 'NONE',  ( 0.000000000000000000, 1.000000000000000000, -0.000000000000000000 ) ) ;
#593 = CARTESIAN_POINT ( 'NONE',  ( -0.1500000000000001887, 0.5900000000000000799, 0.2500000000000001110 ) ) ;
#594 = VERTEX_POINT ( 'NONE', #476 ) ;
#595 =( NAMED_UNIT ( * ) SI_UNIT ( $, .STERADIAN. ) SOLID_ANGLE_UNIT ( ) );
#596 = VERTEX_POINT ( 'NONE', #353 ) ;
#597 = SURFACE_STYLE_FILL_AREA ( #939 ) ;
#598 = LINE ( 'NONE', #555, #674 ) ;
#599 = AXIS2_PLACEMENT_3D ( 'NONE', #1856, #1370, #1562 ) ;
#600 = DIRECTION ( 'NONE',  ( 1.000000000000000000, 0.000000000000000000, -3.614007241618343347E-16 ) ) ;
#601 = ORIENTED_EDGE ( 'NONE', *, *, #1680, .F. ) ;
#602 = DIRECTION ( 'NONE',  ( 0.000000000000000000, 1.000000000000000000, 0.000000000000000000 ) ) ;
#603 = VECTOR ( 'NONE', #500, 1000.000000000000000 ) ;
#604 = VECTOR ( 'NONE', #2164, 1000.000000000000000 ) ;
#605 = ORIENTED_EDGE ( 'NONE', *, *, #2083, .T. ) ;
#606 = FACE_OUTER_BOUND ( 'NONE', #1450, .T. ) ;
#607 = EDGE_CURVE ( 'NONE', #1788, #158, #1827, .T. ) ;
#608 = ORIENTED_EDGE ( 'NONE', *, *, #22, .F. ) ;
#609 = AXIS2_PLACEMENT_3D ( 'NONE', #112, #1962, #2147 ) ;
#610 = EDGE_CURVE ( 'NONE', #1018, #355, #665, .T. ) ;
#611 = DIRECTION ( 'NONE',  ( -1.000000000000000000, 0.000000000000000000, 3.614007241618350250E-16 ) ) ;
#612 = DIRECTION ( 'NONE',  ( 0.000000000000000000, 0.000000000000000000, -1.000000000000000000 ) ) ;
#613 = CARTESIAN_POINT ( 'NONE',  ( 0.1499999999999996336, 0.5799999999999999600, 0.2500000000000002776 ) ) ;
#614 = LINE ( 'NONE', #2141, #552 ) ;
#615 = LINE ( 'NONE', #1283, #207 ) ;
#616 = ORIENTED_EDGE ( 'NONE', *, *, #2173, .T. ) ;
#617 = SURFACE_SIDE_STYLE ('',( #1254 ) ) ;
#618 = VECTOR ( 'NONE', #1768, 1000.000000000000000 ) ;
#619 = EDGE_LOOP ( 'NONE', ( #1879, #1979, #2002, #2069 ) ) ;
#620 = CARTESIAN_POINT ( 'NONE',  ( 0.6999999999999999556, 0.5799999999999999600, -0.3900000000000000688 ) ) ;
#621 = CYLINDRICAL_SURFACE ( 'NONE', #1848, 0.09999999999999999167 ) ;
#622 = CARTESIAN_POINT ( 'NONE',  ( -0.1500000000000001887, -0.01000000000000002623, 0.2500000000000001110 ) ) ;
#623 = DIRECTION ( 'NONE',  ( 0.000000000000000000, 0.000000000000000000, -1.000000000000000000 ) ) ;
#624 = VECTOR ( 'NONE', #300, 1000.000000000000000 ) ;
#625 = ORIENTED_EDGE ( 'NONE', *, *, #1492, .T. ) ;
#626 =( NAMED_UNIT ( * ) SI_UNIT ( $, .STERADIAN. ) SOLID_ANGLE_UNIT ( ) );
#627 = ORIENTED_EDGE ( 'NONE', *, *, #214, .F. ) ;
#628 =( LENGTH_UNIT ( ) NAMED_UNIT ( * ) SI_UNIT ( .MILLI., .METRE. ) );
#629 = SURFACE_STYLE_USAGE ( .BOTH. , #159 ) ;
#630 = CIRCLE ( 'NONE', #1337, 0.1000000000000001027 ) ;
#631 = EDGE_CURVE ( 'NONE', #1047, #1397, #144, .T. ) ;
#632 = EDGE_CURVE ( 'NONE', #230, #279, #340, .T. ) ;
#633 = CARTESIAN_POINT ( 'NONE',  ( 0.000000000000000000, 0.5900000000000000799, 0.000000000000000000 ) ) ;
#634 = EDGE_CURVE ( 'NONE', #529, #1885, #901, .T. ) ;
#635 = PRODUCT_DEFINITION_SHAPE ( 'NONE', 'NONE',  #240 ) ;
#636 = AXIS2_PLACEMENT_3D ( 'NONE', #1108, #1959, #69 ) ;
#637 = AXIS2_PLACEMENT_3D ( 'NONE', #1356, #1007, #2027 ) ;
#638 = ORIENTED_EDGE ( 'NONE', *, *, #1279, .F. ) ;
#639 = LINE ( 'NONE', #1318, #33 ) ;
#640 = ORIENTED_EDGE ( 'NONE', *, *, #473, .F. ) ;
#641 = FILL_AREA_STYLE_COLOUR ( '', #1176 ) ;
#642 = ORIENTED_EDGE ( 'NONE', *, *, #1179, .F. ) ;
#643 = VECTOR ( 'NONE', #1236, 1000.000000000000000 ) ;
#644 = CARTESIAN_POINT ( 'NONE',  ( 0.8000000000000001554, 0.5799999999999999600, 0.2900000000000000355 ) ) ;
#645 = DIRECTION ( 'NONE',  ( 0.000000000000000000, -0.000000000000000000, 1.000000000000000000 ) ) ;
#646 = DIRECTION ( 'NONE',  ( 0.000000000000000000, 0.000000000000000000, 1.000000000000000000 ) ) ;
#647 = SURFACE_STYLE_FILL_AREA ( #1868 ) ;
#648 = ADVANCED_FACE ( 'NONE', ( #1366 ), #1882, .T. ) ;
#649 = UNCERTAINTY_MEASURE_WITH_UNIT (LENGTH_MEASURE( 1.000000000000000082E-05 ), #1333, 'distance_accuracy_value', 'NONE');
#650 = CARTESIAN_POINT ( 'NONE',  ( 0.6999999999999999556, 0.000000000000000000, 0.2900000000000000355 ) ) ;
#651 = VERTEX_POINT ( 'NONE', #1037 ) ;
#652 = DIRECTION ( 'NONE',  ( 0.000000000000000000, -1.000000000000000000, 0.000000000000000000 ) ) ;
#653 =( NAMED_UNIT ( * ) SI_UNIT ( $, .STERADIAN. ) SOLID_ANGLE_UNIT ( ) );
#654 = CARTESIAN_POINT ( 'NONE',  ( -0.6999999999999999556, -0.01000000000000002623, 0.2500000000000001110 ) ) ;
#655 = EDGE_LOOP ( 'NONE', ( #20, #1710, #268, #1988 ) ) ;
#656 = PRESENTATION_LAYER_ASSIGNMENT (  '', '', ( #1645 ) ) ;
#657 = CARTESIAN_POINT ( 'NONE',  ( 0.6999999999999997335, 0.5799999999999999600, 0.2500000000000001665 ) ) ;
#658 = CARTESIAN_POINT ( 'NONE',  ( -0.4000000000000007438, 0.5799999999999999600, -0.2899999999999984812 ) ) ;
#659 = PLANE ( 'NONE',  #528 ) ;
#660 = VECTOR ( 'NONE', #1440, 1000.000000000000000 ) ;
#661 = CARTESIAN_POINT ( 'NONE',  ( 0.1499999999999996336, -0.01000000000000002623, 0.2500000000000002220 ) ) ;
#662 = EDGE_CURVE ( 'NONE', #981, #89, #2089, .T. ) ;
#663 = ORIENTED_EDGE ( 'NONE', *, *, #517, .F. ) ;
#664 = EDGE_CURVE ( 'NONE', #2015, #922, #1548, .T. ) ;
#665 = LINE ( 'NONE', #2013, #2018 ) ;
#666 = LINE ( 'NONE', #1686, #536 ) ;
#667 = ORIENTED_EDGE ( 'NONE', *, *, #1880, .F. ) ;
#668 = DIRECTION ( 'NONE',  ( -7.228014483236698528E-16, 0.000000000000000000, -1.000000000000000000 ) ) ;
#669 = LINE ( 'NONE', #1301, #2074 ) ;
#670 = VECTOR ( 'NONE', #1211, 1000.000000000000000 ) ;
#671 = SURFACE_SIDE_STYLE ('',( #857 ) ) ;
#672 = ORIENTED_EDGE ( 'NONE', *, *, #517, .T. ) ;
#673 = PRESENTATION_STYLE_ASSIGNMENT (( #838 ) ) ;
#674 = VECTOR ( 'NONE', #1938, 1000.000000000000000 ) ;
#675 = ORIENTED_EDGE ( 'NONE', *, *, #1904, .T. ) ;
#676 = AXIS2_PLACEMENT_3D ( 'NONE', #204, #1558, #2067 ) ;
#677 =( GEOMETRIC_REPRESENTATION_CONTEXT ( 3 ) GLOBAL_UNCERTAINTY_ASSIGNED_CONTEXT ( ( #1847 ) ) GLOBAL_UNIT_ASSIGNED_CONTEXT ( ( #2148, #1132, #809 ) ) REPRESENTATION_CONTEXT ( 'NONE', 'WORKASPACE' ) );
#678 = LINE ( 'NONE', #314, #1360 ) ;
#679 = ORIENTED_EDGE ( 'NONE', *, *, #9, .T. ) ;
#680 = EDGE_CURVE ( 'NONE', #1901, #1742, #1923, .T. ) ;
#681 = AXIS2_PLACEMENT_3D ( 'NONE', #855, #11, #691 ) ;
#682 = CARTESIAN_POINT ( 'NONE',  ( -0.4000000000000001887, 0.5900000000000000799, -0.2500000000000002220 ) ) ;
#683 = AXIS2_PLACEMENT_3D ( 'NONE', #1871, #501, #522 ) ;
#684 =( NAMED_UNIT ( * ) PLANE_ANGLE_UNIT ( ) SI_UNIT ( $, .RADIAN. ) );
#685 =( LENGTH_UNIT ( ) NAMED_UNIT ( * ) SI_UNIT ( .MILLI., .METRE. ) );
#686 = VERTEX_POINT ( 'NONE', #1745 ) ;
#687 = ORIENTED_EDGE ( 'NONE', *, *, #146, .F. ) ;
#688 =( NAMED_UNIT ( * ) SI_UNIT ( $, .STERADIAN. ) SOLID_ANGLE_UNIT ( ) );
#689 =( LENGTH_UNIT ( ) NAMED_UNIT ( * ) SI_UNIT ( .MILLI., .METRE. ) );
#690 = ORIENTED_EDGE ( 'NONE', *, *, #50, .F. ) ;
#691 = DIRECTION ( 'NONE',  ( 0.000000000000000000, 0.000000000000000000, -1.000000000000000000 ) ) ;
#692 = ADVANCED_FACE ( 'NONE', ( #720 ), #541, .F. ) ;
#693 = CARTESIAN_POINT ( 'NONE',  ( -0.8000000000000000444, 0.5799999999999999600, 0.2900000000000000355 ) ) ;
#694 = DIRECTION ( 'NONE',  ( 1.000000000000000000, 0.000000000000000000, 0.000000000000000000 ) ) ;
#695 = ORIENTED_EDGE ( 'NONE', *, *, #1334, .T. ) ;
#696 = PLANE ( 'NONE',  #2009 ) ;
#697 = ORIENTED_EDGE ( 'NONE', *, *, #811, .T. ) ;
#698 = VECTOR ( 'NONE', #623, 1000.000000000000000 ) ;
#699 = CARTESIAN_POINT ( 'NONE',  ( -0.6999999999999999556, 0.5799999999999999600, 0.3900000000000000688 ) ) ;
#700 = DIRECTION ( 'NONE',  ( 0.000000000000000000, 0.000000000000000000, -1.000000000000000000 ) ) ;
#701 = ORIENTED_EDGE ( 'NONE', *, *, #704, .T. ) ;
#702 = LINE ( 'NONE', #2020, #1773 ) ;
#703 = LINE ( 'NONE', #198, #423 ) ;
#704 = EDGE_CURVE ( 'NONE', #2004, #1948, #1231, .T. ) ;
#705 = ORIENTED_EDGE ( 'NONE', *, *, #403, .F. ) ;
#706 = EDGE_CURVE ( 'NONE', #1430, #1721, #1568, .T. ) ;
#707 = ORIENTED_EDGE ( 'NONE', *, *, #1334, .F. ) ;
#708 = MECHANICAL_DESIGN_GEOMETRIC_PRESENTATION_REPRESENTATION (  '', ( #1057 ), #1203 ) ;
#709 = EDGE_LOOP ( 'NONE', ( #640, #1701, #998, #1094, #394, #1646, #543, #1790 ) ) ;
#710 = VECTOR ( 'NONE', #1637, 1000.000000000000000 ) ;
#711 = CARTESIAN_POINT ( 'NONE',  ( -0.3999999999999999112, 0.5900000000000000799, 0.2500000000000000000 ) ) ;
#712 =( NAMED_UNIT ( * ) PLANE_ANGLE_UNIT ( ) SI_UNIT ( $, .RADIAN. ) );
#713 =( LENGTH_UNIT ( ) NAMED_UNIT ( * ) SI_UNIT ( .MILLI., .METRE. ) );
#714 = VERTEX_POINT ( 'NONE', #373 ) ;
#715 = VECTOR ( 'NONE', #1188, 1000.000000000000000 ) ;
#716 = CARTESIAN_POINT ( 'NONE',  ( 0.6999999999999999556, 0.5799999999999999600, -0.2500000000000004441 ) ) ;
#717 = CARTESIAN_POINT ( 'NONE',  ( 0.6999999999999992895, 0.000000000000000000, -0.3900000000000000688 ) ) ;
#718 = ADVANCED_FACE ( 'NONE', ( #186 ), #1214, .T. ) ;
#719 = VERTEX_POINT ( 'NONE', #1900 ) ;
#720 = FACE_OUTER_BOUND ( 'NONE', #218, .T. ) ;
#721 = VERTEX_POINT ( 'NONE', #1058 ) ;
#722 = PLANE ( 'NONE',  #1986 ) ;
#723 = LINE ( 'NONE', #1895, #965 ) ;
#724 = DIRECTION ( 'NONE',  ( -1.000000000000000000, 0.000000000000000000, -3.614007241618350250E-16 ) ) ;
#725 = DIRECTION ( 'NONE',  ( -1.000000000000000000, 0.000000000000000000, 1.084202172485503645E-15 ) ) ;
#726 = ORIENTED_EDGE ( 'NONE', *, *, #450, .T. ) ;
#727 = ADVANCED_FACE ( 'NONE', ( #217 ), #1733, .T. ) ;
#728 = DIRECTION ( 'NONE',  ( 0.000000000000000000, 0.000000000000000000, -1.000000000000000000 ) ) ;
#729 = ADVANCED_FACE ( 'NONE', ( #2079 ), #558, .F. ) ;
#730 = ORIENTED_EDGE ( 'NONE', *, *, #914, .F. ) ;
#731 = VECTOR ( 'NONE', #791, 1000.000000000000000 ) ;
#732 = ADVANCED_FACE ( 'NONE', ( #1614 ), #281, .F. ) ;
#733 = DIRECTION ( 'NONE',  ( 1.000000000000000000, 0.000000000000000000, -3.614007241618349264E-16 ) ) ;
#734 = PLANE ( 'NONE',  #1458 ) ;
#735 = CARTESIAN_POINT ( 'NONE',  ( 0.3999999999999996336, -0.01000000000000002623, -0.2500000000000001110 ) ) ;
#736 = ORIENTED_EDGE ( 'NONE', *, *, #1191, .F. ) ;
#737 = DIRECTION ( 'NONE',  ( 0.000000000000000000, 0.000000000000000000, -1.000000000000000000 ) ) ;
#738 = LINE ( 'NONE', #429, #2016 ) ;
#739 = ORIENTED_EDGE ( 'NONE', *, *, #788, .T. ) ;
#740 = STYLED_ITEM ( 'NONE', ( #1316 ), #10 ) ;
#741 = PRESENTATION_STYLE_ASSIGNMENT (( #900 ) ) ;
#742 = CARTESIAN_POINT ( 'NONE',  ( 0.3999999999999996336, -0.01000000000000002623, -0.2500000000000001110 ) ) ;
#743 = ORIENTED_EDGE ( 'NONE', *, *, #1179, .T. ) ;
#744 = UNCERTAINTY_MEASURE_WITH_UNIT (LENGTH_MEASURE( 1.000000000000000082E-05 ), #2184, 'distance_accuracy_value', 'NONE');
#745 = VECTOR ( 'NONE', #831, 1000.000000000000000 ) ;
#746 = LINE ( 'NONE', #1736, #296 ) ;
#747 = ADVANCED_FACE ( 'NONE', ( #1472 ), #1116, .T. ) ;
#748 = DIRECTION ( 'NONE',  ( 7.228014483236698528E-16, 0.000000000000000000, 1.000000000000000000 ) ) ;
#749 = ORIENTED_EDGE ( 'NONE', *, *, #241, .F. ) ;
#750 = DIRECTION ( 'NONE',  ( -0.000000000000000000, -0.000000000000000000, 1.000000000000000000 ) ) ;
#751 = VECTOR ( 'NONE', #1747, 1000.000000000000000 ) ;
#752 = ADVANCED_BREP_SHAPE_REPRESENTATION ( 'DPX167125DT-8197B1', ( #951, #2171 ), #1540 ) ;
#753 = EDGE_LOOP ( 'NONE', ( #1342, #1284, #475, #1546, #1199, #642, #1615, #83 ) ) ;
#754 = CARTESIAN_POINT ( 'NONE',  ( -0.7000000000000001776, 0.5799999999999999600, 0.2500000000000000000 ) ) ;
#755 = SURFACE_STYLE_USAGE ( .BOTH. , #617 ) ;
#756 = VERTEX_POINT ( 'NONE', #1946 ) ;
#757 = LINE ( 'NONE', #86, #660 ) ;
#758 = LINE ( 'NONE', #711, #1914 ) ;
#759 = DIRECTION ( 'NONE',  ( 1.000000000000000000, 0.000000000000000000, -1.355252715606880543E-16 ) ) ;
#760 = DIRECTION ( 'NONE',  ( -7.228014483236698528E-16, 0.000000000000000000, -1.000000000000000000 ) ) ;
#761 = ORIENTED_EDGE ( 'NONE', *, *, #1124, .T. ) ;
#762 = DIRECTION ( 'NONE',  ( 0.000000000000000000, 1.000000000000000000, 0.000000000000000000 ) ) ;
#763 = ORIENTED_EDGE ( 'NONE', *, *, #662, .F. ) ;
#764 = AXIS2_PLACEMENT_3D ( 'NONE', #776, #280, #1833 ) ;
#765 = LINE ( 'NONE', #1438, #2048 ) ;
#766 = VERTEX_POINT ( 'NONE', #455 ) ;
#767 = CARTESIAN_POINT ( 'NONE',  ( -0.1500000000000001887, -0.01000000000000002623, -0.2500000000000001110 ) ) ;
#768 = CYLINDRICAL_SURFACE ( 'NONE', #534, 0.1000000000000000749 ) ;
#769 = CARTESIAN_POINT ( 'NONE',  ( -0.7000000000000000666, 0.5900000000000000799, 0.4000000000000000777 ) ) ;
#770 = EDGE_LOOP ( 'NONE', ( #532, #1601, #1303, #370, #697, #203, #2065, #1872, #404, #397, #1163, #1247, #1539, #1295, #2085, #1237, #1994, #893, #920, #369, #172, #1927, #466, #51, #2011, #608, #1817, #1113 ) ) ;
#771 = LINE ( 'NONE', #82, #731 ) ;
#772 = LINE ( 'NONE', #252, #1981 ) ;
#773 = ADVANCED_FACE ( 'NONE', ( #1801 ), #1127, .T. ) ;
#774 = EDGE_LOOP ( 'NONE', ( #739, #605, #913, #1713, #1782, #2106, #1594, #2190 ) ) ;
#775 = EDGE_CURVE ( 'NONE', #158, #719, #765, .T. ) ;
#776 = CARTESIAN_POINT ( 'NONE',  ( -0.1500000000000001887, -0.01000000000000002623, -0.2500000000000001110 ) ) ;
#777 = CARTESIAN_POINT ( 'NONE',  ( -0.1500000000000000222, 0.5900000000000000799, 0.4000000000000002442 ) ) ;
#778 = ORIENTED_EDGE ( 'NONE', *, *, #2123, .F. ) ;
#779 = COLOUR_RGB ( '',1.000000000000000000, 1.000000000000000000, 1.000000000000000000 ) ;
#780 = DIRECTION ( 'NONE',  ( -7.228014483236698528E-16, 0.000000000000000000, -1.000000000000000000 ) ) ;
#781 = CARTESIAN_POINT ( 'NONE',  ( 0.8000000000000000444, 0.5799999999999999600, 0.2900000000000000355 ) ) ;
#782 = LINE ( 'NONE', #577, #1373 ) ;
#783 = VECTOR ( 'NONE', #830, 1000.000000000000000 ) ;
#784 = EDGE_LOOP ( 'NONE', ( #85, #849, #1435, #1445 ) ) ;
#785 = LINE ( 'NONE', #451, #1515 ) ;
#786 = AXIS2_PLACEMENT_3D ( 'NONE', #1487, #479, #1325 ) ;
#787 = ORIENTED_EDGE ( 'NONE', *, *, #1787, .F. ) ;
#788 = EDGE_CURVE ( 'NONE', #1025, #1047, #962, .T. ) ;
#789 = ORIENTED_EDGE ( 'NONE', *, *, #963, .F. ) ;
#790 = VECTOR ( 'NONE', #331, 1000.000000000000000 ) ;
#791 = DIRECTION ( 'NONE',  ( 0.000000000000000000, 1.000000000000000000, 0.000000000000000000 ) ) ;
#792 = ORIENTED_EDGE ( 'NONE', *, *, #932, .F. ) ;
#793 = CARTESIAN_POINT ( 'NONE',  ( 0.1499999999999996336, 0.000000000000000000, -0.3900000000000000688 ) ) ;
#794 = VERTEX_POINT ( 'NONE', #95 ) ;
#795 = CARTESIAN_POINT ( 'NONE',  ( -0.6999999999999999556, -0.01000000000000002623, 0.2500000000000001110 ) ) ;
#796 = PLANE ( 'NONE',  #274 ) ;
#797 = EDGE_CURVE ( 'NONE', #355, #1126, #1934, .T. ) ;
#798 = DIRECTION ( 'NONE',  ( 1.000000000000000000, 0.000000000000000000, -7.228014483236698528E-16 ) ) ;
#799 = EDGE_CURVE ( 'NONE', #2096, #1273, #912, .T. ) ;
#800 = FACE_OUTER_BOUND ( 'NONE', #890, .T. ) ;
#801 = CARTESIAN_POINT ( 'NONE',  ( -0.1500000000000007161, 0.000000000000000000, -0.2899999999999991473 ) ) ;
#802 = VECTOR ( 'NONE', #1118, 1000.000000000000000 ) ;
#803 = LINE ( 'NONE', #1339, #837 ) ;
#804 = VECTOR ( 'NONE', #988, 1000.000000000000000 ) ;
#805 = VERTEX_POINT ( 'NONE', #793 ) ;
#806 = CIRCLE ( 'NONE', #1085, 0.1000000000000001027 ) ;
#807 = ORIENTED_EDGE ( 'NONE', *, *, #1784, .F. ) ;
#808 = LINE ( 'NONE', #2136, #395 ) ;
#809 =( NAMED_UNIT ( * ) SI_UNIT ( $, .STERADIAN. ) SOLID_ANGLE_UNIT ( ) );
#810 = SURFACE_STYLE_USAGE ( .BOTH. , #438 ) ;
#811 = EDGE_CURVE ( 'NONE', #341, #248, #584, .T. ) ;
#812 = EDGE_CURVE ( 'NONE', #766, #1126, #1464, .T. ) ;
#813 = CARTESIAN_POINT ( 'NONE',  ( -0.3999999999999999112, 0.5900000000000000799, 0.2500000000000000000 ) ) ;
#814 = VECTOR ( 'NONE', #1585, 1000.000000000000000 ) ;
#815 = AXIS2_PLACEMENT_3D ( 'NONE', #84, #1781, #254 ) ;
#816 = VECTOR ( 'NONE', #1423, 1000.000000000000000 ) ;
#817 = SURFACE_STYLE_USAGE ( .BOTH. , #1517 ) ;
#818 = FILL_AREA_STYLE_COLOUR ( '', #1170 ) ;
#819 = ORIENTED_EDGE ( 'NONE', *, *, #634, .T. ) ;
#820 = CARTESIAN_POINT ( 'NONE',  ( -0.6999999999999999556, 0.5799999999999999600, 0.3900000000000000688 ) ) ;
#821 = DIRECTION ( 'NONE',  ( -7.228014483236698528E-16, 0.000000000000000000, 1.000000000000000000 ) ) ;
#822 = VECTOR ( 'NONE', #170, 1000.000000000000000 ) ;
#823 = ORIENTED_EDGE ( 'NONE', *, *, #32, .F. ) ;
#824 = DIRECTION ( 'NONE',  ( 0.000000000000000000, 1.000000000000000000, 0.000000000000000000 ) ) ;
#825 = ADVANCED_FACE ( 'NONE', ( #606 ), #1277, .T. ) ;
#826 = ORIENTED_EDGE ( 'NONE', *, *, #1841, .T. ) ;
#827 = UNCERTAINTY_MEASURE_WITH_UNIT (LENGTH_MEASURE( 1.000000000000000082E-05 ), #713, 'distance_accuracy_value', 'NONE');
#828 = DIRECTION ( 'NONE',  ( 0.000000000000000000, 1.000000000000000000, 0.000000000000000000 ) ) ;
#829 = ORIENTED_EDGE ( 'NONE', *, *, #1189, .F. ) ;
#830 = DIRECTION ( 'NONE',  ( -0.000000000000000000, -0.000000000000000000, 1.000000000000000000 ) ) ;
#831 = DIRECTION ( 'NONE',  ( 0.000000000000000000, 0.000000000000000000, -1.000000000000000000 ) ) ;
#832 = LINE ( 'NONE', #1152, #496 ) ;
#833 = ORIENTED_EDGE ( 'NONE', *, *, #332, .T. ) ;
#834 = CARTESIAN_POINT ( 'NONE',  ( 0.6999999999999994005, -0.01000000000000002623, 0.2500000000000002220 ) ) ;
#835 = CARTESIAN_POINT ( 'NONE',  ( -0.1500000000000000222, 0.5900000000000000799, 0.4000000000000002442 ) ) ;
#836 = FACE_OUTER_BOUND ( 'NONE', #265, .T. ) ;
#837 = VECTOR ( 'NONE', #824, 1000.000000000000000 ) ;
#838 = SURFACE_STYLE_USAGE ( .BOTH. , #1682 ) ;
#839 = EDGE_CURVE ( 'NONE', #328, #721, #109, .T. ) ;
#840 = EDGE_LOOP ( 'NONE', ( #789, #1829, #1087, #778, #2116, #1192, #399, #2110 ) ) ;
#841 = PLANE ( 'NONE',  #1407 ) ;
#842 = LINE ( 'NONE', #168, #246 ) ;
#843 = EDGE_LOOP ( 'NONE', ( #1419, #223, #1336, #899 ) ) ;
#844 = CARTESIAN_POINT ( 'NONE',  ( 0.3999999999999996336, 0.5799999999999999600, -0.2500000000000001110 ) ) ;
#845 = AXIS2_PLACEMENT_3D ( 'NONE', #1858, #1822, #2000 ) ;
#846 = APPLICATION_PROTOCOL_DEFINITION ( 'draft international standard', 'automotive_design', 1998, #516 ) ;
#847 = ORIENTED_EDGE ( 'NONE', *, *, #12, .F. ) ;
#848 = VECTOR ( 'NONE', #1565, 1000.000000000000000 ) ;
#849 = ORIENTED_EDGE ( 'NONE', *, *, #241, .T. ) ;
#850 = STYLED_ITEM ( 'NONE', ( #384 ), #718 ) ;
#851 = EDGE_CURVE ( 'NONE', #1242, #188, #1978, .T. ) ;
#852 =( NAMED_UNIT ( * ) PLANE_ANGLE_UNIT ( ) SI_UNIT ( $, .RADIAN. ) );
#853 = ORIENTED_EDGE ( 'NONE', *, *, #1653, .F. ) ;
#854 = CIRCLE ( 'NONE', #681, 0.09999999999999999167 ) ;
#855 = CARTESIAN_POINT ( 'NONE',  ( -0.6999999999999999556, 0.5799999999999999600, -0.2900000000000000355 ) ) ;
#856 = VECTOR ( 'NONE', #1272, 1000.000000000000000 ) ;
#857 = SURFACE_STYLE_FILL_AREA ( #199 ) ;
#858 = ORIENTED_EDGE ( 'NONE', *, *, #435, .F. ) ;
#859 = DIRECTION ( 'NONE',  ( 1.000000000000000000, 0.000000000000000000, -3.614007241618350250E-16 ) ) ;
#860 = LINE ( 'NONE', #7, #1348 ) ;
#861 = ORIENTED_EDGE ( 'NONE', *, *, #261, .F. ) ;
#862 = EDGE_CURVE ( 'NONE', #2165, #1837, #1005, .T. ) ;
#863 = EDGE_CURVE ( 'NONE', #1846, #594, #639, .T. ) ;
#864 = DIRECTION ( 'NONE',  ( 1.000000000000000000, 0.000000000000000000, -3.614007241618349264E-16 ) ) ;
#865 = EDGE_CURVE ( 'NONE', #1901, #341, #1823, .T. ) ;
#866 = DIRECTION ( 'NONE',  ( 1.445602896647339706E-15, 0.000000000000000000, 1.000000000000000000 ) ) ;
#867 = PRODUCT_CONTEXT ( 'NONE', #2137, 'mechanical' ) ;
#868 = ORIENTED_EDGE ( 'NONE', *, *, #133, .T. ) ;
#869 = DIRECTION ( 'NONE',  ( -1.000000000000000000, 0.000000000000000000, -0.000000000000000000 ) ) ;
#870 = MECHANICAL_DESIGN_GEOMETRIC_PRESENTATION_REPRESENTATION (  '', ( #410 ), #1700 ) ;
#871 = ORIENTED_EDGE ( 'NONE', *, *, #1553, .F. ) ;
#872 = ORIENTED_EDGE ( 'NONE', *, *, #261, .T. ) ;
#873 = DIRECTION ( 'NONE',  ( 0.000000000000000000, 0.000000000000000000, -1.000000000000000000 ) ) ;
#874 = DIRECTION ( 'NONE',  ( 0.000000000000000000, 1.000000000000000000, 0.000000000000000000 ) ) ;
#875 = LINE ( 'NONE', #1554, #286 ) ;
#876 = SURFACE_STYLE_USAGE ( .BOTH. , #2179 ) ;
#877 = ORIENTED_EDGE ( 'NONE', *, *, #2039, .F. ) ;
#878 = MECHANICAL_DESIGN_GEOMETRIC_PRESENTATION_REPRESENTATION (  '', ( #66 ), #180 ) ;
#879 = DIRECTION ( 'NONE',  ( 0.000000000000000000, 0.000000000000000000, 1.000000000000000000 ) ) ;
#880 = VERTEX_POINT ( 'NONE', #980 ) ;
#881 = VECTOR ( 'NONE', #1671, 1000.000000000000000 ) ;
#882 = PRESENTATION_LAYER_ASSIGNMENT (  '', '', ( #388 ) ) ;
#883 = PLANE ( 'NONE',  #1952 ) ;
#884 = CARTESIAN_POINT ( 'NONE',  ( 0.6999999999999994005, -0.01000000000000002623, -0.2500000000000002220 ) ) ;
#885 = VECTOR ( 'NONE', #376, 1000.000000000000000 ) ;
#886 = PLANE ( 'NONE',  #100 ) ;
#887 = EDGE_CURVE ( 'NONE', #1612, #58, #2024, .T. ) ;
#888 = CARTESIAN_POINT ( 'NONE',  ( 0.3999999999999996336, -0.01000000000000002623, -0.2500000000000001110 ) ) ;
#889 = ADVANCED_FACE ( 'NONE', ( #349 ), #173, .T. ) ;
#890 = EDGE_LOOP ( 'NONE', ( #63, #1533, #1215, #877 ) ) ;
#891 = SURFACE_STYLE_FILL_AREA ( #383 ) ;
#892 = CARTESIAN_POINT ( 'NONE',  ( 0.000000000000000000, -0.01000000000000002623, 0.000000000000000000 ) ) ;
#893 = ORIENTED_EDGE ( 'NONE', *, *, #1949, .F. ) ;
#894 = CARTESIAN_POINT ( 'NONE',  ( -0.1500000000000002720, 0.5900000000000000799, -0.4000000000000000777 ) ) ;
#895 = CARTESIAN_POINT ( 'NONE',  ( 0.1499999999999996336, 0.5799999999999999600, 0.3900000000000000688 ) ) ;
#896 = ORIENTED_EDGE ( 'NONE', *, *, #1433, .T. ) ;
#897 = FILL_AREA_STYLE ('',( #1329 ) ) ;
#898 = DIRECTION ( 'NONE',  ( 0.000000000000000000, 1.000000000000000000, 0.000000000000000000 ) ) ;
#899 = ORIENTED_EDGE ( 'NONE', *, *, #1191, .T. ) ;
#900 = SURFACE_STYLE_USAGE ( .BOTH. , #1547 ) ;
#901 = LINE ( 'NONE', #699, #30 ) ;
#902 = EDGE_CURVE ( 'NONE', #253, #2178, #1157, .T. ) ;
#903 = ORIENTED_EDGE ( 'NONE', *, *, #1904, .F. ) ;
#904 = VECTOR ( 'NONE', #969, 1000.000000000000000 ) ;
#905 = PLANE ( 'NONE',  #2091 ) ;
#906 = DIRECTION ( 'NONE',  ( 1.807003620809176111E-16, -0.000000000000000000, 1.000000000000000000 ) ) ;
#907 = ORIENTED_EDGE ( 'NONE', *, *, #632, .T. ) ;
#908 = FACE_OUTER_BOUND ( 'NONE', #1049, .T. ) ;
#909 = CARTESIAN_POINT ( 'NONE',  ( -0.1500000000000001887, 0.5900000000000000799, -0.2500000000000001110 ) ) ;
#910 = ORIENTED_EDGE ( 'NONE', *, *, #973, .T. ) ;
#911 = MECHANICAL_DESIGN_GEOMETRIC_PRESENTATION_REPRESENTATION (  '', ( #1873 ), #244 ) ;
#912 = LINE ( 'NONE', #117, #710 ) ;
#913 = ORIENTED_EDGE ( 'NONE', *, *, #958, .T. ) ;
#914 = EDGE_CURVE ( 'NONE', #58, #651, #806, .T. ) ;
#915 = UNCERTAINTY_MEASURE_WITH_UNIT (LENGTH_MEASURE( 1.000000000000000082E-05 ), #1675, 'distance_accuracy_value', 'NONE');
#916 = LINE ( 'NONE', #544, #885 ) ;
#917 = VECTOR ( 'NONE', #1447, 1000.000000000000000 ) ;
#918 = FILL_AREA_STYLE_COLOUR ( '', #1661 ) ;
#919 =( NAMED_UNIT ( * ) PLANE_ANGLE_UNIT ( ) SI_UNIT ( $, .RADIAN. ) );
#920 = ORIENTED_EDGE ( 'NONE', *, *, #1556, .T. ) ;
#921 = DIRECTION ( 'NONE',  ( 1.000000000000000000, 0.000000000000000000, 3.614007241618350250E-16 ) ) ;
#922 = VERTEX_POINT ( 'NONE', #495 ) ;
#923 = VECTOR ( 'NONE', #1749, 1000.000000000000000 ) ;
#924 = LINE ( 'NONE', #583, #618 ) ;
#925 = CARTESIAN_POINT ( 'NONE',  ( -0.1500000000000001887, -0.01000000000000002623, 0.2500000000000001110 ) ) ;
#926 = ORIENTED_EDGE ( 'NONE', *, *, #36, .F. ) ;
#927 = CARTESIAN_POINT ( 'NONE',  ( -0.1500000000000000222, 0.5810999999999999499, 0.1500000000000000500 ) ) ;
#928 = CARTESIAN_POINT ( 'NONE',  ( -0.6999999999999999556, 0.5799999999999999600, -0.2900000000000000355 ) ) ;
#929 = EDGE_CURVE ( 'NONE', #651, #1750, #129, .T. ) ;
#930 = DIRECTION ( 'NONE',  ( 1.000000000000000000, 0.000000000000000000, -3.614007241618350250E-16 ) ) ;
#931 = FACE_OUTER_BOUND ( 'NONE', #2145, .T. ) ;
#932 = EDGE_CURVE ( 'NONE', #1681, #1397, #483, .T. ) ;
#933 = ORIENTED_EDGE ( 'NONE', *, *, #1492, .F. ) ;
#934 = DIRECTION ( 'NONE',  ( -0.000000000000000000, -1.000000000000000000, -0.000000000000000000 ) ) ;
#935 = LINE ( 'NONE', #1262, #530 ) ;
#936 = ORIENTED_EDGE ( 'NONE', *, *, #2017, .T. ) ;
#937 = DIRECTION ( 'NONE',  ( 1.000000000000000000, 0.000000000000000000, -3.614007241618343347E-16 ) ) ;
#938 = ORIENTED_EDGE ( 'NONE', *, *, #788, .F. ) ;
#939 = FILL_AREA_STYLE ('',( #1280 ) ) ;
#940 = DIRECTION ( 'NONE',  ( 0.000000000000000000, 0.000000000000000000, -1.000000000000000000 ) ) ;
#941 = CARTESIAN_POINT ( 'NONE',  ( 0.3999999999999995781, 0.5799999999999999600, -0.2899999999999998135 ) ) ;
#942 = DIRECTION ( 'NONE',  ( 0.000000000000000000, -0.000000000000000000, 1.000000000000000000 ) ) ;
#943 = ORIENTED_EDGE ( 'NONE', *, *, #346, .T. ) ;
#944 = CARTESIAN_POINT ( 'NONE',  ( -0.4000000000000001887, -0.01000000000000002623, -0.4000000000000001887 ) ) ;
#945 = DIRECTION ( 'NONE',  ( 0.000000000000000000, 1.000000000000000000, 0.000000000000000000 ) ) ;
#946 = ORIENTED_EDGE ( 'NONE', *, *, #1650, .T. ) ;
#947 = DIRECTION ( 'NONE',  ( 0.000000000000000000, -0.000000000000000000, -1.000000000000000000 ) ) ;
#948 = VERTEX_POINT ( 'NONE', #661 ) ;
#949 = CARTESIAN_POINT ( 'NONE',  ( 0.1499999999999996336, -0.01000000000000002623, -0.2500000000000002220 ) ) ;
#950 = FACE_OUTER_BOUND ( 'NONE', #110, .T. ) ;
#951 = MANIFOLD_SOLID_BREP ( 'Boss-Extrude3', #2081 ) ;
#952 = CARTESIAN_POINT ( 'NONE',  ( -0.7000000000000000666, -0.01000000000000002623, 0.4000000000000000777 ) ) ;
#953 = PRESENTATION_LAYER_ASSIGNMENT (  '', '', ( #66 ) ) ;
#954 = FACE_OUTER_BOUND ( 'NONE', #1006, .T. ) ;
#955 = CARTESIAN_POINT ( 'NONE',  ( -0.1500000000000000777, 0.5799999999999999600, 0.3900000000000000688 ) ) ;
#956 = AXIS2_PLACEMENT_3D ( 'NONE', #292, #1421, #937 ) ;
#957 = COLOUR_RGB ( '',1.000000000000000000, 1.000000000000000000, 1.000000000000000000 ) ;
#958 = EDGE_CURVE ( 'NONE', #1150, #766, #565, .T. ) ;
#959 = ORIENTED_EDGE ( 'NONE', *, *, #2017, .F. ) ;
#960 = EDGE_CURVE ( 'NONE', #2050, #1128, #1344, .T. ) ;
#961 =( GEOMETRIC_REPRESENTATION_CONTEXT ( 3 ) GLOBAL_UNCERTAINTY_ASSIGNED_CONTEXT ( ( #1004 ) ) GLOBAL_UNIT_ASSIGNED_CONTEXT ( ( #181, #160, #1358 ) ) REPRESENTATION_CONTEXT ( 'NONE', 'WORKASPACE' ) );
#962 = LINE ( 'NONE', #239, #1909 ) ;
#963 = EDGE_CURVE ( 'NONE', #248, #756, #723, .T. ) ;
#964 = ORIENTED_EDGE ( 'NONE', *, *, #1799, .T. ) ;
#965 = VECTOR ( 'NONE', #1563, 1000.000000000000000 ) ;
#966 = CARTESIAN_POINT ( 'NONE',  ( 0.3999999999999996336, 0.000000000000000000, 0.2500000000000001110 ) ) ;
#967 = DIRECTION ( 'NONE',  ( 0.000000000000000000, 1.000000000000000000, -0.000000000000000000 ) ) ;
#968 = DIRECTION ( 'NONE',  ( 1.807003620809176111E-16, -0.000000000000000000, 1.000000000000000000 ) ) ;
#969 = DIRECTION ( 'NONE',  ( 0.000000000000000000, 1.000000000000000000, 0.000000000000000000 ) ) ;
#970 = EDGE_LOOP ( 'NONE', ( #1398, #1377, #463, #1454 ) ) ;
#971 = ORIENTED_EDGE ( 'NONE', *, *, #189, .T. ) ;
#972 = ADVANCED_FACE ( 'NONE', ( #2105 ), #1218, .T. ) ;
#973 = EDGE_CURVE ( 'NONE', #527, #2165, #2075, .T. ) ;
#974 = CARTESIAN_POINT ( 'NONE',  ( 0.3999999999999996336, 0.5900000000000000799, -0.2500000000000001110 ) ) ;
#975 = LINE ( 'NONE', #1468, #2128 ) ;
#976 = CARTESIAN_POINT ( 'NONE',  ( -0.3999999999999999112, -0.01000000000000002623, 0.2500000000000000000 ) ) ;
#977 = CARTESIAN_POINT ( 'NONE',  ( 0.8000000000000001554, 0.5799999999999999600, -0.2900000000000000355 ) ) ;
#978 = CARTESIAN_POINT ( 'NONE',  ( 0.1499999999999996336, 0.000000000000000000, 0.2500000000000002776 ) ) ;
#979 = FILL_AREA_STYLE_COLOUR ( '', #1404 ) ;
#980 = CARTESIAN_POINT ( 'NONE',  ( 0.8000000000000000444, 0.5799999999999999600, 0.2900000000000000355 ) ) ;
#981 = VERTEX_POINT ( 'NONE', #735 ) ;
#982 = CARTESIAN_POINT ( 'NONE',  ( -0.4000000000000001887, -0.01000000000000002623, -0.2500000000000002220 ) ) ;
#983 = CARTESIAN_POINT ( 'NONE',  ( -0.1500000000000002720, 0.5900000000000000799, -0.4000000000000000777 ) ) ;
#984 = EDGE_LOOP ( 'NONE', ( #1260, #174, #1813, #575 ) ) ;
#985 = ADVANCED_FACE ( 'NONE', ( #931 ), #1573, .T. ) ;
#986 = PRODUCT_DEFINITION_CONTEXT ( 'detailed design', #516, 'design' ) ;
#987 = CARTESIAN_POINT ( 'NONE',  ( 0.000000000000000000, -0.01000000000000002623, 0.000000000000000000 ) ) ;
#988 = DIRECTION ( 'NONE',  ( 0.000000000000000000, 1.000000000000000000, 0.000000000000000000 ) ) ;
#989 = VECTOR ( 'NONE', #202, 1000.000000000000000 ) ;
#990 = VECTOR ( 'NONE', #992, 1000.000000000000000 ) ;
#991 = PRESENTATION_LAYER_ASSIGNMENT (  '', '', ( #1945 ) ) ;
#992 = DIRECTION ( 'NONE',  ( 0.000000000000000000, 0.000000000000000000, 1.000000000000000000 ) ) ;
#993 = ORIENTED_EDGE ( 'NONE', *, *, #1825, .T. ) ;
#994 = DIRECTION ( 'NONE',  ( 7.228014483236698528E-16, 0.000000000000000000, 1.000000000000000000 ) ) ;
#995 = SURFACE_SIDE_STYLE ('',( #1151 ) ) ;
#996 = DIRECTION ( 'NONE',  ( -7.228014483236698528E-16, 0.000000000000000000, -1.000000000000000000 ) ) ;
#997 = VECTOR ( 'NONE', #1031, 1000.000000000000000 ) ;
#998 = ORIENTED_EDGE ( 'NONE', *, *, #2111, .T. ) ;
#999 = LINE ( 'NONE', #834, #1529 ) ;
#1000 = ADVANCED_FACE ( 'NONE', ( #2095 ), #1259, .F. ) ;
#1001 = PLANE ( 'NONE',  #1689 ) ;
#1002 = EDGE_CURVE ( 'NONE', #230, #1846, #1053, .T. ) ;
#1003 = VERTEX_POINT ( 'NONE', #1381 ) ;
#1004 = UNCERTAINTY_MEASURE_WITH_UNIT (LENGTH_MEASURE( 1.000000000000000082E-05 ), #181, 'distance_accuracy_value', 'NONE');
#1005 = LINE ( 'NONE', #1139, #990 ) ;
#1006 = EDGE_LOOP ( 'NONE', ( #509, #358, #1311, #1702 ) ) ;
#1007 = DIRECTION ( 'NONE',  ( 0.000000000000000000, -1.000000000000000000, 0.000000000000000000 ) ) ;
#1008 = ORIENTED_EDGE ( 'NONE', *, *, #344, .T. ) ;
#1009 = CARTESIAN_POINT ( 'NONE',  ( -0.8000000000000000444, 0.000000000000000000, -0.2900000000000000355 ) ) ;
#1010 = CARTESIAN_POINT ( 'NONE',  ( -0.6999999999999999556, -0.01000000000000002623, -0.2500000000000001110 ) ) ;
#1011 = ORIENTED_EDGE ( 'NONE', *, *, #262, .T. ) ;
#1012 = AXIS2_PLACEMENT_3D ( 'NONE', #1431, #1621, #921 ) ;
#1013 = CARTESIAN_POINT ( 'NONE',  ( -0.3999999999999996891, 0.5799999999999999600, 0.3900000000000000688 ) ) ;
#1014 = VERTEX_POINT ( 'NONE', #413 ) ;
#1015 = CARTESIAN_POINT ( 'NONE',  ( 0.6999999999999994005, 0.5900000000000000799, 0.4000000000000001887 ) ) ;
#1016 = FILL_AREA_STYLE_COLOUR ( '', #589 ) ;
#1017 = CARTESIAN_POINT ( 'NONE',  ( -0.5500000000000000444, 0.5810999999999999499, 0.1500000000000000777 ) ) ;
#1018 = VERTEX_POINT ( 'NONE', #1939 ) ;
#1019 = DIRECTION ( 'NONE',  ( -1.000000000000000000, 0.000000000000000000, 3.614007241618350250E-16 ) ) ;
#1020 = CARTESIAN_POINT ( 'NONE',  ( -0.1500000000000000222, 0.5810999999999999499, -0.1499999999999999667 ) ) ;
#1021 = VERTEX_POINT ( 'NONE', #1086 ) ;
#1022 = VECTOR ( 'NONE', #1205, 1000.000000000000000 ) ;
#1023 = VECTOR ( 'NONE', #1705, 1000.000000000000000 ) ;
#1024 = EDGE_CURVE ( 'NONE', #93, #1126, #1227, .T. ) ;
#1025 = VERTEX_POINT ( 'NONE', #1401 ) ;
#1026 = EDGE_CURVE ( 'NONE', #1365, #336, #1597, .T. ) ;
#1027 = EDGE_CURVE ( 'NONE', #2096, #1960, #390, .T. ) ;
#1028 = DIRECTION ( 'NONE',  ( -0.000000000000000000, -1.000000000000000000, -0.000000000000000000 ) ) ;
#1029 = ORIENTED_EDGE ( 'NONE', *, *, #1726, .T. ) ;
#1030 = VECTOR ( 'NONE', #1550, 1000.000000000000000 ) ;
#1031 = DIRECTION ( 'NONE',  ( -1.000000000000000000, 0.000000000000000000, -3.614007241618350250E-16 ) ) ;
#1032 = AXIS2_PLACEMENT_3D ( 'NONE', #644, #299, #2140 ) ;
#1033 = CARTESIAN_POINT ( 'NONE',  ( -0.6999999999999999556, 0.000000000000000000, -0.3900000000000000688 ) ) ;
#1034 = ORIENTED_EDGE ( 'NONE', *, *, #553, .F. ) ;
#1035 = LINE ( 'NONE', #2051, #382 ) ;
#1036 = VERTEX_POINT ( 'NONE', #1392 ) ;
#1037 = CARTESIAN_POINT ( 'NONE',  ( 0.8000000000000000444, 0.000000000000000000, 0.2900000000000000355 ) ) ;
#1038 = ORIENTED_EDGE ( 'NONE', *, *, #226, .F. ) ;
#1039 = EDGE_CURVE ( 'NONE', #1867, #1232, #73, .T. ) ;
#1040 = EDGE_CURVE ( 'NONE', #2080, #714, #1429, .T. ) ;
#1041 = LINE ( 'NONE', #1678, #2 ) ;
#1042 = VECTOR ( 'NONE', #1958, 1000.000000000000000 ) ;
#1043 = FACE_OUTER_BOUND ( 'NONE', #282, .T. ) ;
#1044 =( NAMED_UNIT ( * ) SI_UNIT ( $, .STERADIAN. ) SOLID_ANGLE_UNIT ( ) );
#1045 = ORIENTED_EDGE ( 'NONE', *, *, #1374, .F. ) ;
#1046 = DIRECTION ( 'NONE',  ( 1.000000000000000000, 0.000000000000000000, -7.228014483236698528E-16 ) ) ;
#1047 = VERTEX_POINT ( 'NONE', #895 ) ;
#1048 = CARTESIAN_POINT ( 'NONE',  ( 0.6999999999999994005, 0.5900000000000000799, 0.2500000000000002220 ) ) ;
#1049 = EDGE_LOOP ( 'NONE', ( #267, #690, #749, #1524 ) ) ;
#1050 = DIRECTION ( 'NONE',  ( 1.084202172485503645E-15, 0.000000000000000000, 1.000000000000000000 ) ) ;
#1051 = EDGE_CURVE ( 'NONE', #89, #596, #88, .T. ) ;
#1052 = EDGE_CURVE ( 'NONE', #2182, #1750, #114, .T. ) ;
#1053 = LINE ( 'NONE', #424, #2057 ) ;
#1054 = VECTOR ( 'NONE', #1506, 1000.000000000000000 ) ;
#1055 = DIRECTION ( 'NONE',  ( -3.614007241618350250E-16, 0.000000000000000000, 1.000000000000000000 ) ) ;
#1056 = ORIENTED_EDGE ( 'NONE', *, *, #1869, .T. ) ;
#1057 = STYLED_ITEM ( 'NONE', ( #209 ), #1842 ) ;
#1058 = CARTESIAN_POINT ( 'NONE',  ( -0.4000000000000000777, 0.5799999999999999600, -0.2500000000000002220 ) ) ;
#1059 = ORIENTED_EDGE ( 'NONE', *, *, #2041, .F. ) ;
#1060 = VECTOR ( 'NONE', #229, 1000.000000000000000 ) ;
#1061 = STYLED_ITEM ( 'NONE', ( #2185 ), #889 ) ;
#1062 = CARTESIAN_POINT ( 'NONE',  ( 0.6999999999999994005, -0.01000000000000002623, 0.2500000000000002220 ) ) ;
#1063 = DIRECTION ( 'NONE',  ( 3.614007241618350250E-16, -0.000000000000000000, 1.000000000000000000 ) ) ;
#1064 = ORIENTED_EDGE ( 'NONE', *, *, #1653, .T. ) ;
#1065 = AXIS2_PLACEMENT_3D ( 'NONE', #1326, #1504, #1864 ) ;
#1066 = LINE ( 'NONE', #1228, #1482 ) ;
#1067 = EDGE_CURVE ( 'NONE', #1620, #228, #1145, .T. ) ;
#1068 = FACE_OUTER_BOUND ( 'NONE', #1609, .T. ) ;
#1069 = ORIENTED_EDGE ( 'NONE', *, *, #563, .T. ) ;
#1070 = DIRECTION ( 'NONE',  ( -7.228014483236698528E-16, 0.000000000000000000, 1.000000000000000000 ) ) ;
#1071 = CARTESIAN_POINT ( 'NONE',  ( 0.000000000000000000, -0.01000000000000002623, 0.000000000000000000 ) ) ;
#1072 = ORIENTED_EDGE ( 'NONE', *, *, #1680, .T. ) ;
#1073 = DIRECTION ( 'NONE',  ( 3.614007241618349264E-16, -0.000000000000000000, 1.000000000000000000 ) ) ;
#1074 = DIRECTION ( 'NONE',  ( 3.614007241618347292E-16, -0.000000000000000000, 1.000000000000000000 ) ) ;
#1075 = DIRECTION ( 'NONE',  ( 1.000000000000000000, -0.000000000000000000, 0.000000000000000000 ) ) ;
#1076 = ORIENTED_EDGE ( 'NONE', *, *, #1252, .F. ) ;
#1077 = LINE ( 'NONE', #909, #1268 ) ;
#1078 = ORIENTED_EDGE ( 'NONE', *, *, #1714, .T. ) ;
#1079 =( GEOMETRIC_REPRESENTATION_CONTEXT ( 3 ) GLOBAL_UNCERTAINTY_ASSIGNED_CONTEXT ( ( #1759 ) ) GLOBAL_UNIT_ASSIGNED_CONTEXT ( ( #131, #2188, #688 ) ) REPRESENTATION_CONTEXT ( 'NONE', 'WORKASPACE' ) );
#1080 = DIRECTION ( 'NONE',  ( 1.000000000000000000, 0.000000000000000000, -1.807003620809176111E-16 ) ) ;
#1081 = ORIENTED_EDGE ( 'NONE', *, *, #1976, .F. ) ;
#1082 = VECTOR ( 'NONE', #1783, 1000.000000000000000 ) ;
#1083 = CARTESIAN_POINT ( 'NONE',  ( 0.6999999999999994005, -0.01000000000000002623, -0.2500000000000002220 ) ) ;
#1084 = DIRECTION ( 'NONE',  ( 1.000000000000000000, 0.000000000000000000, -3.614007241618347292E-16 ) ) ;
#1085 = AXIS2_PLACEMENT_3D ( 'NONE', #650, #874, #139 ) ;
#1086 = CARTESIAN_POINT ( 'NONE',  ( -0.1500000000000001887, 0.000000000000000000, 0.2500000000000000555 ) ) ;
#1087 = ORIENTED_EDGE ( 'NONE', *, *, #1110, .T. ) ;
#1088 = LINE ( 'NONE', #266, #1221 ) ;
#1089 = ORIENTED_EDGE ( 'NONE', *, *, #1039, .T. ) ;
#1090 = CIRCLE ( 'NONE', #1164, 0.1000000000000000194 ) ;
#1091 =( LENGTH_UNIT ( ) NAMED_UNIT ( * ) SI_UNIT ( .MILLI., .METRE. ) );
#1092 = CARTESIAN_POINT ( 'NONE',  ( -0.6999999999999999556, 0.5799999999999999600, 0.3900000000000000688 ) ) ;
#1093 = EDGE_CURVE ( 'NONE', #559, #350, #309, .T. ) ;
#1094 = ORIENTED_EDGE ( 'NONE', *, *, #1093, .F. ) ;
#1095 = AXIS2_PLACEMENT_3D ( 'NONE', #1596, #1063, #930 ) ;
#1096 = EDGE_CURVE ( 'NONE', #805, #1204, #1154, .T. ) ;
#1097 = DIRECTION ( 'NONE',  ( -6.776263578034402713E-17, 0.000000000000000000, -1.000000000000000000 ) ) ;
#1098 = VECTOR ( 'NONE', #1264, 1000.000000000000000 ) ;
#1099 = VECTOR ( 'NONE', #447, 1000.000000000000000 ) ;
#1100 = CARTESIAN_POINT ( 'NONE',  ( -0.8000000000000000444, 0.5799999999999999600, -0.2900000000000000355 ) ) ;
#1101 = CARTESIAN_POINT ( 'NONE',  ( -0.1500000000000001887, -0.01000000000000002623, -0.2500000000000001110 ) ) ;
#1102 = EDGE_LOOP ( 'NONE', ( #1115, #25, #1187, #1406 ) ) ;
#1103 = CARTESIAN_POINT ( 'NONE',  ( -0.4000000000000001887, 0.5799999999999999600, -0.3900000000000000688 ) ) ;
#1104 = VECTOR ( 'NONE', #1584, 1000.000000000000000 ) ;
#1105 = ORIENTED_EDGE ( 'NONE', *, *, #902, .T. ) ;
#1106 = VECTOR ( 'NONE', #760, 1000.000000000000000 ) ;
#1107 = CARTESIAN_POINT ( 'NONE',  ( -0.6999999999999999556, 0.5900000000000000799, -0.2500000000000001110 ) ) ;
#1108 = CARTESIAN_POINT ( 'NONE',  ( -0.3999999999999999112, -0.01000000000000002623, 0.2500000000000000000 ) ) ;
#1109 = ORIENTED_EDGE ( 'NONE', *, *, #839, .F. ) ;
#1110 = EDGE_CURVE ( 'NONE', #1742, #1021, #1797, .T. ) ;
#1111 = FILL_AREA_STYLE ('',( #437 ) ) ;
#1112 =( NAMED_UNIT ( * ) PLANE_ANGLE_UNIT ( ) SI_UNIT ( $, .RADIAN. ) );
#1113 = ORIENTED_EDGE ( 'NONE', *, *, #664, .T. ) ;
#1114 = LINE ( 'NONE', #579, #2143 ) ;
#1115 = ORIENTED_EDGE ( 'NONE', *, *, #150, .T. ) ;
#1116 = CYLINDRICAL_SURFACE ( 'NONE', #815, 0.1000000000000001027 ) ;
#1117 = ORIENTED_EDGE ( 'NONE', *, *, #1051, .T. ) ;
#1118 = DIRECTION ( 'NONE',  ( 0.000000000000000000, 1.000000000000000000, 0.000000000000000000 ) ) ;
#1119 = LINE ( 'NONE', #327, #113 ) ;
#1120 = VECTOR ( 'NONE', #2131, 1000.000000000000000 ) ;
#1121 = CARTESIAN_POINT ( 'NONE',  ( -0.1500000000000001887, 0.000000000000000000, -0.2500000000000001110 ) ) ;
#1122 = EDGE_CURVE ( 'NONE', #1409, #372, #1444, .T. ) ;
#1123 = DIRECTION ( 'NONE',  ( 1.084202172485503645E-15, 0.000000000000000000, 1.000000000000000000 ) ) ;
#1124 = EDGE_CURVE ( 'NONE', #596, #1757, #1996, .T. ) ;
#1125 = CARTESIAN_POINT ( 'NONE',  ( -0.4000000000000001887, -0.01000000000000002623, -0.2500000000000002220 ) ) ;
#1126 = VERTEX_POINT ( 'NONE', #1663 ) ;
#1127 = PLANE ( 'NONE',  #956 ) ;
#1128 = VERTEX_POINT ( 'NONE', #287 ) ;
#1129 = VECTOR ( 'NONE', #547, 1000.000000000000000 ) ;
#1130 = LINE ( 'NONE', #294, #53 ) ;
#1131 = LINE ( 'NONE', #781, #507 ) ;
#1132 =( NAMED_UNIT ( * ) PLANE_ANGLE_UNIT ( ) SI_UNIT ( $, .RADIAN. ) );
#1133 = DIRECTION ( 'NONE',  ( 7.228014483236698528E-16, 0.000000000000000000, 1.000000000000000000 ) ) ;
#1134 = PRESENTATION_LAYER_ASSIGNMENT (  '', '', ( #850 ) ) ;
#1135 = ORIENTED_EDGE ( 'NONE', *, *, #1385, .F. ) ;
#1136 = ADVANCED_FACE ( 'NONE', ( #954 ), #273, .F. ) ;
#1137 = ADVANCED_FACE ( 'NONE', ( #480 ), #318, .F. ) ;
#1138 = COLOUR_RGB ( '',1.000000000000000000, 0.5019607843137254832, 0.5019607843137254832 ) ;
#1139 = CARTESIAN_POINT ( 'NONE',  ( -0.4000000000000002998, 0.000000000000000000, -0.2900000000000000355 ) ) ;
#1140 = ORIENTED_EDGE ( 'NONE', *, *, #1385, .T. ) ;
#1141 = VECTOR ( 'NONE', #1762, 1000.000000000000000 ) ;
#1142 = LINE ( 'NONE', #974, #1752 ) ;
#1143 = CARTESIAN_POINT ( 'NONE',  ( 0.3999999999999996336, 0.000000000000000000, -0.2500000000000001110 ) ) ;
#1144 = CARTESIAN_POINT ( 'NONE',  ( -0.6999999999999999556, 0.000000000000000000, 0.2900000000000000355 ) ) ;
#1145 = LINE ( 'NONE', #622, #1498 ) ;
#1146 = CARTESIAN_POINT ( 'NONE',  ( 0.3999999999999998002, -0.01000000000000002623, 0.4000000000000002442 ) ) ;
#1147 = EDGE_LOOP ( 'NONE', ( #205, #910, #1569, #1692 ) ) ;
#1148 = ADVANCED_FACE ( 'NONE', ( #1619 ), #1831, .T. ) ;
#1149 = CIRCLE ( 'NONE', #1184, 0.1000000000000001027 ) ;
#1150 = VERTEX_POINT ( 'NONE', #613 ) ;
#1151 = SURFACE_STYLE_FILL_AREA ( #176 ) ;
#1152 = CARTESIAN_POINT ( 'NONE',  ( -0.1500000000000001887, 0.5900000000000000799, -0.2500000000000001110 ) ) ;
#1153 = ORIENTED_EDGE ( 'NONE', *, *, #634, .F. ) ;
#1154 = LINE ( 'NONE', #459, #856 ) ;
#1155 = DIRECTION ( 'NONE',  ( -0.000000000000000000, 1.000000000000000000, 0.000000000000000000 ) ) ;
#1156 = PLANE ( 'NONE',  #764 ) ;
#1157 = LINE ( 'NONE', #1657, #525 ) ;
#1158 = ORIENTED_EDGE ( 'NONE', *, *, #631, .F. ) ;
#1159 = LINE ( 'NONE', #1851, #848 ) ;
#1160 = PLANE ( 'NONE',  #127 ) ;
#1161 = ADVANCED_FACE ( 'NONE', ( #1973 ), #124, .F. ) ;
#1162 = DIRECTION ( 'NONE',  ( -1.000000000000000000, -0.000000000000000000, -0.000000000000000000 ) ) ;
#1163 = ORIENTED_EDGE ( 'NONE', *, *, #1213, .F. ) ;
#1164 = AXIS2_PLACEMENT_3D ( 'NONE', #1709, #1564, #392 ) ;
#1165 = EDGE_CURVE ( 'NONE', #1612, #880, #1304, .T. ) ;
#1166 = LINE ( 'NONE', #1010, #624 ) ;
#1167 = MECHANICAL_DESIGN_GEOMETRIC_PRESENTATION_REPRESENTATION (  '', ( #2118 ), #2047 ) ;
#1168 =( NAMED_UNIT ( * ) PLANE_ANGLE_UNIT ( ) SI_UNIT ( $, .RADIAN. ) );
#1169 = ORIENTED_EDGE ( 'NONE', *, *, #680, .F. ) ;
#1170 = COLOUR_RGB ( '',1.000000000000000000, 1.000000000000000000, 1.000000000000000000 ) ;
#1171 = FILL_AREA_STYLE ('',( #2010 ) ) ;
#1172 = ORIENTED_EDGE ( 'NONE', *, *, #1869, .F. ) ;
#1173 = DIRECTION ( 'NONE',  ( -1.000000000000000000, -0.000000000000000000, -0.000000000000000000 ) ) ;
#1174 = DIRECTION ( 'NONE',  ( -7.228014483236698528E-16, 0.000000000000000000, -1.000000000000000000 ) ) ;
#1175 = FACE_OUTER_BOUND ( 'NONE', #770, .T. ) ;
#1176 = COLOUR_RGB ( '',1.000000000000000000, 1.000000000000000000, 1.000000000000000000 ) ;
#1177 = ORIENTED_EDGE ( 'NONE', *, *, #276, .F. ) ;
#1178 = LINE ( 'NONE', #342, #822 ) ;
#1179 = EDGE_CURVE ( 'NONE', #166, #2028, #999, .T. ) ;
#1180 = FACE_OUTER_BOUND ( 'NONE', #549, .T. ) ;
#1181 = PLANE ( 'NONE',  #845 ) ;
#1182 = ORIENTED_EDGE ( 'NONE', *, *, #1716, .F. ) ;
#1183 = CARTESIAN_POINT ( 'NONE',  ( 0.3999999999999998557, 0.000000000000000000, 0.3900000000000000688 ) ) ;
#1184 = AXIS2_PLACEMENT_3D ( 'NONE', #2161, #1780, #1602 ) ;
#1185 = FACE_OUTER_BOUND ( 'NONE', #1275, .T. ) ;
#1186 = FACE_OUTER_BOUND ( 'NONE', #1870, .T. ) ;
#1187 = ORIENTED_EDGE ( 'NONE', *, *, #706, .F. ) ;
#1188 = DIRECTION ( 'NONE',  ( 1.000000000000000000, 0.000000000000000000, -1.807003620809176111E-16 ) ) ;
#1189 = EDGE_CURVE ( 'NONE', #338, #1721, #1707, .T. ) ;
#1190 = SURFACE_STYLE_FILL_AREA ( #1536 ) ;
#1191 = EDGE_CURVE ( 'NONE', #1598, #230, #1041, .T. ) ;
#1192 = ORIENTED_EDGE ( 'NONE', *, *, #1625, .T. ) ;
#1193 = VECTOR ( 'NONE', #1936, 1000.000000000000000 ) ;
#1194 = ADVANCED_FACE ( 'NONE', ( #535 ), #2169, .F. ) ;
#1195 = ORIENTED_EDGE ( 'NONE', *, *, #344, .F. ) ;
#1196 = LINE ( 'NONE', #2167, #2191 ) ;
#1197 = ORIENTED_EDGE ( 'NONE', *, *, #775, .F. ) ;
#1198 = CARTESIAN_POINT ( 'NONE',  ( 0.3999999999999996336, -0.01000000000000002623, 0.2500000000000001110 ) ) ;
#1199 = ORIENTED_EDGE ( 'NONE', *, *, #262, .F. ) ;
#1200 = LINE ( 'NONE', #716, #1724 ) ;
#1201 = VECTOR ( 'NONE', #508, 1000.000000000000000 ) ;
#1202 = AXIS2_PLACEMENT_3D ( 'NONE', #1071, #1912, #368 ) ;
#1203 =( GEOMETRIC_REPRESENTATION_CONTEXT ( 3 ) GLOBAL_UNCERTAINTY_ASSIGNED_CONTEXT ( ( #322 ) ) GLOBAL_UNIT_ASSIGNED_CONTEXT ( ( #1359, #684, #2060 ) ) REPRESENTATION_CONTEXT ( 'NONE', 'WORKASPACE' ) );
#1204 = VERTEX_POINT ( 'NONE', #2037 ) ;
#1205 = DIRECTION ( 'NONE',  ( -1.000000000000000000, 0.000000000000000000, 3.614007241618347292E-16 ) ) ;
#1206 = ORIENTED_EDGE ( 'NONE', *, *, #2111, .F. ) ;
#1207 = MECHANICAL_DESIGN_GEOMETRIC_PRESENTATION_REPRESENTATION (  '', ( #1703 ), #961 ) ;
#1208 = SURFACE_STYLE_FILL_AREA ( #1 ) ;
#1209 = MECHANICAL_DESIGN_GEOMETRIC_PRESENTATION_REPRESENTATION (  '', ( #1239 ), #151 ) ;
#1210 = ORIENTED_EDGE ( 'NONE', *, *, #960, .T. ) ;
#1211 = DIRECTION ( 'NONE',  ( 1.000000000000000000, 0.000000000000000000, 3.614007241618350250E-16 ) ) ;
#1212 = ORIENTED_EDGE ( 'NONE', *, *, #133, .F. ) ;
#1213 = EDGE_CURVE ( 'NONE', #2132, #1695, #2029, .T. ) ;
#1214 = PLANE ( 'NONE',  #676 ) ;
#1215 = ORIENTED_EDGE ( 'NONE', *, *, #1880, .T. ) ;
#1216 = PLANE ( 'NONE',  #1413 ) ;
#1217 = DIRECTION ( 'NONE',  ( 0.000000000000000000, 1.000000000000000000, 0.000000000000000000 ) ) ;
#1218 = PLANE ( 'NONE',  #1599 ) ;
#1219 = CARTESIAN_POINT ( 'NONE',  ( 0.6999999999999997335, 0.5799999999999999600, 0.2500000000000003886 ) ) ;
#1220 = FILL_AREA_STYLE ('',( #154 ) ) ;
#1221 = VECTOR ( 'NONE', #750, 1000.000000000000000 ) ;
#1222 = ORIENTED_EDGE ( 'NONE', *, *, #1520, .T. ) ;
#1223 = DIRECTION ( 'NONE',  ( -0.000000000000000000, -1.000000000000000000, -0.000000000000000000 ) ) ;
#1224 = ORIENTED_EDGE ( 'NONE', *, *, #1883, .F. ) ;
#1225 = CARTESIAN_POINT ( 'NONE',  ( 0.6999999999999994005, 0.5900000000000000799, 0.2500000000000002220 ) ) ;
#1226 = EDGE_CURVE ( 'NONE', #2058, #1757, #1688, .T. ) ;
#1227 = LINE ( 'NONE', #211, #923 ) ;
#1228 = CARTESIAN_POINT ( 'NONE',  ( -0.6999999999999999556, -0.01000000000000002623, -0.2500000000000001110 ) ) ;
#1229 = ORIENTED_EDGE ( 'NONE', *, *, #1704, .F. ) ;
#1230 = VECTOR ( 'NONE', #1942, 1000.000000000000000 ) ;
#1231 = LINE ( 'NONE', #2043, #1022 ) ;
#1232 = VERTEX_POINT ( 'NONE', #1009 ) ;
#1233 = CARTESIAN_POINT ( 'NONE',  ( -0.1500000000000001887, 0.5799999999999999600, -0.2500000000000001110 ) ) ;
#1234 = VECTOR ( 'NONE', #864, 1000.000000000000000 ) ;
#1235 = CARTESIAN_POINT ( 'NONE',  ( -0.6999999999999999556, -0.01000000000000002623, 0.2500000000000001110 ) ) ;
#1236 = DIRECTION ( 'NONE',  ( -1.000000000000000000, -0.000000000000000000, -0.000000000000000000 ) ) ;
#1237 = ORIENTED_EDGE ( 'NONE', *, *, #291, .T. ) ;
#1238 = COLOUR_RGB ( '',1.000000000000000000, 1.000000000000000000, 1.000000000000000000 ) ;
#1239 = STYLED_ITEM ( 'NONE', ( #673 ), #951 ) ;
#1240 = FACE_OUTER_BOUND ( 'NONE', #1683, .T. ) ;
#1241 = DIRECTION ( 'NONE',  ( 0.000000000000000000, 0.000000000000000000, -1.000000000000000000 ) ) ;
#1242 = VERTEX_POINT ( 'NONE', #1543 ) ;
#1243 = ORIENTED_EDGE ( 'NONE', *, *, #580, .T. ) ;
#1244 = PLANE ( 'NONE',  #183 ) ;
#1245 = FACE_OUTER_BOUND ( 'NONE', #242, .T. ) ;
#1246 = CARTESIAN_POINT ( 'NONE',  ( 0.1499999999999996336, -0.01000000000000002623, 0.2500000000000002220 ) ) ;
#1247 = ORIENTED_EDGE ( 'NONE', *, *, #540, .F. ) ;
#1248 = DIRECTION ( 'NONE',  ( 0.000000000000000000, 0.000000000000000000, -1.000000000000000000 ) ) ;
#1249 = EDGE_CURVE ( 'NONE', #529, #2151, #702, .T. ) ;
#1250 = CARTESIAN_POINT ( 'NONE',  ( -0.4000000000000001887, -0.01000000000000002623, -0.2500000000000002220 ) ) ;
#1251 = VERTEX_POINT ( 'NONE', #356 ) ;
#1252 = EDGE_CURVE ( 'NONE', #1913, #478, #21, .T. ) ;
#1253 = LINE ( 'NONE', #492, #444 ) ;
#1254 = SURFACE_STYLE_FILL_AREA ( #2144 ) ;
#1255 = EDGE_LOOP ( 'NONE', ( #1135, #1286, #557, #1473 ) ) ;
#1256 = DIRECTION ( 'NONE',  ( 3.614007241618347292E-16, -0.000000000000000000, 1.000000000000000000 ) ) ;
#1257 = CARTESIAN_POINT ( 'NONE',  ( 0.000000000000000000, 0.5900000000000000799, 0.000000000000000000 ) ) ;
#1258 = SURFACE_SIDE_STYLE ('',( #564 ) ) ;
#1259 = PLANE ( 'NONE',  #1811 ) ;
#1260 = ORIENTED_EDGE ( 'NONE', *, *, #610, .T. ) ;
#1261 = CARTESIAN_POINT ( 'NONE',  ( 0.3999999999999996336, 0.000000000000000000, -0.3900000000000000688 ) ) ;
#1262 = CARTESIAN_POINT ( 'NONE',  ( -0.1500000000000000222, 0.5799999999999999600, 0.1500000000000000500 ) ) ;
#1263 = ORIENTED_EDGE ( 'NONE', *, *, #1352, .T. ) ;
#1264 = DIRECTION ( 'NONE',  ( 1.000000000000000000, 0.000000000000000000, 0.000000000000000000 ) ) ;
#1265 = EDGE_CURVE ( 'NONE', #253, #1863, #2046, .T. ) ;
#1266 = EDGE_CURVE ( 'NONE', #2098, #2088, #1178, .T. ) ;
#1267 = VERTEX_POINT ( 'NONE', #844 ) ;
#1268 = VECTOR ( 'NONE', #67, 1000.000000000000000 ) ;
#1269 = SURFACE_STYLE_USAGE ( .BOTH. , #2135 ) ;
#1270 = CARTESIAN_POINT ( 'NONE',  ( -0.1500000000000000777, 0.5799999999999999600, 0.3900000000000000688 ) ) ;
#1271 = AXIS2_PLACEMENT_3D ( 'NONE', #1144, #967, #329 ) ;
#1272 = DIRECTION ( 'NONE',  ( 0.000000000000000000, 1.000000000000000000, -0.000000000000000000 ) ) ;
#1273 = VERTEX_POINT ( 'NONE', #682 ) ;
#1274 = LINE ( 'NONE', #249, #233 ) ;
#1275 = EDGE_LOOP ( 'NONE', ( #539, #627, #1624, #907 ) ) ;
#1276 = CARTESIAN_POINT ( 'NONE',  ( -0.6999999999999999556, -0.01000000000000002623, 0.2500000000000001110 ) ) ;
#1277 = PLANE ( 'NONE',  #427 ) ;
#1278 = ORIENTED_EDGE ( 'NONE', *, *, #1026, .T. ) ;
#1279 = EDGE_CURVE ( 'NONE', #686, #1481, #515, .T. ) ;
#1280 = FILL_AREA_STYLE_COLOUR ( '', #1364 ) ;
#1281 = CARTESIAN_POINT ( 'NONE',  ( -0.1500000000000001887, -0.01000000000000002623, -0.2500000000000001110 ) ) ;
#1282 = DIRECTION ( 'NONE',  ( 1.000000000000000000, 0.000000000000000000, 3.614007241618350250E-16 ) ) ;
#1283 = CARTESIAN_POINT ( 'NONE',  ( 0.3999999999999996336, -0.01000000000000002623, -0.2500000000000001110 ) ) ;
#1284 = ORIENTED_EDGE ( 'NONE', *, *, #540, .T. ) ;
#1285 = PRESENTATION_STYLE_ASSIGNMENT (( #755 ) ) ;
#1286 = ORIENTED_EDGE ( 'NONE', *, *, #1415, .T. ) ;
#1287 = CARTESIAN_POINT ( 'NONE',  ( 0.3999999999999996336, -0.01000000000000002623, -0.2500000000000001110 ) ) ;
#1288 = DIRECTION ( 'NONE',  ( -1.084202172485503645E-15, 0.000000000000000000, -1.000000000000000000 ) ) ;
#1289 = VECTOR ( 'NONE', #2102, 1000.000000000000000 ) ;
#1290 = DIRECTION ( 'NONE',  ( 1.000000000000000000, 0.000000000000000000, -3.614007241618343347E-16 ) ) ;
#1291 = DIRECTION ( 'NONE',  ( -0.000000000000000000, 1.000000000000000000, 0.000000000000000000 ) ) ;
#1292 = EDGE_CURVE ( 'NONE', #1672, #2015, #854, .T. ) ;
#1293 = DIRECTION ( 'NONE',  ( 1.000000000000000000, 0.000000000000000000, -3.614007241618350250E-16 ) ) ;
#1294 = VERTEX_POINT ( 'NONE', #894 ) ;
#1295 = ORIENTED_EDGE ( 'NONE', *, *, #1691, .T. ) ;
#1296 = DIRECTION ( 'NONE',  ( -0.000000000000000000, -1.000000000000000000, -0.000000000000000000 ) ) ;
#1297 = CARTESIAN_POINT ( 'NONE',  ( -0.3999999999999999667, 0.000000000000000000, 0.2500000000000000000 ) ) ;
#1298 = PRESENTATION_LAYER_ASSIGNMENT (  '', '', ( #65 ) ) ;
#1299 = VECTOR ( 'NONE', #1173, 1000.000000000000000 ) ;
#1300 = CARTESIAN_POINT ( 'NONE',  ( 0.000000000000000000, -0.01000000000000002623, 0.000000000000000000 ) ) ;
#1301 = CARTESIAN_POINT ( 'NONE',  ( -0.1500000000000001887, 0.000000000000000000, -0.2899999999999994804 ) ) ;
#1302 = ADVANCED_FACE ( 'NONE', ( #2094 ), #883, .F. ) ;
#1303 = ORIENTED_EDGE ( 'NONE', *, *, #1415, .F. ) ;
#1304 = CIRCLE ( 'NONE', #1735, 0.1000000000000001027 ) ;
#1305 = DIRECTION ( 'NONE',  ( -0.000000000000000000, -1.000000000000000000, -0.000000000000000000 ) ) ;
#1306 = ORIENTED_EDGE ( 'NONE', *, *, #1265, .T. ) ;
#1307 = AXIS2_PLACEMENT_3D ( 'NONE', #987, #1291, #942 ) ;
#1308 = DIRECTION ( 'NONE',  ( -1.000000000000000000, 0.000000000000000000, -7.228014483236698528E-16 ) ) ;
#1309 = PRESENTATION_STYLE_ASSIGNMENT (( #1322 ) ) ;
#1310 = SURFACE_STYLE_FILL_AREA ( #122 ) ;
#1311 = ORIENTED_EDGE ( 'NONE', *, *, #1691, .F. ) ;
#1312 = LINE ( 'NONE', #285, #1910 ) ;
#1313 = UNCERTAINTY_MEASURE_WITH_UNIT (LENGTH_MEASURE( 1.000000000000000082E-05 ), #406, 'distance_accuracy_value', 'NONE');
#1314 = DIRECTION ( 'NONE',  ( 1.000000000000000000, 0.000000000000000000, -3.614007241618349264E-16 ) ) ;
#1315 = CARTESIAN_POINT ( 'NONE',  ( 0.6999999999999994005, 0.5799999999999999600, 0.2500000000000002220 ) ) ;
#1316 = PRESENTATION_STYLE_ASSIGNMENT (( #817 ) ) ;
#1317 = ADVANCED_FACE ( 'NONE', ( #2059 ), #1244, .F. ) ;
#1318 = CARTESIAN_POINT ( 'NONE',  ( -0.1500000000000000222, 0.5810999999999999499, -0.1499999999999999667 ) ) ;
#1319 = EDGE_CURVE ( 'NONE', #365, #372, #758, .T. ) ;
#1320 = ORIENTED_EDGE ( 'NONE', *, *, #1607, .F. ) ;
#1321 = LINE ( 'NONE', #888, #2153 ) ;
#1322 = SURFACE_STYLE_USAGE ( .BOTH. , #486 ) ;
#1323 = LINE ( 'NONE', #983, #1635 ) ;
#1324 = ORIENTED_EDGE ( 'NONE', *, *, #226, .T. ) ;
#1325 = DIRECTION ( 'NONE',  ( 0.000000000000000000, 0.000000000000000000, -1.000000000000000000 ) ) ;
#1326 = CARTESIAN_POINT ( 'NONE',  ( -0.5500000000000000444, 0.5810999999999999499, 0.1500000000000000777 ) ) ;
#1327 = DIRECTION ( 'NONE',  ( 0.000000000000000000, 0.000000000000000000, -1.000000000000000000 ) ) ;
#1328 = CARTESIAN_POINT ( 'NONE',  ( -0.1500000000000002720, -0.01000000000000002623, -0.4000000000000000777 ) ) ;
#1329 = FILL_AREA_STYLE_COLOUR ( '', #779 ) ;
#1330 = UNCERTAINTY_MEASURE_WITH_UNIT (LENGTH_MEASURE( 1.000000000000000082E-05 ), #1951, 'distance_accuracy_value', 'NONE');
#1331 = DIRECTION ( 'NONE',  ( 0.000000000000000000, 0.000000000000000000, -1.000000000000000000 ) ) ;
#1332 = ORIENTED_EDGE ( 'NONE', *, *, #1535, .T. ) ;
#1333 =( LENGTH_UNIT ( ) NAMED_UNIT ( * ) SI_UNIT ( .MILLI., .METRE. ) );
#1334 = EDGE_CURVE ( 'NONE', #1681, #1510, #245, .T. ) ;
#1335 =( NAMED_UNIT ( * ) PLANE_ANGLE_UNIT ( ) SI_UNIT ( $, .RADIAN. ) );
#1336 = ORIENTED_EDGE ( 'NONE', *, *, #190, .T. ) ;
#1337 = AXIS2_PLACEMENT_3D ( 'NONE', #311, #482, #1834 ) ;
#1338 = PRESENTATION_STYLE_ASSIGNMENT (( #1874 ) ) ;
#1339 = CARTESIAN_POINT ( 'NONE',  ( 0.3999999999999996336, -0.01000000000000002623, 0.2500000000000001110 ) ) ;
#1340 = PRESENTATION_LAYER_ASSIGNMENT (  '', '', ( #2118 ) ) ;
#1341 = MECHANICAL_DESIGN_GEOMETRIC_PRESENTATION_REPRESENTATION (  '', ( #850 ), #464 ) ;
#1342 = ORIENTED_EDGE ( 'NONE', *, *, #887, .F. ) ;
#1343 = MECHANICAL_DESIGN_GEOMETRIC_PRESENTATION_REPRESENTATION (  '', ( #1061 ), #1758 ) ;
#1344 = LINE ( 'NONE', #45, #1532 ) ;
#1345 = ORIENTED_EDGE ( 'NONE', *, *, #958, .F. ) ;
#1346 = SURFACE_STYLE_USAGE ( .BOTH. , #995 ) ;
#1347 = FILL_AREA_STYLE ('',( #487 ) ) ;
#1348 = VECTOR ( 'NONE', #1028, 1000.000000000000000 ) ;
#1349 = ORIENTED_EDGE ( 'NONE', *, *, #2177, .T. ) ;
#1350 = ADVANCED_FACE ( 'NONE', ( #2103 ), #1570, .T. ) ;
#1351 = DIRECTION ( 'NONE',  ( 0.000000000000000000, 1.000000000000000000, 0.000000000000000000 ) ) ;
#1352 = EDGE_CURVE ( 'NONE', #1898, #1430, #1380, .T. ) ;
#1353 =( NAMED_UNIT ( * ) PLANE_ANGLE_UNIT ( ) SI_UNIT ( $, .RADIAN. ) );
#1354 = ORIENTED_EDGE ( 'NONE', *, *, #1553, .T. ) ;
#1355 = CARTESIAN_POINT ( 'NONE',  ( -0.8000000000000000444, 0.5799999999999999600, 0.2900000000000000355 ) ) ;
#1356 = CARTESIAN_POINT ( 'NONE',  ( 0.6999999999999999556, 0.5799999999999999600, -0.2900000000000000355 ) ) ;
#1357 = ORIENTED_EDGE ( 'NONE', *, *, #1433, .F. ) ;
#1358 =( NAMED_UNIT ( * ) SI_UNIT ( $, .STERADIAN. ) SOLID_ANGLE_UNIT ( ) );
#1359 =( LENGTH_UNIT ( ) NAMED_UNIT ( * ) SI_UNIT ( .MILLI., .METRE. ) );
#1360 = VECTOR ( 'NONE', #1174, 1000.000000000000000 ) ;
#1361 = ADVANCED_FACE ( 'NONE', ( #1760 ), #722, .T. ) ;
#1362 = ORIENTED_EDGE ( 'NONE', *, *, #1040, .F. ) ;
#1363 = CARTESIAN_POINT ( 'NONE',  ( 0.1499999999999996336, -0.01000000000000002623, 0.2500000000000002220 ) ) ;
#1364 = COLOUR_RGB ( '',1.000000000000000000, 0.5019607843137254832, 0.5019607843137254832 ) ;
#1365 = VERTEX_POINT ( 'NONE', #1233 ) ;
#1366 = FACE_OUTER_BOUND ( 'NONE', #2168, .T. ) ;
#1367 = CARTESIAN_POINT ( 'NONE',  ( -0.1500000000000001887, -0.01000000000000002623, 0.2500000000000001110 ) ) ;
#1368 = EDGE_LOOP ( 'NONE', ( #518, #1402, #1222, #2112 ) ) ;
#1369 = DIRECTION ( 'NONE',  ( 1.000000000000000000, -0.000000000000000000, -6.776263578034402713E-17 ) ) ;
#1370 = DIRECTION ( 'NONE',  ( 3.614007241618349264E-16, -0.000000000000000000, 1.000000000000000000 ) ) ;
#1371 = SURFACE_STYLE_USAGE ( .BOTH. , #671 ) ;
#1372 = DIRECTION ( 'NONE',  ( -0.000000000000000000, -0.000000000000000000, 1.000000000000000000 ) ) ;
#1373 = VECTOR ( 'NONE', #2073, 1000.000000000000000 ) ;
#1374 = EDGE_CURVE ( 'NONE', #350, #2035, #421, .T. ) ;
#1375 = VECTOR ( 'NONE', #2122, 1000.000000000000000 ) ;
#1376 = AXIS2_PLACEMENT_3D ( 'NONE', #795, #1308, #1070 ) ;
#1377 = ORIENTED_EDGE ( 'NONE', *, *, #851, .T. ) ;
#1378 = ORIENTED_EDGE ( 'NONE', *, *, #1714, .F. ) ;
#1379 = AXIS2_PLACEMENT_3D ( 'NONE', #1300, #1820, #1460 ) ;
#1380 = LINE ( 'NONE', #1925, #751 ) ;
#1381 = CARTESIAN_POINT ( 'NONE',  ( -0.1500000000000002720, 0.5799999999999999600, -0.3900000000000000688 ) ) ;
#1382 = EDGE_LOOP ( 'NONE', ( #1754, #381, #1354, #454 ) ) ;
#1383 = FACE_OUTER_BOUND ( 'NONE', #293, .T. ) ;
#1384 = ORIENTED_EDGE ( 'NONE', *, *, #1279, .T. ) ;
#1385 = EDGE_CURVE ( 'NONE', #81, #365, #916, .T. ) ;
#1386 = DIRECTION ( 'NONE',  ( 1.000000000000000000, 0.000000000000000000, -7.228014483236698528E-16 ) ) ;
#1387 = ADVANCED_FACE ( 'NONE', ( #560 ), #1216, .T. ) ;
#1388 = ORIENTED_EDGE ( 'NONE', *, *, #1583, .F. ) ;
#1389 = LINE ( 'NONE', #1903, #1670 ) ;
#1390 = COLOUR_RGB ( '',0.7921568627450980005, 0.8196078431372548767, 0.9333333333333333481 ) ;
#1391 = LINE ( 'NONE', #693, #1201 ) ;
#1392 = CARTESIAN_POINT ( 'NONE',  ( 0.3999999999999995226, -0.01000000000000002623, -0.4000000000000000777 ) ) ;
#1393 = DIRECTION ( 'NONE',  ( 0.000000000000000000, 1.000000000000000000, 0.000000000000000000 ) ) ;
#1394 = VECTOR ( 'NONE', #1969, 1000.000000000000000 ) ;
#1395 = DIRECTION ( 'NONE',  ( 1.084202172485503645E-15, 0.000000000000000000, 1.000000000000000000 ) ) ;
#1396 = VECTOR ( 'NONE', #1778, 1000.000000000000000 ) ;
#1397 = VERTEX_POINT ( 'NONE', #1399 ) ;
#1398 = ORIENTED_EDGE ( 'NONE', *, *, #80, .F. ) ;
#1399 = CARTESIAN_POINT ( 'NONE',  ( 0.3999999999999998557, 0.5799999999999999600, 0.3900000000000000688 ) ) ;
#1400 = FILL_AREA_STYLE ('',( #918 ) ) ;
#1401 = CARTESIAN_POINT ( 'NONE',  ( 0.1499999999999996336, 0.000000000000000000, 0.3900000000000000688 ) ) ;
#1402 = ORIENTED_EDGE ( 'NONE', *, *, #680, .T. ) ;
#1403 = CARTESIAN_POINT ( 'NONE',  ( -0.3999999999999999667, 0.5799999999999999600, 0.2500000000000000000 ) ) ;
#1404 = COLOUR_RGB ( '',1.000000000000000000, 1.000000000000000000, 1.000000000000000000 ) ;
#1405 = DIRECTION ( 'NONE',  ( 1.000000000000000000, 0.000000000000000000, -3.614007241618349264E-16 ) ) ;
#1406 = ORIENTED_EDGE ( 'NONE', *, *, #1352, .F. ) ;
#1407 = AXIS2_PLACEMENT_3D ( 'NONE', #1521, #2026, #1908 ) ;
#1408 = SURFACE_SIDE_STYLE ('',( #1580 ) ) ;
#1409 = VERTEX_POINT ( 'NONE', #1725 ) ;
#1410 = DIRECTION ( 'NONE',  ( 0.000000000000000000, 1.000000000000000000, 0.000000000000000000 ) ) ;
#1411 = ADVANCED_FACE ( 'NONE', ( #52 ), #905, .F. ) ;
#1412 = ADVANCED_FACE ( 'NONE', ( #2082 ), #1915, .T. ) ;
#1413 = AXIS2_PLACEMENT_3D ( 'NONE', #1893, #206, #1050 ) ;
#1414 = DIRECTION ( 'NONE',  ( -1.000000000000000000, 0.000000000000000000, 1.355252715606880543E-16 ) ) ;
#1415 = EDGE_CURVE ( 'NONE', #81, #2151, #398, .T. ) ;
#1416 = EDGE_LOOP ( 'NONE', ( #1853, #959, #1513, #1439, #625, #1480, #1966, #1706, #511, #1045, #1206, #687, #1029, #638, #858, #1559, #1918, #730, #96, #119, #707, #2157, #2008, #163, #441, #1169, #1519, #701 ) ) ;
#1417 = PRESENTATION_LAYER_ASSIGNMENT (  '', '', ( #572 ) ) ;
#1418 = DIRECTION ( 'NONE',  ( 3.614007241618350250E-16, -0.000000000000000000, 1.000000000000000000 ) ) ;
#1419 = ORIENTED_EDGE ( 'NONE', *, *, #1002, .T. ) ;
#1420 = DIRECTION ( 'NONE',  ( 0.000000000000000000, -1.000000000000000000, 0.000000000000000000 ) ) ;
#1421 = DIRECTION ( 'NONE',  ( 3.614007241618343347E-16, -0.000000000000000000, 1.000000000000000000 ) ) ;
#1422 = EDGE_LOOP ( 'NONE', ( #1089, #903, #153, #679 ) ) ;
#1423 = DIRECTION ( 'NONE',  ( 1.000000000000000000, 0.000000000000000000, -3.614007241618350250E-16 ) ) ;
#1424 = UNCERTAINTY_MEASURE_WITH_UNIT (LENGTH_MEASURE( 1.000000000000000082E-05 ), #628, 'distance_accuracy_value', 'NONE');
#1425 = CARTESIAN_POINT ( 'NONE',  ( 0.3999999999999998002, -0.01000000000000002623, 0.4000000000000002442 ) ) ;
#1426 = CARTESIAN_POINT ( 'NONE',  ( 0.3999999999999990230, 0.000000000000000000, -0.2899999999999997580 ) ) ;
#1427 =( NAMED_UNIT ( * ) SI_UNIT ( $, .STERADIAN. ) SOLID_ANGLE_UNIT ( ) );
#1428 =( GEOMETRIC_REPRESENTATION_CONTEXT ( 3 ) GLOBAL_UNCERTAINTY_ASSIGNED_CONTEXT ( ( #1830 ) ) GLOBAL_UNIT_ASSIGNED_CONTEXT ( ( #685, #712, #1044 ) ) REPRESENTATION_CONTEXT ( 'NONE', 'WORKASPACE' ) );
#1429 = LINE ( 'NONE', #1608, #2162 ) ;
#1430 = VERTEX_POINT ( 'NONE', #1225 ) ;
#1431 = CARTESIAN_POINT ( 'NONE',  ( -0.1500000000000001887, -0.01000000000000002623, 0.2500000000000001110 ) ) ;
#1432 = EDGE_CURVE ( 'NONE', #794, #1510, #1389, .T. ) ;
#1433 = EDGE_CURVE ( 'NONE', #571, #2035, #746, .T. ) ;
#1434 = DIRECTION ( 'NONE',  ( 0.000000000000000000, 1.000000000000000000, 0.000000000000000000 ) ) ;
#1435 = ORIENTED_EDGE ( 'NONE', *, *, #1972, .T. ) ;
#1436 =( NAMED_UNIT ( * ) SI_UNIT ( $, .STERADIAN. ) SOLID_ANGLE_UNIT ( ) );
#1437 = MECHANICAL_DESIGN_GEOMETRIC_PRESENTATION_REPRESENTATION (  '', ( #2036 ), #1079 ) ;
#1438 = CARTESIAN_POINT ( 'NONE',  ( -0.4000000000000001887, -0.01000000000000002623, -0.4000000000000001887 ) ) ;
#1439 = ORIENTED_EDGE ( 'NONE', *, *, #1039, .F. ) ;
#1440 = DIRECTION ( 'NONE',  ( 0.000000000000000000, 0.000000000000000000, -1.000000000000000000 ) ) ;
#1441 = CARTESIAN_POINT ( 'NONE',  ( -0.3999999999999996891, -0.01000000000000002623, 0.3999999999999999667 ) ) ;
#1442 = CARTESIAN_POINT ( 'NONE',  ( -0.3999999999999996891, 0.000000000000000000, 0.3900000000000000688 ) ) ;
#1443 = AXIS2_PLACEMENT_3D ( 'NONE', #312, #465, #1647 ) ;
#1444 = LINE ( 'NONE', #769, #1777 ) ;
#1445 = ORIENTED_EDGE ( 'NONE', *, *, #77, .F. ) ;
#1446 = CARTESIAN_POINT ( 'NONE',  ( -0.1500000000000000222, -0.01000000000000002623, 0.4000000000000002442 ) ) ;
#1447 = DIRECTION ( 'NONE',  ( 7.228014483236698528E-16, 0.000000000000000000, -1.000000000000000000 ) ) ;
#1448 = PRESENTATION_LAYER_ASSIGNMENT (  '', '', ( #740 ) ) ;
#1449 = ADVANCED_FACE ( 'NONE', ( #950 ), #1806, .F. ) ;
#1450 = EDGE_LOOP ( 'NONE', ( #943, #1892, #1567, #1582 ) ) ;
#1451 = ADVANCED_FACE ( 'NONE', ( #458 ), #621, .T. ) ;
#1452 = CARTESIAN_POINT ( 'NONE',  ( -0.1500000000000001887, -0.01000000000000002623, 0.2500000000000001110 ) ) ;
#1453 = CARTESIAN_POINT ( 'NONE',  ( 0.1499999999999996336, 0.5900000000000000799, 0.2500000000000002220 ) ) ;
#1454 = ORIENTED_EDGE ( 'NONE', *, *, #1026, .F. ) ;
#1455 = CARTESIAN_POINT ( 'NONE',  ( -0.6999999999999999556, 0.5799999999999999600, 0.3900000000000000688 ) ) ;
#1456 = VECTOR ( 'NONE', #879, 1000.000000000000000 ) ;
#1457 = LINE ( 'NONE', #1281, #1495 ) ;
#1458 = AXIS2_PLACEMENT_3D ( 'NONE', #411, #1785, #759 ) ;
#1459 = CARTESIAN_POINT ( 'NONE',  ( 0.6999999999999994005, -0.01000000000000002623, 0.4000000000000001887 ) ) ;
#1460 = DIRECTION ( 'NONE',  ( 0.000000000000000000, -0.000000000000000000, 1.000000000000000000 ) ) ;
#1461 = DIRECTION ( 'NONE',  ( 0.000000000000000000, 1.000000000000000000, 0.000000000000000000 ) ) ;
#1462 = VECTOR ( 'NONE', #1641, 1000.000000000000000 ) ;
#1463 = ORIENTED_EDGE ( 'NONE', *, *, #1265, .F. ) ;
#1464 = LINE ( 'NONE', #1453, #1375 ) ;
#1465 = VERTEX_POINT ( 'NONE', #295 ) ;
#1466 = ADVANCED_FACE ( 'NONE', ( #1631 ), #1982, .F. ) ;
#1467 = LINE ( 'NONE', #620, #1394 ) ;
#1468 = CARTESIAN_POINT ( 'NONE',  ( 0.3999999999999990230, 0.5799999999999999600, -0.2899999999999997580 ) ) ;
#1469 = CARTESIAN_POINT ( 'NONE',  ( 0.6999999999999999556, 0.5799999999999999600, 0.2900000000000000355 ) ) ;
#1470 = LINE ( 'NONE', #426, #1930 ) ;
#1471 = VERTEX_POINT ( 'NONE', #1441 ) ;
#1472 = FACE_OUTER_BOUND ( 'NONE', #3, .T. ) ;
#1473 = ORIENTED_EDGE ( 'NONE', *, *, #2030, .T. ) ;
#1474 = LINE ( 'NONE', #2126, #352 ) ;
#1475 =( NAMED_UNIT ( * ) SI_UNIT ( $, .STERADIAN. ) SOLID_ANGLE_UNIT ( ) );
#1476 = VECTOR ( 'NONE', #64, 1000.000000000000000 ) ;
#1477 = PLANE ( 'NONE',  #1488 ) ;
#1478 = FILL_AREA_STYLE ('',( #1953 ) ) ;
#1479 = CARTESIAN_POINT ( 'NONE',  ( -0.1500000000000001887, -0.01000000000000002623, 0.2500000000000001110 ) ) ;
#1480 = ORIENTED_EDGE ( 'NONE', *, *, #2014, .F. ) ;
#1481 = VERTEX_POINT ( 'NONE', #1143 ) ;
#1482 = VECTOR ( 'NONE', #1896, 1000.000000000000000 ) ;
#1483 = DIRECTION ( 'NONE',  ( -1.000000000000000000, 0.000000000000000000, 0.000000000000000000 ) ) ;
#1484 = DIRECTION ( 'NONE',  ( 0.000000000000000000, -1.000000000000000000, 0.000000000000000000 ) ) ;
#1485 = ORIENTED_EDGE ( 'NONE', *, *, #272, .F. ) ;
#1486 = VECTOR ( 'NONE', #2189, 1000.000000000000000 ) ;
#1487 = CARTESIAN_POINT ( 'NONE',  ( 0.1499999999999996336, -0.01000000000000002623, -0.2500000000000002220 ) ) ;
#1488 = AXIS2_PLACEMENT_3D ( 'NONE', #1656, #1698, #2022 ) ;
#1489 = ADVANCED_FACE ( 'NONE', ( #1617 ), #1819, .F. ) ;
#1490 = CARTESIAN_POINT ( 'NONE',  ( -0.1500000000000001887, 0.5900000000000000799, -0.2500000000000001110 ) ) ;
#1491 = LINE ( 'NONE', #149, #1042 ) ;
#1492 = EDGE_CURVE ( 'NONE', #1867, #2178, #808, .T. ) ;
#1493 = ORIENTED_EDGE ( 'NONE', *, *, #433, .F. ) ;
#1494 = UNCERTAINTY_MEASURE_WITH_UNIT (LENGTH_MEASURE( 1.000000000000000082E-05 ), #62, 'distance_accuracy_value', 'NONE');
#1495 = VECTOR ( 'NONE', #1795, 1000.000000000000000 ) ;
#1496 =( NAMED_UNIT ( * ) PLANE_ANGLE_UNIT ( ) SI_UNIT ( $, .RADIAN. ) );
#1497 = ORIENTED_EDGE ( 'NONE', *, *, #227, .T. ) ;
#1498 = VECTOR ( 'NONE', #1123, 1000.000000000000000 ) ;
#1499 = CARTESIAN_POINT ( 'NONE',  ( 0.3999999999999996336, 0.5799999999999999600, 0.2500000000000001110 ) ) ;
#1500 = DIRECTION ( 'NONE',  ( 1.000000000000000000, -0.000000000000000000, 0.000000000000000000 ) ) ;
#1501 = FACE_BOUND ( 'NONE', #2154, .T. ) ;
#1502 = ORIENTED_EDGE ( 'NONE', *, *, #1638, .T. ) ;
#1503 = PRESENTATION_STYLE_ASSIGNMENT (( #629 ) ) ;
#1504 = DIRECTION ( 'NONE',  ( 1.000000000000000000, -0.000000000000000000, 0.000000000000000000 ) ) ;
#1505 = LINE ( 'NONE', #161, #452 ) ;
#1506 = DIRECTION ( 'NONE',  ( 7.228014483236698528E-16, 0.000000000000000000, 1.000000000000000000 ) ) ;
#1507 = ADVANCED_FACE ( 'NONE', ( #1772 ), #2114, .T. ) ;
#1508 = EDGE_CURVE ( 'NONE', #1397, #1695, #975, .T. ) ;
#1509 = CARTESIAN_POINT ( 'NONE',  ( 0.1499999999999996336, -0.01000000000000002623, -0.2500000000000002220 ) ) ;
#1510 = VERTEX_POINT ( 'NONE', #966 ) ;
#1511 = LINE ( 'NONE', #2166, #783 ) ;
#1512 = FACE_OUTER_BOUND ( 'NONE', #1859, .T. ) ;
#1513 = ORIENTED_EDGE ( 'NONE', *, *, #120, .F. ) ;
#1514 = CARTESIAN_POINT ( 'NONE',  ( -0.6999999999999999556, -0.01000000000000002623, -0.2500000000000001110 ) ) ;
#1515 = VECTOR ( 'NONE', #1282, 1000.000000000000000 ) ;
#1516 = CARTESIAN_POINT ( 'NONE',  ( -0.4000000000000001887, -0.01000000000000002623, -0.2500000000000002220 ) ) ;
#1517 = SURFACE_SIDE_STYLE ('',( #647 ) ) ;
#1518 = SURFACE_STYLE_FILL_AREA ( #337 ) ;
#1519 = ORIENTED_EDGE ( 'NONE', *, *, #1814, .T. ) ;
#1520 = EDGE_CURVE ( 'NONE', #1742, #248, #260, .T. ) ;
#1521 = CARTESIAN_POINT ( 'NONE',  ( -0.6999999999999999556, 0.5799999999999999600, 0.3900000000000000688 ) ) ;
#1522 = DIRECTION ( 'NONE',  ( 0.000000000000000000, 0.000000000000000000, -1.000000000000000000 ) ) ;
#1523 = DIRECTION ( 'NONE',  ( 0.000000000000000000, 1.000000000000000000, 0.000000000000000000 ) ) ;
#1524 = ORIENTED_EDGE ( 'NONE', *, *, #2123, .T. ) ;
#1525 = DIRECTION ( 'NONE',  ( 0.000000000000000000, 0.000000000000000000, 1.000000000000000000 ) ) ;
#1526 = AXIS2_PLACEMENT_3D ( 'NONE', #1674, #1055, #47 ) ;
#1527 = ORIENTED_EDGE ( 'NONE', *, *, #1625, .F. ) ;
#1528 = ORIENTED_EDGE ( 'NONE', *, *, #32, .T. ) ;
#1529 = VECTOR ( 'NONE', #1525, 1000.000000000000000 ) ;
#1530 = DIRECTION ( 'NONE',  ( 1.000000000000000000, 0.000000000000000000, -3.614007241618349264E-16 ) ) ;
#1531 = CARTESIAN_POINT ( 'NONE',  ( -0.6999999999999999556, 0.5799999999999999600, -0.3900000000000000688 ) ) ;
#1532 = VECTOR ( 'NONE', #1414, 1000.000000000000000 ) ;
#1533 = ORIENTED_EDGE ( 'NONE', *, *, #1266, .T. ) ;
#1534 = EDGE_CURVE ( 'NONE', #880, #651, #1131, .T. ) ;
#1535 = EDGE_CURVE ( 'NONE', #571, #2080, #1457, .T. ) ;
#1536 = FILL_AREA_STYLE ('',( #182 ) ) ;
#1537 = PRESENTATION_STYLE_ASSIGNMENT (( #1371 ) ) ;
#1538 = LINE ( 'NONE', #1363, #491 ) ;
#1539 = ORIENTED_EDGE ( 'NONE', *, *, #1165, .T. ) ;
#1540 =( GEOMETRIC_REPRESENTATION_CONTEXT ( 3 ) GLOBAL_UNCERTAINTY_ASSIGNED_CONTEXT ( ( #330 ) ) GLOBAL_UNIT_ASSIGNED_CONTEXT ( ( #1091, #1168, #1436 ) ) REPRESENTATION_CONTEXT ( 'NONE', 'WORKASPACE' ) );
#1541 = CARTESIAN_POINT ( 'NONE',  ( -0.1500000000000000222, -0.01000000000000002623, 0.4000000000000002442 ) ) ;
#1542 = ORIENTED_EDGE ( 'NONE', *, *, #405, .T. ) ;
#1543 = CARTESIAN_POINT ( 'NONE',  ( 0.1499999999999996336, 0.5799999999999999600, -0.2500000000000002220 ) ) ;
#1544 = PLANE ( 'NONE',  #289 ) ;
#1545 = EDGE_LOOP ( 'NONE', ( #1648, #1577, #1723, #2125 ) ) ;
#1546 = ORIENTED_EDGE ( 'NONE', *, *, #706, .T. ) ;
#1547 = SURFACE_SIDE_STYLE ('',( #891 ) ) ;
#1548 = LINE ( 'NONE', #531, #1980 ) ;
#1549 = VERTEX_POINT ( 'NONE', #446 ) ;
#1550 = DIRECTION ( 'NONE',  ( -1.000000000000000000, 0.000000000000000000, 3.614007241618350250E-16 ) ) ;
#1551 = CARTESIAN_POINT ( 'NONE',  ( 0.3999999999999995226, 0.5900000000000000799, -0.4000000000000000777 ) ) ;
#1552 = SURFACE_SIDE_STYLE ('',( #1518 ) ) ;
#1553 = EDGE_CURVE ( 'NONE', #1273, #719, #1119, .T. ) ;
#1554 = CARTESIAN_POINT ( 'NONE',  ( 0.3999999999999996336, 0.5900000000000000799, 0.2500000000000001110 ) ) ;
#1555 = COLOUR_RGB ( '',1.000000000000000000, 1.000000000000000000, 1.000000000000000000 ) ;
#1556 = EDGE_CURVE ( 'NONE', #2044, #1204, #666, .T. ) ;
#1557 = ORIENTED_EDGE ( 'NONE', *, *, #150, .F. ) ;
#1558 = DIRECTION ( 'NONE',  ( 0.000000000000000000, 1.000000000000000000, 0.000000000000000000 ) ) ;
#1559 = ORIENTED_EDGE ( 'NONE', *, *, #2173, .F. ) ;
#1560 = VECTOR ( 'NONE', #668, 1000.000000000000000 ) ;
#1561 = DIRECTION ( 'NONE',  ( -1.000000000000000000, 0.000000000000000000, 0.000000000000000000 ) ) ;
#1562 = DIRECTION ( 'NONE',  ( 1.000000000000000000, 0.000000000000000000, -3.614007241618349264E-16 ) ) ;
#1563 = DIRECTION ( 'NONE',  ( -1.084202172485503645E-15, 0.000000000000000000, -1.000000000000000000 ) ) ;
#1564 = DIRECTION ( 'NONE',  ( 0.000000000000000000, 1.000000000000000000, -0.000000000000000000 ) ) ;
#1565 = DIRECTION ( 'NONE',  ( -0.000000000000000000, 1.000000000000000000, 0.000000000000000000 ) ) ;
#1566 = EDGE_CURVE ( 'NONE', #594, #1128, #860, .T. ) ;
#1567 = ORIENTED_EDGE ( 'NONE', *, *, #902, .F. ) ;
#1568 = LINE ( 'NONE', #1048, #1456 ) ;
#1569 = ORIENTED_EDGE ( 'NONE', *, *, #272, .T. ) ;
#1570 = PLANE ( 'NONE',  #432 ) ;
#1571 = VECTOR ( 'NONE', #646, 1000.000000000000000 ) ;
#1572 = LINE ( 'NONE', #941, #140 ) ;
#1573 = PLANE ( 'NONE',  #1884 ) ;
#1574 = SURFACE_STYLE_FILL_AREA ( #897 ) ;
#1575 = CARTESIAN_POINT ( 'NONE',  ( 0.3999999999999996336, 0.5900000000000000799, -0.2500000000000001110 ) ) ;
#1576 = VECTOR ( 'NONE', #1327, 1000.000000000000000 ) ;
#1577 = ORIENTED_EDGE ( 'NONE', *, *, #2138, .F. ) ;
#1578 = EDGE_CURVE ( 'NONE', #1294, #1957, #1323, .T. ) ;
#1579 = PLANE ( 'NONE',  #1711 ) ;
#1580 = SURFACE_STYLE_FILL_AREA ( #26 ) ;
#1581 = ADVANCED_FACE ( 'NONE', ( #1186 ), #513, .F. ) ;
#1582 = ORIENTED_EDGE ( 'NONE', *, *, #403, .T. ) ;
#1583 = EDGE_CURVE ( 'NONE', #2098, #1948, #361, .T. ) ;
#1584 = DIRECTION ( 'NONE',  ( -1.000000000000000000, 0.000000000000000000, 3.614007241618347292E-16 ) ) ;
#1585 = DIRECTION ( 'NONE',  ( -0.000000000000000000, -1.000000000000000000, -0.000000000000000000 ) ) ;
#1586 = CARTESIAN_POINT ( 'NONE',  ( 0.1499999999999996336, -0.01000000000000002623, 0.2500000000000002220 ) ) ;
#1587 = ORIENTED_EDGE ( 'NONE', *, *, #704, .F. ) ;
#1588 = CARTESIAN_POINT ( 'NONE',  ( 0.3999999999999996336, -0.01000000000000002623, 0.2500000000000001110 ) ) ;
#1589 = MECHANICAL_DESIGN_GEOMETRIC_PRESENTATION_REPRESENTATION (  '', ( #740 ), #1902 ) ;
#1590 = ORIENTED_EDGE ( 'NONE', *, *, #1814, .F. ) ;
#1591 = AXIS2_PLACEMENT_3D ( 'NONE', #742, #1386, #1712 ) ;
#1592 = DIRECTION ( 'NONE',  ( 0.000000000000000000, 1.000000000000000000, 0.000000000000000000 ) ) ;
#1593 =( NAMED_UNIT ( * ) PLANE_ANGLE_UNIT ( ) SI_UNIT ( $, .RADIAN. ) );
#1594 = ORIENTED_EDGE ( 'NONE', *, *, #50, .T. ) ;
#1595 = CARTESIAN_POINT ( 'NONE',  ( 0.7000000000000001776, 0.5799999999999999600, 0.2499999999999995282 ) ) ;
#1596 = CARTESIAN_POINT ( 'NONE',  ( -0.1500000000000001887, -0.01000000000000002623, -0.2500000000000001110 ) ) ;
#1597 = LINE ( 'NONE', #1101, #258 ) ;
#1598 = VERTEX_POINT ( 'NONE', #1017 ) ;
#1599 = AXIS2_PLACEMENT_3D ( 'NONE', #247, #906, #378 ) ;
#1600 = CARTESIAN_POINT ( 'NONE',  ( 0.6999999999999999556, 0.000000000000000000, -0.2900000000000000355 ) ) ;
#1601 = ORIENTED_EDGE ( 'NONE', *, *, #1249, .T. ) ;
#1602 = DIRECTION ( 'NONE',  ( 0.000000000000000000, 0.000000000000000000, -1.000000000000000000 ) ) ;
#1603 = DIRECTION ( 'NONE',  ( -3.614007241618350250E-16, 0.000000000000000000, 1.000000000000000000 ) ) ;
#1604 = EDGE_LOOP ( 'NONE', ( #472, #374, #8, #2142, #1117, #761, #1038, #1940 ) ) ;
#1605 = FACE_OUTER_BOUND ( 'NONE', #1255, .T. ) ;
#1606 = PLANE ( 'NONE',  #1907 ) ;
#1607 = EDGE_CURVE ( 'NONE', #166, #794, #1196, .T. ) ;
#1608 = CARTESIAN_POINT ( 'NONE',  ( -0.1500000000000002720, -0.01000000000000002623, -0.4000000000000000777 ) ) ;
#1609 = EDGE_LOOP ( 'NONE', ( #1182, #502, #1008, #1263 ) ) ;
#1610 = CARTESIAN_POINT ( 'NONE',  ( -0.1500000000000000222, 0.5799999999999999600, 0.1500000000000000500 ) ) ;
#1611 = CARTESIAN_POINT ( 'NONE',  ( 0.6999999999999994005, 0.5900000000000000799, -0.4000000000000001887 ) ) ;
#1612 = VERTEX_POINT ( 'NONE', #1694 ) ;
#1613 = AXIS2_PLACEMENT_3D ( 'NONE', #283, #1256, #457 ) ;
#1614 = FACE_OUTER_BOUND ( 'NONE', #488, .T. ) ;
#1615 = ORIENTED_EDGE ( 'NONE', *, *, #1607, .T. ) ;
#1616 = CARTESIAN_POINT ( 'NONE',  ( -0.6999999999999999556, 0.000000000000000000, 0.3900000000000000688 ) ) ;
#1617 = FACE_OUTER_BOUND ( 'NONE', #391, .T. ) ;
#1618 = LINE ( 'NONE', #1100, #814 ) ;
#1619 = FACE_OUTER_BOUND ( 'NONE', #145, .T. ) ;
#1620 = VERTEX_POINT ( 'NONE', #1367 ) ;
#1621 = DIRECTION ( 'NONE',  ( -3.614007241618350250E-16, 0.000000000000000000, 1.000000000000000000 ) ) ;
#1622 = CARTESIAN_POINT ( 'NONE',  ( -0.7000000000000000666, 0.5900000000000000799, -0.4000000000000000777 ) ) ;
#1623 = VECTOR ( 'NONE', #1720, 1000.000000000000000 ) ;
#1624 = ORIENTED_EDGE ( 'NONE', *, *, #1002, .F. ) ;
#1625 = EDGE_CURVE ( 'NONE', #228, #355, #1862, .T. ) ;
#1626 = CARTESIAN_POINT ( 'NONE',  ( -0.3999999999999999112, -0.01000000000000002623, 0.2500000000000000000 ) ) ;
#1627 = DIRECTION ( 'NONE',  ( 1.000000000000000000, 0.000000000000000000, -3.614007241618350250E-16 ) ) ;
#1628 = VERTEX_POINT ( 'NONE', #1828 ) ;
#1629 = AXIS2_PLACEMENT_3D ( 'NONE', #215, #725, #1395 ) ;
#1630 = DIRECTION ( 'NONE',  ( 0.000000000000000000, 0.000000000000000000, 1.000000000000000000 ) ) ;
#1631 = FACE_OUTER_BOUND ( 'NONE', #105, .T. ) ;
#1632 = MECHANICAL_DESIGN_GEOMETRIC_PRESENTATION_REPRESENTATION (  '', ( #2121 ), #677 ) ;
#1633 = LINE ( 'NONE', #976, #251 ) ;
#1634 = LINE ( 'NONE', #1103, #412 ) ;
#1635 = VECTOR ( 'NONE', #157, 1000.000000000000000 ) ;
#1636 = ORIENTED_EDGE ( 'NONE', *, *, #1756, .F. ) ;
#1637 = DIRECTION ( 'NONE',  ( 1.000000000000000000, 0.000000000000000000, -3.614007241618350250E-16 ) ) ;
#1638 = EDGE_CURVE ( 'NONE', #2098, #425, #842, .T. ) ;
#1639 = ORIENTED_EDGE ( 'NONE', *, *, #2064, .F. ) ;
#1640 = LINE ( 'NONE', #111, #1082 ) ;
#1641 = DIRECTION ( 'NONE',  ( 0.000000000000000000, 1.000000000000000000, 0.000000000000000000 ) ) ;
#1642 = CARTESIAN_POINT ( 'NONE',  ( -0.6999999999999999556, 0.5900000000000000799, 0.2500000000000001110 ) ) ;
#1643 = DIRECTION ( 'NONE',  ( 0.000000000000000000, 1.000000000000000000, 0.000000000000000000 ) ) ;
#1644 = CARTESIAN_POINT ( 'NONE',  ( -0.4000000000000002998, 0.5799999999999999600, -0.3900000000000000688 ) ) ;
#1645 = STYLED_ITEM ( 'NONE', ( #1537 ), #752 ) ;
#1646 = ORIENTED_EDGE ( 'NONE', *, *, #542, .T. ) ;
#1647 = DIRECTION ( 'NONE',  ( 0.000000000000000000, 0.000000000000000000, -1.000000000000000000 ) ) ;
#1648 = ORIENTED_EDGE ( 'NONE', *, *, #1704, .T. ) ;
#1649 = PRESENTATION_LAYER_ASSIGNMENT (  '', '', ( #410 ) ) ;
#1650 = EDGE_CURVE ( 'NONE', #1471, #372, #178, .T. ) ;
#1651 = SURFACE_SIDE_STYLE ('',( #1310 ) ) ;
#1652 = STYLED_ITEM ( 'NONE', ( #121 ), #503 ) ;
#1653 = EDGE_CURVE ( 'NONE', #336, #1294, #832, .T. ) ;
#1654 = DIRECTION ( 'NONE',  ( -0.000000000000000000, -1.000000000000000000, -0.000000000000000000 ) ) ;
#1655 = LINE ( 'NONE', #2159, #1967 ) ;
#1656 = CARTESIAN_POINT ( 'NONE',  ( 0.000000000000000000, -0.01000000000000002623, 0.000000000000000000 ) ) ;
#1657 = CARTESIAN_POINT ( 'NONE',  ( -0.6999999999999999556, -0.01000000000000002623, -0.2500000000000001110 ) ) ;
#1658 = EDGE_LOOP ( 'NONE', ( #946, #1932, #116, #48 ) ) ;
#1659 = DIRECTION ( 'NONE',  ( 1.084202172485503645E-15, 0.000000000000000000, 1.000000000000000000 ) ) ;
#1660 = ORIENTED_EDGE ( 'NONE', *, *, #1535, .F. ) ;
#1661 = COLOUR_RGB ( '',1.000000000000000000, 0.5019607843137254832, 0.5019607843137254832 ) ;
#1662 = AXIS2_PLACEMENT_3D ( 'NONE', #925, #1603, #407 ) ;
#1663 = CARTESIAN_POINT ( 'NONE',  ( 0.1499999999999996336, 0.5900000000000000799, 0.4000000000000001887 ) ) ;
#1664 = ADVANCED_FACE ( 'NONE', ( #1175, #1501 ), #1852, .F. ) ;
#1665 = EDGE_CURVE ( 'NONE', #1003, #328, #354, .T. ) ;
#1666 = CARTESIAN_POINT ( 'NONE',  ( -0.3999999999999996891, 0.5900000000000000799, 0.3999999999999999667 ) ) ;
#1667 = CARTESIAN_POINT ( 'NONE',  ( -0.4000000000000002998, 0.000000000000000000, -0.3900000000000000688 ) ) ;
#1668 = LINE ( 'NONE', #152, #1054 ) ;
#1669 = UNCERTAINTY_MEASURE_WITH_UNIT (LENGTH_MEASURE( 1.000000000000000082E-05 ), #689, 'distance_accuracy_value', 'NONE');
#1670 = VECTOR ( 'NONE', #61, 1000.000000000000000 ) ;
#1671 = DIRECTION ( 'NONE',  ( 0.000000000000000000, 0.000000000000000000, 1.000000000000000000 ) ) ;
#1672 = VERTEX_POINT ( 'NONE', #1860 ) ;
#1673 = VECTOR ( 'NONE', #448, 1000.000000000000000 ) ;
#1674 = CARTESIAN_POINT ( 'NONE',  ( 0.3999999999999996336, -0.01000000000000002623, 0.2500000000000001110 ) ) ;
#1675 =( LENGTH_UNIT ( ) NAMED_UNIT ( * ) SI_UNIT ( .MILLI., .METRE. ) );
#1676 = SURFACE_STYLE_FILL_AREA ( #1347 ) ;
#1677 = VERTEX_POINT ( 'NONE', #717 ) ;
#1678 = CARTESIAN_POINT ( 'NONE',  ( -0.1500000000000000222, 0.5810999999999999499, 0.1500000000000000500 ) ) ;
#1679 = LINE ( 'NONE', #1479, #278 ) ;
#1680 = EDGE_CURVE ( 'NONE', #1267, #1824, #1321, .T. ) ;
#1681 = VERTEX_POINT ( 'NONE', #1183 ) ;
#1682 = SURFACE_SIDE_STYLE ('',( #1849 ) ) ;
#1683 = EDGE_LOOP ( 'NONE', ( #1306, #1069, #567, #705 ) ) ;
#1684 =( NAMED_UNIT ( * ) SI_UNIT ( $, .STERADIAN. ) SOLID_ANGLE_UNIT ( ) );
#1685 = CARTESIAN_POINT ( 'NONE',  ( -0.1500000000000000222, 0.5810999999999999499, 0.1500000000000000500 ) ) ;
#1686 = CARTESIAN_POINT ( 'NONE',  ( -0.6999999999999999556, 0.5799999999999999600, -0.3900000000000000688 ) ) ;
#1687 = ORIENTED_EDGE ( 'NONE', *, *, #120, .T. ) ;
#1688 = LINE ( 'NONE', #191, #1234 ) ;
#1689 = AXIS2_PLACEMENT_3D ( 'NONE', #1855, #1985, #1832 ) ;
#1690 = LINE ( 'NONE', #493, #1696 ) ;
#1691 = EDGE_CURVE ( 'NONE', #880, #2182, #326, .T. ) ;
#1692 = ORIENTED_EDGE ( 'NONE', *, *, #1665, .F. ) ;
#1693 = FILL_AREA_STYLE ('',( #2033 ) ) ;
#1694 = CARTESIAN_POINT ( 'NONE',  ( 0.6999999999999994005, 0.5799999999999999600, 0.3900000000000001799 ) ) ;
#1695 = VERTEX_POINT ( 'NONE', #1499 ) ;
#1696 = VECTOR ( 'NONE', #321, 1000.000000000000000 ) ;
#1697 = AXIS2_PLACEMENT_3D ( 'NONE', #155, #1483, #2155 ) ;
#1698 = DIRECTION ( 'NONE',  ( -0.000000000000000000, 1.000000000000000000, 0.000000000000000000 ) ) ;
#1699 = COLOUR_RGB ( '',1.000000000000000000, 1.000000000000000000, 1.000000000000000000 ) ;
#1700 =( GEOMETRIC_REPRESENTATION_CONTEXT ( 3 ) GLOBAL_UNCERTAINTY_ASSIGNED_CONTEXT ( ( #915 ) ) GLOBAL_UNIT_ASSIGNED_CONTEXT ( ( #1675, #1335, #653 ) ) REPRESENTATION_CONTEXT ( 'NONE', 'WORKASPACE' ) );
#1701 = ORIENTED_EDGE ( 'NONE', *, *, #1096, .F. ) ;
#1702 = ORIENTED_EDGE ( 'NONE', *, *, #1534, .T. ) ;
#1703 = STYLED_ITEM ( 'NONE', ( #1338 ), #1194 ) ;
#1704 = EDGE_CURVE ( 'NONE', #1128, #1465, #1511, .T. ) ;
#1705 = DIRECTION ( 'NONE',  ( 0.000000000000000000, 1.000000000000000000, 0.000000000000000000 ) ) ;
#1706 = ORIENTED_EDGE ( 'NONE', *, *, #973, .F. ) ;
#1707 = LINE ( 'NONE', #1844, #715 ) ;
#1708 = LINE ( 'NONE', #526, #561 ) ;
#1709 = CARTESIAN_POINT ( 'NONE',  ( -0.6999999999999999556, 0.5799999999999999600, 0.2900000000000000355 ) ) ;
#1710 = ORIENTED_EDGE ( 'NONE', *, *, #1122, .T. ) ;
#1711 = AXIS2_PLACEMENT_3D ( 'NONE', #94, #1420, #947 ) ;
#1712 = DIRECTION ( 'NONE',  ( -7.228014483236698528E-16, 0.000000000000000000, -1.000000000000000000 ) ) ;
#1713 = ORIENTED_EDGE ( 'NONE', *, *, #812, .T. ) ;
#1714 = EDGE_CURVE ( 'NONE', #275, #2044, #1159, .T. ) ;
#1715 = DIRECTION ( 'NONE',  ( 0.000000000000000000, -1.000000000000000000, 0.000000000000000000 ) ) ;
#1716 = EDGE_CURVE ( 'NONE', #2132, #1430, #2003, .T. ) ;
#1717 = PLANE ( 'NONE',  #599 ) ;
#1718 = DIRECTION ( 'NONE',  ( 0.000000000000000000, 0.000000000000000000, 1.000000000000000000 ) ) ;
#1719 = ORIENTED_EDGE ( 'NONE', *, *, #1124, .F. ) ;
#1720 = DIRECTION ( 'NONE',  ( -1.000000000000000000, -0.000000000000000000, -0.000000000000000000 ) ) ;
#1721 = VERTEX_POINT ( 'NONE', #1015 ) ;
#1722 =( NAMED_UNIT ( * ) SI_UNIT ( $, .STERADIAN. ) SOLID_ANGLE_UNIT ( ) );
#1723 = ORIENTED_EDGE ( 'NONE', *, *, #190, .F. ) ;
#1724 = VECTOR ( 'NONE', #224, 1000.000000000000000 ) ;
#1725 = CARTESIAN_POINT ( 'NONE',  ( -0.7000000000000000666, 0.5900000000000000799, 0.4000000000000000777 ) ) ;
#1726 = EDGE_CURVE ( 'NONE', #275, #1481, #1838, .T. ) ;
#1727 = ADVANCED_FACE ( 'NONE', ( #1731 ), #556, .F. ) ;
#1728 = DIRECTION ( 'NONE',  ( 0.000000000000000000, 0.000000000000000000, -1.000000000000000000 ) ) ;
#1729 = FACE_OUTER_BOUND ( 'NONE', #420, .T. ) ;
#1730 = VECTOR ( 'NONE', #2034, 1000.000000000000000 ) ;
#1731 = FACE_OUTER_BOUND ( 'NONE', #1382, .T. ) ;
#1732 = ORIENTED_EDGE ( 'NONE', *, *, #419, .T. ) ;
#1733 = PLANE ( 'NONE',  #142 ) ;
#1734 = ORIENTED_EDGE ( 'NONE', *, *, #562, .F. ) ;
#1735 = AXIS2_PLACEMENT_3D ( 'NONE', #1984, #1351, #1854 ) ;
#1736 = CARTESIAN_POINT ( 'NONE',  ( -0.1500000000000001887, -0.01000000000000002623, -0.2500000000000001110 ) ) ;
#1737 = FACE_OUTER_BOUND ( 'NONE', #195, .T. ) ;
#1738 = DIRECTION ( 'NONE',  ( 0.000000000000000000, 1.000000000000000000, -0.000000000000000000 ) ) ;
#1739 = CARTESIAN_POINT ( 'NONE',  ( 0.6999999999999999556, 0.000000000000000000, 0.3900000000000000688 ) ) ;
#1740 = LINE ( 'NONE', #225, #917 ) ;
#1741 = ADVANCED_FACE ( 'NONE', ( #1068 ), #485, .F. ) ;
#1742 = VERTEX_POINT ( 'NONE', #393 ) ;
#1743 = ADVANCED_FACE ( 'NONE', ( #512 ), #841, .F. ) ;
#1744 = FACE_OUTER_BOUND ( 'NONE', #1416, .T. ) ;
#1745 = CARTESIAN_POINT ( 'NONE',  ( 0.6999999999999994005, 0.000000000000000000, -0.2500000000000002220 ) ) ;
#1746 = ORIENTED_EDGE ( 'NONE', *, *, #1949, .T. ) ;
#1747 = DIRECTION ( 'NONE',  ( 1.000000000000000000, 0.000000000000000000, 3.614007241618350250E-16 ) ) ;
#1748 =( NAMED_UNIT ( * ) PLANE_ANGLE_UNIT ( ) SI_UNIT ( $, .RADIAN. ) );
#1749 = DIRECTION ( 'NONE',  ( 0.000000000000000000, 1.000000000000000000, 0.000000000000000000 ) ) ;
#1750 = VERTEX_POINT ( 'NONE', #37 ) ;
#1751 =( NAMED_UNIT ( * ) SI_UNIT ( $, .STERADIAN. ) SOLID_ANGLE_UNIT ( ) );
#1752 = VECTOR ( 'NONE', #74, 1000.000000000000000 ) ;
#1753 = VECTOR ( 'NONE', #2183, 1000.000000000000000 ) ;
#1754 = ORIENTED_EDGE ( 'NONE', *, *, #1027, .F. ) ;
#1755 = ADVANCED_FACE ( 'NONE', ( #1383 ), #380, .T. ) ;
#1756 = EDGE_CURVE ( 'NONE', #279, #2050, #935, .T. ) ;
#1757 = VERTEX_POINT ( 'NONE', #1611 ) ;
#1758 =( GEOMETRIC_REPRESENTATION_CONTEXT ( 3 ) GLOBAL_UNCERTAINTY_ASSIGNED_CONTEXT ( ( #827 ) ) GLOBAL_UNIT_ASSIGNED_CONTEXT ( ( #713, #1496, #302 ) ) REPRESENTATION_CONTEXT ( 'NONE', 'WORKASPACE' ) );
#1759 = UNCERTAINTY_MEASURE_WITH_UNIT (LENGTH_MEASURE( 1.000000000000000082E-05 ), #131, 'distance_accuracy_value', 'NONE');
#1760 = FACE_OUTER_BOUND ( 'NONE', #984, .T. ) ;
#1761 = PLANE ( 'NONE',  #1095 ) ;
#1762 = DIRECTION ( 'NONE',  ( 0.000000000000000000, 1.000000000000000000, 0.000000000000000000 ) ) ;
#1763 = ORIENTED_EDGE ( 'NONE', *, *, #1051, .F. ) ;
#1764 = CARTESIAN_POINT ( 'NONE',  ( 0.1499999999999996336, 0.5900000000000000799, -0.2500000000000002220 ) ) ;
#1765 = VECTOR ( 'NONE', #402, 1000.000000000000000 ) ;
#1766 = ORIENTED_EDGE ( 'NONE', *, *, #1650, .F. ) ;
#1767 = VECTOR ( 'NONE', #123, 1000.000000000000000 ) ;
#1768 = DIRECTION ( 'NONE',  ( 0.000000000000000000, 0.000000000000000000, -1.000000000000000000 ) ) ;
#1769 =( LENGTH_UNIT ( ) NAMED_UNIT ( * ) SI_UNIT ( .MILLI., .METRE. ) );
#1770 = ORIENTED_EDGE ( 'NONE', *, *, #1566, .F. ) ;
#1771 = CARTESIAN_POINT ( 'NONE',  ( -0.6999999999999999556, 0.5799999999999999600, -0.2500000000000001110 ) ) ;
#1772 = FACE_OUTER_BOUND ( 'NONE', #1977, .T. ) ;
#1773 = VECTOR ( 'NONE', #505, 1000.000000000000000 ) ;
#1774 =( LENGTH_UNIT ( ) NAMED_UNIT ( * ) SI_UNIT ( .MILLI., .METRE. ) );
#1775 = CARTESIAN_POINT ( 'NONE',  ( -0.6999999999999999556, 0.000000000000000000, -0.2900000000000000355 ) ) ;
#1776 = ORIENTED_EDGE ( 'NONE', *, *, #461, .F. ) ;
#1777 = VECTOR ( 'NONE', #600, 1000.000000000000000 ) ;
#1778 = DIRECTION ( 'NONE',  ( 0.000000000000000000, 1.000000000000000000, 0.000000000000000000 ) ) ;
#1779 = ORIENTED_EDGE ( 'NONE', *, *, #1583, .T. ) ;
#1780 = DIRECTION ( 'NONE',  ( 0.000000000000000000, 1.000000000000000000, -0.000000000000000000 ) ) ;
#1781 = DIRECTION ( 'NONE',  ( -0.000000000000000000, -1.000000000000000000, -0.000000000000000000 ) ) ;
#1782 = ORIENTED_EDGE ( 'NONE', *, *, #1024, .F. ) ;
#1783 = DIRECTION ( 'NONE',  ( 0.000000000000000000, 0.000000000000000000, 1.000000000000000000 ) ) ;
#1784 = EDGE_CURVE ( 'NONE', #981, #1481, #615, .T. ) ;
#1785 = DIRECTION ( 'NONE',  ( 1.355252715606880543E-16, -0.000000000000000000, 1.000000000000000000 ) ) ;
#1786 =( NAMED_UNIT ( * ) SI_UNIT ( $, .STERADIAN. ) SOLID_ANGLE_UNIT ( ) );
#1787 = EDGE_CURVE ( 'NONE', #2080, #1294, #1956, .T. ) ;
#1788 = VERTEX_POINT ( 'NONE', #1250 ) ;
#1789 = LINE ( 'NONE', #103, #1476 ) ;
#1790 = ORIENTED_EDGE ( 'NONE', *, *, #851, .F. ) ;
#1791 = APPLICATION_PROTOCOL_DEFINITION ( 'draft international standard', 'automotive_design', 1998, #2137 ) ;
#1792 = VECTOR ( 'NONE', #1461, 1000.000000000000000 ) ;
#1793 = DIRECTION ( 'NONE',  ( 3.614007241618350250E-16, -0.000000000000000000, 1.000000000000000000 ) ) ;
#1794 = ORIENTED_EDGE ( 'NONE', *, *, #1096, .T. ) ;
#1795 = DIRECTION ( 'NONE',  ( -7.228014483236698528E-16, 0.000000000000000000, -1.000000000000000000 ) ) ;
#1796 = LINE ( 'NONE', #952, #2019 ) ;
#1797 = LINE ( 'NONE', #801, #538 ) ;
#1798 = LINE ( 'NONE', #1965, #1792 ) ;
#1799 = EDGE_CURVE ( 'NONE', #1960, #719, #1929, .T. ) ;
#1800 = EDGE_LOOP ( 'NONE', ( #1840, #497, #1719, #1493 ) ) ;
#1801 = FACE_OUTER_BOUND ( 'NONE', #1658, .T. ) ;
#1802 = ORIENTED_EDGE ( 'NONE', *, *, #22, .T. ) ;
#1803 = PLANE ( 'NONE',  #1376 ) ;
#1804 = LINE ( 'NONE', #1818, #1193 ) ;
#1805 = VECTOR ( 'NONE', #859, 1000.000000000000000 ) ;
#1806 = PLANE ( 'NONE',  #1810 ) ;
#1807 = CARTESIAN_POINT ( 'NONE',  ( 0.3999999999999996336, 0.5799999999999999600, -0.3900000000000000688 ) ) ;
#1808 = CARTESIAN_POINT ( 'NONE',  ( 0.6999999999999994005, -0.01000000000000002623, -0.4000000000000001887 ) ) ;
#1809 = DIRECTION ( 'NONE',  ( -1.000000000000000000, 0.000000000000000000, -3.614007241618350250E-16 ) ) ;
#1810 = AXIS2_PLACEMENT_3D ( 'NONE', #284, #1484, #98 ) ;
#1811 = AXIS2_PLACEMENT_3D ( 'NONE', #1246, #1917, #1926 ) ;
#1812 = EDGE_CURVE ( 'NONE', #1863, #1960, #772, .T. ) ;
#1813 = ORIENTED_EDGE ( 'NONE', *, *, #812, .F. ) ;
#1814 = EDGE_CURVE ( 'NONE', #1901, #2004, #569, .T. ) ;
#1815 = DIRECTION ( 'NONE',  ( -1.000000000000000000, 0.000000000000000000, 1.355252715606880543E-16 ) ) ;
#1816 = EDGE_CURVE ( 'NONE', #1885, #1948, #1740, .T. ) ;
#1817 = ORIENTED_EDGE ( 'NONE', *, *, #1292, .T. ) ;
#1818 = CARTESIAN_POINT ( 'NONE',  ( 0.6999999999999999556, 0.5799999999999999600, -0.2500000000000002220 ) ) ;
#1819 = PLANE ( 'NONE',  #256 ) ;
#1820 = DIRECTION ( 'NONE',  ( -0.000000000000000000, 1.000000000000000000, 0.000000000000000000 ) ) ;
#1821 = CARTESIAN_POINT ( 'NONE',  ( -0.7000000000000000666, -0.01000000000000002623, 0.4000000000000000777 ) ) ;
#1822 = DIRECTION ( 'NONE',  ( 0.000000000000000000, 0.000000000000000000, 1.000000000000000000 ) ) ;
#1823 = LINE ( 'NONE', #1013, #604 ) ;
#1824 = VERTEX_POINT ( 'NONE', #1575 ) ;
#1825 = EDGE_CURVE ( 'NONE', #1018, #766, #57, .T. ) ;
#1826 = EDGE_CURVE ( 'NONE', #1025, #430, #738, .T. ) ;
#1827 = LINE ( 'NONE', #982, #745 ) ;
#1828 = CARTESIAN_POINT ( 'NONE',  ( -0.6999999999999999556, 0.5900000000000000799, 0.2500000000000001110 ) ) ;
#1829 = ORIENTED_EDGE ( 'NONE', *, *, #1520, .F. ) ;
#1830 = UNCERTAINTY_MEASURE_WITH_UNIT (LENGTH_MEASURE( 1.000000000000000082E-05 ), #685, 'distance_accuracy_value', 'NONE');
#1831 = PLANE ( 'NONE',  #334 ) ;
#1832 = DIRECTION ( 'NONE',  ( 1.000000000000000000, 0.000000000000000000, -3.614007241618350250E-16 ) ) ;
#1833 = DIRECTION ( 'NONE',  ( 1.000000000000000000, 0.000000000000000000, -3.614007241618350250E-16 ) ) ;
#1834 = DIRECTION ( 'NONE',  ( 0.000000000000000000, 0.000000000000000000, -1.000000000000000000 ) ) ;
#1835 = VECTOR ( 'NONE', #724, 1000.000000000000000 ) ;
#1836 = CARTESIAN_POINT ( 'NONE',  ( -0.4000000000000002998, 0.5799999999999999600, -0.2900000000000000355 ) ) ;
#1837 = VERTEX_POINT ( 'NONE', #1921 ) ;
#1838 = LINE ( 'NONE', #2077, #387 ) ;
#1839 = CARTESIAN_POINT ( 'NONE',  ( -0.1500000000000001887, -0.01000000000000002623, -0.2500000000000001110 ) ) ;
#1840 = ORIENTED_EDGE ( 'NONE', *, *, #1976, .T. ) ;
#1841 = EDGE_CURVE ( 'NONE', #336, #188, #1077, .T. ) ;
#1842 = ADVANCED_FACE ( 'NONE', ( #1866 ), #1544, .F. ) ;
#1843 = MECHANICAL_DESIGN_GEOMETRIC_PRESENTATION_REPRESENTATION (  '', ( #388 ), #2049 ) ;
#1844 = CARTESIAN_POINT ( 'NONE',  ( 0.3999999999999998002, 0.5900000000000000799, 0.4000000000000002442 ) ) ;
#1845 = PLANE ( 'NONE',  #167 ) ;
#1846 = VERTEX_POINT ( 'NONE', #1020 ) ;
#1847 = UNCERTAINTY_MEASURE_WITH_UNIT (LENGTH_MEASURE( 1.000000000000000082E-05 ), #2148, 'distance_accuracy_value', 'NONE');
#1848 = AXIS2_PLACEMENT_3D ( 'NONE', #928, #270, #940 ) ;
#1849 = SURFACE_STYLE_FILL_AREA ( #1171 ) ;
#1850 = ORIENTED_EDGE ( 'NONE', *, *, #1226, .F. ) ;
#1851 = CARTESIAN_POINT ( 'NONE',  ( 0.3999999999999996336, 0.5799999999999999600, -0.3900000000000000688 ) ) ;
#1852 = PLANE ( 'NONE',  #637 ) ;
#1853 = ORIENTED_EDGE ( 'NONE', *, *, #1816, .F. ) ;
#1854 = DIRECTION ( 'NONE',  ( 0.000000000000000000, 0.000000000000000000, 1.000000000000000000 ) ) ;
#1855 = CARTESIAN_POINT ( 'NONE',  ( -0.6999999999999999556, -0.01000000000000002623, -0.2500000000000001110 ) ) ;
#1856 = CARTESIAN_POINT ( 'NONE',  ( -0.1500000000000002720, -0.01000000000000002623, -0.4000000000000000777 ) ) ;
#1857 = ADVANCED_FACE ( 'NONE', ( #1043 ), #1717, .F. ) ;
#1858 = CARTESIAN_POINT ( 'NONE',  ( -0.6999999999999999556, 0.5799999999999999600, -0.3900000000000000688 ) ) ;
#1859 = EDGE_LOOP ( 'NONE', ( #1687, #1172, #2090, #675 ) ) ;
#1860 = CARTESIAN_POINT ( 'NONE',  ( -0.6999999999999999556, 0.5799999999999999600, -0.3900000000000000688 ) ) ;
#1861 = PRESENTATION_STYLE_ASSIGNMENT (( #1346 ) ) ;
#1862 = LINE ( 'NONE', #1541, #1023 ) ;
#1863 = VERTEX_POINT ( 'NONE', #1877 ) ;
#1864 = DIRECTION ( 'NONE',  ( 0.000000000000000000, 0.000000000000000000, -1.000000000000000000 ) ) ;
#1865 = VECTOR ( 'NONE', #602, 1000.000000000000000 ) ;
#1866 = FACE_OUTER_BOUND ( 'NONE', #1147, .T. ) ;
#1867 = VERTEX_POINT ( 'NONE', #1033 ) ;
#1868 = FILL_AREA_STYLE ('',( #979 ) ) ;
#1869 = EDGE_CURVE ( 'NONE', #922, #1549, #1391, .T. ) ;
#1870 = EDGE_LOOP ( 'NONE', ( #102, #964, #1197, #367 ) ) ;
#1871 = CARTESIAN_POINT ( 'NONE',  ( -0.7000000000000000666, -0.01000000000000002623, -0.4000000000000000777 ) ) ;
#1872 = ORIENTED_EDGE ( 'NONE', *, *, #2083, .F. ) ;
#1873 = STYLED_ITEM ( 'NONE', ( #2076 ), #23 ) ;
#1874 = SURFACE_STYLE_USAGE ( .BOTH. , #1886 ) ;
#1875 = MECHANICAL_DESIGN_GEOMETRIC_PRESENTATION_REPRESENTATION (  '', ( #65 ), #250 ) ;
#1876 = VECTOR ( 'NONE', #2063, 1000.000000000000000 ) ;
#1877 = CARTESIAN_POINT ( 'NONE',  ( -0.7000000000000000666, -0.01000000000000002623, -0.4000000000000000777 ) ) ;
#1878 = SURFACE_SIDE_STYLE ('',( #1574 ) ) ;
#1879 = ORIENTED_EDGE ( 'NONE', *, *, #914, .T. ) ;
#1880 = EDGE_CURVE ( 'NONE', #2088, #1471, #1708, .T. ) ;
#1881 =( GEOMETRIC_REPRESENTATION_CONTEXT ( 3 ) GLOBAL_UNCERTAINTY_ASSIGNED_CONTEXT ( ( #1330 ) ) GLOBAL_UNIT_ASSIGNED_CONTEXT ( ( #1951, #436, #1475 ) ) REPRESENTATION_CONTEXT ( 'NONE', 'WORKASPACE' ) );
#1882 = PLANE ( 'NONE',  #1202 ) ;
#1883 = EDGE_CURVE ( 'NONE', #2151, #1628, #703, .T. ) ;
#1884 = AXIS2_PLACEMENT_3D ( 'NONE', #56, #1075, #1905 ) ;
#1885 = VERTEX_POINT ( 'NONE', #1894 ) ;
#1886 = SURFACE_SIDE_STYLE ('',( #1208 ) ) ;
#1887 = FILL_AREA_STYLE_COLOUR ( '', #1390 ) ;
#1888 =( NAMED_UNIT ( * ) PLANE_ANGLE_UNIT ( ) SI_UNIT ( $, .RADIAN. ) );
#1889 = VERTEX_POINT ( 'NONE', #345 ) ;
#1890 =( NAMED_UNIT ( * ) PLANE_ANGLE_UNIT ( ) SI_UNIT ( $, .RADIAN. ) );
#1891 = CARTESIAN_POINT ( 'NONE',  ( -0.6999999999999999556, 0.000000000000000000, 0.3900000000000000688 ) ) ;
#1892 = ORIENTED_EDGE ( 'NONE', *, *, #2014, .T. ) ;
#1893 = CARTESIAN_POINT ( 'NONE',  ( -0.1500000000000001887, -0.01000000000000002623, 0.2500000000000001110 ) ) ;
#1894 = CARTESIAN_POINT ( 'NONE',  ( -0.6999999999999999556, 0.000000000000000000, 0.3900000000000000688 ) ) ;
#1895 = CARTESIAN_POINT ( 'NONE',  ( -0.1500000000000007161, 0.5799999999999999600, -0.2899999999999991473 ) ) ;
#1896 = DIRECTION ( 'NONE',  ( 0.000000000000000000, 1.000000000000000000, 0.000000000000000000 ) ) ;
#1897 = CARTESIAN_POINT ( 'NONE',  ( 0.000000000000000000, 0.5900000000000000799, 0.000000000000000000 ) ) ;
#1898 = VERTEX_POINT ( 'NONE', #389 ) ;
#1899 = FILL_AREA_STYLE_COLOUR ( '', #428 ) ;
#1900 = CARTESIAN_POINT ( 'NONE',  ( -0.4000000000000001887, 0.5900000000000000799, -0.4000000000000001887 ) ) ;
#1901 = VERTEX_POINT ( 'NONE', #1442 ) ;
#1902 =( GEOMETRIC_REPRESENTATION_CONTEXT ( 3 ) GLOBAL_UNCERTAINTY_ASSIGNED_CONTEXT ( ( #744 ) ) GLOBAL_UNIT_ASSIGNED_CONTEXT ( ( #2184, #1353, #2163 ) ) REPRESENTATION_CONTEXT ( 'NONE', 'WORKASPACE' ) );
#1903 = CARTESIAN_POINT ( 'NONE',  ( 0.6999999999999997335, 0.000000000000000000, 0.2500000000000001665 ) ) ;
#1904 = EDGE_CURVE ( 'NONE', #2015, #1232, #1618, .T. ) ;
#1905 = DIRECTION ( 'NONE',  ( 0.000000000000000000, 0.000000000000000000, -1.000000000000000000 ) ) ;
#1906 = ORIENTED_EDGE ( 'NONE', *, *, #1816, .T. ) ;
#1907 = AXIS2_PLACEMENT_3D ( 'NONE', #1235, #1074, #1084 ) ;
#1908 = DIRECTION ( 'NONE',  ( -1.000000000000000000, 0.000000000000000000, -0.000000000000000000 ) ) ;
#1909 = VECTOR ( 'NONE', #2099, 1000.000000000000000 ) ;
#1910 = VECTOR ( 'NONE', #2139, 1000.000000000000000 ) ;
#1911 = ORIENTED_EDGE ( 'NONE', *, *, #1508, .F. ) ;
#1912 = DIRECTION ( 'NONE',  ( 0.000000000000000000, -1.000000000000000000, 0.000000000000000000 ) ) ;
#1913 = VERTEX_POINT ( 'NONE', #263 ) ;
#1914 = VECTOR ( 'NONE', #197, 1000.000000000000000 ) ;
#1915 = PLANE ( 'NONE',  #570 ) ;
#1916 = SURFACE_STYLE_USAGE ( .BOTH. , #1258 ) ;
#1917 = DIRECTION ( 'NONE',  ( -1.000000000000000000, 0.000000000000000000, 0.000000000000000000 ) ) ;
#1918 = ORIENTED_EDGE ( 'NONE', *, *, #929, .F. ) ;
#1919 = DIRECTION ( 'NONE',  ( 0.000000000000000000, -1.000000000000000000, 0.000000000000000000 ) ) ;
#1920 = EDGE_CURVE ( 'NONE', #1465, #279, #598, .T. ) ;
#1921 = CARTESIAN_POINT ( 'NONE',  ( -0.4000000000000000777, 0.000000000000000000, -0.2500000000000002220 ) ) ;
#1922 = EDGE_LOOP ( 'NONE', ( #359, #1935, #736, #2025 ) ) ;
#1923 = LINE ( 'NONE', #1891, #533 ) ;
#1924 = ORIENTED_EDGE ( 'NONE', *, *, #553, .T. ) ;
#1925 = CARTESIAN_POINT ( 'NONE',  ( 0.3999999999999996336, 0.5900000000000000799, 0.2500000000000001110 ) ) ;
#1926 = DIRECTION ( 'NONE',  ( 0.000000000000000000, 0.000000000000000000, 1.000000000000000000 ) ) ;
#1927 = ORIENTED_EDGE ( 'NONE', *, *, #238, .F. ) ;
#1928 = LINE ( 'NONE', #460, #2038 ) ;
#1929 = LINE ( 'NONE', #1622, #364 ) ;
#1930 = VECTOR ( 'NONE', #1809, 1000.000000000000000 ) ;
#1931 = ADVANCED_FACE ( 'NONE', ( #2084 ), #1606, .F. ) ;
#1932 = ORIENTED_EDGE ( 'NONE', *, *, #1122, .F. ) ;
#1933 = DIRECTION ( 'NONE',  ( 0.000000000000000000, 1.000000000000000000, 0.000000000000000000 ) ) ;
#1934 = LINE ( 'NONE', #777, #2120 ) ;
#1935 = ORIENTED_EDGE ( 'NONE', *, *, #632, .F. ) ;
#1936 = DIRECTION ( 'NONE',  ( -1.000000000000000000, 0.000000000000000000, 3.614007241618350250E-16 ) ) ;
#1937 = DIRECTION ( 'NONE',  ( -0.000000000000000000, 1.000000000000000000, 0.000000000000000000 ) ) ;
#1938 = DIRECTION ( 'NONE',  ( 1.000000000000000000, -0.000000000000000000, -6.776263578034402713E-17 ) ) ;
#1939 = CARTESIAN_POINT ( 'NONE',  ( -0.1500000000000001887, 0.5900000000000000799, 0.2500000000000001110 ) ) ;
#1940 = ORIENTED_EDGE ( 'NONE', *, *, #212, .F. ) ;
#1941 = LINE ( 'NONE', #1600, #698 ) ;
#1942 = DIRECTION ( 'NONE',  ( 1.000000000000000000, 0.000000000000000000, 3.614007241618350250E-16 ) ) ;
#1943 = ORIENTED_EDGE ( 'NONE', *, *, #1249, .F. ) ;
#1944 = VECTOR ( 'NONE', #2152, 1000.000000000000000 ) ;
#1945 = STYLED_ITEM ( 'NONE', ( #741 ), #2068 ) ;
#1946 = CARTESIAN_POINT ( 'NONE',  ( -0.1500000000000001887, 0.5799999999999999600, 0.2500000000000000555 ) ) ;
#1947 = ADVANCED_FACE ( 'NONE', ( #1737 ), #1761, .T. ) ;
#1948 = VERTEX_POINT ( 'NONE', #220 ) ;
#1949 = EDGE_CURVE ( 'NONE', #2044, #1267, #1572, .T. ) ;
#1950 =( NAMED_UNIT ( * ) PLANE_ANGLE_UNIT ( ) SI_UNIT ( $, .RADIAN. ) );
#1951 =( LENGTH_UNIT ( ) NAMED_UNIT ( * ) SI_UNIT ( .MILLI., .METRE. ) );
#1952 = AXIS2_PLACEMENT_3D ( 'NONE', #2071, #1073, #733 ) ;
#1953 = FILL_AREA_STYLE_COLOUR ( '', #1238 ) ;
#1954 = ORIENTED_EDGE ( 'NONE', *, *, #863, .F. ) ;
#1955 = CARTESIAN_POINT ( 'NONE',  ( 0.6999999999999999556, 0.5799999999999999600, -0.2900000000000000355 ) ) ;
#1956 = LINE ( 'NONE', #2108, #29 ) ;
#1957 = VERTEX_POINT ( 'NONE', #99 ) ;
#1958 = DIRECTION ( 'NONE',  ( -0.000000000000000000, -1.000000000000000000, -0.000000000000000000 ) ) ;
#1959 = DIRECTION ( 'NONE',  ( -1.000000000000000000, 0.000000000000000000, 1.445602896647339706E-15 ) ) ;
#1960 = VERTEX_POINT ( 'NONE', #54 ) ;
#1961 = PLANE ( 'NONE',  #1613 ) ;
#1962 = DIRECTION ( 'NONE',  ( 3.614007241618350250E-16, -0.000000000000000000, 1.000000000000000000 ) ) ;
#1963 = CARTESIAN_POINT ( 'NONE',  ( -0.6999999999999999556, 0.5900000000000000799, 0.2500000000000001110 ) ) ;
#1964 = CARTESIAN_POINT ( 'NONE',  ( 0.1499999999999996336, -0.01000000000000002623, -0.2500000000000002220 ) ) ;
#1965 = CARTESIAN_POINT ( 'NONE',  ( 0.6999999999999994005, -0.01000000000000002623, 0.4000000000000001887 ) ) ;
#1966 = ORIENTED_EDGE ( 'NONE', *, *, #862, .F. ) ;
#1967 = VECTOR ( 'NONE', #1314, 1000.000000000000000 ) ;
#1968 = ORIENTED_EDGE ( 'NONE', *, *, #607, .T. ) ;
#1969 = DIRECTION ( 'NONE',  ( -0.000000000000000000, -1.000000000000000000, -0.000000000000000000 ) ) ;
#1970 = DIRECTION ( 'NONE',  ( 7.228014483236698528E-16, 0.000000000000000000, 1.000000000000000000 ) ) ;
#1971 = DIRECTION ( 'NONE',  ( 0.000000000000000000, 1.000000000000000000, 0.000000000000000000 ) ) ;
#1972 = EDGE_CURVE ( 'NONE', #948, #93, #782, .T. ) ;
#1973 = FACE_OUTER_BOUND ( 'NONE', #408, .T. ) ;
#1974 = ADVANCED_FACE ( 'NONE', ( #1245 ), #734, .F. ) ;
#1975 = PLANE ( 'NONE',  #521 ) ;
#1976 = EDGE_CURVE ( 'NONE', #1036, #2058, #78, .T. ) ;
#1977 = EDGE_LOOP ( 'NONE', ( #1349, #1384, #807, #255 ) ) ;
#1978 = LINE ( 'NONE', #1509, #1944 ) ;
#1979 = ORIENTED_EDGE ( 'NONE', *, *, #1534, .F. ) ;
#1980 = VECTOR ( 'NONE', #2056, 1000.000000000000000 ) ;
#1981 = VECTOR ( 'NONE', #1434, 1000.000000000000000 ) ;
#1982 = PLANE ( 'NONE',  #2160 ) ;
#1983 = LINE ( 'NONE', #1963, #1099 ) ;
#1984 = CARTESIAN_POINT ( 'NONE',  ( 0.6999999999999999556, 0.5799999999999999600, 0.2900000000000000355 ) ) ;
#1985 = DIRECTION ( 'NONE',  ( 3.614007241618350250E-16, -0.000000000000000000, 1.000000000000000000 ) ) ;
#1986 = AXIS2_PLACEMENT_3D ( 'NONE', #1257, #1937, #219 ) ;
#1987 =( GEOMETRIC_REPRESENTATION_CONTEXT ( 3 ) GLOBAL_UNCERTAINTY_ASSIGNED_CONTEXT ( ( #2174 ) ) GLOBAL_UNIT_ASSIGNED_CONTEXT ( ( #2149, #1112, #1786 ) ) REPRESENTATION_CONTEXT ( 'NONE', 'WORKASPACE' ) );
#1988 = ORIENTED_EDGE ( 'NONE', *, *, #2030, .F. ) ;
#1989 = ADVANCED_FACE ( 'NONE', ( #590 ), #768, .T. ) ;
#1990 = ADVANCED_FACE ( 'NONE', ( #2129 ), #308, .T. ) ;
#1991 = SURFACE_STYLE_USAGE ( .BOTH. , #1552 ) ;
#1992 = ORIENTED_EDGE ( 'NONE', *, *, #317, .F. ) ;
#1993 = DIRECTION ( 'NONE',  ( -3.614007241618350250E-16, 0.000000000000000000, 1.000000000000000000 ) ) ;
#1994 = ORIENTED_EDGE ( 'NONE', *, *, #474, .T. ) ;
#1995 = DIRECTION ( 'NONE',  ( -0.000000000000000000, -1.000000000000000000, -0.000000000000000000 ) ) ;
#1996 = LINE ( 'NONE', #1808, #4 ) ;
#1997 = LINE ( 'NONE', #2146, #55 ) ;
#1998 = PRODUCT_DEFINITION_FORMATION_WITH_SPECIFIED_SOURCE ( 'ANY', '', #462, .NOT_KNOWN. ) ;
#1999 = CARTESIAN_POINT ( 'NONE',  ( 0.8000000000000001554, 0.5799999999999999600, -0.2900000000000000355 ) ) ;
#2000 = DIRECTION ( 'NONE',  ( 1.000000000000000000, 0.000000000000000000, -0.000000000000000000 ) ) ;
#2001 = CARTESIAN_POINT ( 'NONE',  ( 0.8000000000000001554, 0.000000000000000000, 0.2900000000000000355 ) ) ;
#2002 = ORIENTED_EDGE ( 'NONE', *, *, #1165, .F. ) ;
#2003 = LINE ( 'NONE', #548, #989 ) ;
#2004 = VERTEX_POINT ( 'NONE', #1297 ) ;
#2005 = FILL_AREA_STYLE_COLOUR ( '', #1138 ) ;
#2006 = LINE ( 'NONE', #125, #904 ) ;
#2007 = FACE_OUTER_BOUND ( 'NONE', #970, .T. ) ;
#2008 = ORIENTED_EDGE ( 'NONE', *, *, #1826, .T. ) ;
#2009 = AXIS2_PLACEMENT_3D ( 'NONE', #2062, #1919, #193 ) ;
#2010 = FILL_AREA_STYLE_COLOUR ( '', #156 ) ;
#2011 = ORIENTED_EDGE ( 'NONE', *, *, #461, .T. ) ;
#2012 =( NAMED_UNIT ( * ) PLANE_ANGLE_UNIT ( ) SI_UNIT ( $, .RADIAN. ) );
#2013 = CARTESIAN_POINT ( 'NONE',  ( -0.1500000000000001887, 0.5900000000000000799, 0.2500000000000001110 ) ) ;
#2014 = EDGE_CURVE ( 'NONE', #1837, #2178, #1312, .T. ) ;
#2015 = VERTEX_POINT ( 'NONE', #489 ) ;
#2016 = VECTOR ( 'NONE', #1241, 1000.000000000000000 ) ;
#2017 = EDGE_CURVE ( 'NONE', #1549, #1885, #498, .T. ) ;
#2018 = VECTOR ( 'NONE', #1659, 1000.000000000000000 ) ;
#2019 = VECTOR ( 'NONE', #1290, 1000.000000000000000 ) ;
#2020 = CARTESIAN_POINT ( 'NONE',  ( -0.6999999999999995115, 0.5799999999999999600, -0.2900000000000010902 ) ) ;
#2021 = FACE_OUTER_BOUND ( 'NONE', #1102, .T. ) ;
#2022 = DIRECTION ( 'NONE',  ( 0.000000000000000000, 0.000000000000000000, 1.000000000000000000 ) ) ;
#2023 = PRESENTATION_LAYER_ASSIGNMENT (  '', '', ( #1703 ) ) ;
#2024 = LINE ( 'NONE', #2175, #2124 ) ;
#2025 = ORIENTED_EDGE ( 'NONE', *, *, #2138, .T. ) ;
#2026 = DIRECTION ( 'NONE',  ( 0.000000000000000000, 0.000000000000000000, -1.000000000000000000 ) ) ;
#2027 = DIRECTION ( 'NONE',  ( 0.000000000000000000, -0.000000000000000000, -1.000000000000000000 ) ) ;
#2028 = VERTEX_POINT ( 'NONE', #1459 ) ;
#2029 = LINE ( 'NONE', #657, #997 ) ;
#2030 = EDGE_CURVE ( 'NONE', #1628, #365, #1983, .T. ) ;
#2031 = ORIENTED_EDGE ( 'NONE', *, *, #375, .F. ) ;
#2032 = ORIENTED_EDGE ( 'NONE', *, *, #1319, .T. ) ;
#2033 = FILL_AREA_STYLE_COLOUR ( '', #2176 ) ;
#2034 = DIRECTION ( 'NONE',  ( 0.000000000000000000, 1.000000000000000000, 0.000000000000000000 ) ) ;
#2035 = VERTEX_POINT ( 'NONE', #1121 ) ;
#2036 = STYLED_ITEM ( 'NONE', ( #1309 ), #566 ) ;
#2037 = CARTESIAN_POINT ( 'NONE',  ( 0.1499999999999996336, 0.5799999999999999600, -0.3900000000000000688 ) ) ;
#2038 = VECTOR ( 'NONE', #762, 1000.000000000000000 ) ;
#2039 = EDGE_CURVE ( 'NONE', #425, #1471, #1796, .T. ) ;
#2040 = DIRECTION ( 'NONE',  ( -7.228014483236698528E-16, 0.000000000000000000, -1.000000000000000000 ) ) ;
#2041 = EDGE_CURVE ( 'NONE', #2088, #2004, #1633, .T. ) ;
#2042 = ORIENTED_EDGE ( 'NONE', *, *, #1024, .T. ) ;
#2043 = CARTESIAN_POINT ( 'NONE',  ( 0.7000000000000001776, 0.000000000000000000, 0.2499999999999995282 ) ) ;
#2044 = VERTEX_POINT ( 'NONE', #1807 ) ;
#2045 = PRESENTATION_LAYER_ASSIGNMENT (  '', '', ( #1873 ) ) ;
#2046 = LINE ( 'NONE', #1514, #1560 ) ;
#2047 =( GEOMETRIC_REPRESENTATION_CONTEXT ( 3 ) GLOBAL_UNCERTAINTY_ASSIGNED_CONTEXT ( ( #1669 ) ) GLOBAL_UNIT_ASSIGNED_CONTEXT ( ( #689, #852, #2181 ) ) REPRESENTATION_CONTEXT ( 'NONE', 'WORKASPACE' ) );
#2048 = VECTOR ( 'NONE', #418, 1000.000000000000000 ) ;
#2049 =( GEOMETRIC_REPRESENTATION_CONTEXT ( 3 ) GLOBAL_UNCERTAINTY_ASSIGNED_CONTEXT ( ( #494 ) ) GLOBAL_UNIT_ASSIGNED_CONTEXT ( ( #1774, #1748, #1427 ) ) REPRESENTATION_CONTEXT ( 'NONE', 'WORKASPACE' ) );
#2050 = VERTEX_POINT ( 'NONE', #298 ) ;
#2051 = CARTESIAN_POINT ( 'NONE',  ( -0.8000000000000000444, 0.000000000000000000, 0.2900000000000000355 ) ) ;
#2052 = EDGE_CURVE ( 'NONE', #1628, #1409, #134, .T. ) ;
#2053 = ADVANCED_FACE ( 'NONE', ( #800 ), #1477, .F. ) ;
#2054 = ORIENTED_EDGE ( 'NONE', *, *, #346, .F. ) ;
#2055 = VECTOR ( 'NONE', #588, 1000.000000000000000 ) ;
#2056 = DIRECTION ( 'NONE',  ( -0.000000000000000000, -0.000000000000000000, 1.000000000000000000 ) ) ;
#2057 = VECTOR ( 'NONE', #1728, 1000.000000000000000 ) ;
#2058 = VERTEX_POINT ( 'NONE', #1551 ) ;
#2059 = FACE_OUTER_BOUND ( 'NONE', #185, .T. ) ;
#2060 =( NAMED_UNIT ( * ) SI_UNIT ( $, .STERADIAN. ) SOLID_ANGLE_UNIT ( ) );
#2061 = CARTESIAN_POINT ( 'NONE',  ( -0.6999999999999999556, 0.000000000000000000, -0.3900000000000000688 ) ) ;
#2062 = CARTESIAN_POINT ( 'NONE',  ( 0.000000000000000000, -0.01000000000000002623, 0.000000000000000000 ) ) ;
#2063 = DIRECTION ( 'NONE',  ( 0.000000000000000000, 0.000000000000000000, -1.000000000000000000 ) ) ;
#2064 = EDGE_CURVE ( 'NONE', #571, #559, #2070, .T. ) ;
#2065 = ORIENTED_EDGE ( 'NONE', *, *, #38, .F. ) ;
#2066 = ADVANCED_FACE ( 'NONE', ( #257 ), #1803, .T. ) ;
#2067 = DIRECTION ( 'NONE',  ( 0.000000000000000000, -0.000000000000000000, 1.000000000000000000 ) ) ;
#2068 = ADVANCED_FACE ( 'NONE', ( #1744 ), #1579, .T. ) ;
#2069 = ORIENTED_EDGE ( 'NONE', *, *, #887, .T. ) ;
#2070 = LINE ( 'NONE', #231, #816 ) ;
#2071 = CARTESIAN_POINT ( 'NONE',  ( 0.3999999999999995226, -0.01000000000000002623, -0.4000000000000000777 ) ) ;
#2072 = MECHANICAL_DESIGN_GEOMETRIC_PRESENTATION_REPRESENTATION (  '', ( #1652 ), #165 ) ;
#2073 = DIRECTION ( 'NONE',  ( 0.000000000000000000, 0.000000000000000000, 1.000000000000000000 ) ) ;
#2074 = VECTOR ( 'NONE', #481, 1000.000000000000000 ) ;
#2075 = LINE ( 'NONE', #2061, #643 ) ;
#2076 = PRESENTATION_STYLE_ASSIGNMENT (( #371 ) ) ;
#2077 = CARTESIAN_POINT ( 'NONE',  ( 0.3999999999999995781, 0.000000000000000000, -0.2899999999999998135 ) ) ;
#2078 = ORIENTED_EDGE ( 'NONE', *, *, #1556, .F. ) ;
#2079 = FACE_OUTER_BOUND ( 'NONE', #416, .T. ) ;
#2080 = VERTEX_POINT ( 'NONE', #1328 ) ;
#2081 = CLOSED_SHELL ( 'NONE', ( #1664, #23, #1743, #2068, #10, #1842, #747, #1451, #566, #889, #1989, #1136, #106, #985, #377, #1581, #825, #91, #1727, #2109, #1466, #1990, #1857, #1947, #727, #1317, #177, #692, #1412, #1302, #1507, #648, #1449, #1741, #1755, #1411, #1489, #1148, #1161, #348, #729, #1387, #1000, #243, #972, #1137, #1361, #504, #2066, #732, #1931, #773, #2053, #1350, #581, #1974, #1194, #503, #718 ) ) ;
#2082 = FACE_OUTER_BOUND ( 'NONE', #1604, .T. ) ;
#2083 = EDGE_CURVE ( 'NONE', #1047, #1150, #924, .T. ) ;
#2084 = FACE_OUTER_BOUND ( 'NONE', #2119, .T. ) ;
#2085 = ORIENTED_EDGE ( 'NONE', *, *, #12, .T. ) ;
#2086 =( LENGTH_UNIT ( ) NAMED_UNIT ( * ) SI_UNIT ( .MILLI., .METRE. ) );
#2087 = COLOUR_RGB ( '',1.000000000000000000, 1.000000000000000000, 1.000000000000000000 ) ;
#2088 = VERTEX_POINT ( 'NONE', #1626 ) ;
#2089 = LINE ( 'NONE', #41, #1805 ) ;
#2090 = ORIENTED_EDGE ( 'NONE', *, *, #664, .F. ) ;
#2091 = AXIS2_PLACEMENT_3D ( 'NONE', #1062, #1561, #232 ) ;
#2092 = UNCERTAINTY_MEASURE_WITH_UNIT (LENGTH_MEASURE( 1.000000000000000082E-05 ), #2086, 'distance_accuracy_value', 'NONE');
#2093 = MECHANICAL_DESIGN_GEOMETRIC_PRESENTATION_REPRESENTATION (  '', ( #572 ), #1987 ) ;
#2094 = FACE_OUTER_BOUND ( 'NONE', #1800, .T. ) ;
#2095 = FACE_OUTER_BOUND ( 'NONE', #774, .T. ) ;
#2096 = VERTEX_POINT ( 'NONE', #1107 ) ;
#2097 = LINE ( 'NONE', #1125, #1396 ) ;
#2098 = VERTEX_POINT ( 'NONE', #1276 ) ;
#2099 = DIRECTION ( 'NONE',  ( 0.000000000000000000, 1.000000000000000000, 0.000000000000000000 ) ) ;
#2100 = ORIENTED_EDGE ( 'NONE', *, *, #960, .F. ) ;
#2101 = MECHANICAL_DESIGN_GEOMETRIC_PRESENTATION_REPRESENTATION (  '', ( #1645 ), #1428 ) ;
#2102 = DIRECTION ( 'NONE',  ( 1.000000000000000000, 0.000000000000000000, 0.000000000000000000 ) ) ;
#2103 = FACE_OUTER_BOUND ( 'NONE', #655, .T. ) ;
#2104 = DIRECTION ( 'NONE',  ( 0.000000000000000000, 1.000000000000000000, 0.000000000000000000 ) ) ;
#2105 = FACE_OUTER_BOUND ( 'NONE', #15, .T. ) ;
#2106 = ORIENTED_EDGE ( 'NONE', *, *, #1972, .F. ) ;
#2107 = LINE ( 'NONE', #1588, #1865 ) ;
#2108 = CARTESIAN_POINT ( 'NONE',  ( -0.1500000000000002720, -0.01000000000000002623, -0.4000000000000000777 ) ) ;
#2109 = ADVANCED_FACE ( 'NONE', ( #2007 ), #1156, .T. ) ;
#2110 = ORIENTED_EDGE ( 'NONE', *, *, #332, .F. ) ;
#2111 = EDGE_CURVE ( 'NONE', #805, #350, #320, .T. ) ;
#2112 = ORIENTED_EDGE ( 'NONE', *, *, #811, .F. ) ;
#2113 = LINE ( 'NONE', #269, #802 ) ;
#2114 = PLANE ( 'NONE',  #609 ) ;
#2115 = DIRECTION ( 'NONE',  ( 0.000000000000000000, 0.000000000000000000, -1.000000000000000000 ) ) ;
#2116 = ORIENTED_EDGE ( 'NONE', *, *, #1067, .T. ) ;
#2117 = CARTESIAN_POINT ( 'NONE',  ( -0.6999999999999999556, -0.01000000000000002623, -0.2500000000000001110 ) ) ;
#2118 = STYLED_ITEM ( 'NONE', ( #315 ), #1664 ) ;
#2119 = EDGE_LOOP ( 'NONE', ( #1587, #1059, #5, #1779 ) ) ;
#2120 = VECTOR ( 'NONE', #1080, 1000.000000000000000 ) ;
#2121 = STYLED_ITEM ( 'NONE', ( #1503 ), #1989 ) ;
#2122 = DIRECTION ( 'NONE',  ( 0.000000000000000000, 0.000000000000000000, 1.000000000000000000 ) ) ;
#2123 = EDGE_CURVE ( 'NONE', #1620, #1021, #137, .T. ) ;
#2124 = VECTOR ( 'NONE', #1305, 1000.000000000000000 ) ;
#2125 = ORIENTED_EDGE ( 'NONE', *, *, #1566, .T. ) ;
#2126 = CARTESIAN_POINT ( 'NONE',  ( 0.6999999999999999556, 0.5799999999999999600, -0.2500000000000006106 ) ) ;
#2127 = SURFACE_STYLE_USAGE ( .BOTH. , #1651 ) ;
#2128 = VECTOR ( 'NONE', #1288, 1000.000000000000000 ) ;
#2129 = FACE_OUTER_BOUND ( 'NONE', #709, .T. ) ;
#2130 = DIRECTION ( 'NONE',  ( 1.000000000000000000, 0.000000000000000000, -1.807003620809176111E-16 ) ) ;
#2131 = DIRECTION ( 'NONE',  ( 0.000000000000000000, 0.000000000000000000, 1.000000000000000000 ) ) ;
#2132 = VERTEX_POINT ( 'NONE', #1315 ) ;
#2133 = FILL_AREA_STYLE_COLOUR ( '', #363 ) ;
#2134 = ORIENTED_EDGE ( 'NONE', *, *, #2041, .T. ) ;
#2135 = SURFACE_SIDE_STYLE ('',( #597 ) ) ;
#2136 = CARTESIAN_POINT ( 'NONE',  ( -0.6999999999999999556, 0.000000000000000000, -0.2899999999999990363 ) ) ;
#2137 = APPLICATION_CONTEXT ( 'automotive_design' ) ;
#2138 = EDGE_CURVE ( 'NONE', #1598, #1465, #1491, .T. ) ;
#2139 = DIRECTION ( 'NONE',  ( -1.000000000000000000, 0.000000000000000000, 3.614007241618350250E-16 ) ) ;
#2140 = DIRECTION ( 'NONE',  ( 0.000000000000000000, 0.000000000000000000, 1.000000000000000000 ) ) ;
#2141 = CARTESIAN_POINT ( 'NONE',  ( -0.1500000000000001887, 0.5799999999999999600, -0.2899999999999994804 ) ) ;
#2142 = ORIENTED_EDGE ( 'NONE', *, *, #2177, .F. ) ;
#2143 = VECTOR ( 'NONE', #934, 1000.000000000000000 ) ;
#2144 = FILL_AREA_STYLE ('',( #2133 ) ) ;
#2145 = EDGE_LOOP ( 'NONE', ( #1109, #1485, #17, #2054, #1968, #27, #871, #1177 ) ) ;
#2146 = CARTESIAN_POINT ( 'NONE',  ( 0.6999999999999999556, 0.000000000000000000, -0.2900000000000000355 ) ) ;
#2147 = DIRECTION ( 'NONE',  ( 1.000000000000000000, 0.000000000000000000, -3.614007241618350250E-16 ) ) ;
#2148 =( LENGTH_UNIT ( ) NAMED_UNIT ( * ) SI_UNIT ( .MILLI., .METRE. ) );
#2149 =( LENGTH_UNIT ( ) NAMED_UNIT ( * ) SI_UNIT ( .MILLI., .METRE. ) );
#2150 = DIRECTION ( 'NONE',  ( 0.000000000000000000, 1.000000000000000000, 0.000000000000000000 ) ) ;
#2151 = VERTEX_POINT ( 'NONE', #754 ) ;
#2152 = DIRECTION ( 'NONE',  ( 0.000000000000000000, 1.000000000000000000, 0.000000000000000000 ) ) ;
#2153 = VECTOR ( 'NONE', #351, 1000.000000000000000 ) ;
#2154 = EDGE_LOOP ( 'NONE', ( #1636, #237, #1229, #2100 ) ) ;
#2155 = DIRECTION ( 'NONE',  ( 0.000000000000000000, 0.000000000000000000, 1.000000000000000000 ) ) ;
#2156 = CARTESIAN_POINT ( 'NONE',  ( 0.3999999999999996336, -0.01000000000000002623, 0.2500000000000001110 ) ) ;
#2157 = ORIENTED_EDGE ( 'NONE', *, *, #450, .F. ) ;
#2158 = DIRECTION ( 'NONE',  ( -1.084202172485503645E-15, 0.000000000000000000, -1.000000000000000000 ) ) ;
#2159 = CARTESIAN_POINT ( 'NONE',  ( 0.3999999999999995226, -0.01000000000000002623, -0.4000000000000000777 ) ) ;
#2160 = AXIS2_PLACEMENT_3D ( 'NONE', #767, #798, #132 ) ;
#2161 = CARTESIAN_POINT ( 'NONE',  ( 0.6999999999999999556, 0.000000000000000000, -0.2900000000000000355 ) ) ;
#2162 = VECTOR ( 'NONE', #221, 1000.000000000000000 ) ;
#2163 =( NAMED_UNIT ( * ) SI_UNIT ( $, .STERADIAN. ) SOLID_ANGLE_UNIT ( ) );
#2164 = DIRECTION ( 'NONE',  ( 0.000000000000000000, 1.000000000000000000, 0.000000000000000000 ) ) ;
#2165 = VERTEX_POINT ( 'NONE', #1667 ) ;
#2166 = CARTESIAN_POINT ( 'NONE',  ( -0.5500000000000000444, 0.5799999999999999600, 0.1500000000000000777 ) ) ;
#2167 = CARTESIAN_POINT ( 'NONE',  ( 0.6999999999999994005, -0.01000000000000002623, 0.2500000000000002220 ) ) ;
#2168 = EDGE_LOOP ( 'NONE', ( #1924, #2186, #1763, #763 ) ) ;
#2169 = PLANE ( 'NONE',  #1065 ) ;
#2170 = LINE ( 'NONE', #1516, #804 ) ;
#2171 = AXIS2_PLACEMENT_3D ( 'NONE', #171, #1718, #694 ) ;
#2172 = FACE_OUTER_BOUND ( 'NONE', #1368, .T. ) ;
#2173 = EDGE_CURVE ( 'NONE', #1750, #1677, #1149, .T. ) ;
#2174 = UNCERTAINTY_MEASURE_WITH_UNIT (LENGTH_MEASURE( 1.000000000000000082E-05 ), #2149, 'distance_accuracy_value', 'NONE');
#2175 = CARTESIAN_POINT ( 'NONE',  ( 0.6999999999999999556, 0.5799999999999999600, 0.3900000000000000688 ) ) ;
#2176 = COLOUR_RGB ( '',1.000000000000000000, 1.000000000000000000, 1.000000000000000000 ) ;
#2177 = EDGE_CURVE ( 'NONE', #89, #686, #1253, .T. ) ;
#2178 = VERTEX_POINT ( 'NONE', #417 ) ;
#2179 = SURFACE_SIDE_STYLE ('',( #2187 ) ) ;
#2180 = VECTOR ( 'NONE', #780, 1000.000000000000000 ) ;
#2181 =( NAMED_UNIT ( * ) SI_UNIT ( $, .STERADIAN. ) SOLID_ANGLE_UNIT ( ) );
#2182 = VERTEX_POINT ( 'NONE', #1999 ) ;
#2183 = DIRECTION ( 'NONE',  ( -1.445602896647339706E-15, 0.000000000000000000, -1.000000000000000000 ) ) ;
#2184 =( LENGTH_UNIT ( ) NAMED_UNIT ( * ) SI_UNIT ( .MILLI., .METRE. ) );
#2185 = PRESENTATION_STYLE_ASSIGNMENT (( #1991 ) ) ;
#2186 = ORIENTED_EDGE ( 'NONE', *, *, #433, .T. ) ;
#2187 = SURFACE_STYLE_FILL_AREA ( #1220 ) ;
#2188 =( NAMED_UNIT ( * ) PLANE_ANGLE_UNIT ( ) SI_UNIT ( $, .RADIAN. ) );
#2189 = DIRECTION ( 'NONE',  ( 0.000000000000000000, 1.000000000000000000, 0.000000000000000000 ) ) ;
#2190 = ORIENTED_EDGE ( 'NONE', *, *, #1826, .F. ) ;
#2191 = VECTOR ( 'NONE', #1523, 1000.000000000000000 ) ;
ENDSEC;
END-ISO-10303-21;
